Godot Engine v4.5.1.stable.mono.official.f62fdbde1 - https://godotengine.org
Metal 3.1 - Forward+ - Using Device #0: Apple - Apple M3 (Apple9)

Connecting to 127.0.0.1...
Connected to server with ID: 1125268556
Registering player p (senderId=1125268556, actualId=1125268556)
Peer connected: 1
Synced player join: 1125268556 (p)
Synced player join: 1 (a)
Player 1 assigned role Admirer
Synced player join: 1125268556 (p)
Player 1125268556 assigned role Observer
Player 1125268556 assigned role Prophet
Peer connected: 446469990
Synced player join: 446469990 (g)
Player 446469990 assigned role Producer
StartGame RPC received from 1 on peer 1125268556
Lobby: GameStarted signal received. Transitioning scene...
[GameWorld] _Ready called on peer 1125268556, IsServer=False
Background map loaded: 128x128, scaled to (1200, 800)
[GameWorld] Initializing as CLIENT
[GameWorld] Client requesting game state from server
[GameWorld] UpdateGameState called on peer 1125268556, players before: 0
SetRole called: role=Prophet
PlayerController: Set player ID 1125268556 at position (100, 700)
SetLocalPlayer called: isLocal=True, _sprite exists=False
[GameWorld] Connected PositionChanged signal for local player 1125268556
[GameWorld] Spawning player 1125268556 as Prophet, sprite=1, isLocal=True, pos=(100, 700)
Loaded player sprite for Prophet: res://assets/sprite-0002.png
SetRole called: role=Admirer
PlayerController: Set player ID 1 at position (600, 700)
SetLocalPlayer called: isLocal=False, _sprite exists=False
[GameWorld] Spawning player 1 as Admirer, sprite=2, isLocal=False, pos=(600, 700)
Loaded player sprite for Admirer: res://assets/sprite-0001.png
SetRole called: role=Producer
PlayerController: Set player ID 446469990 at position (1100, 700)
SetLocalPlayer called: isLocal=False, _sprite exists=False
[GameWorld] Spawning player 446469990 as Producer, sprite=3, isLocal=False, pos=(1100, 700)
Loaded player sprite for Producer: res://assets/sprite-0003.png
[GameWorld] UpdateGameState called on peer 1125268556, players before: 3
[GameWorld] SyncPlayerPosition RPC received on peer 1125268556: Player 1 at (103.333336, 700)
[GameWorld] Current player controllers: 3, Keys: [1125268556, 1, 446469990]
[GameWorld] Client updating remote player 1, isLocal=Player_1
[PlayerController] Updating remote player 1 position from (600, 700) to (103.333336, 700)
[GameWorld] SyncPlayerPosition RPC received on peer 1125268556: Player 1 at (106.66667, 700)
[GameWorld] Current player controllers: 3, Keys: [1125268556, 1, 446469990]
[GameWorld] Client updating remote player 1, isLocal=Player_1
[PlayerController] Updating remote player 1 position from (103.333336, 700) to (106.66667, 700)
[GameWorld] SyncPlayerPosition RPC received on peer 1125268556: Player 1 at (110.00001, 700)
[GameWorld] Current player controllers: 3, Keys: [1125268556, 1, 446469990]
[GameWorld] Client updating remote player 1, isLocal=Player_1
[PlayerController] Updating remote player 1 position from (106.66667, 700) to (110.00001, 700)
[GameWorld] SyncPlayerPosition RPC received on peer 1125268556: Player 1 at (113.33334, 700)
[GameWorld] Current player controllers: 3, Keys: [1125268556, 1, 446469990]
[GameWorld] Client updating remote player 1, isLocal=Player_1
[PlayerController] Updating remote player 1 position from (110.00001, 700) to (113.33334, 700)
[GameWorld] SyncPlayerPosition RPC received on peer 1125268556: Player 1 at (116.66668, 700)
[GameWorld] Current player controllers: 3, Keys: [1125268556, 1, 446469990]
[GameWorld] Client updating remote player 1, isLocal=Player_1
[PlayerController] Updating remote player 1 position from (113.33334, 700) to (116.66668, 700)
[GameWorld] SyncPlayerPosition RPC received on peer 1125268556: Player 1 at (120.000015, 700)
[GameWorld] Current player controllers: 3, Keys: [1125268556, 1, 446469990]
[GameWorld] Client updating remote player 1, isLocal=Player_1
[PlayerController] Updating remote player 1 position from (116.66668, 700) to (120.000015, 700)
[PlayerController] Player 1125268556 emitting PositionChanged signal at (89.48906, 700)
[GameWorld] OnPlayerPositionChanged: Player 1125268556 at (89.48906, 700), IsServer=False
[GameWorld] Client sending position to server
[GameWorld] SyncPlayerPosition RPC received on peer 1125268556: Player 1 at (123.33335, 700)
[GameWorld] Current player controllers: 3, Keys: [1125268556, 1, 446469990]
[GameWorld] Client updating remote player 1, isLocal=Player_1
[PlayerController] Updating remote player 1 position from (120.000015, 700) to (123.33335, 700)
[GameWorld] SyncPlayerPosition RPC received on peer 1125268556: Player 1 at (126.66669, 700)
[GameWorld] Current player controllers: 3, Keys: [1125268556, 1, 446469990]
[GameWorld] Client updating remote player 1, isLocal=Player_1
[PlayerController] Updating remote player 1 position from (123.33335, 700) to (126.66669, 700)
[GameWorld] SyncPlayerPosition RPC received on peer 1125268556: Player 1125268556 at (89.48906, 700)
[GameWorld] Current player controllers: 3, Keys: [1125268556, 1, 446469990]
[GameWorld] Client updating remote player 1125268556, isLocal=Player_1125268556
[PlayerController] Ignoring UpdateRemotePosition for local player 1125268556
[GameWorld] SyncPlayerPosition RPC received on peer 1125268556: Player 446469990 at (89.48906, 700)
[GameWorld] Current player controllers: 3, Keys: [1125268556, 1, 446469990]
[GameWorld] Client updating remote player 446469990, isLocal=Player_446469990
[PlayerController] Updating remote player 446469990 position from (1100, 700) to (89.48906, 700)
[GameWorld] SyncPlayerPosition RPC received on peer 1125268556: Player 1 at (130.00002, 700)
[GameWorld] Current player controllers: 3, Keys: [1125268556, 1, 446469990]
[GameWorld] Client updating remote player 1, isLocal=Player_1
[PlayerController] Updating remote player 1 position from (126.66669, 700) to (130.00002, 700)
[PlayerController] Player 1125268556 emitting PositionChanged signal at (61.393566, 700)
[GameWorld] OnPlayerPositionChanged: Player 1125268556 at (61.393566, 700), IsServer=False
[GameWorld] Client sending position to server
[GameWorld] SyncPlayerPosition RPC received on peer 1125268556: Player 1 at (133.33334, 700)
[GameWorld] Current player controllers: 3, Keys: [1125268556, 1, 446469990]
[GameWorld] Client updating remote player 1, isLocal=Player_1
[PlayerController] Updating remote player 1 position from (130.00002, 700) to (133.33334, 700)
[PlayerController] Player 1125268556 emitting PositionChanged signal at (57.928932, 700)
[GameWorld] OnPlayerPositionChanged: Player 1125268556 at (57.928932, 700), IsServer=False
[GameWorld] Client sending position to server
[GameWorld] SyncPlayerPosition RPC received on peer 1125268556: Player 1 at (136.66667, 700)
[GameWorld] Current player controllers: 3, Keys: [1125268556, 1, 446469990]
[GameWorld] Client updating remote player 1, isLocal=Player_1
[PlayerController] Updating remote player 1 position from (133.33334, 700) to (136.66667, 700)
[GameWorld] SyncPlayerPosition RPC received on peer 1125268556: Player 1125268556 at (61.393566, 700)
[GameWorld] Current player controllers: 3, Keys: [1125268556, 1, 446469990]
[GameWorld] Client updating remote player 1125268556, isLocal=Player_1125268556
[PlayerController] Ignoring UpdateRemotePosition for local player 1125268556
[GameWorld] SyncPlayerPosition RPC received on peer 1125268556: Player 1 at (140, 700)
[GameWorld] Current player controllers: 3, Keys: [1125268556, 1, 446469990]
[GameWorld] Client updating remote player 1, isLocal=Player_1
[PlayerController] Updating remote player 1 position from (136.66667, 700) to (140, 700)
[GameWorld] SyncPlayerPosition RPC received on peer 1125268556: Player 1125268556 at (57.928932, 700)
[GameWorld] Current player controllers: 3, Keys: [1125268556, 1, 446469990]
[GameWorld] Client updating remote player 1125268556, isLocal=Player_1125268556
[PlayerController] Ignoring UpdateRemotePosition for local player 1125268556
[GameWorld] SyncPlayerPosition RPC received on peer 1125268556: Player 1 at (143.33333, 700)
[GameWorld] Current player controllers: 3, Keys: [1125268556, 1, 446469990]
[GameWorld] Client updating remote player 1, isLocal=Player_1
[PlayerController] Updating remote player 1 position from (140, 700) to (143.33333, 700)
[GameWorld] SyncPlayerPosition RPC received on peer 1125268556: Player 1 at (146.66666, 700)
[GameWorld] Current player controllers: 3, Keys: [1125268556, 1, 446469990]
[GameWorld] Client updating remote player 1, isLocal=Player_1
[PlayerController] Updating remote player 1 position from (143.33333, 700) to (146.66666, 700)
[GameWorld] SyncPlayerPosition RPC received on peer 1125268556: Player 1 at (149.99998, 700)
[GameWorld] Current player controllers: 3, Keys: [1125268556, 1, 446469990]
[GameWorld] Client updating remote player 1, isLocal=Player_1
[PlayerController] Updating remote player 1 position from (146.66666, 700) to (149.99998, 700)
[GameWorld] SyncPlayerPosition RPC received on peer 1125268556: Player 446469990 at (26.774967, 700)
[GameWorld] Current player controllers: 3, Keys: [1125268556, 1, 446469990]
[GameWorld] Client updating remote player 446469990, isLocal=Player_446469990
[PlayerController] Updating remote player 446469990 position from (89.48906, 700) to (26.774967, 700)
[GameWorld] SyncPlayerPosition RPC received on peer 1125268556: Player 1 at (153.33331, 700)
[GameWorld] Current player controllers: 3, Keys: [1125268556, 1, 446469990]
[GameWorld] Client updating remote player 1, isLocal=Player_1
[PlayerController] Updating remote player 1 position from (149.99998, 700) to (153.33331, 700)
[GameWorld] SyncPlayerPosition RPC received on peer 1125268556: Player 1 at (156.66664, 700)
[GameWorld] Current player controllers: 3, Keys: [1125268556, 1, 446469990]
[GameWorld] Client updating remote player 1, isLocal=Player_1
[PlayerController] Updating remote player 1 position from (153.33331, 700) to (156.66664, 700)
[GameWorld] SyncPlayerPosition RPC received on peer 1125268556: Player 1 at (159.99997, 700)
[GameWorld] Current player controllers: 3, Keys: [1125268556, 1, 446469990]
[GameWorld] Client updating remote player 1, isLocal=Player_1
[PlayerController] Updating remote player 1 position from (156.66664, 700) to (159.99997, 700)
[GameWorld] SyncPlayerPosition RPC received on peer 1125268556: Player 1 at (163.3333, 700)
[GameWorld] Current player controllers: 3, Keys: [1125268556, 1, 446469990]
[GameWorld] Client updating remote player 1, isLocal=Player_1
[PlayerController] Updating remote player 1 position from (159.99997, 700) to (163.3333, 700)
[GameWorld] SyncPlayerPosition RPC received on peer 1125268556: Player 1 at (166.66663, 700)
[GameWorld] Current player controllers: 3, Keys: [1125268556, 1, 446469990]
[GameWorld] Client updating remote player 1, isLocal=Player_1
[PlayerController] Updating remote player 1 position from (163.3333, 700) to (166.66663, 700)
[GameWorld] SyncPlayerPosition RPC received on peer 1125268556: Player 1 at (169.99995, 700)
[GameWorld] Current player controllers: 3, Keys: [1125268556, 1, 446469990]
[GameWorld] Client updating remote player 1, isLocal=Player_1
[PlayerController] Updating remote player 1 position from (166.66663, 700) to (169.99995, 700)
[GameWorld] SyncPlayerPosition RPC received on peer 1125268556: Player 1 at (173.33328, 700)
[GameWorld] Current player controllers: 3, Keys: [1125268556, 1, 446469990]
[GameWorld] Client updating remote player 1, isLocal=Player_1
[PlayerController] Updating remote player 1 position from (169.99995, 700) to (173.33328, 700)
[GameWorld] SyncPlayerPosition RPC received on peer 1125268556: Player 1 at (176.66661, 700)
[GameWorld] Current player controllers: 3, Keys: [1125268556, 1, 446469990]
[GameWorld] Client updating remote player 1, isLocal=Player_1
[PlayerController] Updating remote player 1 position from (173.33328, 700) to (176.66661, 700)
[GameWorld] SyncPlayerPosition RPC received on peer 1125268556: Player 1 at (179.99994, 700)
[GameWorld] Current player controllers: 3, Keys: [1125268556, 1, 446469990]
[GameWorld] Client updating remote player 1, isLocal=Player_1
[PlayerController] Updating remote player 1 position from (176.66661, 700) to (179.99994, 700)
[GameWorld] SyncPlayerPosition RPC received on peer 1125268556: Player 1 at (183.33327, 700)
[GameWorld] Current player controllers: 3, Keys: [1125268556, 1, 446469990]
[GameWorld] Client updating remote player 1, isLocal=Player_1
[PlayerController] Updating remote player 1 position from (179.99994, 700) to (183.33327, 700)
[GameWorld] SyncPlayerPosition RPC received on peer 1125268556: Player 1 at (186.6666, 700)
[GameWorld] Current player controllers: 3, Keys: [1125268556, 1, 446469990]
[GameWorld] Client updating remote player 1, isLocal=Player_1
[PlayerController] Updating remote player 1 position from (183.33327, 700) to (186.6666, 700)
[GameWorld] SyncPlayerPosition RPC received on peer 1125268556: Player 1 at (189.99992, 700)
[GameWorld] Current player controllers: 3, Keys: [1125268556, 1, 446469990]
[GameWorld] Client updating remote player 1, isLocal=Player_1
[PlayerController] Updating remote player 1 position from (186.6666, 700) to (189.99992, 700)
[GameWorld] SyncPlayerPosition RPC received on peer 1125268556: Player 1 at (193.33325, 700)
[GameWorld] Current player controllers: 3, Keys: [1125268556, 1, 446469990]
[GameWorld] Client updating remote player 1, isLocal=Player_1
[PlayerController] Updating remote player 1 position from (189.99992, 700) to (193.33325, 700)
[GameWorld] SyncPlayerPosition RPC received on peer 1125268556: Player 1 at (196.66658, 700)
[GameWorld] Current player controllers: 3, Keys: [1125268556, 1, 446469990]
[GameWorld] Client updating remote player 1, isLocal=Player_1
[PlayerController] Updating remote player 1 position from (193.33325, 700) to (196.66658, 700)
[GameWorld] SyncPlayerPosition RPC received on peer 1125268556: Player 1 at (199.99991, 700)
[GameWorld] Current player controllers: 3, Keys: [1125268556, 1, 446469990]
[GameWorld] Client updating remote player 1, isLocal=Player_1
[PlayerController] Updating remote player 1 position from (196.66658, 700) to (199.99991, 700)
[GameWorld] SyncPlayerPosition RPC received on peer 1125268556: Player 1 at (203.33324, 700)
[GameWorld] Current player controllers: 3, Keys: [1125268556, 1, 446469990]
[GameWorld] Client updating remote player 1, isLocal=Player_1
[PlayerController] Updating remote player 1 position from (199.99991, 700) to (203.33324, 700)
[GameWorld] SyncPlayerPosition RPC received on peer 1125268556: Player 1 at (206.66656, 700)
[GameWorld] Current player controllers: 3, Keys: [1125268556, 1, 446469990]
[GameWorld] Client updating remote player 1, isLocal=Player_1
[PlayerController] Updating remote player 1 position from (203.33324, 700) to (206.66656, 700)
[GameWorld] SyncPlayerPosition RPC received on peer 1125268556: Player 1 at (209.9999, 700)
[GameWorld] Current player controllers: 3, Keys: [1125268556, 1, 446469990]
[GameWorld] Client updating remote player 1, isLocal=Player_1
[PlayerController] Updating remote player 1 position from (206.66656, 700) to (209.9999, 700)
[GameWorld] SyncPlayerPosition RPC received on peer 1125268556: Player 1 at (213.33322, 700)
[GameWorld] Current player controllers: 3, Keys: [1125268556, 1, 446469990]
[GameWorld] Client updating remote player 1, isLocal=Player_1
[PlayerController] Updating remote player 1 position from (209.9999, 700) to (213.33322, 700)
[GameWorld] SyncPlayerPosition RPC received on peer 1125268556: Player 1 at (216.66655, 700)
[GameWorld] Current player controllers: 3, Keys: [1125268556, 1, 446469990]
[GameWorld] Client updating remote player 1, isLocal=Player_1
[PlayerController] Updating remote player 1 position from (213.33322, 700) to (216.66655, 700)
[GameWorld] SyncPlayerPosition RPC received on peer 1125268556: Player 1 at (219.99988, 700)
[GameWorld] Current player controllers: 3, Keys: [1125268556, 1, 446469990]
[GameWorld] Client updating remote player 1, isLocal=Player_1
[PlayerController] Updating remote player 1 position from (216.66655, 700) to (219.99988, 700)
[GameWorld] SyncPlayerPosition RPC received on peer 1125268556: Player 1 at (223.3332, 700)
[GameWorld] Current player controllers: 3, Keys: [1125268556, 1, 446469990]
[GameWorld] Client updating remote player 1, isLocal=Player_1
[PlayerController] Updating remote player 1 position from (219.99988, 700) to (223.3332, 700)
[GameWorld] SyncPlayerPosition RPC received on peer 1125268556: Player 446469990 at (25.868418, 696.6667)
[GameWorld] Current player controllers: 3, Keys: [1125268556, 1, 446469990]
[GameWorld] Client updating remote player 446469990, isLocal=Player_446469990
[PlayerController] Updating remote player 446469990 position from (26.774967, 700) to (25.868418, 696.6667)
[GameWorld] SyncPlayerPosition RPC received on peer 1125268556: Player 446469990 at (25.868418, 693.3334)
[GameWorld] Current player controllers: 3, Keys: [1125268556, 1, 446469990]
[GameWorld] Client updating remote player 446469990, isLocal=Player_446469990
[PlayerController] Updating remote player 446469990 position from (25.868418, 696.6667) to (25.868418, 693.3334)
[GameWorld] SyncPlayerPosition RPC received on peer 1125268556: Player 446469990 at (25.868418, 690.00006)
[GameWorld] Current player controllers: 3, Keys: [1125268556, 1, 446469990]
[GameWorld] Client updating remote player 446469990, isLocal=Player_446469990
[PlayerController] Updating remote player 446469990 position from (25.868418, 693.3334) to (25.868418, 690.00006)
[GameWorld] SyncPlayerPosition RPC received on peer 1125268556: Player 446469990 at (25.868418, 686.66675)
[GameWorld] Current player controllers: 3, Keys: [1125268556, 1, 446469990]
[GameWorld] Client updating remote player 446469990, isLocal=Player_446469990
[PlayerController] Updating remote player 446469990 position from (25.868418, 690.00006) to (25.868418, 686.66675)
[GameWorld] SyncPlayerPosition RPC received on peer 1125268556: Player 446469990 at (25.868418, 683.33344)
[GameWorld] Current player controllers: 3, Keys: [1125268556, 1, 446469990]
[GameWorld] Client updating remote player 446469990, isLocal=Player_446469990
[PlayerController] Updating remote player 446469990 position from (25.868418, 686.66675) to (25.868418, 683.33344)
[GameWorld] SyncPlayerPosition RPC received on peer 1125268556: Player 446469990 at (25.868418, 680.0001)
[GameWorld] Current player controllers: 3, Keys: [1125268556, 1, 446469990]
[GameWorld] Client updating remote player 446469990, isLocal=Player_446469990
[PlayerController] Updating remote player 446469990 position from (25.868418, 683.33344) to (25.868418, 680.0001)
[GameWorld] SyncPlayerPosition RPC received on peer 1125268556: Player 446469990 at (25.868418, 676.6668)
[GameWorld] Current player controllers: 3, Keys: [1125268556, 1, 446469990]
[GameWorld] Client updating remote player 446469990, isLocal=Player_446469990
[PlayerController] Updating remote player 446469990 position from (25.868418, 680.0001) to (25.868418, 676.6668)
[GameWorld] SyncPlayerPosition RPC received on peer 1125268556: Player 446469990 at (25.868418, 673.3335)
[GameWorld] Current player controllers: 3, Keys: [1125268556, 1, 446469990]
[GameWorld] Client updating remote player 446469990, isLocal=Player_446469990
[PlayerController] Updating remote player 446469990 position from (25.868418, 676.6668) to (25.868418, 673.3335)
[GameWorld] SyncPlayerPosition RPC received on peer 1125268556: Player 446469990 at (25.868418, 670.0002)
[GameWorld] Current player controllers: 3, Keys: [1125268556, 1, 446469990]
[GameWorld] Client updating remote player 446469990, isLocal=Player_446469990
[PlayerController] Updating remote player 446469990 position from (25.868418, 673.3335) to (25.868418, 670.0002)
[GameWorld] SyncPlayerPosition RPC received on peer 1125268556: Player 446469990 at (25.868418, 666.6669)
[GameWorld] Current player controllers: 3, Keys: [1125268556, 1, 446469990]
[GameWorld] Client updating remote player 446469990, isLocal=Player_446469990
[PlayerController] Updating remote player 446469990 position from (25.868418, 670.0002) to (25.868418, 666.6669)
[GameWorld] SyncPlayerPosition RPC received on peer 1125268556: Player 446469990 at (25.868418, 663.33356)
[GameWorld] Current player controllers: 3, Keys: [1125268556, 1, 446469990]
[GameWorld] Client updating remote player 446469990, isLocal=Player_446469990
[PlayerController] Updating remote player 446469990 position from (25.868418, 666.6669) to (25.868418, 663.33356)
[GameWorld] SyncPlayerPosition RPC received on peer 1125268556: Player 446469990 at (25.868418, 660.00024)
[GameWorld] Current player controllers: 3, Keys: [1125268556, 1, 446469990]
[GameWorld] Client updating remote player 446469990, isLocal=Player_446469990
[PlayerController] Updating remote player 446469990 position from (25.868418, 663.33356) to (25.868418, 660.00024)
[GameWorld] SyncPlayerPosition RPC received on peer 1125268556: Player 446469990 at (25.868418, 656.66693)
[GameWorld] Current player controllers: 3, Keys: [1125268556, 1, 446469990]
[GameWorld] Client updating remote player 446469990, isLocal=Player_446469990
[PlayerController] Updating remote player 446469990 position from (25.868418, 660.00024) to (25.868418, 656.66693)
[GameWorld] SyncPlayerPosition RPC received on peer 1125268556: Player 446469990 at (25.868418, 653.3336)
[GameWorld] Current player controllers: 3, Keys: [1125268556, 1, 446469990]
[GameWorld] Client updating remote player 446469990, isLocal=Player_446469990
[PlayerController] Updating remote player 446469990 position from (25.868418, 656.66693) to (25.868418, 653.3336)
[GameWorld] SyncPlayerPosition RPC received on peer 1125268556: Player 446469990 at (25.868418, 650.0003)
[GameWorld] Current player controllers: 3, Keys: [1125268556, 1, 446469990]
[GameWorld] Client updating remote player 446469990, isLocal=Player_446469990
[PlayerController] Updating remote player 446469990 position from (25.868418, 653.3336) to (25.868418, 650.0003)
[GameWorld] SyncPlayerPosition RPC received on peer 1125268556: Player 446469990 at (25.868418, 646.667)
[GameWorld] Current player controllers: 3, Keys: [1125268556, 1, 446469990]
[GameWorld] Client updating remote player 446469990, isLocal=Player_446469990
[PlayerController] Updating remote player 446469990 position from (25.868418, 650.0003) to (25.868418, 646.667)
[GameWorld] SyncPlayerPosition RPC received on peer 1125268556: Player 446469990 at (25.868418, 643.3337)
[GameWorld] Current player controllers: 3, Keys: [1125268556, 1, 446469990]
[GameWorld] Client updating remote player 446469990, isLocal=Player_446469990
[PlayerController] Updating remote player 446469990 position from (25.868418, 646.667) to (25.868418, 643.3337)
[GameWorld] SyncPlayerPosition RPC received on peer 1125268556: Player 446469990 at (25.868418, 640.00037)
[GameWorld] Current player controllers: 3, Keys: [1125268556, 1, 446469990]
[GameWorld] Client updating remote player 446469990, isLocal=Player_446469990
[PlayerController] Updating remote player 446469990 position from (25.868418, 643.3337) to (25.868418, 640.00037)
[GameWorld] SyncPlayerPosition RPC received on peer 1125268556: Player 446469990 at (25.868418, 636.66705)
[GameWorld] Current player controllers: 3, Keys: [1125268556, 1, 446469990]
[GameWorld] Client updating remote player 446469990, isLocal=Player_446469990
[PlayerController] Updating remote player 446469990 position from (25.868418, 640.00037) to (25.868418, 636.66705)
[GameWorld] SyncPlayerPosition RPC received on peer 1125268556: Player 446469990 at (25.868418, 633.33374)
[GameWorld] Current player controllers: 3, Keys: [1125268556, 1, 446469990]
[GameWorld] Client updating remote player 446469990, isLocal=Player_446469990
[PlayerController] Updating remote player 446469990 position from (25.868418, 636.66705) to (25.868418, 633.33374)
[GameWorld] SyncPlayerPosition RPC received on peer 1125268556: Player 446469990 at (25.868418, 630.0004)
[GameWorld] Current player controllers: 3, Keys: [1125268556, 1, 446469990]
[GameWorld] Client updating remote player 446469990, isLocal=Player_446469990
[PlayerController] Updating remote player 446469990 position from (25.868418, 633.33374) to (25.868418, 630.0004)
[GameWorld] SyncPlayerPosition RPC received on peer 1125268556: Player 446469990 at (25.868418, 626.6671)
[GameWorld] Current player controllers: 3, Keys: [1125268556, 1, 446469990]
[GameWorld] Client updating remote player 446469990, isLocal=Player_446469990
[PlayerController] Updating remote player 446469990 position from (25.868418, 630.0004) to (25.868418, 626.6671)
[GameWorld] SyncPlayerPosition RPC received on peer 1125268556: Player 446469990 at (25.868418, 623.3338)
[GameWorld] Current player controllers: 3, Keys: [1125268556, 1, 446469990]
[GameWorld] Client updating remote player 446469990, isLocal=Player_446469990
[PlayerController] Updating remote player 446469990 position from (25.868418, 626.6671) to (25.868418, 623.3338)
[GameWorld] SyncPlayerPosition RPC received on peer 1125268556: Player 446469990 at (25.868418, 620.0005)
[GameWorld] Current player controllers: 3, Keys: [1125268556, 1, 446469990]
[GameWorld] Client updating remote player 446469990, isLocal=Player_446469990
[PlayerController] Updating remote player 446469990 position from (25.868418, 623.3338) to (25.868418, 620.0005)
[GameWorld] SyncPlayerPosition RPC received on peer 1125268556: Player 446469990 at (25.868418, 616.6672)
[GameWorld] Current player controllers: 3, Keys: [1125268556, 1, 446469990]
[GameWorld] Client updating remote player 446469990, isLocal=Player_446469990
[PlayerController] Updating remote player 446469990 position from (25.868418, 620.0005) to (25.868418, 616.6672)
[GameWorld] SyncPlayerPosition RPC received on peer 1125268556: Player 446469990 at (25.868418, 613.33386)
[GameWorld] Current player controllers: 3, Keys: [1125268556, 1, 446469990]
[GameWorld] Client updating remote player 446469990, isLocal=Player_446469990
[PlayerController] Updating remote player 446469990 position from (25.868418, 616.6672) to (25.868418, 613.33386)
[GameWorld] SyncPlayerPosition RPC received on peer 1125268556: Player 446469990 at (25.868418, 610.00055)
[GameWorld] Current player controllers: 3, Keys: [1125268556, 1, 446469990]
[GameWorld] Client updating remote player 446469990, isLocal=Player_446469990
[PlayerController] Updating remote player 446469990 position from (25.868418, 613.33386) to (25.868418, 610.00055)
[GameWorld] SyncPlayerPosition RPC received on peer 1125268556: Player 446469990 at (25.868418, 606.66724)
[GameWorld] Current player controllers: 3, Keys: [1125268556, 1, 446469990]
[GameWorld] Client updating remote player 446469990, isLocal=Player_446469990
[PlayerController] Updating remote player 446469990 position from (25.868418, 610.00055) to (25.868418, 606.66724)
[GameWorld] SyncPlayerPosition RPC received on peer 1125268556: Player 446469990 at (25.868418, 603.3339)
[GameWorld] Current player controllers: 3, Keys: [1125268556, 1, 446469990]
[GameWorld] Client updating remote player 446469990, isLocal=Player_446469990
[PlayerController] Updating remote player 446469990 position from (25.868418, 606.66724) to (25.868418, 603.3339)
[GameWorld] SyncPlayerPosition RPC received on peer 1125268556: Player 446469990 at (25.868418, 600.0006)
[GameWorld] Current player controllers: 3, Keys: [1125268556, 1, 446469990]
[GameWorld] Client updating remote player 446469990, isLocal=Player_446469990
[PlayerController] Updating remote player 446469990 position from (25.868418, 603.3339) to (25.868418, 600.0006)
[GameWorld] SyncPlayerPosition RPC received on peer 1125268556: Player 446469990 at (25.868418, 596.6673)
[GameWorld] Current player controllers: 3, Keys: [1125268556, 1, 446469990]
[GameWorld] Client updating remote player 446469990, isLocal=Player_446469990
[PlayerController] Updating remote player 446469990 position from (25.868418, 600.0006) to (25.868418, 596.6673)
[GameWorld] SyncPlayerPosition RPC received on peer 1125268556: Player 446469990 at (25.868418, 593.334)
[GameWorld] Current player controllers: 3, Keys: [1125268556, 1, 446469990]
[GameWorld] Client updating remote player 446469990, isLocal=Player_446469990
[PlayerController] Updating remote player 446469990 position from (25.868418, 596.6673) to (25.868418, 593.334)
[GameWorld] SyncPlayerPosition RPC received on peer 1125268556: Player 446469990 at (25.868418, 590.0007)
[GameWorld] Current player controllers: 3, Keys: [1125268556, 1, 446469990]
[GameWorld] Client updating remote player 446469990, isLocal=Player_446469990
[PlayerController] Updating remote player 446469990 position from (25.868418, 593.334) to (25.868418, 590.0007)
[GameWorld] SyncPlayerPosition RPC received on peer 1125268556: Player 446469990 at (25.868418, 586.66736)
[GameWorld] Current player controllers: 3, Keys: [1125268556, 1, 446469990]
[GameWorld] Client updating remote player 446469990, isLocal=Player_446469990
[PlayerController] Updating remote player 446469990 position from (25.868418, 590.0007) to (25.868418, 586.66736)
[GameWorld] SyncPlayerPosition RPC received on peer 1125268556: Player 446469990 at (28.225441, 584.31036)
[GameWorld] Current player controllers: 3, Keys: [1125268556, 1, 446469990]
[GameWorld] Client updating remote player 446469990, isLocal=Player_446469990
[PlayerController] Updating remote player 446469990 position from (25.868418, 586.66736) to (28.225441, 584.31036)
[GameWorld] SyncPlayerPosition RPC received on peer 1125268556: Player 446469990 at (30.582464, 581.95337)
[GameWorld] Current player controllers: 3, Keys: [1125268556, 1, 446469990]
[GameWorld] Client updating remote player 446469990, isLocal=Player_446469990
[PlayerController] Updating remote player 446469990 position from (28.225441, 584.31036) to (30.582464, 581.95337)
[GameWorld] SyncPlayerPosition RPC received on peer 1125268556: Player 446469990 at (32.939487, 579.5964)
[GameWorld] Current player controllers: 3, Keys: [1125268556, 1, 446469990]
[GameWorld] Client updating remote player 446469990, isLocal=Player_446469990
[PlayerController] Updating remote player 446469990 position from (30.582464, 581.95337) to (32.939487, 579.5964)
[GameWorld] SyncPlayerPosition RPC received on peer 1125268556: Player 446469990 at (35.29651, 577.2394)
[GameWorld] Current player controllers: 3, Keys: [1125268556, 1, 446469990]
[GameWorld] Client updating remote player 446469990, isLocal=Player_446469990
[PlayerController] Updating remote player 446469990 position from (32.939487, 579.5964) to (35.29651, 577.2394)
[GameWorld] SyncPlayerPosition RPC received on peer 1125268556: Player 446469990 at (37.65353, 574.8824)
[GameWorld] Current player controllers: 3, Keys: [1125268556, 1, 446469990]
[GameWorld] Client updating remote player 446469990, isLocal=Player_446469990
[PlayerController] Updating remote player 446469990 position from (35.29651, 577.2394) to (37.65353, 574.8824)
[GameWorld] SyncPlayerPosition RPC received on peer 1125268556: Player 446469990 at (40.01055, 572.5254)
[GameWorld] Current player controllers: 3, Keys: [1125268556, 1, 446469990]
[GameWorld] Client updating remote player 446469990, isLocal=Player_446469990
[PlayerController] Updating remote player 446469990 position from (37.65353, 574.8824) to (40.01055, 572.5254)
[GameWorld] SyncPlayerPosition RPC received on peer 1125268556: Player 446469990 at (42.367573, 570.1684)
[GameWorld] Current player controllers: 3, Keys: [1125268556, 1, 446469990]
[GameWorld] Client updating remote player 446469990, isLocal=Player_446469990
[PlayerController] Updating remote player 446469990 position from (40.01055, 572.5254) to (42.367573, 570.1684)
[GameWorld] SyncPlayerPosition RPC received on peer 1125268556: Player 446469990 at (44.724594, 567.8114)
[GameWorld] Current player controllers: 3, Keys: [1125268556, 1, 446469990]
[GameWorld] Client updating remote player 446469990, isLocal=Player_446469990
[PlayerController] Updating remote player 446469990 position from (42.367573, 570.1684) to (44.724594, 567.8114)
[GameWorld] SyncPlayerPosition RPC received on peer 1125268556: Player 446469990 at (47.081615, 565.4544)
[GameWorld] Current player controllers: 3, Keys: [1125268556, 1, 446469990]
[GameWorld] Client updating remote player 446469990, isLocal=Player_446469990
[PlayerController] Updating remote player 446469990 position from (44.724594, 567.8114) to (47.081615, 565.4544)
[GameWorld] SyncPlayerPosition RPC received on peer 1125268556: Player 446469990 at (49.438637, 563.0974)
[GameWorld] Current player controllers: 3, Keys: [1125268556, 1, 446469990]
[GameWorld] Client updating remote player 446469990, isLocal=Player_446469990
[PlayerController] Updating remote player 446469990 position from (47.081615, 565.4544) to (49.438637, 563.0974)
[GameWorld] SyncPlayerPosition RPC received on peer 1125268556: Player 446469990 at (52.77197, 563.0974)
[GameWorld] Current player controllers: 3, Keys: [1125268556, 1, 446469990]
[GameWorld] Client updating remote player 446469990, isLocal=Player_446469990
[PlayerController] Updating remote player 446469990 position from (49.438637, 563.0974) to (52.77197, 563.0974)
[GameWorld] SyncPlayerPosition RPC received on peer 1125268556: Player 446469990 at (56.1053, 563.0974)
[GameWorld] Current player controllers: 3, Keys: [1125268556, 1, 446469990]
[GameWorld] Client updating remote player 446469990, isLocal=Player_446469990
[PlayerController] Updating remote player 446469990 position from (52.77197, 563.0974) to (56.1053, 563.0974)
[GameWorld] SyncPlayerPosition RPC received on peer 1125268556: Player 446469990 at (59.438633, 563.0974)
[GameWorld] Current player controllers: 3, Keys: [1125268556, 1, 446469990]
[GameWorld] Client updating remote player 446469990, isLocal=Player_446469990
[PlayerController] Updating remote player 446469990 position from (56.1053, 563.0974) to (59.438633, 563.0974)
[GameWorld] SyncPlayerPosition RPC received on peer 1125268556: Player 446469990 at (62.771965, 563.0974)
[GameWorld] Current player controllers: 3, Keys: [1125268556, 1, 446469990]
[GameWorld] Client updating remote player 446469990, isLocal=Player_446469990
[PlayerController] Updating remote player 446469990 position from (59.438633, 563.0974) to (62.771965, 563.0974)
[GameWorld] SyncPlayerPosition RPC received on peer 1125268556: Player 446469990 at (66.1053, 563.0974)
[GameWorld] Current player controllers: 3, Keys: [1125268556, 1, 446469990]
[GameWorld] Client updating remote player 446469990, isLocal=Player_446469990
[PlayerController] Updating remote player 446469990 position from (62.771965, 563.0974) to (66.1053, 563.0974)
[GameWorld] SyncPlayerPosition RPC received on peer 1125268556: Player 446469990 at (69.43864, 563.0974)
[GameWorld] Current player controllers: 3, Keys: [1125268556, 1, 446469990]
[GameWorld] Client updating remote player 446469990, isLocal=Player_446469990
[PlayerController] Updating remote player 446469990 position from (66.1053, 563.0974) to (69.43864, 563.0974)
[GameWorld] SyncPlayerPosition RPC received on peer 1125268556: Player 446469990 at (72.77197, 563.0974)
[GameWorld] Current player controllers: 3, Keys: [1125268556, 1, 446469990]
[GameWorld] Client updating remote player 446469990, isLocal=Player_446469990
[PlayerController] Updating remote player 446469990 position from (69.43864, 563.0974) to (72.77197, 563.0974)
[GameWorld] SyncPlayerPosition RPC received on peer 1125268556: Player 446469990 at (76.10531, 563.0974)
[GameWorld] Current player controllers: 3, Keys: [1125268556, 1, 446469990]
[GameWorld] Client updating remote player 446469990, isLocal=Player_446469990
[PlayerController] Updating remote player 446469990 position from (72.77197, 563.0974) to (76.10531, 563.0974)
[GameWorld] SyncPlayerPosition RPC received on peer 1125268556: Player 446469990 at (79.438644, 563.0974)
[GameWorld] Current player controllers: 3, Keys: [1125268556, 1, 446469990]
[GameWorld] Client updating remote player 446469990, isLocal=Player_446469990
[PlayerController] Updating remote player 446469990 position from (76.10531, 563.0974) to (79.438644, 563.0974)
[GameWorld] SyncPlayerPosition RPC received on peer 1125268556: Player 446469990 at (82.77198, 563.0974)
[GameWorld] Current player controllers: 3, Keys: [1125268556, 1, 446469990]
[GameWorld] Client updating remote player 446469990, isLocal=Player_446469990
[PlayerController] Updating remote player 446469990 position from (79.438644, 563.0974) to (82.77198, 563.0974)
[GameWorld] SyncPlayerPosition RPC received on peer 1125268556: Player 446469990 at (86.105316, 563.0974)
[GameWorld] Current player controllers: 3, Keys: [1125268556, 1, 446469990]
[GameWorld] Client updating remote player 446469990, isLocal=Player_446469990
[PlayerController] Updating remote player 446469990 position from (82.77198, 563.0974) to (86.105316, 563.0974)
[GameWorld] SyncPlayerPosition RPC received on peer 1125268556: Player 446469990 at (89.43865, 563.0974)
[GameWorld] Current player controllers: 3, Keys: [1125268556, 1, 446469990]
[GameWorld] Client updating remote player 446469990, isLocal=Player_446469990
[PlayerController] Updating remote player 446469990 position from (86.105316, 563.0974) to (89.43865, 563.0974)
[GameWorld] SyncPlayerPosition RPC received on peer 1125268556: Player 446469990 at (92.77199, 563.0974)
[GameWorld] Current player controllers: 3, Keys: [1125268556, 1, 446469990]
[GameWorld] Client updating remote player 446469990, isLocal=Player_446469990
[PlayerController] Updating remote player 446469990 position from (89.43865, 563.0974) to (92.77199, 563.0974)
[GameWorld] SyncPlayerPosition RPC received on peer 1125268556: Player 446469990 at (95.12901, 560.7404)
[GameWorld] Current player controllers: 3, Keys: [1125268556, 1, 446469990]
[GameWorld] Client updating remote player 446469990, isLocal=Player_446469990
[PlayerController] Updating remote player 446469990 position from (92.77199, 563.0974) to (95.12901, 560.7404)
[GameWorld] SyncPlayerPosition RPC received on peer 1125268556: Player 446469990 at (97.48604, 558.3834)
[GameWorld] Current player controllers: 3, Keys: [1125268556, 1, 446469990]
[GameWorld] Client updating remote player 446469990, isLocal=Player_446469990
[PlayerController] Updating remote player 446469990 position from (95.12901, 560.7404) to (97.48604, 558.3834)
[GameWorld] SyncPlayerPosition RPC received on peer 1125268556: Player 446469990 at (99.84306, 556.0264)
[GameWorld] Current player controllers: 3, Keys: [1125268556, 1, 446469990]
[GameWorld] Client updating remote player 446469990, isLocal=Player_446469990
[PlayerController] Updating remote player 446469990 position from (97.48604, 558.3834) to (99.84306, 556.0264)
[GameWorld] SyncPlayerPosition RPC received on peer 1125268556: Player 446469990 at (102.20009, 553.66943)
[GameWorld] Current player controllers: 3, Keys: [1125268556, 1, 446469990]
[GameWorld] Client updating remote player 446469990, isLocal=Player_446469990
[PlayerController] Updating remote player 446469990 position from (99.84306, 556.0264) to (102.20009, 553.66943)
[GameWorld] SyncPlayerPosition RPC received on peer 1125268556: Player 446469990 at (104.55711, 551.31244)
[GameWorld] Current player controllers: 3, Keys: [1125268556, 1, 446469990]
[GameWorld] Client updating remote player 446469990, isLocal=Player_446469990
[PlayerController] Updating remote player 446469990 position from (102.20009, 553.66943) to (104.55711, 551.31244)
[GameWorld] SyncPlayerPosition RPC received on peer 1125268556: Player 446469990 at (106.91414, 548.95544)
[GameWorld] Current player controllers: 3, Keys: [1125268556, 1, 446469990]
[GameWorld] Client updating remote player 446469990, isLocal=Player_446469990
[PlayerController] Updating remote player 446469990 position from (104.55711, 551.31244) to (106.91414, 548.95544)
[GameWorld] SyncPlayerPosition RPC received on peer 1125268556: Player 446469990 at (109.271164, 546.59845)
[GameWorld] Current player controllers: 3, Keys: [1125268556, 1, 446469990]
[GameWorld] Client updating remote player 446469990, isLocal=Player_446469990
[PlayerController] Updating remote player 446469990 position from (106.91414, 548.95544) to (109.271164, 546.59845)
[GameWorld] SyncPlayerPosition RPC received on peer 1125268556: Player 446469990 at (111.62819, 544.24146)
[GameWorld] Current player controllers: 3, Keys: [1125268556, 1, 446469990]
[GameWorld] Client updating remote player 446469990, isLocal=Player_446469990
[PlayerController] Updating remote player 446469990 position from (109.271164, 546.59845) to (111.62819, 544.24146)
[GameWorld] SyncPlayerPosition RPC received on peer 1125268556: Player 446469990 at (113.985214, 541.88446)
[GameWorld] Current player controllers: 3, Keys: [1125268556, 1, 446469990]
[GameWorld] Client updating remote player 446469990, isLocal=Player_446469990
[PlayerController] Updating remote player 446469990 position from (111.62819, 544.24146) to (113.985214, 541.88446)
[GameWorld] SyncPlayerPosition RPC received on peer 1125268556: Player 446469990 at (116.34224, 539.52747)
[GameWorld] Current player controllers: 3, Keys: [1125268556, 1, 446469990]
[GameWorld] Client updating remote player 446469990, isLocal=Player_446469990
[PlayerController] Updating remote player 446469990 position from (113.985214, 541.88446) to (116.34224, 539.52747)
[GameWorld] SyncPlayerPosition RPC received on peer 1125268556: Player 446469990 at (118.699265, 537.1705)
[GameWorld] Current player controllers: 3, Keys: [1125268556, 1, 446469990]
[GameWorld] Client updating remote player 446469990, isLocal=Player_446469990
[PlayerController] Updating remote player 446469990 position from (116.34224, 539.52747) to (118.699265, 537.1705)
[GameWorld] SyncPlayerPosition RPC received on peer 1125268556: Player 446469990 at (121.05629, 534.8135)
[GameWorld] Current player controllers: 3, Keys: [1125268556, 1, 446469990]
[GameWorld] Client updating remote player 446469990, isLocal=Player_446469990
[PlayerController] Updating remote player 446469990 position from (118.699265, 537.1705) to (121.05629, 534.8135)
[GameWorld] SyncPlayerPosition RPC received on peer 1125268556: Player 446469990 at (123.413315, 532.4565)
[GameWorld] Current player controllers: 3, Keys: [1125268556, 1, 446469990]
[GameWorld] Client updating remote player 446469990, isLocal=Player_446469990
[PlayerController] Updating remote player 446469990 position from (121.05629, 534.8135) to (123.413315, 532.4565)
[GameWorld] SyncPlayerPosition RPC received on peer 1125268556: Player 446469990 at (125.77034, 530.0995)
[GameWorld] Current player controllers: 3, Keys: [1125268556, 1, 446469990]
[GameWorld] Client updating remote player 446469990, isLocal=Player_446469990
[PlayerController] Updating remote player 446469990 position from (123.413315, 532.4565) to (125.77034, 530.0995)
[GameWorld] SyncPlayerPosition RPC received on peer 1125268556: Player 446469990 at (128.12737, 527.7425)
[GameWorld] Current player controllers: 3, Keys: [1125268556, 1, 446469990]
[GameWorld] Client updating remote player 446469990, isLocal=Player_446469990
[PlayerController] Updating remote player 446469990 position from (125.77034, 530.0995) to (128.12737, 527.7425)
[GameWorld] SyncPlayerPosition RPC received on peer 1125268556: Player 446469990 at (130.48439, 525.3855)
[GameWorld] Current player controllers: 3, Keys: [1125268556, 1, 446469990]
[GameWorld] Client updating remote player 446469990, isLocal=Player_446469990
[PlayerController] Updating remote player 446469990 position from (128.12737, 527.7425) to (130.48439, 525.3855)
[GameWorld] SyncPlayerPosition RPC received on peer 1125268556: Player 446469990 at (132.84142, 523.0285)
[GameWorld] Current player controllers: 3, Keys: [1125268556, 1, 446469990]
[GameWorld] Client updating remote player 446469990, isLocal=Player_446469990
[PlayerController] Updating remote player 446469990 position from (130.48439, 525.3855) to (132.84142, 523.0285)
[GameWorld] SyncPlayerPosition RPC received on peer 1125268556: Player 446469990 at (135.19844, 520.6715)
[GameWorld] Current player controllers: 3, Keys: [1125268556, 1, 446469990]
[GameWorld] Client updating remote player 446469990, isLocal=Player_446469990
[PlayerController] Updating remote player 446469990 position from (132.84142, 523.0285) to (135.19844, 520.6715)
[GameWorld] SyncPlayerPosition RPC received on peer 1125268556: Player 446469990 at (137.55547, 518.3145)
[GameWorld] Current player controllers: 3, Keys: [1125268556, 1, 446469990]
[GameWorld] Client updating remote player 446469990, isLocal=Player_446469990
[PlayerController] Updating remote player 446469990 position from (135.19844, 520.6715) to (137.55547, 518.3145)
[GameWorld] SyncPlayerPosition RPC received on peer 1125268556: Player 446469990 at (139.91249, 515.9575)
[GameWorld] Current player controllers: 3, Keys: [1125268556, 1, 446469990]
[GameWorld] Client updating remote player 446469990, isLocal=Player_446469990
[PlayerController] Updating remote player 446469990 position from (137.55547, 518.3145) to (139.91249, 515.9575)
[GameWorld] SyncPlayerPosition RPC received on peer 1125268556: Player 446469990 at (142.26952, 513.6005)
[GameWorld] Current player controllers: 3, Keys: [1125268556, 1, 446469990]
[GameWorld] Client updating remote player 446469990, isLocal=Player_446469990
[PlayerController] Updating remote player 446469990 position from (139.91249, 515.9575) to (142.26952, 513.6005)
[GameWorld] SyncPlayerPosition RPC received on peer 1125268556: Player 446469990 at (144.62654, 511.2435)
[GameWorld] Current player controllers: 3, Keys: [1125268556, 1, 446469990]
[GameWorld] Client updating remote player 446469990, isLocal=Player_446469990
[PlayerController] Updating remote player 446469990 position from (142.26952, 513.6005) to (144.62654, 511.2435)
[GameWorld] SyncPlayerPosition RPC received on peer 1125268556: Player 446469990 at (146.98357, 508.88647)
[GameWorld] Current player controllers: 3, Keys: [1125268556, 1, 446469990]
[GameWorld] Client updating remote player 446469990, isLocal=Player_446469990
[PlayerController] Updating remote player 446469990 position from (144.62654, 511.2435) to (146.98357, 508.88647)
[GameWorld] SyncPlayerPosition RPC received on peer 1125268556: Player 446469990 at (149.34059, 506.52945)
[GameWorld] Current player controllers: 3, Keys: [1125268556, 1, 446469990]
[GameWorld] Client updating remote player 446469990, isLocal=Player_446469990
[PlayerController] Updating remote player 446469990 position from (146.98357, 508.88647) to (149.34059, 506.52945)
[GameWorld] SyncPlayerPosition RPC received on peer 1125268556: Player 446469990 at (151.69762, 504.17242)
[GameWorld] Current player controllers: 3, Keys: [1125268556, 1, 446469990]
[GameWorld] Client updating remote player 446469990, isLocal=Player_446469990
[PlayerController] Updating remote player 446469990 position from (149.34059, 506.52945) to (151.69762, 504.17242)
[GameWorld] SyncPlayerPosition RPC received on peer 1125268556: Player 446469990 at (154.05464, 501.8154)
[GameWorld] Current player controllers: 3, Keys: [1125268556, 1, 446469990]
[GameWorld] Client updating remote player 446469990, isLocal=Player_446469990
[PlayerController] Updating remote player 446469990 position from (151.69762, 504.17242) to (154.05464, 501.8154)
[GameWorld] SyncPlayerPosition RPC received on peer 1125268556: Player 446469990 at (156.41167, 499.45837)
[GameWorld] Current player controllers: 3, Keys: [1125268556, 1, 446469990]
[GameWorld] Client updating remote player 446469990, isLocal=Player_446469990
[PlayerController] Updating remote player 446469990 position from (154.05464, 501.8154) to (156.41167, 499.45837)
[GameWorld] SyncPlayerPosition RPC received on peer 1125268556: Player 446469990 at (158.76869, 497.10135)
[GameWorld] Current player controllers: 3, Keys: [1125268556, 1, 446469990]
[GameWorld] Client updating remote player 446469990, isLocal=Player_446469990
[PlayerController] Updating remote player 446469990 position from (156.41167, 499.45837) to (158.76869, 497.10135)
[GameWorld] SyncPlayerPosition RPC received on peer 1125268556: Player 446469990 at (161.12572, 494.74432)
[GameWorld] Current player controllers: 3, Keys: [1125268556, 1, 446469990]
[GameWorld] Client updating remote player 446469990, isLocal=Player_446469990
[PlayerController] Updating remote player 446469990 position from (158.76869, 497.10135) to (161.12572, 494.74432)
[GameWorld] SyncPlayerPosition RPC received on peer 1125268556: Player 446469990 at (163.48274, 492.3873)
[GameWorld] Current player controllers: 3, Keys: [1125268556, 1, 446469990]
[GameWorld] Client updating remote player 446469990, isLocal=Player_446469990
[PlayerController] Updating remote player 446469990 position from (161.12572, 494.74432) to (163.48274, 492.3873)
[GameWorld] SyncPlayerPosition RPC received on peer 1125268556: Player 446469990 at (165.83977, 490.03027)
[GameWorld] Current player controllers: 3, Keys: [1125268556, 1, 446469990]
[GameWorld] Client updating remote player 446469990, isLocal=Player_446469990
[PlayerController] Updating remote player 446469990 position from (163.48274, 492.3873) to (165.83977, 490.03027)
[GameWorld] SyncPlayerPosition RPC received on peer 1125268556: Player 446469990 at (168.1968, 487.67325)
[GameWorld] Current player controllers: 3, Keys: [1125268556, 1, 446469990]
[GameWorld] Client updating remote player 446469990, isLocal=Player_446469990
[PlayerController] Updating remote player 446469990 position from (165.83977, 490.03027) to (168.1968, 487.67325)
[GameWorld] SyncPlayerPosition RPC received on peer 1125268556: Player 446469990 at (170.55382, 485.31622)
[GameWorld] Current player controllers: 3, Keys: [1125268556, 1, 446469990]
[GameWorld] Client updating remote player 446469990, isLocal=Player_446469990
[PlayerController] Updating remote player 446469990 position from (168.1968, 487.67325) to (170.55382, 485.31622)
[GameWorld] SyncPlayerPosition RPC received on peer 1125268556: Player 446469990 at (172.91084, 482.9592)
[GameWorld] Current player controllers: 3, Keys: [1125268556, 1, 446469990]
[GameWorld] Client updating remote player 446469990, isLocal=Player_446469990
[PlayerController] Updating remote player 446469990 position from (170.55382, 485.31622) to (172.91084, 482.9592)
[GameWorld] SyncPlayerPosition RPC received on peer 1125268556: Player 446469990 at (175.26787, 480.60217)
[GameWorld] Current player controllers: 3, Keys: [1125268556, 1, 446469990]
[GameWorld] Client updating remote player 446469990, isLocal=Player_446469990
[PlayerController] Updating remote player 446469990 position from (172.91084, 482.9592) to (175.26787, 480.60217)
[GameWorld] SyncPlayerPosition RPC received on peer 1125268556: Player 446469990 at (177.6249, 478.24515)
[GameWorld] Current player controllers: 3, Keys: [1125268556, 1, 446469990]
[GameWorld] Client updating remote player 446469990, isLocal=Player_446469990
[PlayerController] Updating remote player 446469990 position from (175.26787, 480.60217) to (177.6249, 478.24515)
[GameWorld] SyncPlayerPosition RPC received on peer 1125268556: Player 446469990 at (179.98192, 475.88812)
[GameWorld] Current player controllers: 3, Keys: [1125268556, 1, 446469990]
[GameWorld] Client updating remote player 446469990, isLocal=Player_446469990
[PlayerController] Updating remote player 446469990 position from (177.6249, 478.24515) to (179.98192, 475.88812)
[GameWorld] SyncPlayerPosition RPC received on peer 1125268556: Player 446469990 at (182.33894, 473.5311)
[GameWorld] Current player controllers: 3, Keys: [1125268556, 1, 446469990]
[GameWorld] Client updating remote player 446469990, isLocal=Player_446469990
[PlayerController] Updating remote player 446469990 position from (179.98192, 475.88812) to (182.33894, 473.5311)
[GameWorld] SyncPlayerPosition RPC received on peer 1125268556: Player 446469990 at (184.69597, 471.17407)
[GameWorld] Current player controllers: 3, Keys: [1125268556, 1, 446469990]
[GameWorld] Client updating remote player 446469990, isLocal=Player_446469990
[PlayerController] Updating remote player 446469990 position from (182.33894, 473.5311) to (184.69597, 471.17407)
[GameWorld] SyncPlayerPosition RPC received on peer 1125268556: Player 446469990 at (188.0293, 471.17407)
[GameWorld] Current player controllers: 3, Keys: [1125268556, 1, 446469990]
[GameWorld] Client updating remote player 446469990, isLocal=Player_446469990
[PlayerController] Updating remote player 446469990 position from (184.69597, 471.17407) to (188.0293, 471.17407)
[GameWorld] SyncPlayerPosition RPC received on peer 1125268556: Player 446469990 at (191.36263, 471.17407)
[GameWorld] Current player controllers: 3, Keys: [1125268556, 1, 446469990]
[GameWorld] Client updating remote player 446469990, isLocal=Player_446469990
[PlayerController] Updating remote player 446469990 position from (188.0293, 471.17407) to (191.36263, 471.17407)
[GameWorld] SyncPlayerPosition RPC received on peer 1125268556: Player 446469990 at (194.69595, 471.17407)
[GameWorld] Current player controllers: 3, Keys: [1125268556, 1, 446469990]
[GameWorld] Client updating remote player 446469990, isLocal=Player_446469990
[PlayerController] Updating remote player 446469990 position from (191.36263, 471.17407) to (194.69595, 471.17407)
[GameWorld] SyncPlayerPosition RPC received on peer 1125268556: Player 446469990 at (198.02928, 471.17407)
[GameWorld] Current player controllers: 3, Keys: [1125268556, 1, 446469990]
[GameWorld] Client updating remote player 446469990, isLocal=Player_446469990
[PlayerController] Updating remote player 446469990 position from (194.69595, 471.17407) to (198.02928, 471.17407)
[GameWorld] SyncPlayerPosition RPC received on peer 1125268556: Player 446469990 at (201.36261, 471.17407)
[GameWorld] Current player controllers: 3, Keys: [1125268556, 1, 446469990]
[GameWorld] Client updating remote player 446469990, isLocal=Player_446469990
[PlayerController] Updating remote player 446469990 position from (198.02928, 471.17407) to (201.36261, 471.17407)
[GameWorld] SyncPlayerPosition RPC received on peer 1125268556: Player 446469990 at (204.69594, 471.17407)
[GameWorld] Current player controllers: 3, Keys: [1125268556, 1, 446469990]
[GameWorld] Client updating remote player 446469990, isLocal=Player_446469990
[PlayerController] Updating remote player 446469990 position from (201.36261, 471.17407) to (204.69594, 471.17407)
[GameWorld] SyncPlayerPosition RPC received on peer 1125268556: Player 446469990 at (208.02927, 471.17407)
[GameWorld] Current player controllers: 3, Keys: [1125268556, 1, 446469990]
[GameWorld] Client updating remote player 446469990, isLocal=Player_446469990
[PlayerController] Updating remote player 446469990 position from (204.69594, 471.17407) to (208.02927, 471.17407)
[GameWorld] SyncPlayerPosition RPC received on peer 1125268556: Player 446469990 at (211.3626, 471.17407)
[GameWorld] Current player controllers: 3, Keys: [1125268556, 1, 446469990]
[GameWorld] Client updating remote player 446469990, isLocal=Player_446469990
[PlayerController] Updating remote player 446469990 position from (208.02927, 471.17407) to (211.3626, 471.17407)
[GameWorld] SyncPlayerPosition RPC received on peer 1125268556: Player 446469990 at (214.69592, 471.17407)
[GameWorld] Current player controllers: 3, Keys: [1125268556, 1, 446469990]
[GameWorld] Client updating remote player 446469990, isLocal=Player_446469990
[PlayerController] Updating remote player 446469990 position from (211.3626, 471.17407) to (214.69592, 471.17407)
[GameWorld] SyncPlayerPosition RPC received on peer 1125268556: Player 446469990 at (218.02925, 471.17407)
[GameWorld] Current player controllers: 3, Keys: [1125268556, 1, 446469990]
[GameWorld] Client updating remote player 446469990, isLocal=Player_446469990
[PlayerController] Updating remote player 446469990 position from (214.69592, 471.17407) to (218.02925, 471.17407)
[GameWorld] SyncPlayerPosition RPC received on peer 1125268556: Player 446469990 at (221.36258, 471.17407)
[GameWorld] Current player controllers: 3, Keys: [1125268556, 1, 446469990]
[GameWorld] Client updating remote player 446469990, isLocal=Player_446469990
[PlayerController] Updating remote player 446469990 position from (218.02925, 471.17407) to (221.36258, 471.17407)
[GameWorld] SyncPlayerPosition RPC received on peer 1125268556: Player 446469990 at (224.6959, 471.17407)
[GameWorld] Current player controllers: 3, Keys: [1125268556, 1, 446469990]
[GameWorld] Client updating remote player 446469990, isLocal=Player_446469990
[PlayerController] Updating remote player 446469990 position from (221.36258, 471.17407) to (224.6959, 471.17407)
[GameWorld] SyncPlayerPosition RPC received on peer 1125268556: Player 446469990 at (228.02924, 471.17407)
[GameWorld] Current player controllers: 3, Keys: [1125268556, 1, 446469990]
[GameWorld] Client updating remote player 446469990, isLocal=Player_446469990
[PlayerController] Updating remote player 446469990 position from (224.6959, 471.17407) to (228.02924, 471.17407)
[GameWorld] SyncPlayerPosition RPC received on peer 1125268556: Player 446469990 at (231.36256, 471.17407)
[GameWorld] Current player controllers: 3, Keys: [1125268556, 1, 446469990]
[GameWorld] Client updating remote player 446469990, isLocal=Player_446469990
[PlayerController] Updating remote player 446469990 position from (228.02924, 471.17407) to (231.36256, 471.17407)
[GameWorld] SyncPlayerPosition RPC received on peer 1125268556: Player 446469990 at (234.69589, 471.17407)
[GameWorld] Current player controllers: 3, Keys: [1125268556, 1, 446469990]
[GameWorld] Client updating remote player 446469990, isLocal=Player_446469990
[PlayerController] Updating remote player 446469990 position from (231.36256, 471.17407) to (234.69589, 471.17407)
[GameWorld] SyncPlayerPosition RPC received on peer 1125268556: Player 446469990 at (238.02922, 471.17407)
[GameWorld] Current player controllers: 3, Keys: [1125268556, 1, 446469990]
[GameWorld] Client updating remote player 446469990, isLocal=Player_446469990
[PlayerController] Updating remote player 446469990 position from (234.69589, 471.17407) to (238.02922, 471.17407)
[GameWorld] SyncPlayerPosition RPC received on peer 1125268556: Player 446469990 at (241.36255, 471.17407)
[GameWorld] Current player controllers: 3, Keys: [1125268556, 1, 446469990]
[GameWorld] Client updating remote player 446469990, isLocal=Player_446469990
[PlayerController] Updating remote player 446469990 position from (238.02922, 471.17407) to (241.36255, 471.17407)
[GameWorld] SyncPlayerPosition RPC received on peer 1125268556: Player 446469990 at (244.69588, 471.17407)
[GameWorld] Current player controllers: 3, Keys: [1125268556, 1, 446469990]
[GameWorld] Client updating remote player 446469990, isLocal=Player_446469990
[PlayerController] Updating remote player 446469990 position from (241.36255, 471.17407) to (244.69588, 471.17407)
[GameWorld] SyncPlayerPosition RPC received on peer 1125268556: Player 446469990 at (248.0292, 471.17407)
[GameWorld] Current player controllers: 3, Keys: [1125268556, 1, 446469990]
[GameWorld] Client updating remote player 446469990, isLocal=Player_446469990
[PlayerController] Updating remote player 446469990 position from (244.69588, 471.17407) to (248.0292, 471.17407)
[GameWorld] SyncPlayerPosition RPC received on peer 1125268556: Player 446469990 at (251.36253, 471.17407)
[GameWorld] Current player controllers: 3, Keys: [1125268556, 1, 446469990]
[GameWorld] Client updating remote player 446469990, isLocal=Player_446469990
[PlayerController] Updating remote player 446469990 position from (248.0292, 471.17407) to (251.36253, 471.17407)
[GameWorld] SyncPlayerPosition RPC received on peer 1125268556: Player 446469990 at (254.69586, 471.17407)
[GameWorld] Current player controllers: 3, Keys: [1125268556, 1, 446469990]
[GameWorld] Client updating remote player 446469990, isLocal=Player_446469990
[PlayerController] Updating remote player 446469990 position from (251.36253, 471.17407) to (254.69586, 471.17407)
[GameWorld] SyncPlayerPosition RPC received on peer 1125268556: Player 446469990 at (258.0292, 471.17407)
[GameWorld] Current player controllers: 3, Keys: [1125268556, 1, 446469990]
[GameWorld] Client updating remote player 446469990, isLocal=Player_446469990
[PlayerController] Updating remote player 446469990 position from (254.69586, 471.17407) to (258.0292, 471.17407)
[GameWorld] SyncPlayerPosition RPC received on peer 1125268556: Player 446469990 at (261.36255, 471.17407)
[GameWorld] Current player controllers: 3, Keys: [1125268556, 1, 446469990]
[GameWorld] Client updating remote player 446469990, isLocal=Player_446469990
[PlayerController] Updating remote player 446469990 position from (258.0292, 471.17407) to (261.36255, 471.17407)
[GameWorld] SyncPlayerPosition RPC received on peer 1125268556: Player 446469990 at (264.6959, 471.17407)
[GameWorld] Current player controllers: 3, Keys: [1125268556, 1, 446469990]
[GameWorld] Client updating remote player 446469990, isLocal=Player_446469990
[PlayerController] Updating remote player 446469990 position from (261.36255, 471.17407) to (264.6959, 471.17407)
[GameWorld] SyncPlayerPosition RPC received on peer 1125268556: Player 446469990 at (268.02924, 471.17407)
[GameWorld] Current player controllers: 3, Keys: [1125268556, 1, 446469990]
[GameWorld] Client updating remote player 446469990, isLocal=Player_446469990
[PlayerController] Updating remote player 446469990 position from (264.6959, 471.17407) to (268.02924, 471.17407)
[GameWorld] SyncPlayerPosition RPC received on peer 1125268556: Player 446469990 at (271.36258, 471.17407)
[GameWorld] Current player controllers: 3, Keys: [1125268556, 1, 446469990]
[GameWorld] Client updating remote player 446469990, isLocal=Player_446469990
[PlayerController] Updating remote player 446469990 position from (268.02924, 471.17407) to (271.36258, 471.17407)
Body entered Marcus: Player_446469990
[GameWorld] SyncPlayerPosition RPC received on peer 1125268556: Player 446469990 at (274.69592, 471.17407)
[GameWorld] Current player controllers: 3, Keys: [1125268556, 1, 446469990]
[GameWorld] Client updating remote player 446469990, isLocal=Player_446469990
[PlayerController] Updating remote player 446469990 position from (271.36258, 471.17407) to (274.69592, 471.17407)
[GameWorld] SyncPlayerPosition RPC received on peer 1125268556: Player 446469990 at (278.02927, 471.17407)
[GameWorld] Current player controllers: 3, Keys: [1125268556, 1, 446469990]
[GameWorld] Client updating remote player 446469990, isLocal=Player_446469990
[PlayerController] Updating remote player 446469990 position from (274.69592, 471.17407) to (278.02927, 471.17407)
[GameWorld] SyncPlayerPosition RPC received on peer 1125268556: Player 446469990 at (281.3626, 471.17407)
[GameWorld] Current player controllers: 3, Keys: [1125268556, 1, 446469990]
[GameWorld] Client updating remote player 446469990, isLocal=Player_446469990
[PlayerController] Updating remote player 446469990 position from (278.02927, 471.17407) to (281.3626, 471.17407)
[GameWorld] SyncPlayerPosition RPC received on peer 1125268556: Player 446469990 at (284.69595, 471.17407)
[GameWorld] Current player controllers: 3, Keys: [1125268556, 1, 446469990]
[GameWorld] Client updating remote player 446469990, isLocal=Player_446469990
[PlayerController] Updating remote player 446469990 position from (281.3626, 471.17407) to (284.69595, 471.17407)
[GameWorld] SyncPlayerPosition RPC received on peer 1125268556: Player 446469990 at (288.0293, 471.17407)
[GameWorld] Current player controllers: 3, Keys: [1125268556, 1, 446469990]
[GameWorld] Client updating remote player 446469990, isLocal=Player_446469990
[PlayerController] Updating remote player 446469990 position from (284.69595, 471.17407) to (288.0293, 471.17407)
[GameWorld] SyncPlayerPosition RPC received on peer 1125268556: Player 446469990 at (291.36264, 471.17407)
[GameWorld] Current player controllers: 3, Keys: [1125268556, 1, 446469990]
[GameWorld] Client updating remote player 446469990, isLocal=Player_446469990
[PlayerController] Updating remote player 446469990 position from (288.0293, 471.17407) to (291.36264, 471.17407)
[GameWorld] SyncPlayerPosition RPC received on peer 1125268556: Player 446469990 at (294.69598, 471.17407)
[GameWorld] Current player controllers: 3, Keys: [1125268556, 1, 446469990]
[GameWorld] Client updating remote player 446469990, isLocal=Player_446469990
[PlayerController] Updating remote player 446469990 position from (291.36264, 471.17407) to (294.69598, 471.17407)
[GameWorld] SyncPlayerPosition RPC received on peer 1125268556: Player 446469990 at (298.02933, 471.17407)
[GameWorld] Current player controllers: 3, Keys: [1125268556, 1, 446469990]
[GameWorld] Client updating remote player 446469990, isLocal=Player_446469990
[PlayerController] Updating remote player 446469990 position from (294.69598, 471.17407) to (298.02933, 471.17407)
[GameWorld] SyncPlayerPosition RPC received on peer 1125268556: Player 446469990 at (301.36267, 471.17407)
[GameWorld] Current player controllers: 3, Keys: [1125268556, 1, 446469990]
[GameWorld] Client updating remote player 446469990, isLocal=Player_446469990
[PlayerController] Updating remote player 446469990 position from (298.02933, 471.17407) to (301.36267, 471.17407)
[GameWorld] SyncPlayerPosition RPC received on peer 1125268556: Player 446469990 at (304.696, 471.17407)
[GameWorld] Current player controllers: 3, Keys: [1125268556, 1, 446469990]
[GameWorld] Client updating remote player 446469990, isLocal=Player_446469990
[PlayerController] Updating remote player 446469990 position from (301.36267, 471.17407) to (304.696, 471.17407)
[GameWorld] SyncPlayerPosition RPC received on peer 1125268556: Player 446469990 at (308.02936, 471.17407)
[GameWorld] Current player controllers: 3, Keys: [1125268556, 1, 446469990]
[GameWorld] Client updating remote player 446469990, isLocal=Player_446469990
[PlayerController] Updating remote player 446469990 position from (304.696, 471.17407) to (308.02936, 471.17407)
[GameWorld] SyncPlayerPosition RPC received on peer 1125268556: Player 446469990 at (311.3627, 471.17407)
[GameWorld] Current player controllers: 3, Keys: [1125268556, 1, 446469990]
[GameWorld] Client updating remote player 446469990, isLocal=Player_446469990
[PlayerController] Updating remote player 446469990 position from (308.02936, 471.17407) to (311.3627, 471.17407)
[GameWorld] SyncPlayerPosition RPC received on peer 1125268556: Player 446469990 at (314.69604, 471.17407)
[GameWorld] Current player controllers: 3, Keys: [1125268556, 1, 446469990]
[GameWorld] Client updating remote player 446469990, isLocal=Player_446469990
[PlayerController] Updating remote player 446469990 position from (311.3627, 471.17407) to (314.69604, 471.17407)
[GameWorld] SyncPlayerPosition RPC received on peer 1125268556: Player 446469990 at (318.0294, 471.17407)
[GameWorld] Current player controllers: 3, Keys: [1125268556, 1, 446469990]
[GameWorld] Client updating remote player 446469990, isLocal=Player_446469990
[PlayerController] Updating remote player 446469990 position from (314.69604, 471.17407) to (318.0294, 471.17407)
[GameWorld] SyncPlayerPosition RPC received on peer 1125268556: Player 446469990 at (321.36273, 471.17407)
[GameWorld] Current player controllers: 3, Keys: [1125268556, 1, 446469990]
[GameWorld] Client updating remote player 446469990, isLocal=Player_446469990
[PlayerController] Updating remote player 446469990 position from (318.0294, 471.17407) to (321.36273, 471.17407)
[GameWorld] SyncPlayerPosition RPC received on peer 1125268556: Player 446469990 at (324.69608, 471.17407)
[GameWorld] Current player controllers: 3, Keys: [1125268556, 1, 446469990]
[GameWorld] Client updating remote player 446469990, isLocal=Player_446469990
[PlayerController] Updating remote player 446469990 position from (321.36273, 471.17407) to (324.69608, 471.17407)
[GameWorld] SyncPlayerPosition RPC received on peer 1125268556: Player 446469990 at (328.02942, 471.17407)
[GameWorld] Current player controllers: 3, Keys: [1125268556, 1, 446469990]
[GameWorld] Client updating remote player 446469990, isLocal=Player_446469990
[PlayerController] Updating remote player 446469990 position from (324.69608, 471.17407) to (328.02942, 471.17407)
[GameWorld] SyncPlayerPosition RPC received on peer 1125268556: Player 446469990 at (331.36276, 471.17407)
[GameWorld] Current player controllers: 3, Keys: [1125268556, 1, 446469990]
[GameWorld] Client updating remote player 446469990, isLocal=Player_446469990
[PlayerController] Updating remote player 446469990 position from (328.02942, 471.17407) to (331.36276, 471.17407)
[GameWorld] SyncPlayerPosition RPC received on peer 1125268556: Player 446469990 at (334.6961, 471.17407)
[GameWorld] Current player controllers: 3, Keys: [1125268556, 1, 446469990]
[GameWorld] Client updating remote player 446469990, isLocal=Player_446469990
[PlayerController] Updating remote player 446469990 position from (331.36276, 471.17407) to (334.6961, 471.17407)
[GameWorld] SyncPlayerPosition RPC received on peer 1125268556: Player 446469990 at (338.02945, 471.17407)
[GameWorld] Current player controllers: 3, Keys: [1125268556, 1, 446469990]
[GameWorld] Client updating remote player 446469990, isLocal=Player_446469990
[PlayerController] Updating remote player 446469990 position from (334.6961, 471.17407) to (338.02945, 471.17407)
[GameWorld] SyncPlayerPosition RPC received on peer 1125268556: Player 446469990 at (341.3628, 471.17407)
[GameWorld] Current player controllers: 3, Keys: [1125268556, 1, 446469990]
[GameWorld] Client updating remote player 446469990, isLocal=Player_446469990
[PlayerController] Updating remote player 446469990 position from (338.02945, 471.17407) to (341.3628, 471.17407)
[GameWorld] SyncPlayerPosition RPC received on peer 1125268556: Player 446469990 at (344.69614, 471.17407)
[GameWorld] Current player controllers: 3, Keys: [1125268556, 1, 446469990]
[GameWorld] Client updating remote player 446469990, isLocal=Player_446469990
[PlayerController] Updating remote player 446469990 position from (341.3628, 471.17407) to (344.69614, 471.17407)
[GameWorld] SyncPlayerPosition RPC received on peer 1125268556: Player 446469990 at (348.02948, 471.17407)
[GameWorld] Current player controllers: 3, Keys: [1125268556, 1, 446469990]
[GameWorld] Client updating remote player 446469990, isLocal=Player_446469990
[PlayerController] Updating remote player 446469990 position from (344.69614, 471.17407) to (348.02948, 471.17407)
[GameWorld] SyncPlayerPosition RPC received on peer 1125268556: Player 446469990 at (351.36282, 471.17407)
[GameWorld] Current player controllers: 3, Keys: [1125268556, 1, 446469990]
[GameWorld] Client updating remote player 446469990, isLocal=Player_446469990
[PlayerController] Updating remote player 446469990 position from (348.02948, 471.17407) to (351.36282, 471.17407)
[GameWorld] SyncPlayerPosition RPC received on peer 1125268556: Player 446469990 at (354.69617, 471.17407)
[GameWorld] Current player controllers: 3, Keys: [1125268556, 1, 446469990]
[GameWorld] Client updating remote player 446469990, isLocal=Player_446469990
[PlayerController] Updating remote player 446469990 position from (351.36282, 471.17407) to (354.69617, 471.17407)
[GameWorld] SyncPlayerPosition RPC received on peer 1125268556: Player 446469990 at (358.0295, 471.17407)
[GameWorld] Current player controllers: 3, Keys: [1125268556, 1, 446469990]
[GameWorld] Client updating remote player 446469990, isLocal=Player_446469990
[PlayerController] Updating remote player 446469990 position from (354.69617, 471.17407) to (358.0295, 471.17407)
[GameWorld] SyncPlayerPosition RPC received on peer 1125268556: Player 446469990 at (361.36285, 471.17407)
[GameWorld] Current player controllers: 3, Keys: [1125268556, 1, 446469990]
[GameWorld] Client updating remote player 446469990, isLocal=Player_446469990
[PlayerController] Updating remote player 446469990 position from (358.0295, 471.17407) to (361.36285, 471.17407)
[GameWorld] SyncPlayerPosition RPC received on peer 1125268556: Player 446469990 at (364.6962, 471.17407)
[GameWorld] Current player controllers: 3, Keys: [1125268556, 1, 446469990]
[GameWorld] Client updating remote player 446469990, isLocal=Player_446469990
[PlayerController] Updating remote player 446469990 position from (361.36285, 471.17407) to (364.6962, 471.17407)
[GameWorld] SyncPlayerPosition RPC received on peer 1125268556: Player 446469990 at (368.02954, 471.17407)
[GameWorld] Current player controllers: 3, Keys: [1125268556, 1, 446469990]
[GameWorld] Client updating remote player 446469990, isLocal=Player_446469990
[PlayerController] Updating remote player 446469990 position from (364.6962, 471.17407) to (368.02954, 471.17407)
[GameWorld] UpdateGameState called on peer 1125268556, players before: 3
[GameWorld] SyncPlayerPosition RPC received on peer 1125268556: Player 446469990 at (371.36288, 471.17407)
[GameWorld] Current player controllers: 3, Keys: [1125268556, 1, 446469990]
[GameWorld] Client updating remote player 446469990, isLocal=Player_446469990
[PlayerController] Updating remote player 446469990 position from (368.02954, 471.17407) to (371.36288, 471.17407)
[GameWorld] SyncPlayerPosition RPC received on peer 1125268556: Player 446469990 at (374.69623, 471.17407)
[GameWorld] Current player controllers: 3, Keys: [1125268556, 1, 446469990]
[GameWorld] Client updating remote player 446469990, isLocal=Player_446469990
[PlayerController] Updating remote player 446469990 position from (371.36288, 471.17407) to (374.69623, 471.17407)
[GameWorld] SyncPlayerPosition RPC received on peer 1125268556: Player 446469990 at (378.02957, 471.17407)
[GameWorld] Current player controllers: 3, Keys: [1125268556, 1, 446469990]
[GameWorld] Client updating remote player 446469990, isLocal=Player_446469990
[PlayerController] Updating remote player 446469990 position from (374.69623, 471.17407) to (378.02957, 471.17407)
[GameWorld] SyncPlayerPosition RPC received on peer 1125268556: Player 446469990 at (381.3629, 471.17407)
[GameWorld] Current player controllers: 3, Keys: [1125268556, 1, 446469990]
[GameWorld] Client updating remote player 446469990, isLocal=Player_446469990
[PlayerController] Updating remote player 446469990 position from (378.02957, 471.17407) to (381.3629, 471.17407)
[GameWorld] SyncPlayerPosition RPC received on peer 1125268556: Player 446469990 at (384.69626, 471.17407)
[GameWorld] Current player controllers: 3, Keys: [1125268556, 1, 446469990]
[GameWorld] Client updating remote player 446469990, isLocal=Player_446469990
[PlayerController] Updating remote player 446469990 position from (381.3629, 471.17407) to (384.69626, 471.17407)
[GameWorld] SyncPlayerPosition RPC received on peer 1125268556: Player 446469990 at (388.0296, 471.17407)
[GameWorld] Current player controllers: 3, Keys: [1125268556, 1, 446469990]
[GameWorld] Client updating remote player 446469990, isLocal=Player_446469990
[PlayerController] Updating remote player 446469990 position from (384.69626, 471.17407) to (388.0296, 471.17407)
[GameWorld] SyncPlayerPosition RPC received on peer 1125268556: Player 446469990 at (391.36295, 471.17407)
[GameWorld] Current player controllers: 3, Keys: [1125268556, 1, 446469990]
[GameWorld] Client updating remote player 446469990, isLocal=Player_446469990
[PlayerController] Updating remote player 446469990 position from (388.0296, 471.17407) to (391.36295, 471.17407)
[GameWorld] SyncPlayerPosition RPC received on peer 1125268556: Player 446469990 at (394.6963, 471.17407)
[GameWorld] Current player controllers: 3, Keys: [1125268556, 1, 446469990]
[GameWorld] Client updating remote player 446469990, isLocal=Player_446469990
[PlayerController] Updating remote player 446469990 position from (391.36295, 471.17407) to (394.6963, 471.17407)
[GameWorld] SyncPlayerPosition RPC received on peer 1125268556: Player 446469990 at (398.02963, 471.17407)
[GameWorld] Current player controllers: 3, Keys: [1125268556, 1, 446469990]
[GameWorld] Client updating remote player 446469990, isLocal=Player_446469990
[PlayerController] Updating remote player 446469990 position from (394.6963, 471.17407) to (398.02963, 471.17407)
[GameWorld] SyncPlayerPosition RPC received on peer 1125268556: Player 446469990 at (401.36298, 471.17407)
[GameWorld] Current player controllers: 3, Keys: [1125268556, 1, 446469990]
[GameWorld] Client updating remote player 446469990, isLocal=Player_446469990
[PlayerController] Updating remote player 446469990 position from (398.02963, 471.17407) to (401.36298, 471.17407)
[GameWorld] SyncPlayerPosition RPC received on peer 1125268556: Player 446469990 at (404.69632, 471.17407)
[GameWorld] Current player controllers: 3, Keys: [1125268556, 1, 446469990]
[GameWorld] Client updating remote player 446469990, isLocal=Player_446469990
[PlayerController] Updating remote player 446469990 position from (401.36298, 471.17407) to (404.69632, 471.17407)
[GameWorld] SyncPlayerPosition RPC received on peer 1125268556: Player 446469990 at (407.05334, 468.81705)
[GameWorld] Current player controllers: 3, Keys: [1125268556, 1, 446469990]
[GameWorld] Client updating remote player 446469990, isLocal=Player_446469990
[PlayerController] Updating remote player 446469990 position from (404.69632, 471.17407) to (407.05334, 468.81705)
[GameWorld] SyncPlayerPosition RPC received on peer 1125268556: Player 446469990 at (409.41037, 466.46002)
[GameWorld] Current player controllers: 3, Keys: [1125268556, 1, 446469990]
[GameWorld] Client updating remote player 446469990, isLocal=Player_446469990
[PlayerController] Updating remote player 446469990 position from (407.05334, 468.81705) to (409.41037, 466.46002)
[GameWorld] SyncPlayerPosition RPC received on peer 1125268556: Player 446469990 at (411.7674, 464.103)
[GameWorld] Current player controllers: 3, Keys: [1125268556, 1, 446469990]
[GameWorld] Client updating remote player 446469990, isLocal=Player_446469990
[PlayerController] Updating remote player 446469990 position from (409.41037, 466.46002) to (411.7674, 464.103)
[GameWorld] SyncPlayerPosition RPC received on peer 1125268556: Player 446469990 at (414.12442, 461.74597)
[GameWorld] Current player controllers: 3, Keys: [1125268556, 1, 446469990]
[GameWorld] Client updating remote player 446469990, isLocal=Player_446469990
[PlayerController] Updating remote player 446469990 position from (411.7674, 464.103) to (414.12442, 461.74597)
[GameWorld] SyncPlayerPosition RPC received on peer 1125268556: Player 446469990 at (416.48145, 459.38895)
[GameWorld] Current player controllers: 3, Keys: [1125268556, 1, 446469990]
[GameWorld] Client updating remote player 446469990, isLocal=Player_446469990
[PlayerController] Updating remote player 446469990 position from (414.12442, 461.74597) to (416.48145, 459.38895)
[GameWorld] SyncPlayerPosition RPC received on peer 1125268556: Player 446469990 at (418.83847, 457.03192)
[GameWorld] Current player controllers: 3, Keys: [1125268556, 1, 446469990]
[GameWorld] Client updating remote player 446469990, isLocal=Player_446469990
[PlayerController] Updating remote player 446469990 position from (416.48145, 459.38895) to (418.83847, 457.03192)
[GameWorld] SyncPlayerPosition RPC received on peer 1125268556: Player 446469990 at (421.1955, 454.6749)
[GameWorld] Current player controllers: 3, Keys: [1125268556, 1, 446469990]
[GameWorld] Client updating remote player 446469990, isLocal=Player_446469990
[PlayerController] Updating remote player 446469990 position from (418.83847, 457.03192) to (421.1955, 454.6749)
[GameWorld] SyncPlayerPosition RPC received on peer 1125268556: Player 446469990 at (423.55252, 452.31787)
[GameWorld] Current player controllers: 3, Keys: [1125268556, 1, 446469990]
[GameWorld] Client updating remote player 446469990, isLocal=Player_446469990
[PlayerController] Updating remote player 446469990 position from (421.1955, 454.6749) to (423.55252, 452.31787)
[GameWorld] SyncPlayerPosition RPC received on peer 1125268556: Player 446469990 at (423.55252, 448.98453)
[GameWorld] Current player controllers: 3, Keys: [1125268556, 1, 446469990]
[GameWorld] Client updating remote player 446469990, isLocal=Player_446469990
[PlayerController] Updating remote player 446469990 position from (423.55252, 452.31787) to (423.55252, 448.98453)
[GameWorld] SyncPlayerPosition RPC received on peer 1125268556: Player 446469990 at (423.55252, 445.65118)
[GameWorld] Current player controllers: 3, Keys: [1125268556, 1, 446469990]
[GameWorld] Client updating remote player 446469990, isLocal=Player_446469990
[PlayerController] Updating remote player 446469990 position from (423.55252, 448.98453) to (423.55252, 445.65118)
[GameWorld] SyncPlayerPosition RPC received on peer 1125268556: Player 446469990 at (423.55252, 442.31784)
[GameWorld] Current player controllers: 3, Keys: [1125268556, 1, 446469990]
[GameWorld] Client updating remote player 446469990, isLocal=Player_446469990
[PlayerController] Updating remote player 446469990 position from (423.55252, 445.65118) to (423.55252, 442.31784)
[GameWorld] SyncPlayerPosition RPC received on peer 1125268556: Player 446469990 at (423.55252, 438.9845)
[GameWorld] Current player controllers: 3, Keys: [1125268556, 1, 446469990]
[GameWorld] Client updating remote player 446469990, isLocal=Player_446469990
[PlayerController] Updating remote player 446469990 position from (423.55252, 442.31784) to (423.55252, 438.9845)
[GameWorld] SyncPlayerPosition RPC received on peer 1125268556: Player 446469990 at (423.55252, 435.65115)
[GameWorld] Current player controllers: 3, Keys: [1125268556, 1, 446469990]
[GameWorld] Client updating remote player 446469990, isLocal=Player_446469990
[PlayerController] Updating remote player 446469990 position from (423.55252, 438.9845) to (423.55252, 435.65115)
[GameWorld] SyncPlayerPosition RPC received on peer 1125268556: Player 446469990 at (423.55252, 432.3178)
[GameWorld] Current player controllers: 3, Keys: [1125268556, 1, 446469990]
[GameWorld] Client updating remote player 446469990, isLocal=Player_446469990
[PlayerController] Updating remote player 446469990 position from (423.55252, 435.65115) to (423.55252, 432.3178)
[GameWorld] SyncPlayerPosition RPC received on peer 1125268556: Player 446469990 at (423.55252, 428.98447)
[GameWorld] Current player controllers: 3, Keys: [1125268556, 1, 446469990]
[GameWorld] Client updating remote player 446469990, isLocal=Player_446469990
[PlayerController] Updating remote player 446469990 position from (423.55252, 432.3178) to (423.55252, 428.98447)
[GameWorld] SyncPlayerPosition RPC received on peer 1125268556: Player 446469990 at (423.55252, 425.65112)
[GameWorld] Current player controllers: 3, Keys: [1125268556, 1, 446469990]
[GameWorld] Client updating remote player 446469990, isLocal=Player_446469990
[PlayerController] Updating remote player 446469990 position from (423.55252, 428.98447) to (423.55252, 425.65112)
[GameWorld] SyncPlayerPosition RPC received on peer 1125268556: Player 446469990 at (423.55252, 422.31778)
[GameWorld] Current player controllers: 3, Keys: [1125268556, 1, 446469990]
[GameWorld] Client updating remote player 446469990, isLocal=Player_446469990
[PlayerController] Updating remote player 446469990 position from (423.55252, 425.65112) to (423.55252, 422.31778)
[GameWorld] SyncPlayerPosition RPC received on peer 1125268556: Player 446469990 at (423.55252, 418.98444)
[GameWorld] Current player controllers: 3, Keys: [1125268556, 1, 446469990]
[GameWorld] Client updating remote player 446469990, isLocal=Player_446469990
[PlayerController] Updating remote player 446469990 position from (423.55252, 422.31778) to (423.55252, 418.98444)
[GameWorld] SyncPlayerPosition RPC received on peer 1125268556: Player 446469990 at (423.55252, 415.6511)
[GameWorld] Current player controllers: 3, Keys: [1125268556, 1, 446469990]
[GameWorld] Client updating remote player 446469990, isLocal=Player_446469990
[PlayerController] Updating remote player 446469990 position from (423.55252, 418.98444) to (423.55252, 415.6511)
[GameWorld] SyncPlayerPosition RPC received on peer 1125268556: Player 446469990 at (423.55252, 412.31775)
[GameWorld] Current player controllers: 3, Keys: [1125268556, 1, 446469990]
[GameWorld] Client updating remote player 446469990, isLocal=Player_446469990
[PlayerController] Updating remote player 446469990 position from (423.55252, 415.6511) to (423.55252, 412.31775)
[GameWorld] SyncPlayerPosition RPC received on peer 1125268556: Player 446469990 at (423.55252, 408.9844)
[GameWorld] Current player controllers: 3, Keys: [1125268556, 1, 446469990]
[GameWorld] Client updating remote player 446469990, isLocal=Player_446469990
[PlayerController] Updating remote player 446469990 position from (423.55252, 412.31775) to (423.55252, 408.9844)
[GameWorld] SyncPlayerPosition RPC received on peer 1125268556: Player 446469990 at (423.55252, 405.65106)
[GameWorld] Current player controllers: 3, Keys: [1125268556, 1, 446469990]
[GameWorld] Client updating remote player 446469990, isLocal=Player_446469990
[PlayerController] Updating remote player 446469990 position from (423.55252, 408.9844) to (423.55252, 405.65106)
[GameWorld] SyncPlayerPosition RPC received on peer 1125268556: Player 446469990 at (423.55252, 402.31772)
[GameWorld] Current player controllers: 3, Keys: [1125268556, 1, 446469990]
[GameWorld] Client updating remote player 446469990, isLocal=Player_446469990
[PlayerController] Updating remote player 446469990 position from (423.55252, 405.65106) to (423.55252, 402.31772)
[GameWorld] SyncPlayerPosition RPC received on peer 1125268556: Player 446469990 at (423.55252, 398.98438)
[GameWorld] Current player controllers: 3, Keys: [1125268556, 1, 446469990]
[GameWorld] Client updating remote player 446469990, isLocal=Player_446469990
[PlayerController] Updating remote player 446469990 position from (423.55252, 402.31772) to (423.55252, 398.98438)
[GameWorld] SyncPlayerPosition RPC received on peer 1125268556: Player 446469990 at (423.55252, 395.65103)
[GameWorld] Current player controllers: 3, Keys: [1125268556, 1, 446469990]
[GameWorld] Client updating remote player 446469990, isLocal=Player_446469990
[PlayerController] Updating remote player 446469990 position from (423.55252, 398.98438) to (423.55252, 395.65103)
[GameWorld] SyncPlayerPosition RPC received on peer 1125268556: Player 446469990 at (423.55252, 392.3177)
[GameWorld] Current player controllers: 3, Keys: [1125268556, 1, 446469990]
[GameWorld] Client updating remote player 446469990, isLocal=Player_446469990
[PlayerController] Updating remote player 446469990 position from (423.55252, 395.65103) to (423.55252, 392.3177)
[GameWorld] SyncPlayerPosition RPC received on peer 1125268556: Player 446469990 at (423.55252, 388.98434)
[GameWorld] Current player controllers: 3, Keys: [1125268556, 1, 446469990]
[GameWorld] Client updating remote player 446469990, isLocal=Player_446469990
[PlayerController] Updating remote player 446469990 position from (423.55252, 392.3177) to (423.55252, 388.98434)
[GameWorld] SyncPlayerPosition RPC received on peer 1125268556: Player 446469990 at (423.55252, 385.651)
[GameWorld] Current player controllers: 3, Keys: [1125268556, 1, 446469990]
[GameWorld] Client updating remote player 446469990, isLocal=Player_446469990
[PlayerController] Updating remote player 446469990 position from (423.55252, 388.98434) to (423.55252, 385.651)
[GameWorld] SyncPlayerPosition RPC received on peer 1125268556: Player 446469990 at (423.55252, 382.31766)
[GameWorld] Current player controllers: 3, Keys: [1125268556, 1, 446469990]
[GameWorld] Client updating remote player 446469990, isLocal=Player_446469990
[PlayerController] Updating remote player 446469990 position from (423.55252, 385.651) to (423.55252, 382.31766)
[GameWorld] SyncPlayerPosition RPC received on peer 1125268556: Player 446469990 at (423.55252, 378.9843)
[GameWorld] Current player controllers: 3, Keys: [1125268556, 1, 446469990]
[GameWorld] Client updating remote player 446469990, isLocal=Player_446469990
[PlayerController] Updating remote player 446469990 position from (423.55252, 382.31766) to (423.55252, 378.9843)
[GameWorld] SyncPlayerPosition RPC received on peer 1125268556: Player 446469990 at (423.55252, 375.65097)
[GameWorld] Current player controllers: 3, Keys: [1125268556, 1, 446469990]
[GameWorld] Client updating remote player 446469990, isLocal=Player_446469990
[PlayerController] Updating remote player 446469990 position from (423.55252, 378.9843) to (423.55252, 375.65097)
[GameWorld] SyncPlayerPosition RPC received on peer 1125268556: Player 446469990 at (423.55252, 372.31763)
[GameWorld] Current player controllers: 3, Keys: [1125268556, 1, 446469990]
[GameWorld] Client updating remote player 446469990, isLocal=Player_446469990
[PlayerController] Updating remote player 446469990 position from (423.55252, 375.65097) to (423.55252, 372.31763)
[GameWorld] SyncPlayerPosition RPC received on peer 1125268556: Player 446469990 at (423.55252, 368.98428)
[GameWorld] Current player controllers: 3, Keys: [1125268556, 1, 446469990]
[GameWorld] Client updating remote player 446469990, isLocal=Player_446469990
[PlayerController] Updating remote player 446469990 position from (423.55252, 372.31763) to (423.55252, 368.98428)
[GameWorld] SyncPlayerPosition RPC received on peer 1125268556: Player 446469990 at (423.55252, 365.65094)
[GameWorld] Current player controllers: 3, Keys: [1125268556, 1, 446469990]
[GameWorld] Client updating remote player 446469990, isLocal=Player_446469990
[PlayerController] Updating remote player 446469990 position from (423.55252, 368.98428) to (423.55252, 365.65094)
[GameWorld] SyncPlayerPosition RPC received on peer 1125268556: Player 446469990 at (423.55252, 362.3176)
[GameWorld] Current player controllers: 3, Keys: [1125268556, 1, 446469990]
[GameWorld] Client updating remote player 446469990, isLocal=Player_446469990
[PlayerController] Updating remote player 446469990 position from (423.55252, 365.65094) to (423.55252, 362.3176)
[GameWorld] SyncPlayerPosition RPC received on peer 1125268556: Player 446469990 at (423.55252, 358.98425)
[GameWorld] Current player controllers: 3, Keys: [1125268556, 1, 446469990]
[GameWorld] Client updating remote player 446469990, isLocal=Player_446469990
[PlayerController] Updating remote player 446469990 position from (423.55252, 362.3176) to (423.55252, 358.98425)
Body exited Marcus: Player_446469990
[GameWorld] SyncPlayerPosition RPC received on peer 1125268556: Player 446469990 at (423.55252, 355.6509)
[GameWorld] Current player controllers: 3, Keys: [1125268556, 1, 446469990]
[GameWorld] Client updating remote player 446469990, isLocal=Player_446469990
[PlayerController] Updating remote player 446469990 position from (423.55252, 358.98425) to (423.55252, 355.6509)
[GameWorld] SyncPlayerPosition RPC received on peer 1125268556: Player 446469990 at (423.55252, 352.31757)
[GameWorld] Current player controllers: 3, Keys: [1125268556, 1, 446469990]
[GameWorld] Client updating remote player 446469990, isLocal=Player_446469990
[PlayerController] Updating remote player 446469990 position from (423.55252, 355.6509) to (423.55252, 352.31757)
[GameWorld] SyncPlayerPosition RPC received on peer 1125268556: Player 446469990 at (423.55252, 348.98422)
[GameWorld] Current player controllers: 3, Keys: [1125268556, 1, 446469990]
[GameWorld] Client updating remote player 446469990, isLocal=Player_446469990
[PlayerController] Updating remote player 446469990 position from (423.55252, 352.31757) to (423.55252, 348.98422)
[GameWorld] SyncPlayerPosition RPC received on peer 1125268556: Player 446469990 at (425.90955, 346.6272)
[GameWorld] Current player controllers: 3, Keys: [1125268556, 1, 446469990]
[GameWorld] Client updating remote player 446469990, isLocal=Player_446469990
[PlayerController] Updating remote player 446469990 position from (423.55252, 348.98422) to (425.90955, 346.6272)
[GameWorld] SyncPlayerPosition RPC received on peer 1125268556: Player 446469990 at (428.26657, 344.27017)
[GameWorld] Current player controllers: 3, Keys: [1125268556, 1, 446469990]
[GameWorld] Client updating remote player 446469990, isLocal=Player_446469990
[PlayerController] Updating remote player 446469990 position from (425.90955, 346.6272) to (428.26657, 344.27017)
[GameWorld] SyncPlayerPosition RPC received on peer 1125268556: Player 446469990 at (430.6236, 341.91315)
[GameWorld] Current player controllers: 3, Keys: [1125268556, 1, 446469990]
[GameWorld] Client updating remote player 446469990, isLocal=Player_446469990
[PlayerController] Updating remote player 446469990 position from (428.26657, 344.27017) to (430.6236, 341.91315)
[GameWorld] SyncPlayerPosition RPC received on peer 1125268556: Player 446469990 at (432.98062, 339.55612)
[GameWorld] Current player controllers: 3, Keys: [1125268556, 1, 446469990]
[GameWorld] Client updating remote player 446469990, isLocal=Player_446469990
[PlayerController] Updating remote player 446469990 position from (430.6236, 341.91315) to (432.98062, 339.55612)
[GameWorld] SyncPlayerPosition RPC received on peer 1125268556: Player 446469990 at (435.33765, 337.1991)
[GameWorld] Current player controllers: 3, Keys: [1125268556, 1, 446469990]
[GameWorld] Client updating remote player 446469990, isLocal=Player_446469990
[PlayerController] Updating remote player 446469990 position from (432.98062, 339.55612) to (435.33765, 337.1991)
[GameWorld] SyncPlayerPosition RPC received on peer 1125268556: Player 446469990 at (437.69467, 334.84207)
[GameWorld] Current player controllers: 3, Keys: [1125268556, 1, 446469990]
[GameWorld] Client updating remote player 446469990, isLocal=Player_446469990
[PlayerController] Updating remote player 446469990 position from (435.33765, 337.1991) to (437.69467, 334.84207)
[GameWorld] SyncPlayerPosition RPC received on peer 1125268556: Player 446469990 at (440.0517, 332.48505)
[GameWorld] Current player controllers: 3, Keys: [1125268556, 1, 446469990]
[GameWorld] Client updating remote player 446469990, isLocal=Player_446469990
[PlayerController] Updating remote player 446469990 position from (437.69467, 334.84207) to (440.0517, 332.48505)
[GameWorld] SyncPlayerPosition RPC received on peer 1125268556: Player 446469990 at (442.40872, 330.12802)
[GameWorld] Current player controllers: 3, Keys: [1125268556, 1, 446469990]
[GameWorld] Client updating remote player 446469990, isLocal=Player_446469990
[PlayerController] Updating remote player 446469990 position from (440.0517, 332.48505) to (442.40872, 330.12802)
[GameWorld] SyncPlayerPosition RPC received on peer 1125268556: Player 446469990 at (444.76575, 327.771)
[GameWorld] Current player controllers: 3, Keys: [1125268556, 1, 446469990]
[GameWorld] Client updating remote player 446469990, isLocal=Player_446469990
[PlayerController] Updating remote player 446469990 position from (442.40872, 330.12802) to (444.76575, 327.771)
[GameWorld] SyncPlayerPosition RPC received on peer 1125268556: Player 446469990 at (447.12277, 325.41397)
[GameWorld] Current player controllers: 3, Keys: [1125268556, 1, 446469990]
[GameWorld] Client updating remote player 446469990, isLocal=Player_446469990
[PlayerController] Updating remote player 446469990 position from (444.76575, 327.771) to (447.12277, 325.41397)
[GameWorld] SyncPlayerPosition RPC received on peer 1125268556: Player 446469990 at (449.4798, 323.05695)
[GameWorld] Current player controllers: 3, Keys: [1125268556, 1, 446469990]
[GameWorld] Client updating remote player 446469990, isLocal=Player_446469990
[PlayerController] Updating remote player 446469990 position from (447.12277, 325.41397) to (449.4798, 323.05695)
[GameWorld] SyncPlayerPosition RPC received on peer 1125268556: Player 446469990 at (452.81314, 323.05695)
[GameWorld] Current player controllers: 3, Keys: [1125268556, 1, 446469990]
[GameWorld] Client updating remote player 446469990, isLocal=Player_446469990
[PlayerController] Updating remote player 446469990 position from (449.4798, 323.05695) to (452.81314, 323.05695)
[GameWorld] SyncPlayerPosition RPC received on peer 1125268556: Player 446469990 at (456.14648, 323.05695)
[GameWorld] Current player controllers: 3, Keys: [1125268556, 1, 446469990]
[GameWorld] Client updating remote player 446469990, isLocal=Player_446469990
[PlayerController] Updating remote player 446469990 position from (452.81314, 323.05695) to (456.14648, 323.05695)
[GameWorld] SyncPlayerPosition RPC received on peer 1125268556: Player 446469990 at (459.47983, 323.05695)
[GameWorld] Current player controllers: 3, Keys: [1125268556, 1, 446469990]
[GameWorld] Client updating remote player 446469990, isLocal=Player_446469990
[PlayerController] Updating remote player 446469990 position from (456.14648, 323.05695) to (459.47983, 323.05695)
[GameWorld] SyncPlayerPosition RPC received on peer 1125268556: Player 446469990 at (462.81317, 323.05695)
[GameWorld] Current player controllers: 3, Keys: [1125268556, 1, 446469990]
[GameWorld] Client updating remote player 446469990, isLocal=Player_446469990
[PlayerController] Updating remote player 446469990 position from (459.47983, 323.05695) to (462.81317, 323.05695)
[GameWorld] SyncPlayerPosition RPC received on peer 1125268556: Player 446469990 at (466.1465, 323.05695)
[GameWorld] Current player controllers: 3, Keys: [1125268556, 1, 446469990]
[GameWorld] Client updating remote player 446469990, isLocal=Player_446469990
[PlayerController] Updating remote player 446469990 position from (462.81317, 323.05695) to (466.1465, 323.05695)
[GameWorld] SyncPlayerPosition RPC received on peer 1125268556: Player 446469990 at (469.47986, 323.05695)
[GameWorld] Current player controllers: 3, Keys: [1125268556, 1, 446469990]
[GameWorld] Client updating remote player 446469990, isLocal=Player_446469990
[PlayerController] Updating remote player 446469990 position from (466.1465, 323.05695) to (469.47986, 323.05695)
[GameWorld] SyncPlayerPosition RPC received on peer 1125268556: Player 446469990 at (472.8132, 323.05695)
[GameWorld] Current player controllers: 3, Keys: [1125268556, 1, 446469990]
[GameWorld] Client updating remote player 446469990, isLocal=Player_446469990
[PlayerController] Updating remote player 446469990 position from (469.47986, 323.05695) to (472.8132, 323.05695)
[GameWorld] SyncPlayerPosition RPC received on peer 1125268556: Player 446469990 at (476.14655, 323.05695)
[GameWorld] Current player controllers: 3, Keys: [1125268556, 1, 446469990]
[GameWorld] Client updating remote player 446469990, isLocal=Player_446469990
[PlayerController] Updating remote player 446469990 position from (472.8132, 323.05695) to (476.14655, 323.05695)
[GameWorld] SyncPlayerPosition RPC received on peer 1125268556: Player 446469990 at (479.4799, 323.05695)
[GameWorld] Current player controllers: 3, Keys: [1125268556, 1, 446469990]
[GameWorld] Client updating remote player 446469990, isLocal=Player_446469990
[PlayerController] Updating remote player 446469990 position from (476.14655, 323.05695) to (479.4799, 323.05695)
[GameWorld] SyncPlayerPosition RPC received on peer 1125268556: Player 446469990 at (482.81323, 323.05695)
[GameWorld] Current player controllers: 3, Keys: [1125268556, 1, 446469990]
[GameWorld] Client updating remote player 446469990, isLocal=Player_446469990
[PlayerController] Updating remote player 446469990 position from (479.4799, 323.05695) to (482.81323, 323.05695)
[GameWorld] SyncPlayerPosition RPC received on peer 1125268556: Player 446469990 at (486.14658, 323.05695)
[GameWorld] Current player controllers: 3, Keys: [1125268556, 1, 446469990]
[GameWorld] Client updating remote player 446469990, isLocal=Player_446469990
[PlayerController] Updating remote player 446469990 position from (482.81323, 323.05695) to (486.14658, 323.05695)
[GameWorld] SyncPlayerPosition RPC received on peer 1125268556: Player 446469990 at (489.47992, 323.05695)
[GameWorld] Current player controllers: 3, Keys: [1125268556, 1, 446469990]
[GameWorld] Client updating remote player 446469990, isLocal=Player_446469990
[PlayerController] Updating remote player 446469990 position from (486.14658, 323.05695) to (489.47992, 323.05695)
[GameWorld] SyncPlayerPosition RPC received on peer 1125268556: Player 446469990 at (492.81326, 323.05695)
[GameWorld] Current player controllers: 3, Keys: [1125268556, 1, 446469990]
[GameWorld] Client updating remote player 446469990, isLocal=Player_446469990
[PlayerController] Updating remote player 446469990 position from (489.47992, 323.05695) to (492.81326, 323.05695)
[GameWorld] SyncPlayerPosition RPC received on peer 1125268556: Player 446469990 at (496.1466, 323.05695)
[GameWorld] Current player controllers: 3, Keys: [1125268556, 1, 446469990]
[GameWorld] Client updating remote player 446469990, isLocal=Player_446469990
[PlayerController] Updating remote player 446469990 position from (492.81326, 323.05695) to (496.1466, 323.05695)
[GameWorld] SyncPlayerPosition RPC received on peer 1125268556: Player 446469990 at (499.47995, 323.05695)
[GameWorld] Current player controllers: 3, Keys: [1125268556, 1, 446469990]
[GameWorld] Client updating remote player 446469990, isLocal=Player_446469990
[PlayerController] Updating remote player 446469990 position from (496.1466, 323.05695) to (499.47995, 323.05695)
[GameWorld] SyncPlayerPosition RPC received on peer 1125268556: Player 446469990 at (502.8133, 323.05695)
[GameWorld] Current player controllers: 3, Keys: [1125268556, 1, 446469990]
[GameWorld] Client updating remote player 446469990, isLocal=Player_446469990
[PlayerController] Updating remote player 446469990 position from (499.47995, 323.05695) to (502.8133, 323.05695)
[GameWorld] SyncPlayerPosition RPC received on peer 1125268556: Player 446469990 at (506.14664, 323.05695)
[GameWorld] Current player controllers: 3, Keys: [1125268556, 1, 446469990]
[GameWorld] Client updating remote player 446469990, isLocal=Player_446469990
[PlayerController] Updating remote player 446469990 position from (502.8133, 323.05695) to (506.14664, 323.05695)
[GameWorld] SyncPlayerPosition RPC received on peer 1125268556: Player 446469990 at (509.47998, 323.05695)
[GameWorld] Current player controllers: 3, Keys: [1125268556, 1, 446469990]
[GameWorld] Client updating remote player 446469990, isLocal=Player_446469990
[PlayerController] Updating remote player 446469990 position from (506.14664, 323.05695) to (509.47998, 323.05695)
[GameWorld] SyncPlayerPosition RPC received on peer 1125268556: Player 446469990 at (512.8133, 323.05695)
[GameWorld] Current player controllers: 3, Keys: [1125268556, 1, 446469990]
[GameWorld] Client updating remote player 446469990, isLocal=Player_446469990
[PlayerController] Updating remote player 446469990 position from (509.47998, 323.05695) to (512.8133, 323.05695)
[GameWorld] SyncPlayerPosition RPC received on peer 1125268556: Player 446469990 at (516.1466, 323.05695)
[GameWorld] Current player controllers: 3, Keys: [1125268556, 1, 446469990]
[GameWorld] Client updating remote player 446469990, isLocal=Player_446469990
[PlayerController] Updating remote player 446469990 position from (512.8133, 323.05695) to (516.1466, 323.05695)
[GameWorld] SyncPlayerPosition RPC received on peer 1125268556: Player 446469990 at (519.4799, 323.05695)
[GameWorld] Current player controllers: 3, Keys: [1125268556, 1, 446469990]
[GameWorld] Client updating remote player 446469990, isLocal=Player_446469990
[PlayerController] Updating remote player 446469990 position from (516.1466, 323.05695) to (519.4799, 323.05695)
[GameWorld] SyncPlayerPosition RPC received on peer 1125268556: Player 446469990 at (522.81323, 323.05695)
[GameWorld] Current player controllers: 3, Keys: [1125268556, 1, 446469990]
[GameWorld] Client updating remote player 446469990, isLocal=Player_446469990
[PlayerController] Updating remote player 446469990 position from (519.4799, 323.05695) to (522.81323, 323.05695)
[GameWorld] SyncPlayerPosition RPC received on peer 1125268556: Player 446469990 at (526.14655, 323.05695)
[GameWorld] Current player controllers: 3, Keys: [1125268556, 1, 446469990]
[GameWorld] Client updating remote player 446469990, isLocal=Player_446469990
[PlayerController] Updating remote player 446469990 position from (522.81323, 323.05695) to (526.14655, 323.05695)
[GameWorld] SyncPlayerPosition RPC received on peer 1125268556: Player 446469990 at (529.47986, 323.05695)
[GameWorld] Current player controllers: 3, Keys: [1125268556, 1, 446469990]
[GameWorld] Client updating remote player 446469990, isLocal=Player_446469990
[PlayerController] Updating remote player 446469990 position from (526.14655, 323.05695) to (529.47986, 323.05695)
[GameWorld] SyncPlayerPosition RPC received on peer 1125268556: Player 446469990 at (532.8132, 323.05695)
[GameWorld] Current player controllers: 3, Keys: [1125268556, 1, 446469990]
[GameWorld] Client updating remote player 446469990, isLocal=Player_446469990
[PlayerController] Updating remote player 446469990 position from (529.47986, 323.05695) to (532.8132, 323.05695)
[GameWorld] SyncPlayerPosition RPC received on peer 1125268556: Player 446469990 at (536.1465, 323.05695)
[GameWorld] Current player controllers: 3, Keys: [1125268556, 1, 446469990]
[GameWorld] Client updating remote player 446469990, isLocal=Player_446469990
[PlayerController] Updating remote player 446469990 position from (532.8132, 323.05695) to (536.1465, 323.05695)
[GameWorld] SyncPlayerPosition RPC received on peer 1125268556: Player 446469990 at (539.4798, 323.05695)
[GameWorld] Current player controllers: 3, Keys: [1125268556, 1, 446469990]
[GameWorld] Client updating remote player 446469990, isLocal=Player_446469990
[PlayerController] Updating remote player 446469990 position from (536.1465, 323.05695) to (539.4798, 323.05695)
[GameWorld] SyncPlayerPosition RPC received on peer 1125268556: Player 446469990 at (542.8131, 323.05695)
[GameWorld] Current player controllers: 3, Keys: [1125268556, 1, 446469990]
[GameWorld] Client updating remote player 446469990, isLocal=Player_446469990
[PlayerController] Updating remote player 446469990 position from (539.4798, 323.05695) to (542.8131, 323.05695)
[GameWorld] SyncPlayerPosition RPC received on peer 1125268556: Player 446469990 at (546.1464, 323.05695)
[GameWorld] Current player controllers: 3, Keys: [1125268556, 1, 446469990]
[GameWorld] Client updating remote player 446469990, isLocal=Player_446469990
[PlayerController] Updating remote player 446469990 position from (542.8131, 323.05695) to (546.1464, 323.05695)
[GameWorld] SyncPlayerPosition RPC received on peer 1125268556: Player 446469990 at (549.47974, 323.05695)
[GameWorld] Current player controllers: 3, Keys: [1125268556, 1, 446469990]
[GameWorld] Client updating remote player 446469990, isLocal=Player_446469990
[PlayerController] Updating remote player 446469990 position from (546.1464, 323.05695) to (549.47974, 323.05695)
Body entered John: Player_446469990
[GameWorld] SyncPlayerPosition RPC received on peer 1125268556: Player 446469990 at (552.81305, 323.05695)
[GameWorld] Current player controllers: 3, Keys: [1125268556, 1, 446469990]
[GameWorld] Client updating remote player 446469990, isLocal=Player_446469990
[PlayerController] Updating remote player 446469990 position from (549.47974, 323.05695) to (552.81305, 323.05695)
[GameWorld] SyncPlayerPosition RPC received on peer 1125268556: Player 446469990 at (556.14636, 323.05695)
[GameWorld] Current player controllers: 3, Keys: [1125268556, 1, 446469990]
[GameWorld] Client updating remote player 446469990, isLocal=Player_446469990
[PlayerController] Updating remote player 446469990 position from (552.81305, 323.05695) to (556.14636, 323.05695)
[GameWorld] SyncPlayerPosition RPC received on peer 1125268556: Player 446469990 at (559.4797, 323.05695)
[GameWorld] Current player controllers: 3, Keys: [1125268556, 1, 446469990]
[GameWorld] Client updating remote player 446469990, isLocal=Player_446469990
[PlayerController] Updating remote player 446469990 position from (556.14636, 323.05695) to (559.4797, 323.05695)
[GameWorld] SyncPlayerPosition RPC received on peer 1125268556: Player 446469990 at (562.813, 323.05695)
[GameWorld] Current player controllers: 3, Keys: [1125268556, 1, 446469990]
[GameWorld] Client updating remote player 446469990, isLocal=Player_446469990
[PlayerController] Updating remote player 446469990 position from (559.4797, 323.05695) to (562.813, 323.05695)
[GameWorld] SyncPlayerPosition RPC received on peer 1125268556: Player 446469990 at (566.1463, 323.05695)
[GameWorld] Current player controllers: 3, Keys: [1125268556, 1, 446469990]
[GameWorld] Client updating remote player 446469990, isLocal=Player_446469990
[PlayerController] Updating remote player 446469990 position from (562.813, 323.05695) to (566.1463, 323.05695)
[GameWorld] SyncPlayerPosition RPC received on peer 1125268556: Player 446469990 at (569.4796, 323.05695)
[GameWorld] Current player controllers: 3, Keys: [1125268556, 1, 446469990]
[GameWorld] Client updating remote player 446469990, isLocal=Player_446469990
[PlayerController] Updating remote player 446469990 position from (566.1463, 323.05695) to (569.4796, 323.05695)
[GameWorld] SyncPlayerPosition RPC received on peer 1125268556: Player 446469990 at (572.8129, 323.05695)
[GameWorld] Current player controllers: 3, Keys: [1125268556, 1, 446469990]
[GameWorld] Client updating remote player 446469990, isLocal=Player_446469990
[PlayerController] Updating remote player 446469990 position from (569.4796, 323.05695) to (572.8129, 323.05695)
[GameWorld] SyncPlayerPosition RPC received on peer 1125268556: Player 446469990 at (576.14624, 323.05695)
[GameWorld] Current player controllers: 3, Keys: [1125268556, 1, 446469990]
[GameWorld] Client updating remote player 446469990, isLocal=Player_446469990
[PlayerController] Updating remote player 446469990 position from (572.8129, 323.05695) to (576.14624, 323.05695)
[GameWorld] SyncPlayerPosition RPC received on peer 1125268556: Player 446469990 at (579.47955, 323.05695)
[GameWorld] Current player controllers: 3, Keys: [1125268556, 1, 446469990]
[GameWorld] Client updating remote player 446469990, isLocal=Player_446469990
[PlayerController] Updating remote player 446469990 position from (576.14624, 323.05695) to (579.47955, 323.05695)
[GameWorld] SyncPlayerPosition RPC received on peer 1125268556: Player 446469990 at (581.83655, 320.69992)
[GameWorld] Current player controllers: 3, Keys: [1125268556, 1, 446469990]
[GameWorld] Client updating remote player 446469990, isLocal=Player_446469990
[PlayerController] Updating remote player 446469990 position from (579.47955, 323.05695) to (581.83655, 320.69992)
[GameWorld] SyncPlayerPosition RPC received on peer 1125268556: Player 446469990 at (584.19354, 318.3429)
[GameWorld] Current player controllers: 3, Keys: [1125268556, 1, 446469990]
[GameWorld] Client updating remote player 446469990, isLocal=Player_446469990
[PlayerController] Updating remote player 446469990 position from (581.83655, 320.69992) to (584.19354, 318.3429)
[GameWorld] SyncPlayerPosition RPC received on peer 1125268556: Player 446469990 at (586.55054, 315.98587)
[GameWorld] Current player controllers: 3, Keys: [1125268556, 1, 446469990]
[GameWorld] Client updating remote player 446469990, isLocal=Player_446469990
[PlayerController] Updating remote player 446469990 position from (584.19354, 318.3429) to (586.55054, 315.98587)
[GameWorld] SyncPlayerPosition RPC received on peer 1125268556: Player 446469990 at (588.90753, 313.62885)
[GameWorld] Current player controllers: 3, Keys: [1125268556, 1, 446469990]
[GameWorld] Client updating remote player 446469990, isLocal=Player_446469990
[PlayerController] Updating remote player 446469990 position from (586.55054, 315.98587) to (588.90753, 313.62885)
[GameWorld] SyncPlayerPosition RPC received on peer 1125268556: Player 446469990 at (591.2645, 311.27182)
[GameWorld] Current player controllers: 3, Keys: [1125268556, 1, 446469990]
[GameWorld] Client updating remote player 446469990, isLocal=Player_446469990
[PlayerController] Updating remote player 446469990 position from (588.90753, 313.62885) to (591.2645, 311.27182)
[GameWorld] SyncPlayerPosition RPC received on peer 1125268556: Player 446469990 at (593.6215, 308.9148)
[GameWorld] Current player controllers: 3, Keys: [1125268556, 1, 446469990]
[GameWorld] Client updating remote player 446469990, isLocal=Player_446469990
[PlayerController] Updating remote player 446469990 position from (591.2645, 311.27182) to (593.6215, 308.9148)
[GameWorld] SyncPlayerPosition RPC received on peer 1125268556: Player 446469990 at (595.9785, 306.55777)
[GameWorld] Current player controllers: 3, Keys: [1125268556, 1, 446469990]
[GameWorld] Client updating remote player 446469990, isLocal=Player_446469990
[PlayerController] Updating remote player 446469990 position from (593.6215, 308.9148) to (595.9785, 306.55777)
[GameWorld] SyncPlayerPosition RPC received on peer 1125268556: Player 446469990 at (598.3355, 304.20074)
[GameWorld] Current player controllers: 3, Keys: [1125268556, 1, 446469990]
[GameWorld] Client updating remote player 446469990, isLocal=Player_446469990
[PlayerController] Updating remote player 446469990 position from (595.9785, 306.55777) to (598.3355, 304.20074)
[GameWorld] SyncPlayerPosition RPC received on peer 1125268556: Player 446469990 at (600.6925, 301.84372)
[GameWorld] Current player controllers: 3, Keys: [1125268556, 1, 446469990]
[GameWorld] Client updating remote player 446469990, isLocal=Player_446469990
[PlayerController] Updating remote player 446469990 position from (598.3355, 304.20074) to (600.6925, 301.84372)
[GameWorld] SyncPlayerPosition RPC received on peer 1125268556: Player 446469990 at (603.0495, 299.4867)
[GameWorld] Current player controllers: 3, Keys: [1125268556, 1, 446469990]
[GameWorld] Client updating remote player 446469990, isLocal=Player_446469990
[PlayerController] Updating remote player 446469990 position from (600.6925, 301.84372) to (603.0495, 299.4867)
[GameWorld] SyncPlayerPosition RPC received on peer 1125268556: Player 446469990 at (605.4065, 297.12967)
[GameWorld] Current player controllers: 3, Keys: [1125268556, 1, 446469990]
[GameWorld] Client updating remote player 446469990, isLocal=Player_446469990
[PlayerController] Updating remote player 446469990 position from (603.0495, 299.4867) to (605.4065, 297.12967)
[GameWorld] SyncPlayerPosition RPC received on peer 1125268556: Player 446469990 at (607.7635, 294.77264)
[GameWorld] Current player controllers: 3, Keys: [1125268556, 1, 446469990]
[GameWorld] Client updating remote player 446469990, isLocal=Player_446469990
[PlayerController] Updating remote player 446469990 position from (605.4065, 297.12967) to (607.7635, 294.77264)
[GameWorld] SyncPlayerPosition RPC received on peer 1125268556: Player 446469990 at (610.1205, 292.41562)
[GameWorld] Current player controllers: 3, Keys: [1125268556, 1, 446469990]
[GameWorld] Client updating remote player 446469990, isLocal=Player_446469990
[PlayerController] Updating remote player 446469990 position from (607.7635, 294.77264) to (610.1205, 292.41562)
[GameWorld] SyncPlayerPosition RPC received on peer 1125268556: Player 446469990 at (612.4775, 290.0586)
[GameWorld] Current player controllers: 3, Keys: [1125268556, 1, 446469990]
[GameWorld] Client updating remote player 446469990, isLocal=Player_446469990
[PlayerController] Updating remote player 446469990 position from (610.1205, 292.41562) to (612.4775, 290.0586)
[GameWorld] SyncPlayerPosition RPC received on peer 1125268556: Player 446469990 at (614.8345, 287.70157)
[GameWorld] Current player controllers: 3, Keys: [1125268556, 1, 446469990]
[GameWorld] Client updating remote player 446469990, isLocal=Player_446469990
[PlayerController] Updating remote player 446469990 position from (612.4775, 290.0586) to (614.8345, 287.70157)
[GameWorld] SyncPlayerPosition RPC received on peer 1125268556: Player 446469990 at (617.19147, 285.34454)
[GameWorld] Current player controllers: 3, Keys: [1125268556, 1, 446469990]
[GameWorld] Client updating remote player 446469990, isLocal=Player_446469990
[PlayerController] Updating remote player 446469990 position from (614.8345, 287.70157) to (617.19147, 285.34454)
[GameWorld] SyncPlayerPosition RPC received on peer 1125268556: Player 446469990 at (619.54846, 282.98752)
[GameWorld] Current player controllers: 3, Keys: [1125268556, 1, 446469990]
[GameWorld] Client updating remote player 446469990, isLocal=Player_446469990
[PlayerController] Updating remote player 446469990 position from (617.19147, 285.34454) to (619.54846, 282.98752)
[GameWorld] SyncPlayerPosition RPC received on peer 1125268556: Player 446469990 at (621.90546, 280.6305)
[GameWorld] Current player controllers: 3, Keys: [1125268556, 1, 446469990]
[GameWorld] Client updating remote player 446469990, isLocal=Player_446469990
[PlayerController] Updating remote player 446469990 position from (619.54846, 282.98752) to (621.90546, 280.6305)
[GameWorld] SyncPlayerPosition RPC received on peer 1125268556: Player 446469990 at (624.26245, 278.27347)
[GameWorld] Current player controllers: 3, Keys: [1125268556, 1, 446469990]
[GameWorld] Client updating remote player 446469990, isLocal=Player_446469990
[PlayerController] Updating remote player 446469990 position from (621.90546, 280.6305) to (624.26245, 278.27347)
[GameWorld] SyncPlayerPosition RPC received on peer 1125268556: Player 446469990 at (626.61945, 275.91644)
[GameWorld] Current player controllers: 3, Keys: [1125268556, 1, 446469990]
[GameWorld] Client updating remote player 446469990, isLocal=Player_446469990
[PlayerController] Updating remote player 446469990 position from (624.26245, 278.27347) to (626.61945, 275.91644)
[GameWorld] SyncPlayerPosition RPC received on peer 1125268556: Player 446469990 at (629.95276, 275.91644)
[GameWorld] Current player controllers: 3, Keys: [1125268556, 1, 446469990]
[GameWorld] Client updating remote player 446469990, isLocal=Player_446469990
[PlayerController] Updating remote player 446469990 position from (626.61945, 275.91644) to (629.95276, 275.91644)
[GameWorld] SyncPlayerPosition RPC received on peer 1125268556: Player 446469990 at (633.2861, 275.91644)
[GameWorld] Current player controllers: 3, Keys: [1125268556, 1, 446469990]
[GameWorld] Client updating remote player 446469990, isLocal=Player_446469990
[PlayerController] Updating remote player 446469990 position from (629.95276, 275.91644) to (633.2861, 275.91644)
[GameWorld] SyncPlayerPosition RPC received on peer 1125268556: Player 446469990 at (636.6194, 275.91644)
[GameWorld] Current player controllers: 3, Keys: [1125268556, 1, 446469990]
[GameWorld] Client updating remote player 446469990, isLocal=Player_446469990
[PlayerController] Updating remote player 446469990 position from (633.2861, 275.91644) to (636.6194, 275.91644)
[GameWorld] SyncPlayerPosition RPC received on peer 1125268556: Player 446469990 at (639.9527, 275.91644)
[GameWorld] Current player controllers: 3, Keys: [1125268556, 1, 446469990]
[GameWorld] Client updating remote player 446469990, isLocal=Player_446469990
[PlayerController] Updating remote player 446469990 position from (636.6194, 275.91644) to (639.9527, 275.91644)
[GameWorld] SyncPlayerPosition RPC received on peer 1125268556: Player 446469990 at (643.286, 275.91644)
[GameWorld] Current player controllers: 3, Keys: [1125268556, 1, 446469990]
[GameWorld] Client updating remote player 446469990, isLocal=Player_446469990
[PlayerController] Updating remote player 446469990 position from (639.9527, 275.91644) to (643.286, 275.91644)
[GameWorld] SyncPlayerPosition RPC received on peer 1125268556: Player 446469990 at (646.6193, 275.91644)
[GameWorld] Current player controllers: 3, Keys: [1125268556, 1, 446469990]
[GameWorld] Client updating remote player 446469990, isLocal=Player_446469990
[PlayerController] Updating remote player 446469990 position from (643.286, 275.91644) to (646.6193, 275.91644)
[GameWorld] SyncPlayerPosition RPC received on peer 1125268556: Player 446469990 at (649.95264, 275.91644)
[GameWorld] Current player controllers: 3, Keys: [1125268556, 1, 446469990]
[GameWorld] Client updating remote player 446469990, isLocal=Player_446469990
[PlayerController] Updating remote player 446469990 position from (646.6193, 275.91644) to (649.95264, 275.91644)
[GameWorld] SyncPlayerPosition RPC received on peer 1125268556: Player 446469990 at (653.28595, 275.91644)
[GameWorld] Current player controllers: 3, Keys: [1125268556, 1, 446469990]
[GameWorld] Client updating remote player 446469990, isLocal=Player_446469990
[PlayerController] Updating remote player 446469990 position from (649.95264, 275.91644) to (653.28595, 275.91644)
[GameWorld] SyncPlayerPosition RPC received on peer 1125268556: Player 446469990 at (656.61926, 275.91644)
[GameWorld] Current player controllers: 3, Keys: [1125268556, 1, 446469990]
[GameWorld] Client updating remote player 446469990, isLocal=Player_446469990
[PlayerController] Updating remote player 446469990 position from (653.28595, 275.91644) to (656.61926, 275.91644)
[GameWorld] SyncPlayerPosition RPC received on peer 1125268556: Player 446469990 at (659.9526, 275.91644)
[GameWorld] Current player controllers: 3, Keys: [1125268556, 1, 446469990]
[GameWorld] Client updating remote player 446469990, isLocal=Player_446469990
[PlayerController] Updating remote player 446469990 position from (656.61926, 275.91644) to (659.9526, 275.91644)
[GameWorld] SyncPlayerPosition RPC received on peer 1125268556: Player 446469990 at (663.2859, 275.91644)
[GameWorld] Current player controllers: 3, Keys: [1125268556, 1, 446469990]
[GameWorld] Client updating remote player 446469990, isLocal=Player_446469990
[PlayerController] Updating remote player 446469990 position from (659.9526, 275.91644) to (663.2859, 275.91644)
[GameWorld] SyncPlayerPosition RPC received on peer 1125268556: Player 446469990 at (666.6192, 275.91644)
[GameWorld] Current player controllers: 3, Keys: [1125268556, 1, 446469990]
[GameWorld] Client updating remote player 446469990, isLocal=Player_446469990
[PlayerController] Updating remote player 446469990 position from (663.2859, 275.91644) to (666.6192, 275.91644)
[GameWorld] SyncPlayerPosition RPC received on peer 1125268556: Player 446469990 at (669.9525, 275.91644)
[GameWorld] Current player controllers: 3, Keys: [1125268556, 1, 446469990]
[GameWorld] Client updating remote player 446469990, isLocal=Player_446469990
[PlayerController] Updating remote player 446469990 position from (666.6192, 275.91644) to (669.9525, 275.91644)
[GameWorld] SyncPlayerPosition RPC received on peer 1125268556: Player 446469990 at (673.2858, 275.91644)
[GameWorld] Current player controllers: 3, Keys: [1125268556, 1, 446469990]
[GameWorld] Client updating remote player 446469990, isLocal=Player_446469990
[PlayerController] Updating remote player 446469990 position from (669.9525, 275.91644) to (673.2858, 275.91644)
[GameWorld] SyncPlayerPosition RPC received on peer 1125268556: Player 446469990 at (676.61914, 275.91644)
[GameWorld] Current player controllers: 3, Keys: [1125268556, 1, 446469990]
[GameWorld] Client updating remote player 446469990, isLocal=Player_446469990
[PlayerController] Updating remote player 446469990 position from (673.2858, 275.91644) to (676.61914, 275.91644)
[GameWorld] SyncPlayerPosition RPC received on peer 1125268556: Player 446469990 at (679.95245, 275.91644)
[GameWorld] Current player controllers: 3, Keys: [1125268556, 1, 446469990]
[GameWorld] Client updating remote player 446469990, isLocal=Player_446469990
[PlayerController] Updating remote player 446469990 position from (676.61914, 275.91644) to (679.95245, 275.91644)
[GameWorld] SyncPlayerPosition RPC received on peer 1125268556: Player 446469990 at (683.28577, 275.91644)
[GameWorld] Current player controllers: 3, Keys: [1125268556, 1, 446469990]
[GameWorld] Client updating remote player 446469990, isLocal=Player_446469990
[PlayerController] Updating remote player 446469990 position from (679.95245, 275.91644) to (683.28577, 275.91644)
[GameWorld] SyncPlayerPosition RPC received on peer 1125268556: Player 446469990 at (686.6191, 275.91644)
[GameWorld] Current player controllers: 3, Keys: [1125268556, 1, 446469990]
[GameWorld] Client updating remote player 446469990, isLocal=Player_446469990
[PlayerController] Updating remote player 446469990 position from (683.28577, 275.91644) to (686.6191, 275.91644)
[GameWorld] SyncPlayerPosition RPC received on peer 1125268556: Player 446469990 at (689.9524, 275.91644)
[GameWorld] Current player controllers: 3, Keys: [1125268556, 1, 446469990]
[GameWorld] Client updating remote player 446469990, isLocal=Player_446469990
[PlayerController] Updating remote player 446469990 position from (686.6191, 275.91644) to (689.9524, 275.91644)
[GameWorld] SyncPlayerPosition RPC received on peer 1125268556: Player 446469990 at (693.2857, 275.91644)
[GameWorld] Current player controllers: 3, Keys: [1125268556, 1, 446469990]
[GameWorld] Client updating remote player 446469990, isLocal=Player_446469990
[PlayerController] Updating remote player 446469990 position from (689.9524, 275.91644) to (693.2857, 275.91644)
[GameWorld] SyncPlayerPosition RPC received on peer 1125268556: Player 446469990 at (696.619, 275.91644)
[GameWorld] Current player controllers: 3, Keys: [1125268556, 1, 446469990]
[GameWorld] Client updating remote player 446469990, isLocal=Player_446469990
[PlayerController] Updating remote player 446469990 position from (693.2857, 275.91644) to (696.619, 275.91644)
[GameWorld] SyncPlayerPosition RPC received on peer 1125268556: Player 446469990 at (699.95233, 275.91644)
[GameWorld] Current player controllers: 3, Keys: [1125268556, 1, 446469990]
[GameWorld] Client updating remote player 446469990, isLocal=Player_446469990
[PlayerController] Updating remote player 446469990 position from (696.619, 275.91644) to (699.95233, 275.91644)
[GameWorld] SyncPlayerPosition RPC received on peer 1125268556: Player 446469990 at (703.28564, 275.91644)
[GameWorld] Current player controllers: 3, Keys: [1125268556, 1, 446469990]
[GameWorld] Client updating remote player 446469990, isLocal=Player_446469990
[PlayerController] Updating remote player 446469990 position from (699.95233, 275.91644) to (703.28564, 275.91644)
[GameWorld] SyncPlayerPosition RPC received on peer 1125268556: Player 446469990 at (706.61896, 275.91644)
[GameWorld] Current player controllers: 3, Keys: [1125268556, 1, 446469990]
[GameWorld] Client updating remote player 446469990, isLocal=Player_446469990
[PlayerController] Updating remote player 446469990 position from (703.28564, 275.91644) to (706.61896, 275.91644)
[GameWorld] SyncPlayerPosition RPC received on peer 1125268556: Player 446469990 at (709.9523, 275.91644)
[GameWorld] Current player controllers: 3, Keys: [1125268556, 1, 446469990]
[GameWorld] Client updating remote player 446469990, isLocal=Player_446469990
[PlayerController] Updating remote player 446469990 position from (706.61896, 275.91644) to (709.9523, 275.91644)
[GameWorld] SyncPlayerPosition RPC received on peer 1125268556: Player 446469990 at (713.2856, 275.91644)
[GameWorld] Current player controllers: 3, Keys: [1125268556, 1, 446469990]
[GameWorld] Client updating remote player 446469990, isLocal=Player_446469990
[PlayerController] Updating remote player 446469990 position from (709.9523, 275.91644) to (713.2856, 275.91644)
[GameWorld] SyncPlayerPosition RPC received on peer 1125268556: Player 446469990 at (715.6426, 273.55942)
[GameWorld] Current player controllers: 3, Keys: [1125268556, 1, 446469990]
[GameWorld] Client updating remote player 446469990, isLocal=Player_446469990
[PlayerController] Updating remote player 446469990 position from (713.2856, 275.91644) to (715.6426, 273.55942)
[GameWorld] SyncPlayerPosition RPC received on peer 1125268556: Player 446469990 at (717.9996, 271.2024)
[GameWorld] Current player controllers: 3, Keys: [1125268556, 1, 446469990]
[GameWorld] Client updating remote player 446469990, isLocal=Player_446469990
[PlayerController] Updating remote player 446469990 position from (715.6426, 273.55942) to (717.9996, 271.2024)
Body exited John: Player_446469990
[GameWorld] SyncPlayerPosition RPC received on peer 1125268556: Player 446469990 at (720.35657, 268.84537)
[GameWorld] Current player controllers: 3, Keys: [1125268556, 1, 446469990]
[GameWorld] Client updating remote player 446469990, isLocal=Player_446469990
[PlayerController] Updating remote player 446469990 position from (717.9996, 271.2024) to (720.35657, 268.84537)
[GameWorld] SyncPlayerPosition RPC received on peer 1125268556: Player 446469990 at (722.71356, 266.48834)
[GameWorld] Current player controllers: 3, Keys: [1125268556, 1, 446469990]
[GameWorld] Client updating remote player 446469990, isLocal=Player_446469990
[PlayerController] Updating remote player 446469990 position from (720.35657, 268.84537) to (722.71356, 266.48834)
[GameWorld] SyncPlayerPosition RPC received on peer 1125268556: Player 446469990 at (725.07056, 264.13132)
[GameWorld] Current player controllers: 3, Keys: [1125268556, 1, 446469990]
[GameWorld] Client updating remote player 446469990, isLocal=Player_446469990
[PlayerController] Updating remote player 446469990 position from (722.71356, 266.48834) to (725.07056, 264.13132)
[GameWorld] SyncPlayerPosition RPC received on peer 1125268556: Player 446469990 at (727.42755, 261.7743)
[GameWorld] Current player controllers: 3, Keys: [1125268556, 1, 446469990]
[GameWorld] Client updating remote player 446469990, isLocal=Player_446469990
[PlayerController] Updating remote player 446469990 position from (725.07056, 264.13132) to (727.42755, 261.7743)
[GameWorld] SyncPlayerPosition RPC received on peer 1125268556: Player 446469990 at (727.42755, 258.44095)
[GameWorld] Current player controllers: 3, Keys: [1125268556, 1, 446469990]
[GameWorld] Client updating remote player 446469990, isLocal=Player_446469990
[PlayerController] Updating remote player 446469990 position from (727.42755, 261.7743) to (727.42755, 258.44095)
[GameWorld] SyncPlayerPosition RPC received on peer 1125268556: Player 446469990 at (727.42755, 255.10762)
[GameWorld] Current player controllers: 3, Keys: [1125268556, 1, 446469990]
[GameWorld] Client updating remote player 446469990, isLocal=Player_446469990
[PlayerController] Updating remote player 446469990 position from (727.42755, 258.44095) to (727.42755, 255.10762)
[GameWorld] SyncPlayerPosition RPC received on peer 1125268556: Player 446469990 at (727.42755, 251.77429)
[GameWorld] Current player controllers: 3, Keys: [1125268556, 1, 446469990]
[GameWorld] Client updating remote player 446469990, isLocal=Player_446469990
[PlayerController] Updating remote player 446469990 position from (727.42755, 255.10762) to (727.42755, 251.77429)
[GameWorld] SyncPlayerPosition RPC received on peer 1125268556: Player 446469990 at (727.42755, 248.44096)
[GameWorld] Current player controllers: 3, Keys: [1125268556, 1, 446469990]
[GameWorld] Client updating remote player 446469990, isLocal=Player_446469990
[PlayerController] Updating remote player 446469990 position from (727.42755, 251.77429) to (727.42755, 248.44096)
[GameWorld] SyncPlayerPosition RPC received on peer 1125268556: Player 446469990 at (727.42755, 245.10764)
[GameWorld] Current player controllers: 3, Keys: [1125268556, 1, 446469990]
[GameWorld] Client updating remote player 446469990, isLocal=Player_446469990
[PlayerController] Updating remote player 446469990 position from (727.42755, 248.44096) to (727.42755, 245.10764)
[GameWorld] SyncPlayerPosition RPC received on peer 1125268556: Player 446469990 at (727.42755, 241.7743)
[GameWorld] Current player controllers: 3, Keys: [1125268556, 1, 446469990]
[GameWorld] Client updating remote player 446469990, isLocal=Player_446469990
[PlayerController] Updating remote player 446469990 position from (727.42755, 245.10764) to (727.42755, 241.7743)
[GameWorld] SyncPlayerPosition RPC received on peer 1125268556: Player 446469990 at (727.42755, 238.44098)
[GameWorld] Current player controllers: 3, Keys: [1125268556, 1, 446469990]
[GameWorld] Client updating remote player 446469990, isLocal=Player_446469990
[PlayerController] Updating remote player 446469990 position from (727.42755, 241.7743) to (727.42755, 238.44098)
Body entered John: Player_446469990
[GameWorld] SyncPlayerPosition RPC received on peer 1125268556: Player 446469990 at (727.42755, 235.10765)
[GameWorld] Current player controllers: 3, Keys: [1125268556, 1, 446469990]
[GameWorld] Client updating remote player 446469990, isLocal=Player_446469990
[PlayerController] Updating remote player 446469990 position from (727.42755, 238.44098) to (727.42755, 235.10765)
[GameWorld] SyncPlayerPosition RPC received on peer 1125268556: Player 446469990 at (727.42755, 231.77432)
[GameWorld] Current player controllers: 3, Keys: [1125268556, 1, 446469990]
[GameWorld] Client updating remote player 446469990, isLocal=Player_446469990
[PlayerController] Updating remote player 446469990 position from (727.42755, 235.10765) to (727.42755, 231.77432)
[GameWorld] SyncPlayerPosition RPC received on peer 1125268556: Player 446469990 at (727.42755, 228.441)
[GameWorld] Current player controllers: 3, Keys: [1125268556, 1, 446469990]
[GameWorld] Client updating remote player 446469990, isLocal=Player_446469990
[PlayerController] Updating remote player 446469990 position from (727.42755, 231.77432) to (727.42755, 228.441)
[GameWorld] SyncPlayerPosition RPC received on peer 1125268556: Player 446469990 at (727.42755, 225.10767)
[GameWorld] Current player controllers: 3, Keys: [1125268556, 1, 446469990]
[GameWorld] Client updating remote player 446469990, isLocal=Player_446469990
[PlayerController] Updating remote player 446469990 position from (727.42755, 228.441) to (727.42755, 225.10767)
[GameWorld] SyncPlayerPosition RPC received on peer 1125268556: Player 446469990 at (725.07056, 222.75064)
[GameWorld] Current player controllers: 3, Keys: [1125268556, 1, 446469990]
[GameWorld] Client updating remote player 446469990, isLocal=Player_446469990
[PlayerController] Updating remote player 446469990 position from (727.42755, 225.10767) to (725.07056, 222.75064)
[GameWorld] SyncPlayerPosition RPC received on peer 1125268556: Player 446469990 at (722.71356, 220.39362)
[GameWorld] Current player controllers: 3, Keys: [1125268556, 1, 446469990]
[GameWorld] Client updating remote player 446469990, isLocal=Player_446469990
[PlayerController] Updating remote player 446469990 position from (725.07056, 222.75064) to (722.71356, 220.39362)
[GameWorld] SyncPlayerPosition RPC received on peer 1125268556: Player 446469990 at (720.35657, 218.03659)
[GameWorld] Current player controllers: 3, Keys: [1125268556, 1, 446469990]
[GameWorld] Client updating remote player 446469990, isLocal=Player_446469990
[PlayerController] Updating remote player 446469990 position from (722.71356, 220.39362) to (720.35657, 218.03659)
[GameWorld] SyncPlayerPosition RPC received on peer 1125268556: Player 446469990 at (717.02325, 218.03659)
[GameWorld] Current player controllers: 3, Keys: [1125268556, 1, 446469990]
[GameWorld] Client updating remote player 446469990, isLocal=Player_446469990
[PlayerController] Updating remote player 446469990 position from (720.35657, 218.03659) to (717.02325, 218.03659)
[GameWorld] SyncPlayerPosition RPC received on peer 1125268556: Player 446469990 at (713.68994, 218.03659)
[GameWorld] Current player controllers: 3, Keys: [1125268556, 1, 446469990]
[GameWorld] Client updating remote player 446469990, isLocal=Player_446469990
[PlayerController] Updating remote player 446469990 position from (717.02325, 218.03659) to (713.68994, 218.03659)
[GameWorld] SyncPlayerPosition RPC received on peer 1125268556: Player 446469990 at (710.3566, 218.03659)
[GameWorld] Current player controllers: 3, Keys: [1125268556, 1, 446469990]
[GameWorld] Client updating remote player 446469990, isLocal=Player_446469990
[PlayerController] Updating remote player 446469990 position from (713.68994, 218.03659) to (710.3566, 218.03659)
[GameWorld] SyncPlayerPosition RPC received on peer 1125268556: Player 446469990 at (707.0233, 218.03659)
[GameWorld] Current player controllers: 3, Keys: [1125268556, 1, 446469990]
[GameWorld] Client updating remote player 446469990, isLocal=Player_446469990
[PlayerController] Updating remote player 446469990 position from (710.3566, 218.03659) to (707.0233, 218.03659)
[GameWorld] SyncPlayerPosition RPC received on peer 1125268556: Player 446469990 at (703.69, 218.03659)
[GameWorld] Current player controllers: 3, Keys: [1125268556, 1, 446469990]
[GameWorld] Client updating remote player 446469990, isLocal=Player_446469990
[PlayerController] Updating remote player 446469990 position from (707.0233, 218.03659) to (703.69, 218.03659)
[GameWorld] SyncPlayerPosition RPC received on peer 1125268556: Player 446469990 at (700.3567, 218.03659)
[GameWorld] Current player controllers: 3, Keys: [1125268556, 1, 446469990]
[GameWorld] Client updating remote player 446469990, isLocal=Player_446469990
[PlayerController] Updating remote player 446469990 position from (703.69, 218.03659) to (700.3567, 218.03659)
[GameWorld] SyncPlayerPosition RPC received on peer 1125268556: Player 446469990 at (697.0234, 218.03659)
[GameWorld] Current player controllers: 3, Keys: [1125268556, 1, 446469990]
[GameWorld] Client updating remote player 446469990, isLocal=Player_446469990
[PlayerController] Updating remote player 446469990 position from (700.3567, 218.03659) to (697.0234, 218.03659)
[GameWorld] SyncPlayerPosition RPC received on peer 1125268556: Player 446469990 at (693.69006, 218.03659)
[GameWorld] Current player controllers: 3, Keys: [1125268556, 1, 446469990]
[GameWorld] Client updating remote player 446469990, isLocal=Player_446469990
[PlayerController] Updating remote player 446469990 position from (697.0234, 218.03659) to (693.69006, 218.03659)
[GameWorld] SyncPlayerPosition RPC received on peer 1125268556: Player 446469990 at (690.35675, 218.03659)
[GameWorld] Current player controllers: 3, Keys: [1125268556, 1, 446469990]
[GameWorld] Client updating remote player 446469990, isLocal=Player_446469990
[PlayerController] Updating remote player 446469990 position from (693.69006, 218.03659) to (690.35675, 218.03659)
[GameWorld] SyncPlayerPosition RPC received on peer 1125268556: Player 446469990 at (687.02344, 218.03659)
[GameWorld] Current player controllers: 3, Keys: [1125268556, 1, 446469990]
[GameWorld] Client updating remote player 446469990, isLocal=Player_446469990
[PlayerController] Updating remote player 446469990 position from (690.35675, 218.03659) to (687.02344, 218.03659)
[GameWorld] SyncPlayerPosition RPC received on peer 1125268556: Player 446469990 at (683.6901, 218.03659)
[GameWorld] Current player controllers: 3, Keys: [1125268556, 1, 446469990]
[GameWorld] Client updating remote player 446469990, isLocal=Player_446469990
[PlayerController] Updating remote player 446469990 position from (687.02344, 218.03659) to (683.6901, 218.03659)
[GameWorld] SyncPlayerPosition RPC received on peer 1125268556: Player 446469990 at (680.3568, 218.03659)
[GameWorld] Current player controllers: 3, Keys: [1125268556, 1, 446469990]
[GameWorld] Client updating remote player 446469990, isLocal=Player_446469990
[PlayerController] Updating remote player 446469990 position from (683.6901, 218.03659) to (680.3568, 218.03659)
[GameWorld] SyncPlayerPosition RPC received on peer 1125268556: Player 446469990 at (677.0235, 218.03659)
[GameWorld] Current player controllers: 3, Keys: [1125268556, 1, 446469990]
[GameWorld] Client updating remote player 446469990, isLocal=Player_446469990
[PlayerController] Updating remote player 446469990 position from (680.3568, 218.03659) to (677.0235, 218.03659)
[GameWorld] SyncPlayerPosition RPC received on peer 1125268556: Player 446469990 at (673.6902, 218.03659)
[GameWorld] Current player controllers: 3, Keys: [1125268556, 1, 446469990]
[GameWorld] Client updating remote player 446469990, isLocal=Player_446469990
[PlayerController] Updating remote player 446469990 position from (677.0235, 218.03659) to (673.6902, 218.03659)
[GameWorld] SyncPlayerPosition RPC received on peer 1125268556: Player 446469990 at (670.3569, 218.03659)
[GameWorld] Current player controllers: 3, Keys: [1125268556, 1, 446469990]
[GameWorld] Client updating remote player 446469990, isLocal=Player_446469990
[PlayerController] Updating remote player 446469990 position from (673.6902, 218.03659) to (670.3569, 218.03659)
[GameWorld] SyncPlayerPosition RPC received on peer 1125268556: Player 446469990 at (667.02356, 218.03659)
[GameWorld] Current player controllers: 3, Keys: [1125268556, 1, 446469990]
[GameWorld] Client updating remote player 446469990, isLocal=Player_446469990
[PlayerController] Updating remote player 446469990 position from (670.3569, 218.03659) to (667.02356, 218.03659)
[GameWorld] SyncPlayerPosition RPC received on peer 1125268556: Player 446469990 at (663.69025, 218.03659)
[GameWorld] Current player controllers: 3, Keys: [1125268556, 1, 446469990]
[GameWorld] Client updating remote player 446469990, isLocal=Player_446469990
[PlayerController] Updating remote player 446469990 position from (667.02356, 218.03659) to (663.69025, 218.03659)
[GameWorld] SyncPlayerPosition RPC received on peer 1125268556: Player 446469990 at (660.35693, 218.03659)
[GameWorld] Current player controllers: 3, Keys: [1125268556, 1, 446469990]
[GameWorld] Client updating remote player 446469990, isLocal=Player_446469990
[PlayerController] Updating remote player 446469990 position from (663.69025, 218.03659) to (660.35693, 218.03659)
[GameWorld] SyncPlayerPosition RPC received on peer 1125268556: Player 446469990 at (657.0236, 218.03659)
[GameWorld] Current player controllers: 3, Keys: [1125268556, 1, 446469990]
[GameWorld] Client updating remote player 446469990, isLocal=Player_446469990
[PlayerController] Updating remote player 446469990 position from (660.35693, 218.03659) to (657.0236, 218.03659)
[GameWorld] SyncPlayerPosition RPC received on peer 1125268556: Player 446469990 at (653.6903, 218.03659)
[GameWorld] Current player controllers: 3, Keys: [1125268556, 1, 446469990]
[GameWorld] Client updating remote player 446469990, isLocal=Player_446469990
[PlayerController] Updating remote player 446469990 position from (657.0236, 218.03659) to (653.6903, 218.03659)
[GameWorld] SyncPlayerPosition RPC received on peer 1125268556: Player 446469990 at (650.357, 218.03659)
[GameWorld] Current player controllers: 3, Keys: [1125268556, 1, 446469990]
[GameWorld] Client updating remote player 446469990, isLocal=Player_446469990
[PlayerController] Updating remote player 446469990 position from (653.6903, 218.03659) to (650.357, 218.03659)
[GameWorld] UpdateGameState called on peer 1125268556, players before: 3
[GameWorld] SyncPlayerPosition RPC received on peer 1125268556: Player 446469990 at (647.0237, 218.03659)
[GameWorld] Current player controllers: 3, Keys: [1125268556, 1, 446469990]
[GameWorld] Client updating remote player 446469990, isLocal=Player_446469990
[PlayerController] Updating remote player 446469990 position from (650.357, 218.03659) to (647.0237, 218.03659)
[GameWorld] SyncPlayerPosition RPC received on peer 1125268556: Player 446469990 at (643.69037, 218.03659)
[GameWorld] Current player controllers: 3, Keys: [1125268556, 1, 446469990]
[GameWorld] Client updating remote player 446469990, isLocal=Player_446469990
[PlayerController] Updating remote player 446469990 position from (647.0237, 218.03659) to (643.69037, 218.03659)
[GameWorld] SyncPlayerPosition RPC received on peer 1125268556: Player 446469990 at (640.35706, 218.03659)
[GameWorld] Current player controllers: 3, Keys: [1125268556, 1, 446469990]
[GameWorld] Client updating remote player 446469990, isLocal=Player_446469990
[PlayerController] Updating remote player 446469990 position from (643.69037, 218.03659) to (640.35706, 218.03659)
[GameWorld] SyncPlayerPosition RPC received on peer 1125268556: Player 446469990 at (637.02374, 218.03659)
[GameWorld] Current player controllers: 3, Keys: [1125268556, 1, 446469990]
[GameWorld] Client updating remote player 446469990, isLocal=Player_446469990
[PlayerController] Updating remote player 446469990 position from (640.35706, 218.03659) to (637.02374, 218.03659)
[GameWorld] SyncPlayerPosition RPC received on peer 1125268556: Player 446469990 at (633.6904, 218.03659)
[GameWorld] Current player controllers: 3, Keys: [1125268556, 1, 446469990]
[GameWorld] Client updating remote player 446469990, isLocal=Player_446469990
[PlayerController] Updating remote player 446469990 position from (637.02374, 218.03659) to (633.6904, 218.03659)
[GameWorld] SyncPlayerPosition RPC received on peer 1125268556: Player 446469990 at (630.3571, 218.03659)
[GameWorld] Current player controllers: 3, Keys: [1125268556, 1, 446469990]
[GameWorld] Client updating remote player 446469990, isLocal=Player_446469990
[PlayerController] Updating remote player 446469990 position from (633.6904, 218.03659) to (630.3571, 218.03659)
[GameWorld] SyncPlayerPosition RPC received on peer 1125268556: Player 446469990 at (627.0238, 218.03659)
[GameWorld] Current player controllers: 3, Keys: [1125268556, 1, 446469990]
[GameWorld] Client updating remote player 446469990, isLocal=Player_446469990
[PlayerController] Updating remote player 446469990 position from (630.3571, 218.03659) to (627.0238, 218.03659)
[GameWorld] SyncPlayerPosition RPC received on peer 1125268556: Player 446469990 at (623.6905, 218.03659)
[GameWorld] Current player controllers: 3, Keys: [1125268556, 1, 446469990]
[GameWorld] Client updating remote player 446469990, isLocal=Player_446469990
[PlayerController] Updating remote player 446469990 position from (627.0238, 218.03659) to (623.6905, 218.03659)
[GameWorld] SyncPlayerPosition RPC received on peer 1125268556: Player 446469990 at (620.3572, 218.03659)
[GameWorld] Current player controllers: 3, Keys: [1125268556, 1, 446469990]
[GameWorld] Client updating remote player 446469990, isLocal=Player_446469990
[PlayerController] Updating remote player 446469990 position from (623.6905, 218.03659) to (620.3572, 218.03659)
[GameWorld] SyncPlayerPosition RPC received on peer 1125268556: Player 446469990 at (617.02386, 218.03659)
[GameWorld] Current player controllers: 3, Keys: [1125268556, 1, 446469990]
[GameWorld] Client updating remote player 446469990, isLocal=Player_446469990
[PlayerController] Updating remote player 446469990 position from (620.3572, 218.03659) to (617.02386, 218.03659)
[GameWorld] SyncPlayerPosition RPC received on peer 1125268556: Player 446469990 at (613.69055, 218.03659)
[GameWorld] Current player controllers: 3, Keys: [1125268556, 1, 446469990]
[GameWorld] Client updating remote player 446469990, isLocal=Player_446469990
[PlayerController] Updating remote player 446469990 position from (617.02386, 218.03659) to (613.69055, 218.03659)
[GameWorld] SyncPlayerPosition RPC received on peer 1125268556: Player 446469990 at (610.35724, 218.03659)
[GameWorld] Current player controllers: 3, Keys: [1125268556, 1, 446469990]
[GameWorld] Client updating remote player 446469990, isLocal=Player_446469990
[PlayerController] Updating remote player 446469990 position from (613.69055, 218.03659) to (610.35724, 218.03659)
[GameWorld] SyncPlayerPosition RPC received on peer 1125268556: Player 446469990 at (607.0239, 218.03659)
[GameWorld] Current player controllers: 3, Keys: [1125268556, 1, 446469990]
[GameWorld] Client updating remote player 446469990, isLocal=Player_446469990
[PlayerController] Updating remote player 446469990 position from (610.35724, 218.03659) to (607.0239, 218.03659)
[GameWorld] SyncPlayerPosition RPC received on peer 1125268556: Player 446469990 at (603.6906, 218.03659)
[GameWorld] Current player controllers: 3, Keys: [1125268556, 1, 446469990]
[GameWorld] Client updating remote player 446469990, isLocal=Player_446469990
[PlayerController] Updating remote player 446469990 position from (607.0239, 218.03659) to (603.6906, 218.03659)
[GameWorld] SyncPlayerPosition RPC received on peer 1125268556: Player 446469990 at (600.3573, 218.03659)
[GameWorld] Current player controllers: 3, Keys: [1125268556, 1, 446469990]
[GameWorld] Client updating remote player 446469990, isLocal=Player_446469990
[PlayerController] Updating remote player 446469990 position from (603.6906, 218.03659) to (600.3573, 218.03659)
[GameWorld] SyncPlayerPosition RPC received on peer 1125268556: Player 446469990 at (597.024, 218.03659)
[GameWorld] Current player controllers: 3, Keys: [1125268556, 1, 446469990]
[GameWorld] Client updating remote player 446469990, isLocal=Player_446469990
[PlayerController] Updating remote player 446469990 position from (600.3573, 218.03659) to (597.024, 218.03659)
[GameWorld] SyncPlayerPosition RPC received on peer 1125268556: Player 446469990 at (593.6907, 218.03659)
[GameWorld] Current player controllers: 3, Keys: [1125268556, 1, 446469990]
[GameWorld] Client updating remote player 446469990, isLocal=Player_446469990
[PlayerController] Updating remote player 446469990 position from (597.024, 218.03659) to (593.6907, 218.03659)
[GameWorld] SyncPlayerPosition RPC received on peer 1125268556: Player 446469990 at (590.35736, 218.03659)
[GameWorld] Current player controllers: 3, Keys: [1125268556, 1, 446469990]
[GameWorld] Client updating remote player 446469990, isLocal=Player_446469990
[PlayerController] Updating remote player 446469990 position from (593.6907, 218.03659) to (590.35736, 218.03659)
[GameWorld] SyncPlayerPosition RPC received on peer 1125268556: Player 446469990 at (587.02405, 218.03659)
[GameWorld] Current player controllers: 3, Keys: [1125268556, 1, 446469990]
[GameWorld] Client updating remote player 446469990, isLocal=Player_446469990
[PlayerController] Updating remote player 446469990 position from (590.35736, 218.03659) to (587.02405, 218.03659)
[GameWorld] SyncPlayerPosition RPC received on peer 1125268556: Player 446469990 at (583.69073, 218.03659)
[GameWorld] Current player controllers: 3, Keys: [1125268556, 1, 446469990]
[GameWorld] Client updating remote player 446469990, isLocal=Player_446469990
[PlayerController] Updating remote player 446469990 position from (587.02405, 218.03659) to (583.69073, 218.03659)
[GameWorld] SyncPlayerPosition RPC received on peer 1125268556: Player 446469990 at (580.3574, 218.03659)
[GameWorld] Current player controllers: 3, Keys: [1125268556, 1, 446469990]
[GameWorld] Client updating remote player 446469990, isLocal=Player_446469990
[PlayerController] Updating remote player 446469990 position from (583.69073, 218.03659) to (580.3574, 218.03659)
[GameWorld] SyncPlayerPosition RPC received on peer 1125268556: Player 446469990 at (577.0241, 218.03659)
[GameWorld] Current player controllers: 3, Keys: [1125268556, 1, 446469990]
[GameWorld] Client updating remote player 446469990, isLocal=Player_446469990
[PlayerController] Updating remote player 446469990 position from (580.3574, 218.03659) to (577.0241, 218.03659)
[GameWorld] SyncPlayerPosition RPC received on peer 1125268556: Player 446469990 at (573.6908, 218.03659)
[GameWorld] Current player controllers: 3, Keys: [1125268556, 1, 446469990]
[GameWorld] Client updating remote player 446469990, isLocal=Player_446469990
[PlayerController] Updating remote player 446469990 position from (577.0241, 218.03659) to (573.6908, 218.03659)
[GameWorld] SyncPlayerPosition RPC received on peer 1125268556: Player 446469990 at (570.3575, 218.03659)
[GameWorld] Current player controllers: 3, Keys: [1125268556, 1, 446469990]
[GameWorld] Client updating remote player 446469990, isLocal=Player_446469990
[PlayerController] Updating remote player 446469990 position from (573.6908, 218.03659) to (570.3575, 218.03659)
[GameWorld] SyncPlayerPosition RPC received on peer 1125268556: Player 446469990 at (567.0242, 218.03659)
[GameWorld] Current player controllers: 3, Keys: [1125268556, 1, 446469990]
[GameWorld] Client updating remote player 446469990, isLocal=Player_446469990
[PlayerController] Updating remote player 446469990 position from (570.3575, 218.03659) to (567.0242, 218.03659)
[GameWorld] SyncPlayerPosition RPC received on peer 1125268556: Player 446469990 at (563.69086, 218.03659)
[GameWorld] Current player controllers: 3, Keys: [1125268556, 1, 446469990]
[GameWorld] Client updating remote player 446469990, isLocal=Player_446469990
[PlayerController] Updating remote player 446469990 position from (567.0242, 218.03659) to (563.69086, 218.03659)
[GameWorld] SyncPlayerPosition RPC received on peer 1125268556: Player 446469990 at (560.35754, 218.03659)
[GameWorld] Current player controllers: 3, Keys: [1125268556, 1, 446469990]
[GameWorld] Client updating remote player 446469990, isLocal=Player_446469990
[PlayerController] Updating remote player 446469990 position from (563.69086, 218.03659) to (560.35754, 218.03659)
[GameWorld] SyncPlayerPosition RPC received on peer 1125268556: Player 446469990 at (557.02423, 218.03659)
[GameWorld] Current player controllers: 3, Keys: [1125268556, 1, 446469990]
[GameWorld] Client updating remote player 446469990, isLocal=Player_446469990
[PlayerController] Updating remote player 446469990 position from (560.35754, 218.03659) to (557.02423, 218.03659)
[GameWorld] SyncPlayerPosition RPC received on peer 1125268556: Player 446469990 at (553.6909, 218.03659)
[GameWorld] Current player controllers: 3, Keys: [1125268556, 1, 446469990]
[GameWorld] Client updating remote player 446469990, isLocal=Player_446469990
[PlayerController] Updating remote player 446469990 position from (557.02423, 218.03659) to (553.6909, 218.03659)
[GameWorld] SyncPlayerPosition RPC received on peer 1125268556: Player 446469990 at (550.3576, 218.03659)
[GameWorld] Current player controllers: 3, Keys: [1125268556, 1, 446469990]
[GameWorld] Client updating remote player 446469990, isLocal=Player_446469990
[PlayerController] Updating remote player 446469990 position from (553.6909, 218.03659) to (550.3576, 218.03659)
[GameWorld] SyncPlayerPosition RPC received on peer 1125268556: Player 446469990 at (547.0243, 218.03659)
[GameWorld] Current player controllers: 3, Keys: [1125268556, 1, 446469990]
[GameWorld] Client updating remote player 446469990, isLocal=Player_446469990
[PlayerController] Updating remote player 446469990 position from (550.3576, 218.03659) to (547.0243, 218.03659)
[GameWorld] SyncPlayerPosition RPC received on peer 1125268556: Player 446469990 at (543.691, 218.03659)
[GameWorld] Current player controllers: 3, Keys: [1125268556, 1, 446469990]
[GameWorld] Client updating remote player 446469990, isLocal=Player_446469990
[PlayerController] Updating remote player 446469990 position from (547.0243, 218.03659) to (543.691, 218.03659)
[GameWorld] SyncPlayerPosition RPC received on peer 1125268556: Player 446469990 at (540.35767, 218.03659)
[GameWorld] Current player controllers: 3, Keys: [1125268556, 1, 446469990]
[GameWorld] Client updating remote player 446469990, isLocal=Player_446469990
[PlayerController] Updating remote player 446469990 position from (543.691, 218.03659) to (540.35767, 218.03659)
[GameWorld] SyncPlayerPosition RPC received on peer 1125268556: Player 446469990 at (537.02435, 218.03659)
[GameWorld] Current player controllers: 3, Keys: [1125268556, 1, 446469990]
[GameWorld] Client updating remote player 446469990, isLocal=Player_446469990
[PlayerController] Updating remote player 446469990 position from (540.35767, 218.03659) to (537.02435, 218.03659)
[GameWorld] SyncPlayerPosition RPC received on peer 1125268556: Player 446469990 at (533.69104, 218.03659)
[GameWorld] Current player controllers: 3, Keys: [1125268556, 1, 446469990]
[GameWorld] Client updating remote player 446469990, isLocal=Player_446469990
[PlayerController] Updating remote player 446469990 position from (537.02435, 218.03659) to (533.69104, 218.03659)
[GameWorld] SyncPlayerPosition RPC received on peer 1125268556: Player 446469990 at (530.3577, 218.03659)
[GameWorld] Current player controllers: 3, Keys: [1125268556, 1, 446469990]
[GameWorld] Client updating remote player 446469990, isLocal=Player_446469990
[PlayerController] Updating remote player 446469990 position from (533.69104, 218.03659) to (530.3577, 218.03659)
[GameWorld] SyncPlayerPosition RPC received on peer 1125268556: Player 446469990 at (527.0244, 218.03659)
[GameWorld] Current player controllers: 3, Keys: [1125268556, 1, 446469990]
[GameWorld] Client updating remote player 446469990, isLocal=Player_446469990
[PlayerController] Updating remote player 446469990 position from (530.3577, 218.03659) to (527.0244, 218.03659)
[GameWorld] SyncPlayerPosition RPC received on peer 1125268556: Player 446469990 at (523.6911, 218.03659)
[GameWorld] Current player controllers: 3, Keys: [1125268556, 1, 446469990]
[GameWorld] Client updating remote player 446469990, isLocal=Player_446469990
[PlayerController] Updating remote player 446469990 position from (527.0244, 218.03659) to (523.6911, 218.03659)
[GameWorld] SyncPlayerPosition RPC received on peer 1125268556: Player 446469990 at (520.3578, 218.03659)
[GameWorld] Current player controllers: 3, Keys: [1125268556, 1, 446469990]
[GameWorld] Client updating remote player 446469990, isLocal=Player_446469990
[PlayerController] Updating remote player 446469990 position from (523.6911, 218.03659) to (520.3578, 218.03659)
[GameWorld] SyncPlayerPosition RPC received on peer 1125268556: Player 446469990 at (517.0245, 218.03659)
[GameWorld] Current player controllers: 3, Keys: [1125268556, 1, 446469990]
[GameWorld] Client updating remote player 446469990, isLocal=Player_446469990
[PlayerController] Updating remote player 446469990 position from (520.3578, 218.03659) to (517.0245, 218.03659)
[GameWorld] SyncPlayerPosition RPC received on peer 1125268556: Player 446469990 at (513.69116, 218.03659)
[GameWorld] Current player controllers: 3, Keys: [1125268556, 1, 446469990]
[GameWorld] Client updating remote player 446469990, isLocal=Player_446469990
[PlayerController] Updating remote player 446469990 position from (517.0245, 218.03659) to (513.69116, 218.03659)
[GameWorld] SyncPlayerPosition RPC received on peer 1125268556: Player 446469990 at (510.35782, 218.03659)
[GameWorld] Current player controllers: 3, Keys: [1125268556, 1, 446469990]
[GameWorld] Client updating remote player 446469990, isLocal=Player_446469990
[PlayerController] Updating remote player 446469990 position from (513.69116, 218.03659) to (510.35782, 218.03659)
[GameWorld] SyncPlayerPosition RPC received on peer 1125268556: Player 446469990 at (507.02448, 218.03659)
[GameWorld] Current player controllers: 3, Keys: [1125268556, 1, 446469990]
[GameWorld] Client updating remote player 446469990, isLocal=Player_446469990
[PlayerController] Updating remote player 446469990 position from (510.35782, 218.03659) to (507.02448, 218.03659)
[GameWorld] SyncPlayerPosition RPC received on peer 1125268556: Player 446469990 at (503.69113, 218.03659)
[GameWorld] Current player controllers: 3, Keys: [1125268556, 1, 446469990]
[GameWorld] Client updating remote player 446469990, isLocal=Player_446469990
[PlayerController] Updating remote player 446469990 position from (507.02448, 218.03659) to (503.69113, 218.03659)
[GameWorld] SyncPlayerPosition RPC received on peer 1125268556: Player 446469990 at (500.3578, 218.03659)
[GameWorld] Current player controllers: 3, Keys: [1125268556, 1, 446469990]
[GameWorld] Client updating remote player 446469990, isLocal=Player_446469990
[PlayerController] Updating remote player 446469990 position from (503.69113, 218.03659) to (500.3578, 218.03659)
[GameWorld] SyncPlayerPosition RPC received on peer 1125268556: Player 446469990 at (497.02444, 218.03659)
[GameWorld] Current player controllers: 3, Keys: [1125268556, 1, 446469990]
[GameWorld] Client updating remote player 446469990, isLocal=Player_446469990
[PlayerController] Updating remote player 446469990 position from (500.3578, 218.03659) to (497.02444, 218.03659)
[GameWorld] SyncPlayerPosition RPC received on peer 1125268556: Player 446469990 at (493.6911, 218.03659)
[GameWorld] Current player controllers: 3, Keys: [1125268556, 1, 446469990]
[GameWorld] Client updating remote player 446469990, isLocal=Player_446469990
[PlayerController] Updating remote player 446469990 position from (497.02444, 218.03659) to (493.6911, 218.03659)
[GameWorld] SyncPlayerPosition RPC received on peer 1125268556: Player 446469990 at (490.35776, 218.03659)
[GameWorld] Current player controllers: 3, Keys: [1125268556, 1, 446469990]
[GameWorld] Client updating remote player 446469990, isLocal=Player_446469990
[PlayerController] Updating remote player 446469990 position from (493.6911, 218.03659) to (490.35776, 218.03659)
[GameWorld] SyncPlayerPosition RPC received on peer 1125268556: Player 446469990 at (487.0244, 218.03659)
[GameWorld] Current player controllers: 3, Keys: [1125268556, 1, 446469990]
[GameWorld] Client updating remote player 446469990, isLocal=Player_446469990
[PlayerController] Updating remote player 446469990 position from (490.35776, 218.03659) to (487.0244, 218.03659)
[GameWorld] SyncPlayerPosition RPC received on peer 1125268556: Player 446469990 at (483.69107, 218.03659)
[GameWorld] Current player controllers: 3, Keys: [1125268556, 1, 446469990]
[GameWorld] Client updating remote player 446469990, isLocal=Player_446469990
[PlayerController] Updating remote player 446469990 position from (487.0244, 218.03659) to (483.69107, 218.03659)
[GameWorld] SyncPlayerPosition RPC received on peer 1125268556: Player 446469990 at (480.35773, 218.03659)
[GameWorld] Current player controllers: 3, Keys: [1125268556, 1, 446469990]
[GameWorld] Client updating remote player 446469990, isLocal=Player_446469990
[PlayerController] Updating remote player 446469990 position from (483.69107, 218.03659) to (480.35773, 218.03659)
[GameWorld] SyncPlayerPosition RPC received on peer 1125268556: Player 446469990 at (477.02438, 218.03659)
[GameWorld] Current player controllers: 3, Keys: [1125268556, 1, 446469990]
[GameWorld] Client updating remote player 446469990, isLocal=Player_446469990
[PlayerController] Updating remote player 446469990 position from (480.35773, 218.03659) to (477.02438, 218.03659)
[GameWorld] SyncPlayerPosition RPC received on peer 1125268556: Player 446469990 at (473.69104, 218.03659)
[GameWorld] Current player controllers: 3, Keys: [1125268556, 1, 446469990]
[GameWorld] Client updating remote player 446469990, isLocal=Player_446469990
[PlayerController] Updating remote player 446469990 position from (477.02438, 218.03659) to (473.69104, 218.03659)
[GameWorld] SyncPlayerPosition RPC received on peer 1125268556: Player 446469990 at (470.3577, 218.03659)
[GameWorld] Current player controllers: 3, Keys: [1125268556, 1, 446469990]
[GameWorld] Client updating remote player 446469990, isLocal=Player_446469990
[PlayerController] Updating remote player 446469990 position from (473.69104, 218.03659) to (470.3577, 218.03659)
[GameWorld] SyncPlayerPosition RPC received on peer 1125268556: Player 446469990 at (467.02435, 218.03659)
[GameWorld] Current player controllers: 3, Keys: [1125268556, 1, 446469990]
[GameWorld] Client updating remote player 446469990, isLocal=Player_446469990
[PlayerController] Updating remote player 446469990 position from (470.3577, 218.03659) to (467.02435, 218.03659)
[GameWorld] SyncPlayerPosition RPC received on peer 1125268556: Player 446469990 at (463.691, 218.03659)
[GameWorld] Current player controllers: 3, Keys: [1125268556, 1, 446469990]
[GameWorld] Client updating remote player 446469990, isLocal=Player_446469990
[PlayerController] Updating remote player 446469990 position from (467.02435, 218.03659) to (463.691, 218.03659)
[GameWorld] SyncPlayerPosition RPC received on peer 1125268556: Player 446469990 at (460.35767, 218.03659)
[GameWorld] Current player controllers: 3, Keys: [1125268556, 1, 446469990]
[GameWorld] Client updating remote player 446469990, isLocal=Player_446469990
[PlayerController] Updating remote player 446469990 position from (463.691, 218.03659) to (460.35767, 218.03659)
[GameWorld] SyncPlayerPosition RPC received on peer 1125268556: Player 446469990 at (457.02432, 218.03659)
[GameWorld] Current player controllers: 3, Keys: [1125268556, 1, 446469990]
[GameWorld] Client updating remote player 446469990, isLocal=Player_446469990
[PlayerController] Updating remote player 446469990 position from (460.35767, 218.03659) to (457.02432, 218.03659)
Body exited John: Player_446469990
[GameWorld] SyncPlayerPosition RPC received on peer 1125268556: Player 446469990 at (453.69098, 218.03659)
[GameWorld] Current player controllers: 3, Keys: [1125268556, 1, 446469990]
[GameWorld] Client updating remote player 446469990, isLocal=Player_446469990
[PlayerController] Updating remote player 446469990 position from (457.02432, 218.03659) to (453.69098, 218.03659)
[GameWorld] SyncPlayerPosition RPC received on peer 1125268556: Player 446469990 at (450.35764, 218.03659)
[GameWorld] Current player controllers: 3, Keys: [1125268556, 1, 446469990]
[GameWorld] Client updating remote player 446469990, isLocal=Player_446469990
[PlayerController] Updating remote player 446469990 position from (453.69098, 218.03659) to (450.35764, 218.03659)
[GameWorld] SyncPlayerPosition RPC received on peer 1125268556: Player 446469990 at (447.0243, 218.03659)
[GameWorld] Current player controllers: 3, Keys: [1125268556, 1, 446469990]
[GameWorld] Client updating remote player 446469990, isLocal=Player_446469990
[PlayerController] Updating remote player 446469990 position from (450.35764, 218.03659) to (447.0243, 218.03659)
[GameWorld] SyncPlayerPosition RPC received on peer 1125268556: Player 446469990 at (443.69095, 218.03659)
[GameWorld] Current player controllers: 3, Keys: [1125268556, 1, 446469990]
[GameWorld] Client updating remote player 446469990, isLocal=Player_446469990
[PlayerController] Updating remote player 446469990 position from (447.0243, 218.03659) to (443.69095, 218.03659)
[GameWorld] SyncPlayerPosition RPC received on peer 1125268556: Player 446469990 at (440.3576, 218.03659)
[GameWorld] Current player controllers: 3, Keys: [1125268556, 1, 446469990]
[GameWorld] Client updating remote player 446469990, isLocal=Player_446469990
[PlayerController] Updating remote player 446469990 position from (443.69095, 218.03659) to (440.3576, 218.03659)
[GameWorld] SyncPlayerPosition RPC received on peer 1125268556: Player 446469990 at (437.02426, 218.03659)
[GameWorld] Current player controllers: 3, Keys: [1125268556, 1, 446469990]
[GameWorld] Client updating remote player 446469990, isLocal=Player_446469990
[PlayerController] Updating remote player 446469990 position from (440.3576, 218.03659) to (437.02426, 218.03659)
[GameWorld] SyncPlayerPosition RPC received on peer 1125268556: Player 446469990 at (433.69092, 218.03659)
[GameWorld] Current player controllers: 3, Keys: [1125268556, 1, 446469990]
[GameWorld] Client updating remote player 446469990, isLocal=Player_446469990
[PlayerController] Updating remote player 446469990 position from (437.02426, 218.03659) to (433.69092, 218.03659)
[GameWorld] SyncPlayerPosition RPC received on peer 1125268556: Player 446469990 at (430.35757, 218.03659)
[GameWorld] Current player controllers: 3, Keys: [1125268556, 1, 446469990]
[GameWorld] Client updating remote player 446469990, isLocal=Player_446469990
[PlayerController] Updating remote player 446469990 position from (433.69092, 218.03659) to (430.35757, 218.03659)
[GameWorld] SyncPlayerPosition RPC received on peer 1125268556: Player 446469990 at (427.02423, 218.03659)
[GameWorld] Current player controllers: 3, Keys: [1125268556, 1, 446469990]
[GameWorld] Client updating remote player 446469990, isLocal=Player_446469990
[PlayerController] Updating remote player 446469990 position from (430.35757, 218.03659) to (427.02423, 218.03659)
[GameWorld] SyncPlayerPosition RPC received on peer 1125268556: Player 446469990 at (423.6909, 218.03659)
[GameWorld] Current player controllers: 3, Keys: [1125268556, 1, 446469990]
[GameWorld] Client updating remote player 446469990, isLocal=Player_446469990
[PlayerController] Updating remote player 446469990 position from (427.02423, 218.03659) to (423.6909, 218.03659)
[GameWorld] SyncPlayerPosition RPC received on peer 1125268556: Player 446469990 at (420.35754, 218.03659)
[GameWorld] Current player controllers: 3, Keys: [1125268556, 1, 446469990]
[GameWorld] Client updating remote player 446469990, isLocal=Player_446469990
[PlayerController] Updating remote player 446469990 position from (423.6909, 218.03659) to (420.35754, 218.03659)
[GameWorld] SyncPlayerPosition RPC received on peer 1125268556: Player 446469990 at (417.0242, 218.03659)
[GameWorld] Current player controllers: 3, Keys: [1125268556, 1, 446469990]
[GameWorld] Client updating remote player 446469990, isLocal=Player_446469990
[PlayerController] Updating remote player 446469990 position from (420.35754, 218.03659) to (417.0242, 218.03659)
[GameWorld] SyncPlayerPosition RPC received on peer 1125268556: Player 446469990 at (413.69086, 218.03659)
[GameWorld] Current player controllers: 3, Keys: [1125268556, 1, 446469990]
[GameWorld] Client updating remote player 446469990, isLocal=Player_446469990
[PlayerController] Updating remote player 446469990 position from (417.0242, 218.03659) to (413.69086, 218.03659)
[GameWorld] SyncPlayerPosition RPC received on peer 1125268556: Player 446469990 at (410.3575, 218.03659)
[GameWorld] Current player controllers: 3, Keys: [1125268556, 1, 446469990]
[GameWorld] Client updating remote player 446469990, isLocal=Player_446469990
[PlayerController] Updating remote player 446469990 position from (413.69086, 218.03659) to (410.3575, 218.03659)
[GameWorld] SyncPlayerPosition RPC received on peer 1125268556: Player 446469990 at (407.02417, 218.03659)
[GameWorld] Current player controllers: 3, Keys: [1125268556, 1, 446469990]
[GameWorld] Client updating remote player 446469990, isLocal=Player_446469990
[PlayerController] Updating remote player 446469990 position from (410.3575, 218.03659) to (407.02417, 218.03659)
[GameWorld] SyncPlayerPosition RPC received on peer 1125268556: Player 446469990 at (403.69083, 218.03659)
[GameWorld] Current player controllers: 3, Keys: [1125268556, 1, 446469990]
[GameWorld] Client updating remote player 446469990, isLocal=Player_446469990
[PlayerController] Updating remote player 446469990 position from (407.02417, 218.03659) to (403.69083, 218.03659)
[GameWorld] SyncPlayerPosition RPC received on peer 1125268556: Player 446469990 at (400.35748, 218.03659)
[GameWorld] Current player controllers: 3, Keys: [1125268556, 1, 446469990]
[GameWorld] Client updating remote player 446469990, isLocal=Player_446469990
[PlayerController] Updating remote player 446469990 position from (403.69083, 218.03659) to (400.35748, 218.03659)
[GameWorld] SyncPlayerPosition RPC received on peer 1125268556: Player 446469990 at (397.02414, 218.03659)
[GameWorld] Current player controllers: 3, Keys: [1125268556, 1, 446469990]
[GameWorld] Client updating remote player 446469990, isLocal=Player_446469990
[PlayerController] Updating remote player 446469990 position from (400.35748, 218.03659) to (397.02414, 218.03659)
[GameWorld] SyncPlayerPosition RPC received on peer 1125268556: Player 446469990 at (393.6908, 218.03659)
[GameWorld] Current player controllers: 3, Keys: [1125268556, 1, 446469990]
[GameWorld] Client updating remote player 446469990, isLocal=Player_446469990
[PlayerController] Updating remote player 446469990 position from (397.02414, 218.03659) to (393.6908, 218.03659)
[GameWorld] SyncPlayerPosition RPC received on peer 1125268556: Player 446469990 at (390.35745, 218.03659)
[GameWorld] Current player controllers: 3, Keys: [1125268556, 1, 446469990]
[GameWorld] Client updating remote player 446469990, isLocal=Player_446469990
[PlayerController] Updating remote player 446469990 position from (393.6908, 218.03659) to (390.35745, 218.03659)
[GameWorld] SyncPlayerPosition RPC received on peer 1125268556: Player 446469990 at (387.0241, 218.03659)
[GameWorld] Current player controllers: 3, Keys: [1125268556, 1, 446469990]
[GameWorld] Client updating remote player 446469990, isLocal=Player_446469990
[PlayerController] Updating remote player 446469990 position from (390.35745, 218.03659) to (387.0241, 218.03659)
[GameWorld] SyncPlayerPosition RPC received on peer 1125268556: Player 446469990 at (383.69077, 218.03659)
[GameWorld] Current player controllers: 3, Keys: [1125268556, 1, 446469990]
[GameWorld] Client updating remote player 446469990, isLocal=Player_446469990
[PlayerController] Updating remote player 446469990 position from (387.0241, 218.03659) to (383.69077, 218.03659)
[GameWorld] SyncPlayerPosition RPC received on peer 1125268556: Player 446469990 at (380.35742, 218.03659)
[GameWorld] Current player controllers: 3, Keys: [1125268556, 1, 446469990]
[GameWorld] Client updating remote player 446469990, isLocal=Player_446469990
[PlayerController] Updating remote player 446469990 position from (383.69077, 218.03659) to (380.35742, 218.03659)
[GameWorld] SyncPlayerPosition RPC received on peer 1125268556: Player 446469990 at (377.02408, 218.03659)
[GameWorld] Current player controllers: 3, Keys: [1125268556, 1, 446469990]
[GameWorld] Client updating remote player 446469990, isLocal=Player_446469990
[PlayerController] Updating remote player 446469990 position from (380.35742, 218.03659) to (377.02408, 218.03659)
[GameWorld] SyncPlayerPosition RPC received on peer 1125268556: Player 446469990 at (373.69073, 218.03659)
[GameWorld] Current player controllers: 3, Keys: [1125268556, 1, 446469990]
[GameWorld] Client updating remote player 446469990, isLocal=Player_446469990
[PlayerController] Updating remote player 446469990 position from (377.02408, 218.03659) to (373.69073, 218.03659)
[GameWorld] SyncPlayerPosition RPC received on peer 1125268556: Player 446469990 at (370.3574, 218.03659)
[GameWorld] Current player controllers: 3, Keys: [1125268556, 1, 446469990]
[GameWorld] Client updating remote player 446469990, isLocal=Player_446469990
[PlayerController] Updating remote player 446469990 position from (373.69073, 218.03659) to (370.3574, 218.03659)
[GameWorld] SyncPlayerPosition RPC received on peer 1125268556: Player 446469990 at (367.02405, 218.03659)
[GameWorld] Current player controllers: 3, Keys: [1125268556, 1, 446469990]
[GameWorld] Client updating remote player 446469990, isLocal=Player_446469990
[PlayerController] Updating remote player 446469990 position from (370.3574, 218.03659) to (367.02405, 218.03659)
[GameWorld] SyncPlayerPosition RPC received on peer 1125268556: Player 446469990 at (363.6907, 218.03659)
[GameWorld] Current player controllers: 3, Keys: [1125268556, 1, 446469990]
[GameWorld] Client updating remote player 446469990, isLocal=Player_446469990
[PlayerController] Updating remote player 446469990 position from (367.02405, 218.03659) to (363.6907, 218.03659)
[GameWorld] SyncPlayerPosition RPC received on peer 1125268556: Player 446469990 at (360.35736, 218.03659)
[GameWorld] Current player controllers: 3, Keys: [1125268556, 1, 446469990]
[GameWorld] Client updating remote player 446469990, isLocal=Player_446469990
[PlayerController] Updating remote player 446469990 position from (363.6907, 218.03659) to (360.35736, 218.03659)
[GameWorld] SyncPlayerPosition RPC received on peer 1125268556: Player 446469990 at (357.02402, 218.03659)
[GameWorld] Current player controllers: 3, Keys: [1125268556, 1, 446469990]
[GameWorld] Client updating remote player 446469990, isLocal=Player_446469990
[PlayerController] Updating remote player 446469990 position from (360.35736, 218.03659) to (357.02402, 218.03659)
[GameWorld] SyncPlayerPosition RPC received on peer 1125268556: Player 446469990 at (353.69067, 218.03659)
[GameWorld] Current player controllers: 3, Keys: [1125268556, 1, 446469990]
[GameWorld] Client updating remote player 446469990, isLocal=Player_446469990
[PlayerController] Updating remote player 446469990 position from (357.02402, 218.03659) to (353.69067, 218.03659)
[GameWorld] SyncPlayerPosition RPC received on peer 1125268556: Player 446469990 at (350.35733, 218.03659)
[GameWorld] Current player controllers: 3, Keys: [1125268556, 1, 446469990]
[GameWorld] Client updating remote player 446469990, isLocal=Player_446469990
[PlayerController] Updating remote player 446469990 position from (353.69067, 218.03659) to (350.35733, 218.03659)
[GameWorld] SyncPlayerPosition RPC received on peer 1125268556: Player 446469990 at (347.024, 218.03659)
[GameWorld] Current player controllers: 3, Keys: [1125268556, 1, 446469990]
[GameWorld] Client updating remote player 446469990, isLocal=Player_446469990
[PlayerController] Updating remote player 446469990 position from (350.35733, 218.03659) to (347.024, 218.03659)
[GameWorld] SyncPlayerPosition RPC received on peer 1125268556: Player 446469990 at (343.69064, 218.03659)
[GameWorld] Current player controllers: 3, Keys: [1125268556, 1, 446469990]
[GameWorld] Client updating remote player 446469990, isLocal=Player_446469990
[PlayerController] Updating remote player 446469990 position from (347.024, 218.03659) to (343.69064, 218.03659)
[GameWorld] SyncPlayerPosition RPC received on peer 1125268556: Player 446469990 at (340.3573, 218.03659)
[GameWorld] Current player controllers: 3, Keys: [1125268556, 1, 446469990]
[GameWorld] Client updating remote player 446469990, isLocal=Player_446469990
[PlayerController] Updating remote player 446469990 position from (343.69064, 218.03659) to (340.3573, 218.03659)
[GameWorld] SyncPlayerPosition RPC received on peer 1125268556: Player 446469990 at (337.02396, 218.03659)
[GameWorld] Current player controllers: 3, Keys: [1125268556, 1, 446469990]
[GameWorld] Client updating remote player 446469990, isLocal=Player_446469990
[PlayerController] Updating remote player 446469990 position from (340.3573, 218.03659) to (337.02396, 218.03659)
[GameWorld] SyncPlayerPosition RPC received on peer 1125268556: Player 446469990 at (333.6906, 218.03659)
[GameWorld] Current player controllers: 3, Keys: [1125268556, 1, 446469990]
[GameWorld] Client updating remote player 446469990, isLocal=Player_446469990
[PlayerController] Updating remote player 446469990 position from (337.02396, 218.03659) to (333.6906, 218.03659)
[GameWorld] SyncPlayerPosition RPC received on peer 1125268556: Player 446469990 at (330.35727, 218.03659)
[GameWorld] Current player controllers: 3, Keys: [1125268556, 1, 446469990]
[GameWorld] Client updating remote player 446469990, isLocal=Player_446469990
[PlayerController] Updating remote player 446469990 position from (333.6906, 218.03659) to (330.35727, 218.03659)
[GameWorld] SyncPlayerPosition RPC received on peer 1125268556: Player 446469990 at (327.02393, 218.03659)
[GameWorld] Current player controllers: 3, Keys: [1125268556, 1, 446469990]
[GameWorld] Client updating remote player 446469990, isLocal=Player_446469990
[PlayerController] Updating remote player 446469990 position from (330.35727, 218.03659) to (327.02393, 218.03659)
Body entered Katy: Player_446469990
[GameWorld] SyncPlayerPosition RPC received on peer 1125268556: Player 446469990 at (323.69058, 218.03659)
[GameWorld] Current player controllers: 3, Keys: [1125268556, 1, 446469990]
[GameWorld] Client updating remote player 446469990, isLocal=Player_446469990
[PlayerController] Updating remote player 446469990 position from (327.02393, 218.03659) to (323.69058, 218.03659)
[GameWorld] SyncPlayerPosition RPC received on peer 1125268556: Player 446469990 at (320.35724, 218.03659)
[GameWorld] Current player controllers: 3, Keys: [1125268556, 1, 446469990]
[GameWorld] Client updating remote player 446469990, isLocal=Player_446469990
[PlayerController] Updating remote player 446469990 position from (323.69058, 218.03659) to (320.35724, 218.03659)
[GameWorld] SyncPlayerPosition RPC received on peer 1125268556: Player 446469990 at (317.0239, 218.03659)
[GameWorld] Current player controllers: 3, Keys: [1125268556, 1, 446469990]
[GameWorld] Client updating remote player 446469990, isLocal=Player_446469990
[PlayerController] Updating remote player 446469990 position from (320.35724, 218.03659) to (317.0239, 218.03659)
[GameWorld] SyncPlayerPosition RPC received on peer 1125268556: Player 446469990 at (313.69055, 218.03659)
[GameWorld] Current player controllers: 3, Keys: [1125268556, 1, 446469990]
[GameWorld] Client updating remote player 446469990, isLocal=Player_446469990
[PlayerController] Updating remote player 446469990 position from (317.0239, 218.03659) to (313.69055, 218.03659)
[GameWorld] SyncPlayerPosition RPC received on peer 1125268556: Player 446469990 at (310.3572, 218.03659)
[GameWorld] Current player controllers: 3, Keys: [1125268556, 1, 446469990]
[GameWorld] Client updating remote player 446469990, isLocal=Player_446469990
[PlayerController] Updating remote player 446469990 position from (313.69055, 218.03659) to (310.3572, 218.03659)
[GameWorld] SyncPlayerPosition RPC received on peer 1125268556: Player 446469990 at (307.02386, 218.03659)
[GameWorld] Current player controllers: 3, Keys: [1125268556, 1, 446469990]
[GameWorld] Client updating remote player 446469990, isLocal=Player_446469990
[PlayerController] Updating remote player 446469990 position from (310.3572, 218.03659) to (307.02386, 218.03659)
[GameWorld] SyncPlayerPosition RPC received on peer 1125268556: Player 446469990 at (303.69052, 218.03659)
[GameWorld] Current player controllers: 3, Keys: [1125268556, 1, 446469990]
[GameWorld] Client updating remote player 446469990, isLocal=Player_446469990
[PlayerController] Updating remote player 446469990 position from (307.02386, 218.03659) to (303.69052, 218.03659)
[GameWorld] SyncPlayerPosition RPC received on peer 1125268556: Player 446469990 at (300.35718, 218.03659)
[GameWorld] Current player controllers: 3, Keys: [1125268556, 1, 446469990]
[GameWorld] Client updating remote player 446469990, isLocal=Player_446469990
[PlayerController] Updating remote player 446469990 position from (303.69052, 218.03659) to (300.35718, 218.03659)
[GameWorld] SyncPlayerPosition RPC received on peer 1125268556: Player 446469990 at (297.02383, 218.03659)
[GameWorld] Current player controllers: 3, Keys: [1125268556, 1, 446469990]
[GameWorld] Client updating remote player 446469990, isLocal=Player_446469990
[PlayerController] Updating remote player 446469990 position from (300.35718, 218.03659) to (297.02383, 218.03659)
[GameWorld] SyncPlayerPosition RPC received on peer 1125268556: Player 446469990 at (293.6905, 218.03659)
[GameWorld] Current player controllers: 3, Keys: [1125268556, 1, 446469990]
[GameWorld] Client updating remote player 446469990, isLocal=Player_446469990
[PlayerController] Updating remote player 446469990 position from (297.02383, 218.03659) to (293.6905, 218.03659)
[GameWorld] SyncPlayerPosition RPC received on peer 1125268556: Player 446469990 at (290.35715, 218.03659)
[GameWorld] Current player controllers: 3, Keys: [1125268556, 1, 446469990]
[GameWorld] Client updating remote player 446469990, isLocal=Player_446469990
[PlayerController] Updating remote player 446469990 position from (293.6905, 218.03659) to (290.35715, 218.03659)
[GameWorld] SyncPlayerPosition RPC received on peer 1125268556: Player 446469990 at (287.0238, 218.03659)
[GameWorld] Current player controllers: 3, Keys: [1125268556, 1, 446469990]
[GameWorld] Client updating remote player 446469990, isLocal=Player_446469990
[PlayerController] Updating remote player 446469990 position from (290.35715, 218.03659) to (287.0238, 218.03659)
[GameWorld] SyncPlayerPosition RPC received on peer 1125268556: Player 446469990 at (283.69046, 218.03659)
[GameWorld] Current player controllers: 3, Keys: [1125268556, 1, 446469990]
[GameWorld] Client updating remote player 446469990, isLocal=Player_446469990
[PlayerController] Updating remote player 446469990 position from (287.0238, 218.03659) to (283.69046, 218.03659)
[GameWorld] SyncPlayerPosition RPC received on peer 1125268556: Player 446469990 at (280.35712, 218.03659)
[GameWorld] Current player controllers: 3, Keys: [1125268556, 1, 446469990]
[GameWorld] Client updating remote player 446469990, isLocal=Player_446469990
[PlayerController] Updating remote player 446469990 position from (283.69046, 218.03659) to (280.35712, 218.03659)
[GameWorld] SyncPlayerPosition RPC received on peer 1125268556: Player 446469990 at (277.02377, 218.03659)
[GameWorld] Current player controllers: 3, Keys: [1125268556, 1, 446469990]
[GameWorld] Client updating remote player 446469990, isLocal=Player_446469990
[PlayerController] Updating remote player 446469990 position from (280.35712, 218.03659) to (277.02377, 218.03659)
[GameWorld] SyncPlayerPosition RPC received on peer 1125268556: Player 446469990 at (273.69043, 218.03659)
[GameWorld] Current player controllers: 3, Keys: [1125268556, 1, 446469990]
[GameWorld] Client updating remote player 446469990, isLocal=Player_446469990
[PlayerController] Updating remote player 446469990 position from (277.02377, 218.03659) to (273.69043, 218.03659)
[GameWorld] SyncPlayerPosition RPC received on peer 1125268556: Player 446469990 at (270.3571, 218.03659)
[GameWorld] Current player controllers: 3, Keys: [1125268556, 1, 446469990]
[GameWorld] Client updating remote player 446469990, isLocal=Player_446469990
[PlayerController] Updating remote player 446469990 position from (273.69043, 218.03659) to (270.3571, 218.03659)
[GameWorld] SyncPlayerPosition RPC received on peer 1125268556: Player 446469990 at (267.02374, 218.03659)
[GameWorld] Current player controllers: 3, Keys: [1125268556, 1, 446469990]
[GameWorld] Client updating remote player 446469990, isLocal=Player_446469990
[PlayerController] Updating remote player 446469990 position from (270.3571, 218.03659) to (267.02374, 218.03659)
[GameWorld] SyncPlayerPosition RPC received on peer 1125268556: Player 446469990 at (263.6904, 218.03659)
[GameWorld] Current player controllers: 3, Keys: [1125268556, 1, 446469990]
[GameWorld] Client updating remote player 446469990, isLocal=Player_446469990
[PlayerController] Updating remote player 446469990 position from (267.02374, 218.03659) to (263.6904, 218.03659)
[GameWorld] SyncPlayerPosition RPC received on peer 1125268556: Player 446469990 at (260.35706, 218.03659)
[GameWorld] Current player controllers: 3, Keys: [1125268556, 1, 446469990]
[GameWorld] Client updating remote player 446469990, isLocal=Player_446469990
[PlayerController] Updating remote player 446469990 position from (263.6904, 218.03659) to (260.35706, 218.03659)
[GameWorld] SyncPlayerPosition RPC received on peer 1125268556: Player 446469990 at (257.0237, 218.03659)
[GameWorld] Current player controllers: 3, Keys: [1125268556, 1, 446469990]
[GameWorld] Client updating remote player 446469990, isLocal=Player_446469990
[PlayerController] Updating remote player 446469990 position from (260.35706, 218.03659) to (257.0237, 218.03659)
[GameWorld] SyncPlayerPosition RPC received on peer 1125268556: Player 446469990 at (253.69038, 218.03659)
[GameWorld] Current player controllers: 3, Keys: [1125268556, 1, 446469990]
[GameWorld] Client updating remote player 446469990, isLocal=Player_446469990
[PlayerController] Updating remote player 446469990 position from (257.0237, 218.03659) to (253.69038, 218.03659)
[GameWorld] SyncPlayerPosition RPC received on peer 1125268556: Player 446469990 at (250.35706, 218.03659)
[GameWorld] Current player controllers: 3, Keys: [1125268556, 1, 446469990]
[GameWorld] Client updating remote player 446469990, isLocal=Player_446469990
[PlayerController] Updating remote player 446469990 position from (253.69038, 218.03659) to (250.35706, 218.03659)
[GameWorld] SyncPlayerPosition RPC received on peer 1125268556: Player 446469990 at (247.02373, 218.03659)
[GameWorld] Current player controllers: 3, Keys: [1125268556, 1, 446469990]
[GameWorld] Client updating remote player 446469990, isLocal=Player_446469990
[PlayerController] Updating remote player 446469990 position from (250.35706, 218.03659) to (247.02373, 218.03659)
[GameWorld] SyncPlayerPosition RPC received on peer 1125268556: Player 446469990 at (243.6904, 218.03659)
[GameWorld] Current player controllers: 3, Keys: [1125268556, 1, 446469990]
[GameWorld] Client updating remote player 446469990, isLocal=Player_446469990
[PlayerController] Updating remote player 446469990 position from (247.02373, 218.03659) to (243.6904, 218.03659)
[GameWorld] SyncPlayerPosition RPC received on peer 1125268556: Player 446469990 at (240.35707, 218.03659)
[GameWorld] Current player controllers: 3, Keys: [1125268556, 1, 446469990]
[GameWorld] Client updating remote player 446469990, isLocal=Player_446469990
[PlayerController] Updating remote player 446469990 position from (243.6904, 218.03659) to (240.35707, 218.03659)
[GameWorld] SyncPlayerPosition RPC received on peer 1125268556: Player 446469990 at (237.02374, 218.03659)
[GameWorld] Current player controllers: 3, Keys: [1125268556, 1, 446469990]
[GameWorld] Client updating remote player 446469990, isLocal=Player_446469990
[PlayerController] Updating remote player 446469990 position from (240.35707, 218.03659) to (237.02374, 218.03659)
[GameWorld] SyncPlayerPosition RPC received on peer 1125268556: Player 446469990 at (233.69041, 218.03659)
[GameWorld] Current player controllers: 3, Keys: [1125268556, 1, 446469990]
[GameWorld] Client updating remote player 446469990, isLocal=Player_446469990
[PlayerController] Updating remote player 446469990 position from (237.02374, 218.03659) to (233.69041, 218.03659)
[GameWorld] SyncPlayerPosition RPC received on peer 1125268556: Player 446469990 at (230.35709, 218.03659)
[GameWorld] Current player controllers: 3, Keys: [1125268556, 1, 446469990]
[GameWorld] Client updating remote player 446469990, isLocal=Player_446469990
[PlayerController] Updating remote player 446469990 position from (233.69041, 218.03659) to (230.35709, 218.03659)
[GameWorld] SyncPlayerPosition RPC received on peer 1125268556: Player 446469990 at (227.02376, 218.03659)
[GameWorld] Current player controllers: 3, Keys: [1125268556, 1, 446469990]
[GameWorld] Client updating remote player 446469990, isLocal=Player_446469990
[PlayerController] Updating remote player 446469990 position from (230.35709, 218.03659) to (227.02376, 218.03659)
[GameWorld] SyncPlayerPosition RPC received on peer 1125268556: Player 446469990 at (223.69043, 218.03659)
[GameWorld] Current player controllers: 3, Keys: [1125268556, 1, 446469990]
[GameWorld] Client updating remote player 446469990, isLocal=Player_446469990
[PlayerController] Updating remote player 446469990 position from (227.02376, 218.03659) to (223.69043, 218.03659)
[GameWorld] SyncPlayerPosition RPC received on peer 1125268556: Player 446469990 at (220.3571, 218.03659)
[GameWorld] Current player controllers: 3, Keys: [1125268556, 1, 446469990]
[GameWorld] Client updating remote player 446469990, isLocal=Player_446469990
[PlayerController] Updating remote player 446469990 position from (223.69043, 218.03659) to (220.3571, 218.03659)
[GameWorld] SyncPlayerPosition RPC received on peer 1125268556: Player 446469990 at (217.02377, 218.03659)
[GameWorld] Current player controllers: 3, Keys: [1125268556, 1, 446469990]
[GameWorld] Client updating remote player 446469990, isLocal=Player_446469990
[PlayerController] Updating remote player 446469990 position from (220.3571, 218.03659) to (217.02377, 218.03659)
[GameWorld] UpdateGameState called on peer 1125268556, players before: 3
[GameWorld] SyncPlayerPosition RPC received on peer 1125268556: Player 446469990 at (220.3571, 218.03659)
[GameWorld] Current player controllers: 3, Keys: [1125268556, 1, 446469990]
[GameWorld] Client updating remote player 446469990, isLocal=Player_446469990
[PlayerController] Updating remote player 446469990 position from (217.02377, 218.03659) to (220.3571, 218.03659)
[GameWorld] SyncPlayerPosition RPC received on peer 1125268556: Player 446469990 at (223.69043, 218.03659)
[GameWorld] Current player controllers: 3, Keys: [1125268556, 1, 446469990]
[GameWorld] Client updating remote player 446469990, isLocal=Player_446469990
[PlayerController] Updating remote player 446469990 position from (220.3571, 218.03659) to (223.69043, 218.03659)
[GameWorld] SyncPlayerPosition RPC received on peer 1125268556: Player 446469990 at (227.02376, 218.03659)
[GameWorld] Current player controllers: 3, Keys: [1125268556, 1, 446469990]
[GameWorld] Client updating remote player 446469990, isLocal=Player_446469990
[PlayerController] Updating remote player 446469990 position from (223.69043, 218.03659) to (227.02376, 218.03659)
[GameWorld] SyncPlayerPosition RPC received on peer 1125268556: Player 446469990 at (230.35709, 218.03659)
[GameWorld] Current player controllers: 3, Keys: [1125268556, 1, 446469990]
[GameWorld] Client updating remote player 446469990, isLocal=Player_446469990
[PlayerController] Updating remote player 446469990 position from (227.02376, 218.03659) to (230.35709, 218.03659)
[GameWorld] SyncPlayerPosition RPC received on peer 1125268556: Player 446469990 at (233.69041, 218.03659)
[GameWorld] Current player controllers: 3, Keys: [1125268556, 1, 446469990]
[GameWorld] Client updating remote player 446469990, isLocal=Player_446469990
[PlayerController] Updating remote player 446469990 position from (230.35709, 218.03659) to (233.69041, 218.03659)
[GameWorld] SyncPlayerPosition RPC received on peer 1125268556: Player 446469990 at (237.02374, 218.03659)
[GameWorld] Current player controllers: 3, Keys: [1125268556, 1, 446469990]
[GameWorld] Client updating remote player 446469990, isLocal=Player_446469990
[PlayerController] Updating remote player 446469990 position from (233.69041, 218.03659) to (237.02374, 218.03659)
[GameWorld] SyncPlayerPosition RPC received on peer 1125268556: Player 446469990 at (240.35707, 218.03659)
[GameWorld] Current player controllers: 3, Keys: [1125268556, 1, 446469990]
[GameWorld] Client updating remote player 446469990, isLocal=Player_446469990
[PlayerController] Updating remote player 446469990 position from (237.02374, 218.03659) to (240.35707, 218.03659)
[GameWorld] SyncPlayerPosition RPC received on peer 1125268556: Player 446469990 at (243.6904, 218.03659)
[GameWorld] Current player controllers: 3, Keys: [1125268556, 1, 446469990]
[GameWorld] Client updating remote player 446469990, isLocal=Player_446469990
[PlayerController] Updating remote player 446469990 position from (240.35707, 218.03659) to (243.6904, 218.03659)
[GameWorld] SyncPlayerPosition RPC received on peer 1125268556: Player 446469990 at (247.02373, 218.03659)
[GameWorld] Current player controllers: 3, Keys: [1125268556, 1, 446469990]
[GameWorld] Client updating remote player 446469990, isLocal=Player_446469990
[PlayerController] Updating remote player 446469990 position from (243.6904, 218.03659) to (247.02373, 218.03659)
[GameWorld] SyncPlayerPosition RPC received on peer 1125268556: Player 446469990 at (250.35706, 218.03659)
[GameWorld] Current player controllers: 3, Keys: [1125268556, 1, 446469990]
[GameWorld] Client updating remote player 446469990, isLocal=Player_446469990
[PlayerController] Updating remote player 446469990 position from (247.02373, 218.03659) to (250.35706, 218.03659)
[GameWorld] SyncPlayerPosition RPC received on peer 1125268556: Player 446469990 at (253.69038, 218.03659)
[GameWorld] Current player controllers: 3, Keys: [1125268556, 1, 446469990]
[GameWorld] Client updating remote player 446469990, isLocal=Player_446469990
[PlayerController] Updating remote player 446469990 position from (250.35706, 218.03659) to (253.69038, 218.03659)
[GameWorld] SyncPlayerPosition RPC received on peer 1125268556: Player 446469990 at (257.0237, 218.03659)
[GameWorld] Current player controllers: 3, Keys: [1125268556, 1, 446469990]
[GameWorld] Client updating remote player 446469990, isLocal=Player_446469990
[PlayerController] Updating remote player 446469990 position from (253.69038, 218.03659) to (257.0237, 218.03659)
[GameWorld] SyncPlayerPosition RPC received on peer 1125268556: Player 446469990 at (260.35706, 218.03659)
[GameWorld] Current player controllers: 3, Keys: [1125268556, 1, 446469990]
[GameWorld] Client updating remote player 446469990, isLocal=Player_446469990
[PlayerController] Updating remote player 446469990 position from (257.0237, 218.03659) to (260.35706, 218.03659)
[GameWorld] SyncPlayerPosition RPC received on peer 1125268556: Player 446469990 at (263.6904, 218.03659)
[GameWorld] Current player controllers: 3, Keys: [1125268556, 1, 446469990]
[GameWorld] Client updating remote player 446469990, isLocal=Player_446469990
[PlayerController] Updating remote player 446469990 position from (260.35706, 218.03659) to (263.6904, 218.03659)
[GameWorld] SyncPlayerPosition RPC received on peer 1125268556: Player 446469990 at (267.02374, 218.03659)
[GameWorld] Current player controllers: 3, Keys: [1125268556, 1, 446469990]
[GameWorld] Client updating remote player 446469990, isLocal=Player_446469990
[PlayerController] Updating remote player 446469990 position from (263.6904, 218.03659) to (267.02374, 218.03659)
[GameWorld] SyncPlayerPosition RPC received on peer 1125268556: Player 446469990 at (270.3571, 218.03659)
[GameWorld] Current player controllers: 3, Keys: [1125268556, 1, 446469990]
[GameWorld] Client updating remote player 446469990, isLocal=Player_446469990
[PlayerController] Updating remote player 446469990 position from (267.02374, 218.03659) to (270.3571, 218.03659)
[GameWorld] SyncPlayerPosition RPC received on peer 1125268556: Player 446469990 at (273.69043, 218.03659)
[GameWorld] Current player controllers: 3, Keys: [1125268556, 1, 446469990]
[GameWorld] Client updating remote player 446469990, isLocal=Player_446469990
[PlayerController] Updating remote player 446469990 position from (270.3571, 218.03659) to (273.69043, 218.03659)
[GameWorld] SyncPlayerPosition RPC received on peer 1125268556: Player 446469990 at (277.02377, 218.03659)
[GameWorld] Current player controllers: 3, Keys: [1125268556, 1, 446469990]
[GameWorld] Client updating remote player 446469990, isLocal=Player_446469990
[PlayerController] Updating remote player 446469990 position from (273.69043, 218.03659) to (277.02377, 218.03659)
[GameWorld] SyncPlayerPosition RPC received on peer 1125268556: Player 446469990 at (280.35712, 218.03659)
[GameWorld] Current player controllers: 3, Keys: [1125268556, 1, 446469990]
[GameWorld] Client updating remote player 446469990, isLocal=Player_446469990
[PlayerController] Updating remote player 446469990 position from (277.02377, 218.03659) to (280.35712, 218.03659)
[GameWorld] SyncPlayerPosition RPC received on peer 1125268556: Player 446469990 at (283.69046, 218.03659)
[GameWorld] Current player controllers: 3, Keys: [1125268556, 1, 446469990]
[GameWorld] Client updating remote player 446469990, isLocal=Player_446469990
[PlayerController] Updating remote player 446469990 position from (280.35712, 218.03659) to (283.69046, 218.03659)
[GameWorld] SyncPlayerPosition RPC received on peer 1125268556: Player 446469990 at (287.0238, 218.03659)
[GameWorld] Current player controllers: 3, Keys: [1125268556, 1, 446469990]
[GameWorld] Client updating remote player 446469990, isLocal=Player_446469990
[PlayerController] Updating remote player 446469990 position from (283.69046, 218.03659) to (287.0238, 218.03659)
[GameWorld] SyncPlayerPosition RPC received on peer 1125268556: Player 446469990 at (290.35715, 218.03659)
[GameWorld] Current player controllers: 3, Keys: [1125268556, 1, 446469990]
[GameWorld] Client updating remote player 446469990, isLocal=Player_446469990
[PlayerController] Updating remote player 446469990 position from (287.0238, 218.03659) to (290.35715, 218.03659)
[GameWorld] SyncPlayerPosition RPC received on peer 1125268556: Player 446469990 at (293.6905, 218.03659)
[GameWorld] Current player controllers: 3, Keys: [1125268556, 1, 446469990]
[GameWorld] Client updating remote player 446469990, isLocal=Player_446469990
[PlayerController] Updating remote player 446469990 position from (290.35715, 218.03659) to (293.6905, 218.03659)
[GameWorld] SyncPlayerPosition RPC received on peer 1125268556: Player 446469990 at (297.02383, 218.03659)
[GameWorld] Current player controllers: 3, Keys: [1125268556, 1, 446469990]
[GameWorld] Client updating remote player 446469990, isLocal=Player_446469990
[PlayerController] Updating remote player 446469990 position from (293.6905, 218.03659) to (297.02383, 218.03659)
[GameWorld] SyncPlayerPosition RPC received on peer 1125268556: Player 446469990 at (300.35718, 218.03659)
[GameWorld] Current player controllers: 3, Keys: [1125268556, 1, 446469990]
[GameWorld] Client updating remote player 446469990, isLocal=Player_446469990
[PlayerController] Updating remote player 446469990 position from (297.02383, 218.03659) to (300.35718, 218.03659)
[GameWorld] SyncPlayerPosition RPC received on peer 1125268556: Player 446469990 at (303.69052, 218.03659)
[GameWorld] Current player controllers: 3, Keys: [1125268556, 1, 446469990]
[GameWorld] Client updating remote player 446469990, isLocal=Player_446469990
[PlayerController] Updating remote player 446469990 position from (300.35718, 218.03659) to (303.69052, 218.03659)
[GameWorld] SyncPlayerPosition RPC received on peer 1125268556: Player 446469990 at (307.02386, 218.03659)
[GameWorld] Current player controllers: 3, Keys: [1125268556, 1, 446469990]
[GameWorld] Client updating remote player 446469990, isLocal=Player_446469990
[PlayerController] Updating remote player 446469990 position from (303.69052, 218.03659) to (307.02386, 218.03659)
[GameWorld] SyncPlayerPosition RPC received on peer 1125268556: Player 446469990 at (310.3572, 218.03659)
[GameWorld] Current player controllers: 3, Keys: [1125268556, 1, 446469990]
[GameWorld] Client updating remote player 446469990, isLocal=Player_446469990
[PlayerController] Updating remote player 446469990 position from (307.02386, 218.03659) to (310.3572, 218.03659)
[GameWorld] SyncPlayerPosition RPC received on peer 1125268556: Player 446469990 at (313.69055, 218.03659)
[GameWorld] Current player controllers: 3, Keys: [1125268556, 1, 446469990]
[GameWorld] Client updating remote player 446469990, isLocal=Player_446469990
[PlayerController] Updating remote player 446469990 position from (310.3572, 218.03659) to (313.69055, 218.03659)
[GameWorld] SyncPlayerPosition RPC received on peer 1125268556: Player 446469990 at (317.0239, 218.03659)
[GameWorld] Current player controllers: 3, Keys: [1125268556, 1, 446469990]
[GameWorld] Client updating remote player 446469990, isLocal=Player_446469990
[PlayerController] Updating remote player 446469990 position from (313.69055, 218.03659) to (317.0239, 218.03659)
[GameWorld] SyncPlayerPosition RPC received on peer 1125268556: Player 446469990 at (320.35724, 218.03659)
[GameWorld] Current player controllers: 3, Keys: [1125268556, 1, 446469990]
[GameWorld] Client updating remote player 446469990, isLocal=Player_446469990
[PlayerController] Updating remote player 446469990 position from (317.0239, 218.03659) to (320.35724, 218.03659)
[GameWorld] SyncPlayerPosition RPC received on peer 1125268556: Player 446469990 at (323.69058, 218.03659)
[GameWorld] Current player controllers: 3, Keys: [1125268556, 1, 446469990]
[GameWorld] Client updating remote player 446469990, isLocal=Player_446469990
[PlayerController] Updating remote player 446469990 position from (320.35724, 218.03659) to (323.69058, 218.03659)
[GameWorld] SyncPlayerPosition RPC received on peer 1125268556: Player 446469990 at (327.02393, 218.03659)
[GameWorld] Current player controllers: 3, Keys: [1125268556, 1, 446469990]
[GameWorld] Client updating remote player 446469990, isLocal=Player_446469990
[PlayerController] Updating remote player 446469990 position from (323.69058, 218.03659) to (327.02393, 218.03659)
[GameWorld] SyncPlayerPosition RPC received on peer 1125268556: Player 446469990 at (330.35727, 218.03659)
[GameWorld] Current player controllers: 3, Keys: [1125268556, 1, 446469990]
[GameWorld] Client updating remote player 446469990, isLocal=Player_446469990
[PlayerController] Updating remote player 446469990 position from (327.02393, 218.03659) to (330.35727, 218.03659)
[GameWorld] SyncPlayerPosition RPC received on peer 1125268556: Player 446469990 at (333.6906, 218.03659)
[GameWorld] Current player controllers: 3, Keys: [1125268556, 1, 446469990]
[GameWorld] Client updating remote player 446469990, isLocal=Player_446469990
[PlayerController] Updating remote player 446469990 position from (330.35727, 218.03659) to (333.6906, 218.03659)
[GameWorld] SyncPlayerPosition RPC received on peer 1125268556: Player 446469990 at (337.02396, 218.03659)
[GameWorld] Current player controllers: 3, Keys: [1125268556, 1, 446469990]
[GameWorld] Client updating remote player 446469990, isLocal=Player_446469990
[PlayerController] Updating remote player 446469990 position from (333.6906, 218.03659) to (337.02396, 218.03659)
[GameWorld] SyncPlayerPosition RPC received on peer 1125268556: Player 446469990 at (340.3573, 218.03659)
[GameWorld] Current player controllers: 3, Keys: [1125268556, 1, 446469990]
[GameWorld] Client updating remote player 446469990, isLocal=Player_446469990
[PlayerController] Updating remote player 446469990 position from (337.02396, 218.03659) to (340.3573, 218.03659)
[GameWorld] SyncPlayerPosition RPC received on peer 1125268556: Player 446469990 at (343.69064, 218.03659)
[GameWorld] Current player controllers: 3, Keys: [1125268556, 1, 446469990]
[GameWorld] Client updating remote player 446469990, isLocal=Player_446469990
[PlayerController] Updating remote player 446469990 position from (340.3573, 218.03659) to (343.69064, 218.03659)
Body exited Katy: Player_446469990
[GameWorld] SyncPlayerPosition RPC received on peer 1125268556: Player 446469990 at (347.024, 218.03659)
[GameWorld] Current player controllers: 3, Keys: [1125268556, 1, 446469990]
[GameWorld] Client updating remote player 446469990, isLocal=Player_446469990
[PlayerController] Updating remote player 446469990 position from (343.69064, 218.03659) to (347.024, 218.03659)
[GameWorld] SyncPlayerPosition RPC received on peer 1125268556: Player 446469990 at (350.35733, 218.03659)
[GameWorld] Current player controllers: 3, Keys: [1125268556, 1, 446469990]
[GameWorld] Client updating remote player 446469990, isLocal=Player_446469990
[PlayerController] Updating remote player 446469990 position from (347.024, 218.03659) to (350.35733, 218.03659)
[GameWorld] SyncPlayerPosition RPC received on peer 1125268556: Player 446469990 at (353.69067, 218.03659)
[GameWorld] Current player controllers: 3, Keys: [1125268556, 1, 446469990]
[GameWorld] Client updating remote player 446469990, isLocal=Player_446469990
[PlayerController] Updating remote player 446469990 position from (350.35733, 218.03659) to (353.69067, 218.03659)
[GameWorld] SyncPlayerPosition RPC received on peer 1125268556: Player 446469990 at (357.02402, 218.03659)
[GameWorld] Current player controllers: 3, Keys: [1125268556, 1, 446469990]
[GameWorld] Client updating remote player 446469990, isLocal=Player_446469990
[PlayerController] Updating remote player 446469990 position from (353.69067, 218.03659) to (357.02402, 218.03659)
[GameWorld] SyncPlayerPosition RPC received on peer 1125268556: Player 446469990 at (360.35736, 218.03659)
[GameWorld] Current player controllers: 3, Keys: [1125268556, 1, 446469990]
[GameWorld] Client updating remote player 446469990, isLocal=Player_446469990
[PlayerController] Updating remote player 446469990 position from (357.02402, 218.03659) to (360.35736, 218.03659)
[GameWorld] SyncPlayerPosition RPC received on peer 1125268556: Player 446469990 at (363.6907, 218.03659)
[GameWorld] Current player controllers: 3, Keys: [1125268556, 1, 446469990]
[GameWorld] Client updating remote player 446469990, isLocal=Player_446469990
[PlayerController] Updating remote player 446469990 position from (360.35736, 218.03659) to (363.6907, 218.03659)
[GameWorld] SyncPlayerPosition RPC received on peer 1125268556: Player 446469990 at (367.02405, 218.03659)
[GameWorld] Current player controllers: 3, Keys: [1125268556, 1, 446469990]
[GameWorld] Client updating remote player 446469990, isLocal=Player_446469990
[PlayerController] Updating remote player 446469990 position from (363.6907, 218.03659) to (367.02405, 218.03659)
[GameWorld] SyncPlayerPosition RPC received on peer 1125268556: Player 446469990 at (370.3574, 218.03659)
[GameWorld] Current player controllers: 3, Keys: [1125268556, 1, 446469990]
[GameWorld] Client updating remote player 446469990, isLocal=Player_446469990
[PlayerController] Updating remote player 446469990 position from (367.02405, 218.03659) to (370.3574, 218.03659)
[GameWorld] SyncPlayerPosition RPC received on peer 1125268556: Player 446469990 at (373.69073, 218.03659)
[GameWorld] Current player controllers: 3, Keys: [1125268556, 1, 446469990]
[GameWorld] Client updating remote player 446469990, isLocal=Player_446469990
[PlayerController] Updating remote player 446469990 position from (370.3574, 218.03659) to (373.69073, 218.03659)
[GameWorld] SyncPlayerPosition RPC received on peer 1125268556: Player 446469990 at (377.02408, 218.03659)
[GameWorld] Current player controllers: 3, Keys: [1125268556, 1, 446469990]
[GameWorld] Client updating remote player 446469990, isLocal=Player_446469990
[PlayerController] Updating remote player 446469990 position from (373.69073, 218.03659) to (377.02408, 218.03659)
[GameWorld] SyncPlayerPosition RPC received on peer 1125268556: Player 446469990 at (380.35742, 218.03659)
[GameWorld] Current player controllers: 3, Keys: [1125268556, 1, 446469990]
[GameWorld] Client updating remote player 446469990, isLocal=Player_446469990
[PlayerController] Updating remote player 446469990 position from (377.02408, 218.03659) to (380.35742, 218.03659)
[GameWorld] SyncPlayerPosition RPC received on peer 1125268556: Player 446469990 at (383.69077, 218.03659)
[GameWorld] Current player controllers: 3, Keys: [1125268556, 1, 446469990]
[GameWorld] Client updating remote player 446469990, isLocal=Player_446469990
[PlayerController] Updating remote player 446469990 position from (380.35742, 218.03659) to (383.69077, 218.03659)
[GameWorld] SyncPlayerPosition RPC received on peer 1125268556: Player 446469990 at (387.0241, 218.03659)
[GameWorld] Current player controllers: 3, Keys: [1125268556, 1, 446469990]
[GameWorld] Client updating remote player 446469990, isLocal=Player_446469990
[PlayerController] Updating remote player 446469990 position from (383.69077, 218.03659) to (387.0241, 218.03659)
[GameWorld] SyncPlayerPosition RPC received on peer 1125268556: Player 446469990 at (390.35745, 218.03659)
[GameWorld] Current player controllers: 3, Keys: [1125268556, 1, 446469990]
[GameWorld] Client updating remote player 446469990, isLocal=Player_446469990
[PlayerController] Updating remote player 446469990 position from (387.0241, 218.03659) to (390.35745, 218.03659)
[GameWorld] SyncPlayerPosition RPC received on peer 1125268556: Player 446469990 at (393.6908, 218.03659)
[GameWorld] Current player controllers: 3, Keys: [1125268556, 1, 446469990]
[GameWorld] Client updating remote player 446469990, isLocal=Player_446469990
[PlayerController] Updating remote player 446469990 position from (390.35745, 218.03659) to (393.6908, 218.03659)
[GameWorld] SyncPlayerPosition RPC received on peer 1125268556: Player 446469990 at (397.02414, 218.03659)
[GameWorld] Current player controllers: 3, Keys: [1125268556, 1, 446469990]
[GameWorld] Client updating remote player 446469990, isLocal=Player_446469990
[PlayerController] Updating remote player 446469990 position from (393.6908, 218.03659) to (397.02414, 218.03659)
[GameWorld] SyncPlayerPosition RPC received on peer 1125268556: Player 446469990 at (400.35748, 218.03659)
[GameWorld] Current player controllers: 3, Keys: [1125268556, 1, 446469990]
[GameWorld] Client updating remote player 446469990, isLocal=Player_446469990
[PlayerController] Updating remote player 446469990 position from (397.02414, 218.03659) to (400.35748, 218.03659)
[GameWorld] SyncPlayerPosition RPC received on peer 1125268556: Player 446469990 at (403.69083, 218.03659)
[GameWorld] Current player controllers: 3, Keys: [1125268556, 1, 446469990]
[GameWorld] Client updating remote player 446469990, isLocal=Player_446469990
[PlayerController] Updating remote player 446469990 position from (400.35748, 218.03659) to (403.69083, 218.03659)
[GameWorld] SyncPlayerPosition RPC received on peer 1125268556: Player 446469990 at (406.04785, 220.39362)
[GameWorld] Current player controllers: 3, Keys: [1125268556, 1, 446469990]
[GameWorld] Client updating remote player 446469990, isLocal=Player_446469990
[PlayerController] Updating remote player 446469990 position from (403.69083, 218.03659) to (406.04785, 220.39362)
[GameWorld] SyncPlayerPosition RPC received on peer 1125268556: Player 446469990 at (408.40488, 222.75064)
[GameWorld] Current player controllers: 3, Keys: [1125268556, 1, 446469990]
[GameWorld] Client updating remote player 446469990, isLocal=Player_446469990
[PlayerController] Updating remote player 446469990 position from (406.04785, 220.39362) to (408.40488, 222.75064)
[GameWorld] SyncPlayerPosition RPC received on peer 1125268556: Player 446469990 at (410.7619, 225.10767)
[GameWorld] Current player controllers: 3, Keys: [1125268556, 1, 446469990]
[GameWorld] Client updating remote player 446469990, isLocal=Player_446469990
[PlayerController] Updating remote player 446469990 position from (408.40488, 222.75064) to (410.7619, 225.10767)
[GameWorld] SyncPlayerPosition RPC received on peer 1125268556: Player 446469990 at (413.11893, 227.46469)
[GameWorld] Current player controllers: 3, Keys: [1125268556, 1, 446469990]
[GameWorld] Client updating remote player 446469990, isLocal=Player_446469990
[PlayerController] Updating remote player 446469990 position from (410.7619, 225.10767) to (413.11893, 227.46469)
[GameWorld] SyncPlayerPosition RPC received on peer 1125268556: Player 446469990 at (415.47595, 229.82172)
[GameWorld] Current player controllers: 3, Keys: [1125268556, 1, 446469990]
[GameWorld] Client updating remote player 446469990, isLocal=Player_446469990
[PlayerController] Updating remote player 446469990 position from (413.11893, 227.46469) to (415.47595, 229.82172)
[GameWorld] SyncPlayerPosition RPC received on peer 1125268556: Player 446469990 at (417.83298, 232.17874)
[GameWorld] Current player controllers: 3, Keys: [1125268556, 1, 446469990]
[GameWorld] Client updating remote player 446469990, isLocal=Player_446469990
[PlayerController] Updating remote player 446469990 position from (415.47595, 229.82172) to (417.83298, 232.17874)
[GameWorld] SyncPlayerPosition RPC received on peer 1125268556: Player 446469990 at (417.83298, 235.51207)
[GameWorld] Current player controllers: 3, Keys: [1125268556, 1, 446469990]
[GameWorld] Client updating remote player 446469990, isLocal=Player_446469990
[PlayerController] Updating remote player 446469990 position from (417.83298, 232.17874) to (417.83298, 235.51207)
[GameWorld] SyncPlayerPosition RPC received on peer 1125268556: Player 446469990 at (417.83298, 238.8454)
[GameWorld] Current player controllers: 3, Keys: [1125268556, 1, 446469990]
[GameWorld] Client updating remote player 446469990, isLocal=Player_446469990
[PlayerController] Updating remote player 446469990 position from (417.83298, 235.51207) to (417.83298, 238.8454)
[GameWorld] SyncPlayerPosition RPC received on peer 1125268556: Player 446469990 at (417.83298, 242.17873)
[GameWorld] Current player controllers: 3, Keys: [1125268556, 1, 446469990]
[GameWorld] Client updating remote player 446469990, isLocal=Player_446469990
[PlayerController] Updating remote player 446469990 position from (417.83298, 238.8454) to (417.83298, 242.17873)
[GameWorld] SyncPlayerPosition RPC received on peer 1125268556: Player 446469990 at (417.83298, 245.51205)
[GameWorld] Current player controllers: 3, Keys: [1125268556, 1, 446469990]
[GameWorld] Client updating remote player 446469990, isLocal=Player_446469990
[PlayerController] Updating remote player 446469990 position from (417.83298, 242.17873) to (417.83298, 245.51205)
[GameWorld] SyncPlayerPosition RPC received on peer 1125268556: Player 446469990 at (417.83298, 248.84538)
[GameWorld] Current player controllers: 3, Keys: [1125268556, 1, 446469990]
[GameWorld] Client updating remote player 446469990, isLocal=Player_446469990
[PlayerController] Updating remote player 446469990 position from (417.83298, 245.51205) to (417.83298, 248.84538)
[GameWorld] SyncPlayerPosition RPC received on peer 1125268556: Player 446469990 at (417.83298, 252.17871)
[GameWorld] Current player controllers: 3, Keys: [1125268556, 1, 446469990]
[GameWorld] Client updating remote player 446469990, isLocal=Player_446469990
[PlayerController] Updating remote player 446469990 position from (417.83298, 248.84538) to (417.83298, 252.17871)
[GameWorld] SyncPlayerPosition RPC received on peer 1125268556: Player 446469990 at (417.83298, 255.51204)
[GameWorld] Current player controllers: 3, Keys: [1125268556, 1, 446469990]
[GameWorld] Client updating remote player 446469990, isLocal=Player_446469990
[PlayerController] Updating remote player 446469990 position from (417.83298, 252.17871) to (417.83298, 255.51204)
[GameWorld] SyncPlayerPosition RPC received on peer 1125268556: Player 446469990 at (417.83298, 258.84537)
[GameWorld] Current player controllers: 3, Keys: [1125268556, 1, 446469990]
[GameWorld] Client updating remote player 446469990, isLocal=Player_446469990
[PlayerController] Updating remote player 446469990 position from (417.83298, 255.51204) to (417.83298, 258.84537)
[GameWorld] SyncPlayerPosition RPC received on peer 1125268556: Player 446469990 at (417.83298, 262.1787)
[GameWorld] Current player controllers: 3, Keys: [1125268556, 1, 446469990]
[GameWorld] Client updating remote player 446469990, isLocal=Player_446469990
[PlayerController] Updating remote player 446469990 position from (417.83298, 258.84537) to (417.83298, 262.1787)
[GameWorld] SyncPlayerPosition RPC received on peer 1125268556: Player 446469990 at (417.83298, 265.51205)
[GameWorld] Current player controllers: 3, Keys: [1125268556, 1, 446469990]
[GameWorld] Client updating remote player 446469990, isLocal=Player_446469990
[PlayerController] Updating remote player 446469990 position from (417.83298, 262.1787) to (417.83298, 265.51205)
[GameWorld] SyncPlayerPosition RPC received on peer 1125268556: Player 446469990 at (417.83298, 268.8454)
[GameWorld] Current player controllers: 3, Keys: [1125268556, 1, 446469990]
[GameWorld] Client updating remote player 446469990, isLocal=Player_446469990
[PlayerController] Updating remote player 446469990 position from (417.83298, 265.51205) to (417.83298, 268.8454)
[GameWorld] SyncPlayerPosition RPC received on peer 1125268556: Player 446469990 at (417.83298, 272.17874)
[GameWorld] Current player controllers: 3, Keys: [1125268556, 1, 446469990]
[GameWorld] Client updating remote player 446469990, isLocal=Player_446469990
[PlayerController] Updating remote player 446469990 position from (417.83298, 268.8454) to (417.83298, 272.17874)
[GameWorld] SyncPlayerPosition RPC received on peer 1125268556: Player 446469990 at (417.83298, 275.5121)
[GameWorld] Current player controllers: 3, Keys: [1125268556, 1, 446469990]
[GameWorld] Client updating remote player 446469990, isLocal=Player_446469990
[PlayerController] Updating remote player 446469990 position from (417.83298, 272.17874) to (417.83298, 275.5121)
[GameWorld] SyncPlayerPosition RPC received on peer 1125268556: Player 446469990 at (417.83298, 278.84543)
[GameWorld] Current player controllers: 3, Keys: [1125268556, 1, 446469990]
[GameWorld] Client updating remote player 446469990, isLocal=Player_446469990
[PlayerController] Updating remote player 446469990 position from (417.83298, 275.5121) to (417.83298, 278.84543)
[GameWorld] SyncPlayerPosition RPC received on peer 1125268556: Player 446469990 at (417.83298, 282.17877)
[GameWorld] Current player controllers: 3, Keys: [1125268556, 1, 446469990]
[GameWorld] Client updating remote player 446469990, isLocal=Player_446469990
[PlayerController] Updating remote player 446469990 position from (417.83298, 278.84543) to (417.83298, 282.17877)
[GameWorld] SyncPlayerPosition RPC received on peer 1125268556: Player 446469990 at (417.83298, 285.51212)
[GameWorld] Current player controllers: 3, Keys: [1125268556, 1, 446469990]
[GameWorld] Client updating remote player 446469990, isLocal=Player_446469990
[PlayerController] Updating remote player 446469990 position from (417.83298, 282.17877) to (417.83298, 285.51212)
[GameWorld] SyncPlayerPosition RPC received on peer 1125268556: Player 446469990 at (417.83298, 288.84546)
[GameWorld] Current player controllers: 3, Keys: [1125268556, 1, 446469990]
[GameWorld] Client updating remote player 446469990, isLocal=Player_446469990
[PlayerController] Updating remote player 446469990 position from (417.83298, 285.51212) to (417.83298, 288.84546)
[GameWorld] SyncPlayerPosition RPC received on peer 1125268556: Player 446469990 at (417.83298, 292.1788)
[GameWorld] Current player controllers: 3, Keys: [1125268556, 1, 446469990]
[GameWorld] Client updating remote player 446469990, isLocal=Player_446469990
[PlayerController] Updating remote player 446469990 position from (417.83298, 288.84546) to (417.83298, 292.1788)
[GameWorld] SyncPlayerPosition RPC received on peer 1125268556: Player 446469990 at (417.83298, 295.51215)
[GameWorld] Current player controllers: 3, Keys: [1125268556, 1, 446469990]
[GameWorld] Client updating remote player 446469990, isLocal=Player_446469990
[PlayerController] Updating remote player 446469990 position from (417.83298, 292.1788) to (417.83298, 295.51215)
[GameWorld] SyncPlayerPosition RPC received on peer 1125268556: Player 446469990 at (417.83298, 298.8455)
[GameWorld] Current player controllers: 3, Keys: [1125268556, 1, 446469990]
[GameWorld] Client updating remote player 446469990, isLocal=Player_446469990
[PlayerController] Updating remote player 446469990 position from (417.83298, 295.51215) to (417.83298, 298.8455)
[GameWorld] SyncPlayerPosition RPC received on peer 1125268556: Player 446469990 at (417.83298, 302.17883)
[GameWorld] Current player controllers: 3, Keys: [1125268556, 1, 446469990]
[GameWorld] Client updating remote player 446469990, isLocal=Player_446469990
[PlayerController] Updating remote player 446469990 position from (417.83298, 298.8455) to (417.83298, 302.17883)
[GameWorld] SyncPlayerPosition RPC received on peer 1125268556: Player 446469990 at (417.83298, 305.51218)
[GameWorld] Current player controllers: 3, Keys: [1125268556, 1, 446469990]
[GameWorld] Client updating remote player 446469990, isLocal=Player_446469990
[PlayerController] Updating remote player 446469990 position from (417.83298, 302.17883) to (417.83298, 305.51218)
[GameWorld] SyncPlayerPosition RPC received on peer 1125268556: Player 446469990 at (417.83298, 308.84552)
[GameWorld] Current player controllers: 3, Keys: [1125268556, 1, 446469990]
[GameWorld] Client updating remote player 446469990, isLocal=Player_446469990
[PlayerController] Updating remote player 446469990 position from (417.83298, 305.51218) to (417.83298, 308.84552)
[GameWorld] SyncPlayerPosition RPC received on peer 1125268556: Player 446469990 at (417.83298, 312.17886)
[GameWorld] Current player controllers: 3, Keys: [1125268556, 1, 446469990]
[GameWorld] Client updating remote player 446469990, isLocal=Player_446469990
[PlayerController] Updating remote player 446469990 position from (417.83298, 308.84552) to (417.83298, 312.17886)
[GameWorld] SyncPlayerPosition RPC received on peer 1125268556: Player 446469990 at (417.83298, 315.5122)
[GameWorld] Current player controllers: 3, Keys: [1125268556, 1, 446469990]
[GameWorld] Client updating remote player 446469990, isLocal=Player_446469990
[PlayerController] Updating remote player 446469990 position from (417.83298, 312.17886) to (417.83298, 315.5122)
[GameWorld] SyncPlayerPosition RPC received on peer 1125268556: Player 446469990 at (417.83298, 318.84555)
[GameWorld] Current player controllers: 3, Keys: [1125268556, 1, 446469990]
[GameWorld] Client updating remote player 446469990, isLocal=Player_446469990
[PlayerController] Updating remote player 446469990 position from (417.83298, 315.5122) to (417.83298, 318.84555)
[GameWorld] SyncPlayerPosition RPC received on peer 1125268556: Player 446469990 at (417.83298, 322.1789)
[GameWorld] Current player controllers: 3, Keys: [1125268556, 1, 446469990]
[GameWorld] Client updating remote player 446469990, isLocal=Player_446469990
[PlayerController] Updating remote player 446469990 position from (417.83298, 318.84555) to (417.83298, 322.1789)
[GameWorld] SyncPlayerPosition RPC received on peer 1125268556: Player 446469990 at (417.83298, 325.51224)
[GameWorld] Current player controllers: 3, Keys: [1125268556, 1, 446469990]
[GameWorld] Client updating remote player 446469990, isLocal=Player_446469990
[PlayerController] Updating remote player 446469990 position from (417.83298, 322.1789) to (417.83298, 325.51224)
[GameWorld] SyncPlayerPosition RPC received on peer 1125268556: Player 446469990 at (417.83298, 328.84558)
[GameWorld] Current player controllers: 3, Keys: [1125268556, 1, 446469990]
[GameWorld] Client updating remote player 446469990, isLocal=Player_446469990
[PlayerController] Updating remote player 446469990 position from (417.83298, 325.51224) to (417.83298, 328.84558)
[GameWorld] SyncPlayerPosition RPC received on peer 1125268556: Player 446469990 at (417.83298, 332.17892)
[GameWorld] Current player controllers: 3, Keys: [1125268556, 1, 446469990]
[GameWorld] Client updating remote player 446469990, isLocal=Player_446469990
[PlayerController] Updating remote player 446469990 position from (417.83298, 328.84558) to (417.83298, 332.17892)
[GameWorld] SyncPlayerPosition RPC received on peer 1125268556: Player 446469990 at (417.83298, 335.51227)
[GameWorld] Current player controllers: 3, Keys: [1125268556, 1, 446469990]
[GameWorld] Client updating remote player 446469990, isLocal=Player_446469990
[PlayerController] Updating remote player 446469990 position from (417.83298, 332.17892) to (417.83298, 335.51227)
[GameWorld] SyncPlayerPosition RPC received on peer 1125268556: Player 446469990 at (420.19, 337.8693)
[GameWorld] Current player controllers: 3, Keys: [1125268556, 1, 446469990]
[GameWorld] Client updating remote player 446469990, isLocal=Player_446469990
[PlayerController] Updating remote player 446469990 position from (417.83298, 335.51227) to (420.19, 337.8693)
[GameWorld] SyncPlayerPosition RPC received on peer 1125268556: Player 446469990 at (422.54703, 340.22632)
[GameWorld] Current player controllers: 3, Keys: [1125268556, 1, 446469990]
[GameWorld] Client updating remote player 446469990, isLocal=Player_446469990
[PlayerController] Updating remote player 446469990 position from (420.19, 337.8693) to (422.54703, 340.22632)
[GameWorld] SyncPlayerPosition RPC received on peer 1125268556: Player 446469990 at (424.90405, 342.58334)
[GameWorld] Current player controllers: 3, Keys: [1125268556, 1, 446469990]
[GameWorld] Client updating remote player 446469990, isLocal=Player_446469990
[PlayerController] Updating remote player 446469990 position from (422.54703, 340.22632) to (424.90405, 342.58334)
[GameWorld] SyncPlayerPosition RPC received on peer 1125268556: Player 446469990 at (427.26108, 344.94037)
[GameWorld] Current player controllers: 3, Keys: [1125268556, 1, 446469990]
[GameWorld] Client updating remote player 446469990, isLocal=Player_446469990
[PlayerController] Updating remote player 446469990 position from (424.90405, 342.58334) to (427.26108, 344.94037)
[GameWorld] SyncPlayerPosition RPC received on peer 1125268556: Player 446469990 at (429.6181, 347.2974)
[GameWorld] Current player controllers: 3, Keys: [1125268556, 1, 446469990]
[GameWorld] Client updating remote player 446469990, isLocal=Player_446469990
[PlayerController] Updating remote player 446469990 position from (427.26108, 344.94037) to (429.6181, 347.2974)
[GameWorld] SyncPlayerPosition RPC received on peer 1125268556: Player 446469990 at (431.97513, 349.65442)
[GameWorld] Current player controllers: 3, Keys: [1125268556, 1, 446469990]
[GameWorld] Client updating remote player 446469990, isLocal=Player_446469990
[PlayerController] Updating remote player 446469990 position from (429.6181, 347.2974) to (431.97513, 349.65442)
[GameWorld] SyncPlayerPosition RPC received on peer 1125268556: Player 446469990 at (435.30847, 349.65442)
[GameWorld] Current player controllers: 3, Keys: [1125268556, 1, 446469990]
[GameWorld] Client updating remote player 446469990, isLocal=Player_446469990
[PlayerController] Updating remote player 446469990 position from (431.97513, 349.65442) to (435.30847, 349.65442)
[GameWorld] SyncPlayerPosition RPC received on peer 1125268556: Player 446469990 at (438.6418, 349.65442)
[GameWorld] Current player controllers: 3, Keys: [1125268556, 1, 446469990]
[GameWorld] Client updating remote player 446469990, isLocal=Player_446469990
[PlayerController] Updating remote player 446469990 position from (435.30847, 349.65442) to (438.6418, 349.65442)
[GameWorld] SyncPlayerPosition RPC received on peer 1125268556: Player 446469990 at (441.97516, 349.65442)
[GameWorld] Current player controllers: 3, Keys: [1125268556, 1, 446469990]
[GameWorld] Client updating remote player 446469990, isLocal=Player_446469990
[PlayerController] Updating remote player 446469990 position from (438.6418, 349.65442) to (441.97516, 349.65442)
[GameWorld] SyncPlayerPosition RPC received on peer 1125268556: Player 446469990 at (445.3085, 349.65442)
[GameWorld] Current player controllers: 3, Keys: [1125268556, 1, 446469990]
[GameWorld] Client updating remote player 446469990, isLocal=Player_446469990
[PlayerController] Updating remote player 446469990 position from (441.97516, 349.65442) to (445.3085, 349.65442)
[GameWorld] SyncPlayerPosition RPC received on peer 1125268556: Player 446469990 at (448.64185, 349.65442)
[GameWorld] Current player controllers: 3, Keys: [1125268556, 1, 446469990]
[GameWorld] Client updating remote player 446469990, isLocal=Player_446469990
[PlayerController] Updating remote player 446469990 position from (445.3085, 349.65442) to (448.64185, 349.65442)
[GameWorld] SyncPlayerPosition RPC received on peer 1125268556: Player 446469990 at (451.9752, 349.65442)
[GameWorld] Current player controllers: 3, Keys: [1125268556, 1, 446469990]
[GameWorld] Client updating remote player 446469990, isLocal=Player_446469990
[PlayerController] Updating remote player 446469990 position from (448.64185, 349.65442) to (451.9752, 349.65442)
[GameWorld] SyncPlayerPosition RPC received on peer 1125268556: Player 446469990 at (455.30853, 349.65442)
[GameWorld] Current player controllers: 3, Keys: [1125268556, 1, 446469990]
[GameWorld] Client updating remote player 446469990, isLocal=Player_446469990
[PlayerController] Updating remote player 446469990 position from (451.9752, 349.65442) to (455.30853, 349.65442)
[GameWorld] SyncPlayerPosition RPC received on peer 1125268556: Player 446469990 at (458.64188, 349.65442)
[GameWorld] Current player controllers: 3, Keys: [1125268556, 1, 446469990]
[GameWorld] Client updating remote player 446469990, isLocal=Player_446469990
[PlayerController] Updating remote player 446469990 position from (455.30853, 349.65442) to (458.64188, 349.65442)
[GameWorld] SyncPlayerPosition RPC received on peer 1125268556: Player 446469990 at (461.97522, 349.65442)
[GameWorld] Current player controllers: 3, Keys: [1125268556, 1, 446469990]
[GameWorld] Client updating remote player 446469990, isLocal=Player_446469990
[PlayerController] Updating remote player 446469990 position from (458.64188, 349.65442) to (461.97522, 349.65442)
[GameWorld] SyncPlayerPosition RPC received on peer 1125268556: Player 446469990 at (465.30856, 349.65442)
[GameWorld] Current player controllers: 3, Keys: [1125268556, 1, 446469990]
[GameWorld] Client updating remote player 446469990, isLocal=Player_446469990
[PlayerController] Updating remote player 446469990 position from (461.97522, 349.65442) to (465.30856, 349.65442)
[GameWorld] SyncPlayerPosition RPC received on peer 1125268556: Player 446469990 at (468.6419, 349.65442)
[GameWorld] Current player controllers: 3, Keys: [1125268556, 1, 446469990]
[GameWorld] Client updating remote player 446469990, isLocal=Player_446469990
[PlayerController] Updating remote player 446469990 position from (465.30856, 349.65442) to (468.6419, 349.65442)
[GameWorld] SyncPlayerPosition RPC received on peer 1125268556: Player 446469990 at (471.97525, 349.65442)
[GameWorld] Current player controllers: 3, Keys: [1125268556, 1, 446469990]
[GameWorld] Client updating remote player 446469990, isLocal=Player_446469990
[PlayerController] Updating remote player 446469990 position from (468.6419, 349.65442) to (471.97525, 349.65442)
[GameWorld] SyncPlayerPosition RPC received on peer 1125268556: Player 446469990 at (475.3086, 349.65442)
[GameWorld] Current player controllers: 3, Keys: [1125268556, 1, 446469990]
[GameWorld] Client updating remote player 446469990, isLocal=Player_446469990
[PlayerController] Updating remote player 446469990 position from (471.97525, 349.65442) to (475.3086, 349.65442)
[GameWorld] SyncPlayerPosition RPC received on peer 1125268556: Player 446469990 at (478.64194, 349.65442)
[GameWorld] Current player controllers: 3, Keys: [1125268556, 1, 446469990]
[GameWorld] Client updating remote player 446469990, isLocal=Player_446469990
[PlayerController] Updating remote player 446469990 position from (475.3086, 349.65442) to (478.64194, 349.65442)
[GameWorld] SyncPlayerPosition RPC received on peer 1125268556: Player 446469990 at (481.97528, 349.65442)
[GameWorld] Current player controllers: 3, Keys: [1125268556, 1, 446469990]
[GameWorld] Client updating remote player 446469990, isLocal=Player_446469990
[PlayerController] Updating remote player 446469990 position from (478.64194, 349.65442) to (481.97528, 349.65442)
[GameWorld] SyncPlayerPosition RPC received on peer 1125268556: Player 446469990 at (485.30862, 349.65442)
[GameWorld] Current player controllers: 3, Keys: [1125268556, 1, 446469990]
[GameWorld] Client updating remote player 446469990, isLocal=Player_446469990
[PlayerController] Updating remote player 446469990 position from (481.97528, 349.65442) to (485.30862, 349.65442)
[GameWorld] SyncPlayerPosition RPC received on peer 1125268556: Player 446469990 at (488.64197, 349.65442)
[GameWorld] Current player controllers: 3, Keys: [1125268556, 1, 446469990]
[GameWorld] Client updating remote player 446469990, isLocal=Player_446469990
[PlayerController] Updating remote player 446469990 position from (485.30862, 349.65442) to (488.64197, 349.65442)
[GameWorld] SyncPlayerPosition RPC received on peer 1125268556: Player 446469990 at (491.9753, 349.65442)
[GameWorld] Current player controllers: 3, Keys: [1125268556, 1, 446469990]
[GameWorld] Client updating remote player 446469990, isLocal=Player_446469990
[PlayerController] Updating remote player 446469990 position from (488.64197, 349.65442) to (491.9753, 349.65442)
[GameWorld] SyncPlayerPosition RPC received on peer 1125268556: Player 446469990 at (495.30865, 349.65442)
[GameWorld] Current player controllers: 3, Keys: [1125268556, 1, 446469990]
[GameWorld] Client updating remote player 446469990, isLocal=Player_446469990
[PlayerController] Updating remote player 446469990 position from (491.9753, 349.65442) to (495.30865, 349.65442)
[GameWorld] SyncPlayerPosition RPC received on peer 1125268556: Player 446469990 at (498.642, 349.65442)
[GameWorld] Current player controllers: 3, Keys: [1125268556, 1, 446469990]
[GameWorld] Client updating remote player 446469990, isLocal=Player_446469990
[PlayerController] Updating remote player 446469990 position from (495.30865, 349.65442) to (498.642, 349.65442)
[GameWorld] SyncPlayerPosition RPC received on peer 1125268556: Player 446469990 at (501.97534, 349.65442)
[GameWorld] Current player controllers: 3, Keys: [1125268556, 1, 446469990]
[GameWorld] Client updating remote player 446469990, isLocal=Player_446469990
[PlayerController] Updating remote player 446469990 position from (498.642, 349.65442) to (501.97534, 349.65442)
[GameWorld] SyncPlayerPosition RPC received on peer 1125268556: Player 446469990 at (505.3087, 349.65442)
[GameWorld] Current player controllers: 3, Keys: [1125268556, 1, 446469990]
[GameWorld] Client updating remote player 446469990, isLocal=Player_446469990
[PlayerController] Updating remote player 446469990 position from (501.97534, 349.65442) to (505.3087, 349.65442)
[GameWorld] SyncPlayerPosition RPC received on peer 1125268556: Player 446469990 at (508.64203, 349.65442)
[GameWorld] Current player controllers: 3, Keys: [1125268556, 1, 446469990]
[GameWorld] Client updating remote player 446469990, isLocal=Player_446469990
[PlayerController] Updating remote player 446469990 position from (505.3087, 349.65442) to (508.64203, 349.65442)
[GameWorld] SyncPlayerPosition RPC received on peer 1125268556: Player 446469990 at (511.97537, 349.65442)
[GameWorld] Current player controllers: 3, Keys: [1125268556, 1, 446469990]
[GameWorld] Client updating remote player 446469990, isLocal=Player_446469990
[PlayerController] Updating remote player 446469990 position from (508.64203, 349.65442) to (511.97537, 349.65442)
[GameWorld] SyncPlayerPosition RPC received on peer 1125268556: Player 446469990 at (515.3087, 349.65442)
[GameWorld] Current player controllers: 3, Keys: [1125268556, 1, 446469990]
[GameWorld] Client updating remote player 446469990, isLocal=Player_446469990
[PlayerController] Updating remote player 446469990 position from (511.97537, 349.65442) to (515.3087, 349.65442)
[GameWorld] SyncPlayerPosition RPC received on peer 1125268556: Player 446469990 at (518.642, 349.65442)
[GameWorld] Current player controllers: 3, Keys: [1125268556, 1, 446469990]
[GameWorld] Client updating remote player 446469990, isLocal=Player_446469990
[PlayerController] Updating remote player 446469990 position from (515.3087, 349.65442) to (518.642, 349.65442)
[GameWorld] SyncPlayerPosition RPC received on peer 1125268556: Player 446469990 at (521.97534, 349.65442)
[GameWorld] Current player controllers: 3, Keys: [1125268556, 1, 446469990]
[GameWorld] Client updating remote player 446469990, isLocal=Player_446469990
[PlayerController] Updating remote player 446469990 position from (518.642, 349.65442) to (521.97534, 349.65442)
[GameWorld] SyncPlayerPosition RPC received on peer 1125268556: Player 446469990 at (525.30865, 349.65442)
[GameWorld] Current player controllers: 3, Keys: [1125268556, 1, 446469990]
[GameWorld] Client updating remote player 446469990, isLocal=Player_446469990
[PlayerController] Updating remote player 446469990 position from (521.97534, 349.65442) to (525.30865, 349.65442)
[GameWorld] SyncPlayerPosition RPC received on peer 1125268556: Player 446469990 at (528.64197, 349.65442)
[GameWorld] Current player controllers: 3, Keys: [1125268556, 1, 446469990]
[GameWorld] Client updating remote player 446469990, isLocal=Player_446469990
[PlayerController] Updating remote player 446469990 position from (525.30865, 349.65442) to (528.64197, 349.65442)
[GameWorld] SyncPlayerPosition RPC received on peer 1125268556: Player 446469990 at (531.9753, 349.65442)
[GameWorld] Current player controllers: 3, Keys: [1125268556, 1, 446469990]
[GameWorld] Client updating remote player 446469990, isLocal=Player_446469990
[PlayerController] Updating remote player 446469990 position from (528.64197, 349.65442) to (531.9753, 349.65442)
[GameWorld] SyncPlayerPosition RPC received on peer 1125268556: Player 446469990 at (535.3086, 349.65442)
[GameWorld] Current player controllers: 3, Keys: [1125268556, 1, 446469990]
[GameWorld] Client updating remote player 446469990, isLocal=Player_446469990
[PlayerController] Updating remote player 446469990 position from (531.9753, 349.65442) to (535.3086, 349.65442)
[GameWorld] SyncPlayerPosition RPC received on peer 1125268556: Player 446469990 at (538.6419, 349.65442)
[GameWorld] Current player controllers: 3, Keys: [1125268556, 1, 446469990]
[GameWorld] Client updating remote player 446469990, isLocal=Player_446469990
[PlayerController] Updating remote player 446469990 position from (535.3086, 349.65442) to (538.6419, 349.65442)
[GameWorld] SyncPlayerPosition RPC received on peer 1125268556: Player 446469990 at (541.9752, 349.65442)
[GameWorld] Current player controllers: 3, Keys: [1125268556, 1, 446469990]
[GameWorld] Client updating remote player 446469990, isLocal=Player_446469990
[PlayerController] Updating remote player 446469990 position from (538.6419, 349.65442) to (541.9752, 349.65442)
[GameWorld] SyncPlayerPosition RPC received on peer 1125268556: Player 446469990 at (545.30853, 349.65442)
[GameWorld] Current player controllers: 3, Keys: [1125268556, 1, 446469990]
[GameWorld] Client updating remote player 446469990, isLocal=Player_446469990
[PlayerController] Updating remote player 446469990 position from (541.9752, 349.65442) to (545.30853, 349.65442)
[GameWorld] SyncPlayerPosition RPC received on peer 1125268556: Player 446469990 at (548.64185, 349.65442)
[GameWorld] Current player controllers: 3, Keys: [1125268556, 1, 446469990]
[GameWorld] Client updating remote player 446469990, isLocal=Player_446469990
[PlayerController] Updating remote player 446469990 position from (545.30853, 349.65442) to (548.64185, 349.65442)
[GameWorld] SyncPlayerPosition RPC received on peer 1125268556: Player 446469990 at (551.97516, 349.65442)
[GameWorld] Current player controllers: 3, Keys: [1125268556, 1, 446469990]
[GameWorld] Client updating remote player 446469990, isLocal=Player_446469990
[PlayerController] Updating remote player 446469990 position from (548.64185, 349.65442) to (551.97516, 349.65442)
[GameWorld] SyncPlayerPosition RPC received on peer 1125268556: Player 446469990 at (555.3085, 349.65442)
[GameWorld] Current player controllers: 3, Keys: [1125268556, 1, 446469990]
[GameWorld] Client updating remote player 446469990, isLocal=Player_446469990
[PlayerController] Updating remote player 446469990 position from (551.97516, 349.65442) to (555.3085, 349.65442)
[GameWorld] SyncPlayerPosition RPC received on peer 1125268556: Player 446469990 at (558.6418, 349.65442)
[GameWorld] Current player controllers: 3, Keys: [1125268556, 1, 446469990]
[GameWorld] Client updating remote player 446469990, isLocal=Player_446469990
[PlayerController] Updating remote player 446469990 position from (555.3085, 349.65442) to (558.6418, 349.65442)
[GameWorld] SyncPlayerPosition RPC received on peer 1125268556: Player 446469990 at (561.9751, 349.65442)
[GameWorld] Current player controllers: 3, Keys: [1125268556, 1, 446469990]
[GameWorld] Client updating remote player 446469990, isLocal=Player_446469990
[PlayerController] Updating remote player 446469990 position from (558.6418, 349.65442) to (561.9751, 349.65442)
[GameWorld] SyncPlayerPosition RPC received on peer 1125268556: Player 446469990 at (565.3084, 349.65442)
[GameWorld] Current player controllers: 3, Keys: [1125268556, 1, 446469990]
[GameWorld] Client updating remote player 446469990, isLocal=Player_446469990
[PlayerController] Updating remote player 446469990 position from (561.9751, 349.65442) to (565.3084, 349.65442)
[GameWorld] SyncPlayerPosition RPC received on peer 1125268556: Player 446469990 at (568.6417, 349.65442)
[GameWorld] Current player controllers: 3, Keys: [1125268556, 1, 446469990]
[GameWorld] Client updating remote player 446469990, isLocal=Player_446469990
[PlayerController] Updating remote player 446469990 position from (565.3084, 349.65442) to (568.6417, 349.65442)
[GameWorld] SyncPlayerPosition RPC received on peer 1125268556: Player 446469990 at (571.97504, 349.65442)
[GameWorld] Current player controllers: 3, Keys: [1125268556, 1, 446469990]
[GameWorld] Client updating remote player 446469990, isLocal=Player_446469990
[PlayerController] Updating remote player 446469990 position from (568.6417, 349.65442) to (571.97504, 349.65442)
[GameWorld] SyncPlayerPosition RPC received on peer 1125268556: Player 446469990 at (575.30835, 349.65442)
[GameWorld] Current player controllers: 3, Keys: [1125268556, 1, 446469990]
[GameWorld] Client updating remote player 446469990, isLocal=Player_446469990
[PlayerController] Updating remote player 446469990 position from (571.97504, 349.65442) to (575.30835, 349.65442)
[GameWorld] SyncPlayerPosition RPC received on peer 1125268556: Player 446469990 at (578.64166, 349.65442)
[GameWorld] Current player controllers: 3, Keys: [1125268556, 1, 446469990]
[GameWorld] Client updating remote player 446469990, isLocal=Player_446469990
[PlayerController] Updating remote player 446469990 position from (575.30835, 349.65442) to (578.64166, 349.65442)
[GameWorld] SyncPlayerPosition RPC received on peer 1125268556: Player 446469990 at (581.975, 349.65442)
[GameWorld] Current player controllers: 3, Keys: [1125268556, 1, 446469990]
[GameWorld] Client updating remote player 446469990, isLocal=Player_446469990
[PlayerController] Updating remote player 446469990 position from (578.64166, 349.65442) to (581.975, 349.65442)
[GameWorld] SyncPlayerPosition RPC received on peer 1125268556: Player 446469990 at (585.3083, 349.65442)
[GameWorld] Current player controllers: 3, Keys: [1125268556, 1, 446469990]
[GameWorld] Client updating remote player 446469990, isLocal=Player_446469990
[PlayerController] Updating remote player 446469990 position from (581.975, 349.65442) to (585.3083, 349.65442)
[GameWorld] SyncPlayerPosition RPC received on peer 1125268556: Player 446469990 at (588.6416, 349.65442)
[GameWorld] Current player controllers: 3, Keys: [1125268556, 1, 446469990]
[GameWorld] Client updating remote player 446469990, isLocal=Player_446469990
[PlayerController] Updating remote player 446469990 position from (585.3083, 349.65442) to (588.6416, 349.65442)
[GameWorld] SyncPlayerPosition RPC received on peer 1125268556: Player 446469990 at (591.9749, 349.65442)
[GameWorld] Current player controllers: 3, Keys: [1125268556, 1, 446469990]
[GameWorld] Client updating remote player 446469990, isLocal=Player_446469990
[PlayerController] Updating remote player 446469990 position from (588.6416, 349.65442) to (591.9749, 349.65442)
[GameWorld] SyncPlayerPosition RPC received on peer 1125268556: Player 446469990 at (595.3082, 349.65442)
[GameWorld] Current player controllers: 3, Keys: [1125268556, 1, 446469990]
[GameWorld] Client updating remote player 446469990, isLocal=Player_446469990
[PlayerController] Updating remote player 446469990 position from (591.9749, 349.65442) to (595.3082, 349.65442)
[GameWorld] SyncPlayerPosition RPC received on peer 1125268556: Player 446469990 at (598.64154, 349.65442)
[GameWorld] Current player controllers: 3, Keys: [1125268556, 1, 446469990]
[GameWorld] Client updating remote player 446469990, isLocal=Player_446469990
[PlayerController] Updating remote player 446469990 position from (595.3082, 349.65442) to (598.64154, 349.65442)
[GameWorld] SyncPlayerPosition RPC received on peer 1125268556: Player 446469990 at (601.97485, 349.65442)
[GameWorld] Current player controllers: 3, Keys: [1125268556, 1, 446469990]
[GameWorld] Client updating remote player 446469990, isLocal=Player_446469990
[PlayerController] Updating remote player 446469990 position from (598.64154, 349.65442) to (601.97485, 349.65442)
[GameWorld] SyncPlayerPosition RPC received on peer 1125268556: Player 446469990 at (605.30817, 349.65442)
[GameWorld] Current player controllers: 3, Keys: [1125268556, 1, 446469990]
[GameWorld] Client updating remote player 446469990, isLocal=Player_446469990
[PlayerController] Updating remote player 446469990 position from (601.97485, 349.65442) to (605.30817, 349.65442)
[GameWorld] SyncPlayerPosition RPC received on peer 1125268556: Player 446469990 at (608.6415, 349.65442)
[GameWorld] Current player controllers: 3, Keys: [1125268556, 1, 446469990]
[GameWorld] Client updating remote player 446469990, isLocal=Player_446469990
[PlayerController] Updating remote player 446469990 position from (605.30817, 349.65442) to (608.6415, 349.65442)
[GameWorld] SyncPlayerPosition RPC received on peer 1125268556: Player 446469990 at (610.9985, 347.2974)
[GameWorld] Current player controllers: 3, Keys: [1125268556, 1, 446469990]
[GameWorld] Client updating remote player 446469990, isLocal=Player_446469990
[PlayerController] Updating remote player 446469990 position from (608.6415, 349.65442) to (610.9985, 347.2974)
[GameWorld] SyncPlayerPosition RPC received on peer 1125268556: Player 446469990 at (613.35547, 344.94037)
[GameWorld] Current player controllers: 3, Keys: [1125268556, 1, 446469990]
[GameWorld] Client updating remote player 446469990, isLocal=Player_446469990
[PlayerController] Updating remote player 446469990 position from (610.9985, 347.2974) to (613.35547, 344.94037)
[GameWorld] SyncPlayerPosition RPC received on peer 1125268556: Player 446469990 at (615.71246, 342.58334)
[GameWorld] Current player controllers: 3, Keys: [1125268556, 1, 446469990]
[GameWorld] Client updating remote player 446469990, isLocal=Player_446469990
[PlayerController] Updating remote player 446469990 position from (613.35547, 344.94037) to (615.71246, 342.58334)
[GameWorld] SyncPlayerPosition RPC received on peer 1125268556: Player 446469990 at (618.06946, 340.22632)
[GameWorld] Current player controllers: 3, Keys: [1125268556, 1, 446469990]
[GameWorld] Client updating remote player 446469990, isLocal=Player_446469990
[PlayerController] Updating remote player 446469990 position from (615.71246, 342.58334) to (618.06946, 340.22632)
[GameWorld] SyncPlayerPosition RPC received on peer 1125268556: Player 446469990 at (620.42645, 337.8693)
[GameWorld] Current player controllers: 3, Keys: [1125268556, 1, 446469990]
[GameWorld] Client updating remote player 446469990, isLocal=Player_446469990
[PlayerController] Updating remote player 446469990 position from (618.06946, 340.22632) to (620.42645, 337.8693)
[GameWorld] SyncPlayerPosition RPC received on peer 1125268556: Player 446469990 at (622.78345, 335.51227)
[GameWorld] Current player controllers: 3, Keys: [1125268556, 1, 446469990]
[GameWorld] Client updating remote player 446469990, isLocal=Player_446469990
[PlayerController] Updating remote player 446469990 position from (620.42645, 337.8693) to (622.78345, 335.51227)
[GameWorld] SyncPlayerPosition RPC received on peer 1125268556: Player 446469990 at (625.14044, 333.15524)
[GameWorld] Current player controllers: 3, Keys: [1125268556, 1, 446469990]
[GameWorld] Client updating remote player 446469990, isLocal=Player_446469990
[PlayerController] Updating remote player 446469990 position from (622.78345, 335.51227) to (625.14044, 333.15524)
[GameWorld] SyncPlayerPosition RPC received on peer 1125268556: Player 446469990 at (627.49744, 330.79822)
[GameWorld] Current player controllers: 3, Keys: [1125268556, 1, 446469990]
[GameWorld] Client updating remote player 446469990, isLocal=Player_446469990
[PlayerController] Updating remote player 446469990 position from (625.14044, 333.15524) to (627.49744, 330.79822)
[GameWorld] SyncPlayerPosition RPC received on peer 1125268556: Player 446469990 at (629.85443, 328.4412)
[GameWorld] Current player controllers: 3, Keys: [1125268556, 1, 446469990]
[GameWorld] Client updating remote player 446469990, isLocal=Player_446469990
[PlayerController] Updating remote player 446469990 position from (627.49744, 330.79822) to (629.85443, 328.4412)
Body entered John: Player_446469990
[GameWorld] SyncPlayerPosition RPC received on peer 1125268556: Player 446469990 at (632.2114, 326.08417)
[GameWorld] Current player controllers: 3, Keys: [1125268556, 1, 446469990]
[GameWorld] Client updating remote player 446469990, isLocal=Player_446469990
[PlayerController] Updating remote player 446469990 position from (629.85443, 328.4412) to (632.2114, 326.08417)
[GameWorld] SyncPlayerPosition RPC received on peer 1125268556: Player 446469990 at (634.5684, 323.72714)
[GameWorld] Current player controllers: 3, Keys: [1125268556, 1, 446469990]
[GameWorld] Client updating remote player 446469990, isLocal=Player_446469990
[PlayerController] Updating remote player 446469990 position from (632.2114, 326.08417) to (634.5684, 323.72714)
[GameWorld] SyncPlayerPosition RPC received on peer 1125268556: Player 446469990 at (636.9254, 321.37012)
[GameWorld] Current player controllers: 3, Keys: [1125268556, 1, 446469990]
[GameWorld] Client updating remote player 446469990, isLocal=Player_446469990
[PlayerController] Updating remote player 446469990 position from (634.5684, 323.72714) to (636.9254, 321.37012)
[GameWorld] SyncPlayerPosition RPC received on peer 1125268556: Player 446469990 at (639.2824, 319.0131)
[GameWorld] Current player controllers: 3, Keys: [1125268556, 1, 446469990]
[GameWorld] Client updating remote player 446469990, isLocal=Player_446469990
[PlayerController] Updating remote player 446469990 position from (636.9254, 321.37012) to (639.2824, 319.0131)
[GameWorld] SyncPlayerPosition RPC received on peer 1125268556: Player 446469990 at (641.6394, 316.65607)
[GameWorld] Current player controllers: 3, Keys: [1125268556, 1, 446469990]
[GameWorld] Client updating remote player 446469990, isLocal=Player_446469990
[PlayerController] Updating remote player 446469990 position from (639.2824, 319.0131) to (641.6394, 316.65607)
[GameWorld] SyncPlayerPosition RPC received on peer 1125268556: Player 446469990 at (643.9964, 314.29904)
[GameWorld] Current player controllers: 3, Keys: [1125268556, 1, 446469990]
[GameWorld] Client updating remote player 446469990, isLocal=Player_446469990
[PlayerController] Updating remote player 446469990 position from (641.6394, 316.65607) to (643.9964, 314.29904)
[GameWorld] SyncPlayerPosition RPC received on peer 1125268556: Player 446469990 at (646.3534, 311.94202)
[GameWorld] Current player controllers: 3, Keys: [1125268556, 1, 446469990]
[GameWorld] Client updating remote player 446469990, isLocal=Player_446469990
[PlayerController] Updating remote player 446469990 position from (643.9964, 314.29904) to (646.3534, 311.94202)
[GameWorld] SyncPlayerPosition RPC received on peer 1125268556: Player 446469990 at (648.7104, 309.585)
[GameWorld] Current player controllers: 3, Keys: [1125268556, 1, 446469990]
[GameWorld] Client updating remote player 446469990, isLocal=Player_446469990
[PlayerController] Updating remote player 446469990 position from (646.3534, 311.94202) to (648.7104, 309.585)
[GameWorld] SyncPlayerPosition RPC received on peer 1125268556: Player 446469990 at (651.0674, 307.22797)
[GameWorld] Current player controllers: 3, Keys: [1125268556, 1, 446469990]
[GameWorld] Client updating remote player 446469990, isLocal=Player_446469990
[PlayerController] Updating remote player 446469990 position from (648.7104, 309.585) to (651.0674, 307.22797)
[GameWorld] SyncPlayerPosition RPC received on peer 1125268556: Player 446469990 at (653.4244, 304.87094)
[GameWorld] Current player controllers: 3, Keys: [1125268556, 1, 446469990]
[GameWorld] Client updating remote player 446469990, isLocal=Player_446469990
[PlayerController] Updating remote player 446469990 position from (651.0674, 307.22797) to (653.4244, 304.87094)
[GameWorld] SyncPlayerPosition RPC received on peer 1125268556: Player 446469990 at (655.7814, 302.51392)
[GameWorld] Current player controllers: 3, Keys: [1125268556, 1, 446469990]
[GameWorld] Client updating remote player 446469990, isLocal=Player_446469990
[PlayerController] Updating remote player 446469990 position from (653.4244, 304.87094) to (655.7814, 302.51392)
[GameWorld] SyncPlayerPosition RPC received on peer 1125268556: Player 446469990 at (658.13837, 300.1569)
[GameWorld] Current player controllers: 3, Keys: [1125268556, 1, 446469990]
[GameWorld] Client updating remote player 446469990, isLocal=Player_446469990
[PlayerController] Updating remote player 446469990 position from (655.7814, 302.51392) to (658.13837, 300.1569)
[GameWorld] SyncPlayerPosition RPC received on peer 1125268556: Player 446469990 at (660.49536, 297.79987)
[GameWorld] Current player controllers: 3, Keys: [1125268556, 1, 446469990]
[GameWorld] Client updating remote player 446469990, isLocal=Player_446469990
[PlayerController] Updating remote player 446469990 position from (658.13837, 300.1569) to (660.49536, 297.79987)
[GameWorld] SyncPlayerPosition RPC received on peer 1125268556: Player 446469990 at (662.85236, 295.44284)
[GameWorld] Current player controllers: 3, Keys: [1125268556, 1, 446469990]
[GameWorld] Client updating remote player 446469990, isLocal=Player_446469990
[PlayerController] Updating remote player 446469990 position from (660.49536, 297.79987) to (662.85236, 295.44284)
[GameWorld] SyncPlayerPosition RPC received on peer 1125268556: Player 446469990 at (665.20935, 293.08582)
[GameWorld] Current player controllers: 3, Keys: [1125268556, 1, 446469990]
[GameWorld] Client updating remote player 446469990, isLocal=Player_446469990
[PlayerController] Updating remote player 446469990 position from (662.85236, 295.44284) to (665.20935, 293.08582)
[GameWorld] SyncPlayerPosition RPC received on peer 1125268556: Player 446469990 at (667.56635, 290.7288)
[GameWorld] Current player controllers: 3, Keys: [1125268556, 1, 446469990]
[GameWorld] Client updating remote player 446469990, isLocal=Player_446469990
[PlayerController] Updating remote player 446469990 position from (665.20935, 293.08582) to (667.56635, 290.7288)
[GameWorld] SyncPlayerPosition RPC received on peer 1125268556: Player 446469990 at (669.92334, 288.37177)
[GameWorld] Current player controllers: 3, Keys: [1125268556, 1, 446469990]
[GameWorld] Client updating remote player 446469990, isLocal=Player_446469990
[PlayerController] Updating remote player 446469990 position from (667.56635, 290.7288) to (669.92334, 288.37177)
[GameWorld] SyncPlayerPosition RPC received on peer 1125268556: Player 446469990 at (672.28033, 286.01474)
[GameWorld] Current player controllers: 3, Keys: [1125268556, 1, 446469990]
[GameWorld] Client updating remote player 446469990, isLocal=Player_446469990
[PlayerController] Updating remote player 446469990 position from (669.92334, 288.37177) to (672.28033, 286.01474)
[GameWorld] SyncPlayerPosition RPC received on peer 1125268556: Player 446469990 at (674.6373, 283.6577)
[GameWorld] Current player controllers: 3, Keys: [1125268556, 1, 446469990]
[GameWorld] Client updating remote player 446469990, isLocal=Player_446469990
[PlayerController] Updating remote player 446469990 position from (672.28033, 286.01474) to (674.6373, 283.6577)
[GameWorld] SyncPlayerPosition RPC received on peer 1125268556: Player 446469990 at (676.9943, 281.3007)
[GameWorld] Current player controllers: 3, Keys: [1125268556, 1, 446469990]
[GameWorld] Client updating remote player 446469990, isLocal=Player_446469990
[PlayerController] Updating remote player 446469990 position from (674.6373, 283.6577) to (676.9943, 281.3007)
[GameWorld] SyncPlayerPosition RPC received on peer 1125268556: Player 446469990 at (679.3513, 278.94366)
[GameWorld] Current player controllers: 3, Keys: [1125268556, 1, 446469990]
[GameWorld] Client updating remote player 446469990, isLocal=Player_446469990
[PlayerController] Updating remote player 446469990 position from (676.9943, 281.3007) to (679.3513, 278.94366)
[GameWorld] SyncPlayerPosition RPC received on peer 1125268556: Player 446469990 at (681.7083, 276.58664)
[GameWorld] Current player controllers: 3, Keys: [1125268556, 1, 446469990]
[GameWorld] Client updating remote player 446469990, isLocal=Player_446469990
[PlayerController] Updating remote player 446469990 position from (679.3513, 278.94366) to (681.7083, 276.58664)
[GameWorld] SyncPlayerPosition RPC received on peer 1125268556: Player 446469990 at (684.0653, 274.2296)
[GameWorld] Current player controllers: 3, Keys: [1125268556, 1, 446469990]
[GameWorld] Client updating remote player 446469990, isLocal=Player_446469990
[PlayerController] Updating remote player 446469990 position from (681.7083, 276.58664) to (684.0653, 274.2296)
[GameWorld] SyncPlayerPosition RPC received on peer 1125268556: Player 446469990 at (686.4223, 271.8726)
[GameWorld] Current player controllers: 3, Keys: [1125268556, 1, 446469990]
[GameWorld] Client updating remote player 446469990, isLocal=Player_446469990
[PlayerController] Updating remote player 446469990 position from (684.0653, 274.2296) to (686.4223, 271.8726)
[GameWorld] SyncPlayerPosition RPC received on peer 1125268556: Player 446469990 at (688.7793, 269.51556)
[GameWorld] Current player controllers: 3, Keys: [1125268556, 1, 446469990]
[GameWorld] Client updating remote player 446469990, isLocal=Player_446469990
[PlayerController] Updating remote player 446469990 position from (686.4223, 271.8726) to (688.7793, 269.51556)
[GameWorld] SyncPlayerPosition RPC received on peer 1125268556: Player 446469990 at (691.1363, 267.15854)
[GameWorld] Current player controllers: 3, Keys: [1125268556, 1, 446469990]
[GameWorld] Client updating remote player 446469990, isLocal=Player_446469990
[PlayerController] Updating remote player 446469990 position from (688.7793, 269.51556) to (691.1363, 267.15854)
[GameWorld] SyncPlayerPosition RPC received on peer 1125268556: Player 446469990 at (693.4933, 264.8015)
[GameWorld] Current player controllers: 3, Keys: [1125268556, 1, 446469990]
[GameWorld] Client updating remote player 446469990, isLocal=Player_446469990
[PlayerController] Updating remote player 446469990 position from (691.1363, 267.15854) to (693.4933, 264.8015)
[GameWorld] SyncPlayerPosition RPC received on peer 1125268556: Player 446469990 at (695.8503, 262.4445)
[GameWorld] Current player controllers: 3, Keys: [1125268556, 1, 446469990]
[GameWorld] Client updating remote player 446469990, isLocal=Player_446469990
[PlayerController] Updating remote player 446469990 position from (693.4933, 264.8015) to (695.8503, 262.4445)
[GameWorld] SyncPlayerPosition RPC received on peer 1125268556: Player 446469990 at (698.2073, 260.08746)
[GameWorld] Current player controllers: 3, Keys: [1125268556, 1, 446469990]
[GameWorld] Client updating remote player 446469990, isLocal=Player_446469990
[PlayerController] Updating remote player 446469990 position from (695.8503, 262.4445) to (698.2073, 260.08746)
[GameWorld] SyncPlayerPosition RPC received on peer 1125268556: Player 446469990 at (700.5643, 257.73044)
[GameWorld] Current player controllers: 3, Keys: [1125268556, 1, 446469990]
[GameWorld] Client updating remote player 446469990, isLocal=Player_446469990
[PlayerController] Updating remote player 446469990 position from (698.2073, 260.08746) to (700.5643, 257.73044)
[GameWorld] SyncPlayerPosition RPC received on peer 1125268556: Player 446469990 at (702.92126, 255.37341)
[GameWorld] Current player controllers: 3, Keys: [1125268556, 1, 446469990]
[GameWorld] Client updating remote player 446469990, isLocal=Player_446469990
[PlayerController] Updating remote player 446469990 position from (700.5643, 257.73044) to (702.92126, 255.37341)
[GameWorld] SyncPlayerPosition RPC received on peer 1125268556: Player 446469990 at (705.27826, 253.01639)
[GameWorld] Current player controllers: 3, Keys: [1125268556, 1, 446469990]
[GameWorld] Client updating remote player 446469990, isLocal=Player_446469990
[PlayerController] Updating remote player 446469990 position from (702.92126, 255.37341) to (705.27826, 253.01639)
[GameWorld] SyncPlayerPosition RPC received on peer 1125268556: Player 446469990 at (707.63525, 250.65936)
[GameWorld] Current player controllers: 3, Keys: [1125268556, 1, 446469990]
[GameWorld] Client updating remote player 446469990, isLocal=Player_446469990
[PlayerController] Updating remote player 446469990 position from (705.27826, 253.01639) to (707.63525, 250.65936)
[GameWorld] SyncPlayerPosition RPC received on peer 1125268556: Player 446469990 at (709.99225, 248.30234)
[GameWorld] Current player controllers: 3, Keys: [1125268556, 1, 446469990]
[GameWorld] Client updating remote player 446469990, isLocal=Player_446469990
[PlayerController] Updating remote player 446469990 position from (707.63525, 250.65936) to (709.99225, 248.30234)
[GameWorld] SyncPlayerPosition RPC received on peer 1125268556: Player 446469990 at (712.34924, 245.94531)
[GameWorld] Current player controllers: 3, Keys: [1125268556, 1, 446469990]
[GameWorld] Client updating remote player 446469990, isLocal=Player_446469990
[PlayerController] Updating remote player 446469990 position from (709.99225, 248.30234) to (712.34924, 245.94531)
[GameWorld] SyncPlayerPosition RPC received on peer 1125268556: Player 446469990 at (714.70624, 243.58829)
[GameWorld] Current player controllers: 3, Keys: [1125268556, 1, 446469990]
[GameWorld] Client updating remote player 446469990, isLocal=Player_446469990
[PlayerController] Updating remote player 446469990 position from (712.34924, 245.94531) to (714.70624, 243.58829)
[GameWorld] SyncPlayerPosition RPC received on peer 1125268556: Player 446469990 at (717.06323, 241.23126)
[GameWorld] Current player controllers: 3, Keys: [1125268556, 1, 446469990]
[GameWorld] Client updating remote player 446469990, isLocal=Player_446469990
[PlayerController] Updating remote player 446469990 position from (714.70624, 243.58829) to (717.06323, 241.23126)
[GameWorld] SyncPlayerPosition RPC received on peer 1125268556: Player 446469990 at (719.4202, 238.87424)
[GameWorld] Current player controllers: 3, Keys: [1125268556, 1, 446469990]
[GameWorld] Client updating remote player 446469990, isLocal=Player_446469990
[PlayerController] Updating remote player 446469990 position from (717.06323, 241.23126) to (719.4202, 238.87424)
[GameWorld] SyncPlayerPosition RPC received on peer 1125268556: Player 446469990 at (721.7772, 236.51721)
[GameWorld] Current player controllers: 3, Keys: [1125268556, 1, 446469990]
[GameWorld] Client updating remote player 446469990, isLocal=Player_446469990
[PlayerController] Updating remote player 446469990 position from (719.4202, 238.87424) to (721.7772, 236.51721)
[GameWorld] SyncPlayerPosition RPC received on peer 1125268556: Player 446469990 at (724.1342, 234.16019)
[GameWorld] Current player controllers: 3, Keys: [1125268556, 1, 446469990]
[GameWorld] Client updating remote player 446469990, isLocal=Player_446469990
[PlayerController] Updating remote player 446469990 position from (721.7772, 236.51721) to (724.1342, 234.16019)
[GameWorld] SyncPlayerPosition RPC received on peer 1125268556: Player 446469990 at (726.4912, 231.80316)
[GameWorld] Current player controllers: 3, Keys: [1125268556, 1, 446469990]
[GameWorld] Client updating remote player 446469990, isLocal=Player_446469990
[PlayerController] Updating remote player 446469990 position from (724.1342, 234.16019) to (726.4912, 231.80316)
[GameWorld] SyncPlayerPosition RPC received on peer 1125268556: Player 446469990 at (728.8482, 229.44614)
[GameWorld] Current player controllers: 3, Keys: [1125268556, 1, 446469990]
[GameWorld] Client updating remote player 446469990, isLocal=Player_446469990
[PlayerController] Updating remote player 446469990 position from (726.4912, 231.80316) to (728.8482, 229.44614)
[GameWorld] SyncPlayerPosition RPC received on peer 1125268556: Player 446469990 at (731.2052, 227.08911)
[GameWorld] Current player controllers: 3, Keys: [1125268556, 1, 446469990]
[GameWorld] Client updating remote player 446469990, isLocal=Player_446469990
[PlayerController] Updating remote player 446469990 position from (728.8482, 229.44614) to (731.2052, 227.08911)
[GameWorld] SyncPlayerPosition RPC received on peer 1125268556: Player 446469990 at (733.5622, 224.73209)
[GameWorld] Current player controllers: 3, Keys: [1125268556, 1, 446469990]
[GameWorld] Client updating remote player 446469990, isLocal=Player_446469990
[PlayerController] Updating remote player 446469990 position from (731.2052, 227.08911) to (733.5622, 224.73209)
[GameWorld] SyncPlayerPosition RPC received on peer 1125268556: Player 446469990 at (735.9192, 222.37506)
[GameWorld] Current player controllers: 3, Keys: [1125268556, 1, 446469990]
[GameWorld] Client updating remote player 446469990, isLocal=Player_446469990
[PlayerController] Updating remote player 446469990 position from (733.5622, 224.73209) to (735.9192, 222.37506)
[GameWorld] SyncPlayerPosition RPC received on peer 1125268556: Player 446469990 at (738.2762, 220.01804)
[GameWorld] Current player controllers: 3, Keys: [1125268556, 1, 446469990]
[GameWorld] Client updating remote player 446469990, isLocal=Player_446469990
[PlayerController] Updating remote player 446469990 position from (735.9192, 222.37506) to (738.2762, 220.01804)
[GameWorld] SyncPlayerPosition RPC received on peer 1125268556: Player 446469990 at (740.6332, 217.66101)
[GameWorld] Current player controllers: 3, Keys: [1125268556, 1, 446469990]
[GameWorld] Client updating remote player 446469990, isLocal=Player_446469990
[PlayerController] Updating remote player 446469990 position from (738.2762, 220.01804) to (740.6332, 217.66101)
Body exited John: Player_446469990
[GameWorld] SyncPlayerPosition RPC received on peer 1125268556: Player 446469990 at (742.9902, 215.30399)
[GameWorld] Current player controllers: 3, Keys: [1125268556, 1, 446469990]
[GameWorld] Client updating remote player 446469990, isLocal=Player_446469990
[PlayerController] Updating remote player 446469990 position from (740.6332, 217.66101) to (742.9902, 215.30399)
[GameWorld] SyncPlayerPosition RPC received on peer 1125268556: Player 446469990 at (745.34717, 212.94696)
[GameWorld] Current player controllers: 3, Keys: [1125268556, 1, 446469990]
[GameWorld] Client updating remote player 446469990, isLocal=Player_446469990
[PlayerController] Updating remote player 446469990 position from (742.9902, 215.30399) to (745.34717, 212.94696)
[GameWorld] SyncPlayerPosition RPC received on peer 1125268556: Player 446469990 at (747.70416, 210.58994)
[GameWorld] Current player controllers: 3, Keys: [1125268556, 1, 446469990]
[GameWorld] Client updating remote player 446469990, isLocal=Player_446469990
[PlayerController] Updating remote player 446469990 position from (745.34717, 212.94696) to (747.70416, 210.58994)
[GameWorld] SyncPlayerPosition RPC received on peer 1125268556: Player 446469990 at (750.06116, 208.23291)
[GameWorld] Current player controllers: 3, Keys: [1125268556, 1, 446469990]
[GameWorld] Client updating remote player 446469990, isLocal=Player_446469990
[PlayerController] Updating remote player 446469990 position from (747.70416, 210.58994) to (750.06116, 208.23291)
[GameWorld] SyncPlayerPosition RPC received on peer 1125268556: Player 446469990 at (752.41815, 205.87589)
[GameWorld] Current player controllers: 3, Keys: [1125268556, 1, 446469990]
[GameWorld] Client updating remote player 446469990, isLocal=Player_446469990
[PlayerController] Updating remote player 446469990 position from (750.06116, 208.23291) to (752.41815, 205.87589)
[GameWorld] SyncPlayerPosition RPC received on peer 1125268556: Player 446469990 at (754.77515, 203.51886)
[GameWorld] Current player controllers: 3, Keys: [1125268556, 1, 446469990]
[GameWorld] Client updating remote player 446469990, isLocal=Player_446469990
[PlayerController] Updating remote player 446469990 position from (752.41815, 205.87589) to (754.77515, 203.51886)
[GameWorld] SyncPlayerPosition RPC received on peer 1125268556: Player 446469990 at (757.13214, 201.16183)
[GameWorld] Current player controllers: 3, Keys: [1125268556, 1, 446469990]
[GameWorld] Client updating remote player 446469990, isLocal=Player_446469990
[PlayerController] Updating remote player 446469990 position from (754.77515, 203.51886) to (757.13214, 201.16183)
[GameWorld] SyncPlayerPosition RPC received on peer 1125268556: Player 446469990 at (759.48914, 198.80481)
[GameWorld] Current player controllers: 3, Keys: [1125268556, 1, 446469990]
[GameWorld] Client updating remote player 446469990, isLocal=Player_446469990
[PlayerController] Updating remote player 446469990 position from (757.13214, 201.16183) to (759.48914, 198.80481)
[GameWorld] SyncPlayerPosition RPC received on peer 1125268556: Player 446469990 at (761.8461, 196.44778)
[GameWorld] Current player controllers: 3, Keys: [1125268556, 1, 446469990]
[GameWorld] Client updating remote player 446469990, isLocal=Player_446469990
[PlayerController] Updating remote player 446469990 position from (759.48914, 198.80481) to (761.8461, 196.44778)
[GameWorld] SyncPlayerPosition RPC received on peer 1125268556: Player 446469990 at (764.2031, 194.09076)
[GameWorld] Current player controllers: 3, Keys: [1125268556, 1, 446469990]
[GameWorld] Client updating remote player 446469990, isLocal=Player_446469990
[PlayerController] Updating remote player 446469990 position from (761.8461, 196.44778) to (764.2031, 194.09076)
[GameWorld] SyncPlayerPosition RPC received on peer 1125268556: Player 446469990 at (766.5601, 191.73373)
[GameWorld] Current player controllers: 3, Keys: [1125268556, 1, 446469990]
[GameWorld] Client updating remote player 446469990, isLocal=Player_446469990
[PlayerController] Updating remote player 446469990 position from (764.2031, 194.09076) to (766.5601, 191.73373)
[GameWorld] SyncPlayerPosition RPC received on peer 1125268556: Player 446469990 at (768.9171, 189.37671)
[GameWorld] Current player controllers: 3, Keys: [1125268556, 1, 446469990]
[GameWorld] Client updating remote player 446469990, isLocal=Player_446469990
[PlayerController] Updating remote player 446469990 position from (766.5601, 191.73373) to (768.9171, 189.37671)
[GameWorld] SyncPlayerPosition RPC received on peer 1125268556: Player 446469990 at (771.2741, 187.01968)
[GameWorld] Current player controllers: 3, Keys: [1125268556, 1, 446469990]
[GameWorld] Client updating remote player 446469990, isLocal=Player_446469990
[PlayerController] Updating remote player 446469990 position from (768.9171, 189.37671) to (771.2741, 187.01968)
[GameWorld] SyncPlayerPosition RPC received on peer 1125268556: Player 446469990 at (773.6311, 184.66266)
[GameWorld] Current player controllers: 3, Keys: [1125268556, 1, 446469990]
[GameWorld] Client updating remote player 446469990, isLocal=Player_446469990
[PlayerController] Updating remote player 446469990 position from (771.2741, 187.01968) to (773.6311, 184.66266)
[GameWorld] SyncPlayerPosition RPC received on peer 1125268556: Player 446469990 at (775.9881, 182.30563)
[GameWorld] Current player controllers: 3, Keys: [1125268556, 1, 446469990]
[GameWorld] Client updating remote player 446469990, isLocal=Player_446469990
[PlayerController] Updating remote player 446469990 position from (773.6311, 184.66266) to (775.9881, 182.30563)
[GameWorld] SyncPlayerPosition RPC received on peer 1125268556: Player 446469990 at (778.3451, 179.94861)
[GameWorld] Current player controllers: 3, Keys: [1125268556, 1, 446469990]
[GameWorld] Client updating remote player 446469990, isLocal=Player_446469990
[PlayerController] Updating remote player 446469990 position from (775.9881, 182.30563) to (778.3451, 179.94861)
[GameWorld] SyncPlayerPosition RPC received on peer 1125268556: Player 446469990 at (780.7021, 177.59158)
[GameWorld] Current player controllers: 3, Keys: [1125268556, 1, 446469990]
[GameWorld] Client updating remote player 446469990, isLocal=Player_446469990
[PlayerController] Updating remote player 446469990 position from (778.3451, 179.94861) to (780.7021, 177.59158)
[GameWorld] SyncPlayerPosition RPC received on peer 1125268556: Player 446469990 at (783.0591, 175.23456)
[GameWorld] Current player controllers: 3, Keys: [1125268556, 1, 446469990]
[GameWorld] Client updating remote player 446469990, isLocal=Player_446469990
[PlayerController] Updating remote player 446469990 position from (780.7021, 177.59158) to (783.0591, 175.23456)
[GameWorld] SyncPlayerPosition RPC received on peer 1125268556: Player 446469990 at (785.4161, 172.87753)
[GameWorld] Current player controllers: 3, Keys: [1125268556, 1, 446469990]
[GameWorld] Client updating remote player 446469990, isLocal=Player_446469990
[PlayerController] Updating remote player 446469990 position from (783.0591, 175.23456) to (785.4161, 172.87753)
[GameWorld] SyncPlayerPosition RPC received on peer 1125268556: Player 446469990 at (787.7731, 170.52051)
[GameWorld] Current player controllers: 3, Keys: [1125268556, 1, 446469990]
[GameWorld] Client updating remote player 446469990, isLocal=Player_446469990
[PlayerController] Updating remote player 446469990 position from (785.4161, 172.87753) to (787.7731, 170.52051)
[GameWorld] SyncPlayerPosition RPC received on peer 1125268556: Player 446469990 at (791.1064, 170.52051)
[GameWorld] Current player controllers: 3, Keys: [1125268556, 1, 446469990]
[GameWorld] Client updating remote player 446469990, isLocal=Player_446469990
[PlayerController] Updating remote player 446469990 position from (787.7731, 170.52051) to (791.1064, 170.52051)
[GameWorld] SyncPlayerPosition RPC received on peer 1125268556: Player 446469990 at (794.4397, 170.52051)
[GameWorld] Current player controllers: 3, Keys: [1125268556, 1, 446469990]
[GameWorld] Client updating remote player 446469990, isLocal=Player_446469990
[PlayerController] Updating remote player 446469990 position from (791.1064, 170.52051) to (794.4397, 170.52051)
[GameWorld] SyncPlayerPosition RPC received on peer 1125268556: Player 446469990 at (797.773, 170.52051)
[GameWorld] Current player controllers: 3, Keys: [1125268556, 1, 446469990]
[GameWorld] Client updating remote player 446469990, isLocal=Player_446469990
[PlayerController] Updating remote player 446469990 position from (794.4397, 170.52051) to (797.773, 170.52051)
[GameWorld] UpdateGameState called on peer 1125268556, players before: 3
[GameWorld] SyncPlayerPosition RPC received on peer 1125268556: Player 446469990 at (794.4397, 170.52051)
[GameWorld] Current player controllers: 3, Keys: [1125268556, 1, 446469990]
[GameWorld] Client updating remote player 446469990, isLocal=Player_446469990
[PlayerController] Updating remote player 446469990 position from (797.773, 170.52051) to (794.4397, 170.52051)
[GameWorld] SyncPlayerPosition RPC received on peer 1125268556: Player 446469990 at (791.1064, 170.52051)
[GameWorld] Current player controllers: 3, Keys: [1125268556, 1, 446469990]
[GameWorld] Client updating remote player 446469990, isLocal=Player_446469990
[PlayerController] Updating remote player 446469990 position from (794.4397, 170.52051) to (791.1064, 170.52051)
[GameWorld] SyncPlayerPosition RPC received on peer 1125268556: Player 446469990 at (787.7731, 170.52051)
[GameWorld] Current player controllers: 3, Keys: [1125268556, 1, 446469990]
[GameWorld] Client updating remote player 446469990, isLocal=Player_446469990
[PlayerController] Updating remote player 446469990 position from (791.1064, 170.52051) to (787.7731, 170.52051)
[GameWorld] SyncPlayerPosition RPC received on peer 1125268556: Player 446469990 at (784.43976, 170.52051)
[GameWorld] Current player controllers: 3, Keys: [1125268556, 1, 446469990]
[GameWorld] Client updating remote player 446469990, isLocal=Player_446469990
[PlayerController] Updating remote player 446469990 position from (787.7731, 170.52051) to (784.43976, 170.52051)
[GameWorld] SyncPlayerPosition RPC received on peer 1125268556: Player 446469990 at (781.10645, 170.52051)
[GameWorld] Current player controllers: 3, Keys: [1125268556, 1, 446469990]
[GameWorld] Client updating remote player 446469990, isLocal=Player_446469990
[PlayerController] Updating remote player 446469990 position from (784.43976, 170.52051) to (781.10645, 170.52051)
[GameWorld] SyncPlayerPosition RPC received on peer 1125268556: Player 446469990 at (777.77313, 170.52051)
[GameWorld] Current player controllers: 3, Keys: [1125268556, 1, 446469990]
[GameWorld] Client updating remote player 446469990, isLocal=Player_446469990
[PlayerController] Updating remote player 446469990 position from (781.10645, 170.52051) to (777.77313, 170.52051)
[GameWorld] SyncPlayerPosition RPC received on peer 1125268556: Player 446469990 at (774.4398, 170.52051)
[GameWorld] Current player controllers: 3, Keys: [1125268556, 1, 446469990]
[GameWorld] Client updating remote player 446469990, isLocal=Player_446469990
[PlayerController] Updating remote player 446469990 position from (777.77313, 170.52051) to (774.4398, 170.52051)
[GameWorld] SyncPlayerPosition RPC received on peer 1125268556: Player 446469990 at (771.1065, 170.52051)
[GameWorld] Current player controllers: 3, Keys: [1125268556, 1, 446469990]
[GameWorld] Client updating remote player 446469990, isLocal=Player_446469990
[PlayerController] Updating remote player 446469990 position from (774.4398, 170.52051) to (771.1065, 170.52051)
[GameWorld] SyncPlayerPosition RPC received on peer 1125268556: Player 446469990 at (767.7732, 170.52051)
[GameWorld] Current player controllers: 3, Keys: [1125268556, 1, 446469990]
[GameWorld] Client updating remote player 446469990, isLocal=Player_446469990
[PlayerController] Updating remote player 446469990 position from (771.1065, 170.52051) to (767.7732, 170.52051)
[GameWorld] SyncPlayerPosition RPC received on peer 1125268556: Player 446469990 at (764.4399, 170.52051)
[GameWorld] Current player controllers: 3, Keys: [1125268556, 1, 446469990]
[GameWorld] Client updating remote player 446469990, isLocal=Player_446469990
[PlayerController] Updating remote player 446469990 position from (767.7732, 170.52051) to (764.4399, 170.52051)
[GameWorld] SyncPlayerPosition RPC received on peer 1125268556: Player 446469990 at (761.10657, 170.52051)
[GameWorld] Current player controllers: 3, Keys: [1125268556, 1, 446469990]
[GameWorld] Client updating remote player 446469990, isLocal=Player_446469990
[PlayerController] Updating remote player 446469990 position from (764.4399, 170.52051) to (761.10657, 170.52051)
[GameWorld] SyncPlayerPosition RPC received on peer 1125268556: Player 446469990 at (757.77325, 170.52051)
[GameWorld] Current player controllers: 3, Keys: [1125268556, 1, 446469990]
[GameWorld] Client updating remote player 446469990, isLocal=Player_446469990
[PlayerController] Updating remote player 446469990 position from (761.10657, 170.52051) to (757.77325, 170.52051)
[GameWorld] SyncPlayerPosition RPC received on peer 1125268556: Player 446469990 at (754.43994, 170.52051)
[GameWorld] Current player controllers: 3, Keys: [1125268556, 1, 446469990]
[GameWorld] Client updating remote player 446469990, isLocal=Player_446469990
[PlayerController] Updating remote player 446469990 position from (757.77325, 170.52051) to (754.43994, 170.52051)
[GameWorld] SyncPlayerPosition RPC received on peer 1125268556: Player 446469990 at (751.1066, 170.52051)
[GameWorld] Current player controllers: 3, Keys: [1125268556, 1, 446469990]
[GameWorld] Client updating remote player 446469990, isLocal=Player_446469990
[PlayerController] Updating remote player 446469990 position from (754.43994, 170.52051) to (751.1066, 170.52051)
[GameWorld] SyncPlayerPosition RPC received on peer 1125268556: Player 446469990 at (747.7733, 170.52051)
[GameWorld] Current player controllers: 3, Keys: [1125268556, 1, 446469990]
[GameWorld] Client updating remote player 446469990, isLocal=Player_446469990
[PlayerController] Updating remote player 446469990 position from (751.1066, 170.52051) to (747.7733, 170.52051)
[GameWorld] SyncPlayerPosition RPC received on peer 1125268556: Player 446469990 at (744.44, 170.52051)
[GameWorld] Current player controllers: 3, Keys: [1125268556, 1, 446469990]
[GameWorld] Client updating remote player 446469990, isLocal=Player_446469990
[PlayerController] Updating remote player 446469990 position from (747.7733, 170.52051) to (744.44, 170.52051)
[GameWorld] SyncPlayerPosition RPC received on peer 1125268556: Player 446469990 at (741.1067, 170.52051)
[GameWorld] Current player controllers: 3, Keys: [1125268556, 1, 446469990]
[GameWorld] Client updating remote player 446469990, isLocal=Player_446469990
[PlayerController] Updating remote player 446469990 position from (744.44, 170.52051) to (741.1067, 170.52051)
[GameWorld] SyncPlayerPosition RPC received on peer 1125268556: Player 446469990 at (738.7497, 168.16348)
[GameWorld] Current player controllers: 3, Keys: [1125268556, 1, 446469990]
[GameWorld] Client updating remote player 446469990, isLocal=Player_446469990
[PlayerController] Updating remote player 446469990 position from (741.1067, 170.52051) to (738.7497, 168.16348)
[GameWorld] SyncPlayerPosition RPC received on peer 1125268556: Player 446469990 at (736.3927, 165.80646)
[GameWorld] Current player controllers: 3, Keys: [1125268556, 1, 446469990]
[GameWorld] Client updating remote player 446469990, isLocal=Player_446469990
[PlayerController] Updating remote player 446469990 position from (738.7497, 168.16348) to (736.3927, 165.80646)
[GameWorld] SyncPlayerPosition RPC received on peer 1125268556: Player 446469990 at (734.0357, 163.44943)
[GameWorld] Current player controllers: 3, Keys: [1125268556, 1, 446469990]
[GameWorld] Client updating remote player 446469990, isLocal=Player_446469990
[PlayerController] Updating remote player 446469990 position from (736.3927, 165.80646) to (734.0357, 163.44943)
[GameWorld] SyncPlayerPosition RPC received on peer 1125268556: Player 446469990 at (731.6787, 161.0924)
[GameWorld] Current player controllers: 3, Keys: [1125268556, 1, 446469990]
[GameWorld] Client updating remote player 446469990, isLocal=Player_446469990
[PlayerController] Updating remote player 446469990 position from (734.0357, 163.44943) to (731.6787, 161.0924)
[GameWorld] SyncPlayerPosition RPC received on peer 1125268556: Player 446469990 at (729.3217, 158.73538)
[GameWorld] Current player controllers: 3, Keys: [1125268556, 1, 446469990]
[GameWorld] Client updating remote player 446469990, isLocal=Player_446469990
[PlayerController] Updating remote player 446469990 position from (731.6787, 161.0924) to (729.3217, 158.73538)
[GameWorld] SyncPlayerPosition RPC received on peer 1125268556: Player 446469990 at (726.9647, 156.37836)
[GameWorld] Current player controllers: 3, Keys: [1125268556, 1, 446469990]
[GameWorld] Client updating remote player 446469990, isLocal=Player_446469990
[PlayerController] Updating remote player 446469990 position from (729.3217, 158.73538) to (726.9647, 156.37836)
[GameWorld] SyncPlayerPosition RPC received on peer 1125268556: Player 446469990 at (724.6077, 154.02133)
[GameWorld] Current player controllers: 3, Keys: [1125268556, 1, 446469990]
[GameWorld] Client updating remote player 446469990, isLocal=Player_446469990
[PlayerController] Updating remote player 446469990 position from (726.9647, 156.37836) to (724.6077, 154.02133)
Body entered John: Player_446469990
[GameWorld] SyncPlayerPosition RPC received on peer 1125268556: Player 446469990 at (722.25073, 151.6643)
[GameWorld] Current player controllers: 3, Keys: [1125268556, 1, 446469990]
[GameWorld] Client updating remote player 446469990, isLocal=Player_446469990
[PlayerController] Updating remote player 446469990 position from (724.6077, 154.02133) to (722.25073, 151.6643)
[GameWorld] SyncPlayerPosition RPC received on peer 1125268556: Player 446469990 at (719.89374, 149.30728)
[GameWorld] Current player controllers: 3, Keys: [1125268556, 1, 446469990]
[GameWorld] Client updating remote player 446469990, isLocal=Player_446469990
[PlayerController] Updating remote player 446469990 position from (722.25073, 151.6643) to (719.89374, 149.30728)
[GameWorld] SyncPlayerPosition RPC received on peer 1125268556: Player 446469990 at (717.53674, 146.95026)
[GameWorld] Current player controllers: 3, Keys: [1125268556, 1, 446469990]
[GameWorld] Client updating remote player 446469990, isLocal=Player_446469990
[PlayerController] Updating remote player 446469990 position from (719.89374, 149.30728) to (717.53674, 146.95026)
[GameWorld] SyncPlayerPosition RPC received on peer 1125268556: Player 446469990 at (715.17975, 144.59323)
[GameWorld] Current player controllers: 3, Keys: [1125268556, 1, 446469990]
[GameWorld] Client updating remote player 446469990, isLocal=Player_446469990
[PlayerController] Updating remote player 446469990 position from (717.53674, 146.95026) to (715.17975, 144.59323)
[GameWorld] SyncPlayerPosition RPC received on peer 1125268556: Player 446469990 at (712.82275, 142.2362)
[GameWorld] Current player controllers: 3, Keys: [1125268556, 1, 446469990]
[GameWorld] Client updating remote player 446469990, isLocal=Player_446469990
[PlayerController] Updating remote player 446469990 position from (715.17975, 144.59323) to (712.82275, 142.2362)
[GameWorld] SyncPlayerPosition RPC received on peer 1125268556: Player 446469990 at (710.46576, 139.87918)
[GameWorld] Current player controllers: 3, Keys: [1125268556, 1, 446469990]
[GameWorld] Client updating remote player 446469990, isLocal=Player_446469990
[PlayerController] Updating remote player 446469990 position from (712.82275, 142.2362) to (710.46576, 139.87918)
[GameWorld] SyncPlayerPosition RPC received on peer 1125268556: Player 446469990 at (708.10876, 137.52216)
[GameWorld] Current player controllers: 3, Keys: [1125268556, 1, 446469990]
[GameWorld] Client updating remote player 446469990, isLocal=Player_446469990
[PlayerController] Updating remote player 446469990 position from (710.46576, 139.87918) to (708.10876, 137.52216)
[GameWorld] SyncPlayerPosition RPC received on peer 1125268556: Player 446469990 at (705.7518, 135.16513)
[GameWorld] Current player controllers: 3, Keys: [1125268556, 1, 446469990]
[GameWorld] Client updating remote player 446469990, isLocal=Player_446469990
[PlayerController] Updating remote player 446469990 position from (708.10876, 137.52216) to (705.7518, 135.16513)
[GameWorld] SyncPlayerPosition RPC received on peer 1125268556: Player 446469990 at (703.3948, 132.8081)
[GameWorld] Current player controllers: 3, Keys: [1125268556, 1, 446469990]
[GameWorld] Client updating remote player 446469990, isLocal=Player_446469990
[PlayerController] Updating remote player 446469990 position from (705.7518, 135.16513) to (703.3948, 132.8081)
[GameWorld] SyncPlayerPosition RPC received on peer 1125268556: Player 446469990 at (701.0378, 130.45108)
[GameWorld] Current player controllers: 3, Keys: [1125268556, 1, 446469990]
[GameWorld] Client updating remote player 446469990, isLocal=Player_446469990
[PlayerController] Updating remote player 446469990 position from (703.3948, 132.8081) to (701.0378, 130.45108)
[GameWorld] SyncPlayerPosition RPC received on peer 1125268556: Player 446469990 at (698.6808, 128.09406)
[GameWorld] Current player controllers: 3, Keys: [1125268556, 1, 446469990]
[GameWorld] Client updating remote player 446469990, isLocal=Player_446469990
[PlayerController] Updating remote player 446469990 position from (701.0378, 130.45108) to (698.6808, 128.09406)
[GameWorld] SyncPlayerPosition RPC received on peer 1125268556: Player 446469990 at (695.3475, 128.09406)
[GameWorld] Current player controllers: 3, Keys: [1125268556, 1, 446469990]
[GameWorld] Client updating remote player 446469990, isLocal=Player_446469990
[PlayerController] Updating remote player 446469990 position from (698.6808, 128.09406) to (695.3475, 128.09406)
[GameWorld] UpdateGameState called on peer 1125268556, players before: 3
[GameWorld] SyncPlayerPosition RPC received on peer 1125268556: Player 446469990 at (698.6808, 128.09406)
[GameWorld] Current player controllers: 3, Keys: [1125268556, 1, 446469990]
[GameWorld] Client updating remote player 446469990, isLocal=Player_446469990
[PlayerController] Updating remote player 446469990 position from (695.3475, 128.09406) to (698.6808, 128.09406)
[GameWorld] SyncPlayerPosition RPC received on peer 1125268556: Player 446469990 at (702.0141, 128.09406)
[GameWorld] Current player controllers: 3, Keys: [1125268556, 1, 446469990]
[GameWorld] Client updating remote player 446469990, isLocal=Player_446469990
[PlayerController] Updating remote player 446469990 position from (698.6808, 128.09406) to (702.0141, 128.09406)
[GameWorld] SyncPlayerPosition RPC received on peer 1125268556: Player 446469990 at (705.3474, 128.09406)
[GameWorld] Current player controllers: 3, Keys: [1125268556, 1, 446469990]
[GameWorld] Client updating remote player 446469990, isLocal=Player_446469990
[PlayerController] Updating remote player 446469990 position from (702.0141, 128.09406) to (705.3474, 128.09406)
[GameWorld] SyncPlayerPosition RPC received on peer 1125268556: Player 446469990 at (708.6807, 128.09406)
[GameWorld] Current player controllers: 3, Keys: [1125268556, 1, 446469990]
[GameWorld] Client updating remote player 446469990, isLocal=Player_446469990
[PlayerController] Updating remote player 446469990 position from (705.3474, 128.09406) to (708.6807, 128.09406)
[GameWorld] SyncPlayerPosition RPC received on peer 1125268556: Player 446469990 at (712.01404, 128.09406)
[GameWorld] Current player controllers: 3, Keys: [1125268556, 1, 446469990]
[GameWorld] Client updating remote player 446469990, isLocal=Player_446469990
[PlayerController] Updating remote player 446469990 position from (708.6807, 128.09406) to (712.01404, 128.09406)
[GameWorld] SyncPlayerPosition RPC received on peer 1125268556: Player 446469990 at (715.34735, 128.09406)
[GameWorld] Current player controllers: 3, Keys: [1125268556, 1, 446469990]
[GameWorld] Client updating remote player 446469990, isLocal=Player_446469990
[PlayerController] Updating remote player 446469990 position from (712.01404, 128.09406) to (715.34735, 128.09406)
[GameWorld] SyncPlayerPosition RPC received on peer 1125268556: Player 446469990 at (718.68066, 128.09406)
[GameWorld] Current player controllers: 3, Keys: [1125268556, 1, 446469990]
[GameWorld] Client updating remote player 446469990, isLocal=Player_446469990
[PlayerController] Updating remote player 446469990 position from (715.34735, 128.09406) to (718.68066, 128.09406)
[GameWorld] SyncPlayerPosition RPC received on peer 1125268556: Player 446469990 at (722.014, 128.09406)
[GameWorld] Current player controllers: 3, Keys: [1125268556, 1, 446469990]
[GameWorld] Client updating remote player 446469990, isLocal=Player_446469990
[PlayerController] Updating remote player 446469990 position from (718.68066, 128.09406) to (722.014, 128.09406)
[GameWorld] SyncPlayerPosition RPC received on peer 1125268556: Player 446469990 at (725.3473, 128.09406)
[GameWorld] Current player controllers: 3, Keys: [1125268556, 1, 446469990]
[GameWorld] Client updating remote player 446469990, isLocal=Player_446469990
[PlayerController] Updating remote player 446469990 position from (722.014, 128.09406) to (725.3473, 128.09406)
Body exited John: Player_446469990
[GameWorld] SyncPlayerPosition RPC received on peer 1125268556: Player 446469990 at (728.6806, 128.09406)
[GameWorld] Current player controllers: 3, Keys: [1125268556, 1, 446469990]
[GameWorld] Client updating remote player 446469990, isLocal=Player_446469990
[PlayerController] Updating remote player 446469990 position from (725.3473, 128.09406) to (728.6806, 128.09406)
[GameWorld] SyncPlayerPosition RPC received on peer 1125268556: Player 446469990 at (732.0139, 128.09406)
[GameWorld] Current player controllers: 3, Keys: [1125268556, 1, 446469990]
[GameWorld] Client updating remote player 446469990, isLocal=Player_446469990
[PlayerController] Updating remote player 446469990 position from (728.6806, 128.09406) to (732.0139, 128.09406)
[GameWorld] SyncPlayerPosition RPC received on peer 1125268556: Player 446469990 at (735.3472, 128.09406)
[GameWorld] Current player controllers: 3, Keys: [1125268556, 1, 446469990]
[GameWorld] Client updating remote player 446469990, isLocal=Player_446469990
[PlayerController] Updating remote player 446469990 position from (732.0139, 128.09406) to (735.3472, 128.09406)
[GameWorld] SyncPlayerPosition RPC received on peer 1125268556: Player 446469990 at (738.68054, 128.09406)
[GameWorld] Current player controllers: 3, Keys: [1125268556, 1, 446469990]
[GameWorld] Client updating remote player 446469990, isLocal=Player_446469990
[PlayerController] Updating remote player 446469990 position from (735.3472, 128.09406) to (738.68054, 128.09406)
[GameWorld] SyncPlayerPosition RPC received on peer 1125268556: Player 446469990 at (742.01385, 128.09406)
[GameWorld] Current player controllers: 3, Keys: [1125268556, 1, 446469990]
[GameWorld] Client updating remote player 446469990, isLocal=Player_446469990
[PlayerController] Updating remote player 446469990 position from (738.68054, 128.09406) to (742.01385, 128.09406)
[GameWorld] SyncPlayerPosition RPC received on peer 1125268556: Player 446469990 at (745.34717, 128.09406)
[GameWorld] Current player controllers: 3, Keys: [1125268556, 1, 446469990]
[GameWorld] Client updating remote player 446469990, isLocal=Player_446469990
[PlayerController] Updating remote player 446469990 position from (742.01385, 128.09406) to (745.34717, 128.09406)
[GameWorld] SyncPlayerPosition RPC received on peer 1125268556: Player 446469990 at (748.6805, 128.09406)
[GameWorld] Current player controllers: 3, Keys: [1125268556, 1, 446469990]
[GameWorld] Client updating remote player 446469990, isLocal=Player_446469990
[PlayerController] Updating remote player 446469990 position from (745.34717, 128.09406) to (748.6805, 128.09406)
[GameWorld] SyncPlayerPosition RPC received on peer 1125268556: Player 446469990 at (752.0138, 128.09406)
[GameWorld] Current player controllers: 3, Keys: [1125268556, 1, 446469990]
[GameWorld] Client updating remote player 446469990, isLocal=Player_446469990
[PlayerController] Updating remote player 446469990 position from (748.6805, 128.09406) to (752.0138, 128.09406)
[GameWorld] SyncPlayerPosition RPC received on peer 1125268556: Player 446469990 at (755.3471, 128.09406)
[GameWorld] Current player controllers: 3, Keys: [1125268556, 1, 446469990]
[GameWorld] Client updating remote player 446469990, isLocal=Player_446469990
[PlayerController] Updating remote player 446469990 position from (752.0138, 128.09406) to (755.3471, 128.09406)
[GameWorld] SyncPlayerPosition RPC received on peer 1125268556: Player 446469990 at (758.6804, 128.09406)
[GameWorld] Current player controllers: 3, Keys: [1125268556, 1, 446469990]
[GameWorld] Client updating remote player 446469990, isLocal=Player_446469990
[PlayerController] Updating remote player 446469990 position from (755.3471, 128.09406) to (758.6804, 128.09406)
[GameWorld] SyncPlayerPosition RPC received on peer 1125268556: Player 446469990 at (762.01373, 128.09406)
[GameWorld] Current player controllers: 3, Keys: [1125268556, 1, 446469990]
[GameWorld] Client updating remote player 446469990, isLocal=Player_446469990
[PlayerController] Updating remote player 446469990 position from (758.6804, 128.09406) to (762.01373, 128.09406)
[GameWorld] SyncPlayerPosition RPC received on peer 1125268556: Player 446469990 at (765.34705, 128.09406)
[GameWorld] Current player controllers: 3, Keys: [1125268556, 1, 446469990]
[GameWorld] Client updating remote player 446469990, isLocal=Player_446469990
[PlayerController] Updating remote player 446469990 position from (762.01373, 128.09406) to (765.34705, 128.09406)
[GameWorld] SyncPlayerPosition RPC received on peer 1125268556: Player 446469990 at (768.68036, 128.09406)
[GameWorld] Current player controllers: 3, Keys: [1125268556, 1, 446469990]
[GameWorld] Client updating remote player 446469990, isLocal=Player_446469990
[PlayerController] Updating remote player 446469990 position from (765.34705, 128.09406) to (768.68036, 128.09406)
[GameWorld] SyncPlayerPosition RPC received on peer 1125268556: Player 446469990 at (772.0137, 128.09406)
[GameWorld] Current player controllers: 3, Keys: [1125268556, 1, 446469990]
[GameWorld] Client updating remote player 446469990, isLocal=Player_446469990
[PlayerController] Updating remote player 446469990 position from (768.68036, 128.09406) to (772.0137, 128.09406)
[GameWorld] SyncPlayerPosition RPC received on peer 1125268556: Player 446469990 at (775.347, 128.09406)
[GameWorld] Current player controllers: 3, Keys: [1125268556, 1, 446469990]
[GameWorld] Client updating remote player 446469990, isLocal=Player_446469990
[PlayerController] Updating remote player 446469990 position from (772.0137, 128.09406) to (775.347, 128.09406)
[GameWorld] SyncPlayerPosition RPC received on peer 1125268556: Player 446469990 at (778.6803, 128.09406)
[GameWorld] Current player controllers: 3, Keys: [1125268556, 1, 446469990]
[GameWorld] Client updating remote player 446469990, isLocal=Player_446469990
[PlayerController] Updating remote player 446469990 position from (775.347, 128.09406) to (778.6803, 128.09406)
[GameWorld] SyncPlayerPosition RPC received on peer 1125268556: Player 446469990 at (782.0136, 128.09406)
[GameWorld] Current player controllers: 3, Keys: [1125268556, 1, 446469990]
[GameWorld] Client updating remote player 446469990, isLocal=Player_446469990
[PlayerController] Updating remote player 446469990 position from (778.6803, 128.09406) to (782.0136, 128.09406)
[GameWorld] SyncPlayerPosition RPC received on peer 1125268556: Player 446469990 at (785.3469, 128.09406)
[GameWorld] Current player controllers: 3, Keys: [1125268556, 1, 446469990]
[GameWorld] Client updating remote player 446469990, isLocal=Player_446469990
[PlayerController] Updating remote player 446469990 position from (782.0136, 128.09406) to (785.3469, 128.09406)
[GameWorld] SyncPlayerPosition RPC received on peer 1125268556: Player 446469990 at (788.68024, 128.09406)
[GameWorld] Current player controllers: 3, Keys: [1125268556, 1, 446469990]
[GameWorld] Client updating remote player 446469990, isLocal=Player_446469990
[PlayerController] Updating remote player 446469990 position from (785.3469, 128.09406) to (788.68024, 128.09406)
[GameWorld] SyncPlayerPosition RPC received on peer 1125268556: Player 446469990 at (792.01355, 128.09406)
[GameWorld] Current player controllers: 3, Keys: [1125268556, 1, 446469990]
[GameWorld] Client updating remote player 446469990, isLocal=Player_446469990
[PlayerController] Updating remote player 446469990 position from (788.68024, 128.09406) to (792.01355, 128.09406)
[GameWorld] SyncPlayerPosition RPC received on peer 1125268556: Player 446469990 at (795.34686, 128.09406)
[GameWorld] Current player controllers: 3, Keys: [1125268556, 1, 446469990]
[GameWorld] Client updating remote player 446469990, isLocal=Player_446469990
[PlayerController] Updating remote player 446469990 position from (792.01355, 128.09406) to (795.34686, 128.09406)
[GameWorld] SyncPlayerPosition RPC received on peer 1125268556: Player 446469990 at (798.6802, 128.09406)
[GameWorld] Current player controllers: 3, Keys: [1125268556, 1, 446469990]
[GameWorld] Client updating remote player 446469990, isLocal=Player_446469990
[PlayerController] Updating remote player 446469990 position from (795.34686, 128.09406) to (798.6802, 128.09406)
[GameWorld] SyncPlayerPosition RPC received on peer 1125268556: Player 446469990 at (802.0135, 128.09406)
[GameWorld] Current player controllers: 3, Keys: [1125268556, 1, 446469990]
[GameWorld] Client updating remote player 446469990, isLocal=Player_446469990
[PlayerController] Updating remote player 446469990 position from (798.6802, 128.09406) to (802.0135, 128.09406)
[GameWorld] SyncPlayerPosition RPC received on peer 1125268556: Player 446469990 at (805.3468, 128.09406)
[GameWorld] Current player controllers: 3, Keys: [1125268556, 1, 446469990]
[GameWorld] Client updating remote player 446469990, isLocal=Player_446469990
[PlayerController] Updating remote player 446469990 position from (802.0135, 128.09406) to (805.3468, 128.09406)
[GameWorld] SyncPlayerPosition RPC received on peer 1125268556: Player 446469990 at (808.6801, 128.09406)
[GameWorld] Current player controllers: 3, Keys: [1125268556, 1, 446469990]
[GameWorld] Client updating remote player 446469990, isLocal=Player_446469990
[PlayerController] Updating remote player 446469990 position from (805.3468, 128.09406) to (808.6801, 128.09406)
[GameWorld] SyncPlayerPosition RPC received on peer 1125268556: Player 446469990 at (812.0134, 128.09406)
[GameWorld] Current player controllers: 3, Keys: [1125268556, 1, 446469990]
[GameWorld] Client updating remote player 446469990, isLocal=Player_446469990
[PlayerController] Updating remote player 446469990 position from (808.6801, 128.09406) to (812.0134, 128.09406)
[GameWorld] SyncPlayerPosition RPC received on peer 1125268556: Player 446469990 at (815.34674, 128.09406)
[GameWorld] Current player controllers: 3, Keys: [1125268556, 1, 446469990]
[GameWorld] Client updating remote player 446469990, isLocal=Player_446469990
[PlayerController] Updating remote player 446469990 position from (812.0134, 128.09406) to (815.34674, 128.09406)
[GameWorld] SyncPlayerPosition RPC received on peer 1125268556: Player 446469990 at (817.70374, 130.45108)
[GameWorld] Current player controllers: 3, Keys: [1125268556, 1, 446469990]
[GameWorld] Client updating remote player 446469990, isLocal=Player_446469990
[PlayerController] Updating remote player 446469990 position from (815.34674, 128.09406) to (817.70374, 130.45108)
[GameWorld] SyncPlayerPosition RPC received on peer 1125268556: Player 446469990 at (820.0607, 132.8081)
[GameWorld] Current player controllers: 3, Keys: [1125268556, 1, 446469990]
[GameWorld] Client updating remote player 446469990, isLocal=Player_446469990
[PlayerController] Updating remote player 446469990 position from (817.70374, 130.45108) to (820.0607, 132.8081)
[GameWorld] SyncPlayerPosition RPC received on peer 1125268556: Player 446469990 at (822.4177, 135.16513)
[GameWorld] Current player controllers: 3, Keys: [1125268556, 1, 446469990]
[GameWorld] Client updating remote player 446469990, isLocal=Player_446469990
[PlayerController] Updating remote player 446469990 position from (820.0607, 132.8081) to (822.4177, 135.16513)
[GameWorld] SyncPlayerPosition RPC received on peer 1125268556: Player 446469990 at (824.7747, 137.52216)
[GameWorld] Current player controllers: 3, Keys: [1125268556, 1, 446469990]
[GameWorld] Client updating remote player 446469990, isLocal=Player_446469990
[PlayerController] Updating remote player 446469990 position from (822.4177, 135.16513) to (824.7747, 137.52216)
[GameWorld] SyncPlayerPosition RPC received on peer 1125268556: Player 446469990 at (827.1317, 139.87918)
[GameWorld] Current player controllers: 3, Keys: [1125268556, 1, 446469990]
[GameWorld] Client updating remote player 446469990, isLocal=Player_446469990
[PlayerController] Updating remote player 446469990 position from (824.7747, 137.52216) to (827.1317, 139.87918)
[GameWorld] SyncPlayerPosition RPC received on peer 1125268556: Player 446469990 at (829.4887, 142.2362)
[GameWorld] Current player controllers: 3, Keys: [1125268556, 1, 446469990]
[GameWorld] Client updating remote player 446469990, isLocal=Player_446469990
[PlayerController] Updating remote player 446469990 position from (827.1317, 139.87918) to (829.4887, 142.2362)
[GameWorld] SyncPlayerPosition RPC received on peer 1125268556: Player 446469990 at (829.4887, 145.56953)
[GameWorld] Current player controllers: 3, Keys: [1125268556, 1, 446469990]
[GameWorld] Client updating remote player 446469990, isLocal=Player_446469990
[PlayerController] Updating remote player 446469990 position from (829.4887, 142.2362) to (829.4887, 145.56953)
[GameWorld] SyncPlayerPosition RPC received on peer 1125268556: Player 446469990 at (829.4887, 148.90286)
[GameWorld] Current player controllers: 3, Keys: [1125268556, 1, 446469990]
[GameWorld] Client updating remote player 446469990, isLocal=Player_446469990
[PlayerController] Updating remote player 446469990 position from (829.4887, 145.56953) to (829.4887, 148.90286)
[GameWorld] SyncPlayerPosition RPC received on peer 1125268556: Player 446469990 at (829.4887, 152.23619)
[GameWorld] Current player controllers: 3, Keys: [1125268556, 1, 446469990]
[GameWorld] Client updating remote player 446469990, isLocal=Player_446469990
[PlayerController] Updating remote player 446469990 position from (829.4887, 148.90286) to (829.4887, 152.23619)
[GameWorld] SyncPlayerPosition RPC received on peer 1125268556: Player 446469990 at (829.4887, 155.56952)
[GameWorld] Current player controllers: 3, Keys: [1125268556, 1, 446469990]
[GameWorld] Client updating remote player 446469990, isLocal=Player_446469990
[PlayerController] Updating remote player 446469990 position from (829.4887, 152.23619) to (829.4887, 155.56952)
[GameWorld] SyncPlayerPosition RPC received on peer 1125268556: Player 446469990 at (829.4887, 158.90285)
[GameWorld] Current player controllers: 3, Keys: [1125268556, 1, 446469990]
[GameWorld] Client updating remote player 446469990, isLocal=Player_446469990
[PlayerController] Updating remote player 446469990 position from (829.4887, 155.56952) to (829.4887, 158.90285)
[GameWorld] SyncPlayerPosition RPC received on peer 1125268556: Player 446469990 at (829.4887, 162.23618)
[GameWorld] Current player controllers: 3, Keys: [1125268556, 1, 446469990]
[GameWorld] Client updating remote player 446469990, isLocal=Player_446469990
[PlayerController] Updating remote player 446469990 position from (829.4887, 158.90285) to (829.4887, 162.23618)
[GameWorld] SyncPlayerPosition RPC received on peer 1125268556: Player 446469990 at (829.4887, 165.5695)
[GameWorld] Current player controllers: 3, Keys: [1125268556, 1, 446469990]
[GameWorld] Client updating remote player 446469990, isLocal=Player_446469990
[PlayerController] Updating remote player 446469990 position from (829.4887, 162.23618) to (829.4887, 165.5695)
[GameWorld] SyncPlayerPosition RPC received on peer 1125268556: Player 446469990 at (829.4887, 168.90283)
[GameWorld] Current player controllers: 3, Keys: [1125268556, 1, 446469990]
[GameWorld] Client updating remote player 446469990, isLocal=Player_446469990
[PlayerController] Updating remote player 446469990 position from (829.4887, 165.5695) to (829.4887, 168.90283)
[GameWorld] SyncPlayerPosition RPC received on peer 1125268556: Player 446469990 at (829.4887, 172.23616)
[GameWorld] Current player controllers: 3, Keys: [1125268556, 1, 446469990]
[GameWorld] Client updating remote player 446469990, isLocal=Player_446469990
[PlayerController] Updating remote player 446469990 position from (829.4887, 168.90283) to (829.4887, 172.23616)
[GameWorld] SyncPlayerPosition RPC received on peer 1125268556: Player 446469990 at (829.4887, 175.56949)
[GameWorld] Current player controllers: 3, Keys: [1125268556, 1, 446469990]
[GameWorld] Client updating remote player 446469990, isLocal=Player_446469990
[PlayerController] Updating remote player 446469990 position from (829.4887, 172.23616) to (829.4887, 175.56949)
[GameWorld] SyncPlayerPosition RPC received on peer 1125268556: Player 446469990 at (829.4887, 178.90282)
[GameWorld] Current player controllers: 3, Keys: [1125268556, 1, 446469990]
[GameWorld] Client updating remote player 446469990, isLocal=Player_446469990
[PlayerController] Updating remote player 446469990 position from (829.4887, 175.56949) to (829.4887, 178.90282)
[GameWorld] SyncPlayerPosition RPC received on peer 1125268556: Player 446469990 at (829.4887, 182.23615)
[GameWorld] Current player controllers: 3, Keys: [1125268556, 1, 446469990]
[GameWorld] Client updating remote player 446469990, isLocal=Player_446469990
[PlayerController] Updating remote player 446469990 position from (829.4887, 178.90282) to (829.4887, 182.23615)
[GameWorld] SyncPlayerPosition RPC received on peer 1125268556: Player 446469990 at (829.4887, 185.56947)
[GameWorld] Current player controllers: 3, Keys: [1125268556, 1, 446469990]
[GameWorld] Client updating remote player 446469990, isLocal=Player_446469990
[PlayerController] Updating remote player 446469990 position from (829.4887, 182.23615) to (829.4887, 185.56947)
[GameWorld] SyncPlayerPosition RPC received on peer 1125268556: Player 446469990 at (829.4887, 188.9028)
[GameWorld] Current player controllers: 3, Keys: [1125268556, 1, 446469990]
[GameWorld] Client updating remote player 446469990, isLocal=Player_446469990
[PlayerController] Updating remote player 446469990 position from (829.4887, 185.56947) to (829.4887, 188.9028)
[GameWorld] SyncPlayerPosition RPC received on peer 1125268556: Player 446469990 at (829.4887, 192.23613)
[GameWorld] Current player controllers: 3, Keys: [1125268556, 1, 446469990]
[GameWorld] Client updating remote player 446469990, isLocal=Player_446469990
[PlayerController] Updating remote player 446469990 position from (829.4887, 188.9028) to (829.4887, 192.23613)
[GameWorld] SyncPlayerPosition RPC received on peer 1125268556: Player 446469990 at (829.4887, 195.56946)
[GameWorld] Current player controllers: 3, Keys: [1125268556, 1, 446469990]
[GameWorld] Client updating remote player 446469990, isLocal=Player_446469990
[PlayerController] Updating remote player 446469990 position from (829.4887, 192.23613) to (829.4887, 195.56946)
[GameWorld] SyncPlayerPosition RPC received on peer 1125268556: Player 446469990 at (829.4887, 198.90279)
[GameWorld] Current player controllers: 3, Keys: [1125268556, 1, 446469990]
[GameWorld] Client updating remote player 446469990, isLocal=Player_446469990
[PlayerController] Updating remote player 446469990 position from (829.4887, 195.56946) to (829.4887, 198.90279)
[GameWorld] SyncPlayerPosition RPC received on peer 1125268556: Player 446469990 at (829.4887, 202.23611)
[GameWorld] Current player controllers: 3, Keys: [1125268556, 1, 446469990]
[GameWorld] Client updating remote player 446469990, isLocal=Player_446469990
[PlayerController] Updating remote player 446469990 position from (829.4887, 198.90279) to (829.4887, 202.23611)
[GameWorld] SyncPlayerPosition RPC received on peer 1125268556: Player 446469990 at (829.4887, 205.56944)
[GameWorld] Current player controllers: 3, Keys: [1125268556, 1, 446469990]
[GameWorld] Client updating remote player 446469990, isLocal=Player_446469990
[PlayerController] Updating remote player 446469990 position from (829.4887, 202.23611) to (829.4887, 205.56944)
[GameWorld] SyncPlayerPosition RPC received on peer 1125268556: Player 446469990 at (829.4887, 208.90277)
[GameWorld] Current player controllers: 3, Keys: [1125268556, 1, 446469990]
[GameWorld] Client updating remote player 446469990, isLocal=Player_446469990
[PlayerController] Updating remote player 446469990 position from (829.4887, 205.56944) to (829.4887, 208.90277)
[GameWorld] SyncPlayerPosition RPC received on peer 1125268556: Player 446469990 at (829.4887, 212.2361)
[GameWorld] Current player controllers: 3, Keys: [1125268556, 1, 446469990]
[GameWorld] Client updating remote player 446469990, isLocal=Player_446469990
[PlayerController] Updating remote player 446469990 position from (829.4887, 208.90277) to (829.4887, 212.2361)
[GameWorld] SyncPlayerPosition RPC received on peer 1125268556: Player 446469990 at (829.4887, 215.56943)
[GameWorld] Current player controllers: 3, Keys: [1125268556, 1, 446469990]
[GameWorld] Client updating remote player 446469990, isLocal=Player_446469990
[PlayerController] Updating remote player 446469990 position from (829.4887, 212.2361) to (829.4887, 215.56943)
[GameWorld] SyncPlayerPosition RPC received on peer 1125268556: Player 446469990 at (829.4887, 218.90276)
[GameWorld] Current player controllers: 3, Keys: [1125268556, 1, 446469990]
[GameWorld] Client updating remote player 446469990, isLocal=Player_446469990
[PlayerController] Updating remote player 446469990 position from (829.4887, 215.56943) to (829.4887, 218.90276)
[GameWorld] SyncPlayerPosition RPC received on peer 1125268556: Player 446469990 at (829.4887, 222.23608)
[GameWorld] Current player controllers: 3, Keys: [1125268556, 1, 446469990]
[GameWorld] Client updating remote player 446469990, isLocal=Player_446469990
[PlayerController] Updating remote player 446469990 position from (829.4887, 218.90276) to (829.4887, 222.23608)
[GameWorld] SyncPlayerPosition RPC received on peer 1125268556: Player 446469990 at (829.4887, 225.56941)
[GameWorld] Current player controllers: 3, Keys: [1125268556, 1, 446469990]
[GameWorld] Client updating remote player 446469990, isLocal=Player_446469990
[PlayerController] Updating remote player 446469990 position from (829.4887, 222.23608) to (829.4887, 225.56941)
[GameWorld] SyncPlayerPosition RPC received on peer 1125268556: Player 446469990 at (829.4887, 228.90274)
[GameWorld] Current player controllers: 3, Keys: [1125268556, 1, 446469990]
[GameWorld] Client updating remote player 446469990, isLocal=Player_446469990
[PlayerController] Updating remote player 446469990 position from (829.4887, 225.56941) to (829.4887, 228.90274)
[GameWorld] SyncPlayerPosition RPC received on peer 1125268556: Player 446469990 at (829.4887, 232.23607)
[GameWorld] Current player controllers: 3, Keys: [1125268556, 1, 446469990]
[GameWorld] Client updating remote player 446469990, isLocal=Player_446469990
[PlayerController] Updating remote player 446469990 position from (829.4887, 228.90274) to (829.4887, 232.23607)
[GameWorld] SyncPlayerPosition RPC received on peer 1125268556: Player 446469990 at (829.4887, 235.5694)
[GameWorld] Current player controllers: 3, Keys: [1125268556, 1, 446469990]
[GameWorld] Client updating remote player 446469990, isLocal=Player_446469990
[PlayerController] Updating remote player 446469990 position from (829.4887, 232.23607) to (829.4887, 235.5694)
[GameWorld] SyncPlayerPosition RPC received on peer 1125268556: Player 446469990 at (829.4887, 238.90273)
[GameWorld] Current player controllers: 3, Keys: [1125268556, 1, 446469990]
[GameWorld] Client updating remote player 446469990, isLocal=Player_446469990
[PlayerController] Updating remote player 446469990 position from (829.4887, 235.5694) to (829.4887, 238.90273)
[GameWorld] SyncPlayerPosition RPC received on peer 1125268556: Player 446469990 at (829.4887, 242.23605)
[GameWorld] Current player controllers: 3, Keys: [1125268556, 1, 446469990]
[GameWorld] Client updating remote player 446469990, isLocal=Player_446469990
[PlayerController] Updating remote player 446469990 position from (829.4887, 238.90273) to (829.4887, 242.23605)
[GameWorld] SyncPlayerPosition RPC received on peer 1125268556: Player 446469990 at (829.4887, 245.56938)
[GameWorld] Current player controllers: 3, Keys: [1125268556, 1, 446469990]
[GameWorld] Client updating remote player 446469990, isLocal=Player_446469990
[PlayerController] Updating remote player 446469990 position from (829.4887, 242.23605) to (829.4887, 245.56938)
[GameWorld] SyncPlayerPosition RPC received on peer 1125268556: Player 446469990 at (829.4887, 248.90271)
[GameWorld] Current player controllers: 3, Keys: [1125268556, 1, 446469990]
[GameWorld] Client updating remote player 446469990, isLocal=Player_446469990
[PlayerController] Updating remote player 446469990 position from (829.4887, 245.56938) to (829.4887, 248.90271)
[GameWorld] SyncPlayerPosition RPC received on peer 1125268556: Player 446469990 at (829.4887, 252.23604)
[GameWorld] Current player controllers: 3, Keys: [1125268556, 1, 446469990]
[GameWorld] Client updating remote player 446469990, isLocal=Player_446469990
[PlayerController] Updating remote player 446469990 position from (829.4887, 248.90271) to (829.4887, 252.23604)
[GameWorld] SyncPlayerPosition RPC received on peer 1125268556: Player 446469990 at (829.4887, 255.56937)
[GameWorld] Current player controllers: 3, Keys: [1125268556, 1, 446469990]
[GameWorld] Client updating remote player 446469990, isLocal=Player_446469990
[PlayerController] Updating remote player 446469990 position from (829.4887, 252.23604) to (829.4887, 255.56937)
[GameWorld] SyncPlayerPosition RPC received on peer 1125268556: Player 446469990 at (829.4887, 258.9027)
[GameWorld] Current player controllers: 3, Keys: [1125268556, 1, 446469990]
[GameWorld] Client updating remote player 446469990, isLocal=Player_446469990
[PlayerController] Updating remote player 446469990 position from (829.4887, 255.56937) to (829.4887, 258.9027)
[GameWorld] SyncPlayerPosition RPC received on peer 1125268556: Player 446469990 at (829.4887, 262.23605)
[GameWorld] Current player controllers: 3, Keys: [1125268556, 1, 446469990]
[GameWorld] Client updating remote player 446469990, isLocal=Player_446469990
[PlayerController] Updating remote player 446469990 position from (829.4887, 258.9027) to (829.4887, 262.23605)
[GameWorld] SyncPlayerPosition RPC received on peer 1125268556: Player 446469990 at (829.4887, 265.5694)
[GameWorld] Current player controllers: 3, Keys: [1125268556, 1, 446469990]
[GameWorld] Client updating remote player 446469990, isLocal=Player_446469990
[PlayerController] Updating remote player 446469990 position from (829.4887, 262.23605) to (829.4887, 265.5694)
[GameWorld] SyncPlayerPosition RPC received on peer 1125268556: Player 446469990 at (829.4887, 268.90274)
[GameWorld] Current player controllers: 3, Keys: [1125268556, 1, 446469990]
[GameWorld] Client updating remote player 446469990, isLocal=Player_446469990
[PlayerController] Updating remote player 446469990 position from (829.4887, 265.5694) to (829.4887, 268.90274)
[GameWorld] SyncPlayerPosition RPC received on peer 1125268556: Player 446469990 at (829.4887, 272.23608)
[GameWorld] Current player controllers: 3, Keys: [1125268556, 1, 446469990]
[GameWorld] Client updating remote player 446469990, isLocal=Player_446469990
[PlayerController] Updating remote player 446469990 position from (829.4887, 268.90274) to (829.4887, 272.23608)
[GameWorld] SyncPlayerPosition RPC received on peer 1125268556: Player 446469990 at (829.4887, 275.56943)
[GameWorld] Current player controllers: 3, Keys: [1125268556, 1, 446469990]
[GameWorld] Client updating remote player 446469990, isLocal=Player_446469990
[PlayerController] Updating remote player 446469990 position from (829.4887, 272.23608) to (829.4887, 275.56943)
[GameWorld] SyncPlayerPosition RPC received on peer 1125268556: Player 446469990 at (829.4887, 278.90277)
[GameWorld] Current player controllers: 3, Keys: [1125268556, 1, 446469990]
[GameWorld] Client updating remote player 446469990, isLocal=Player_446469990
[PlayerController] Updating remote player 446469990 position from (829.4887, 275.56943) to (829.4887, 278.90277)
[GameWorld] SyncPlayerPosition RPC received on peer 1125268556: Player 446469990 at (829.4887, 282.2361)
[GameWorld] Current player controllers: 3, Keys: [1125268556, 1, 446469990]
[GameWorld] Client updating remote player 446469990, isLocal=Player_446469990
[PlayerController] Updating remote player 446469990 position from (829.4887, 278.90277) to (829.4887, 282.2361)
[GameWorld] SyncPlayerPosition RPC received on peer 1125268556: Player 446469990 at (829.4887, 285.56946)
[GameWorld] Current player controllers: 3, Keys: [1125268556, 1, 446469990]
[GameWorld] Client updating remote player 446469990, isLocal=Player_446469990
[PlayerController] Updating remote player 446469990 position from (829.4887, 282.2361) to (829.4887, 285.56946)
[GameWorld] SyncPlayerPosition RPC received on peer 1125268556: Player 446469990 at (829.4887, 288.9028)
[GameWorld] Current player controllers: 3, Keys: [1125268556, 1, 446469990]
[GameWorld] Client updating remote player 446469990, isLocal=Player_446469990
[PlayerController] Updating remote player 446469990 position from (829.4887, 285.56946) to (829.4887, 288.9028)
[GameWorld] SyncPlayerPosition RPC received on peer 1125268556: Player 446469990 at (829.4887, 292.23615)
[GameWorld] Current player controllers: 3, Keys: [1125268556, 1, 446469990]
[GameWorld] Client updating remote player 446469990, isLocal=Player_446469990
[PlayerController] Updating remote player 446469990 position from (829.4887, 288.9028) to (829.4887, 292.23615)
[GameWorld] SyncPlayerPosition RPC received on peer 1125268556: Player 446469990 at (829.4887, 295.5695)
[GameWorld] Current player controllers: 3, Keys: [1125268556, 1, 446469990]
[GameWorld] Client updating remote player 446469990, isLocal=Player_446469990
[PlayerController] Updating remote player 446469990 position from (829.4887, 292.23615) to (829.4887, 295.5695)
[GameWorld] SyncPlayerPosition RPC received on peer 1125268556: Player 446469990 at (829.4887, 298.90283)
[GameWorld] Current player controllers: 3, Keys: [1125268556, 1, 446469990]
[GameWorld] Client updating remote player 446469990, isLocal=Player_446469990
[PlayerController] Updating remote player 446469990 position from (829.4887, 295.5695) to (829.4887, 298.90283)
[GameWorld] SyncPlayerPosition RPC received on peer 1125268556: Player 446469990 at (829.4887, 302.23618)
[GameWorld] Current player controllers: 3, Keys: [1125268556, 1, 446469990]
[GameWorld] Client updating remote player 446469990, isLocal=Player_446469990
[PlayerController] Updating remote player 446469990 position from (829.4887, 298.90283) to (829.4887, 302.23618)
[GameWorld] SyncPlayerPosition RPC received on peer 1125268556: Player 446469990 at (829.4887, 305.56952)
[GameWorld] Current player controllers: 3, Keys: [1125268556, 1, 446469990]
[GameWorld] Client updating remote player 446469990, isLocal=Player_446469990
[PlayerController] Updating remote player 446469990 position from (829.4887, 302.23618) to (829.4887, 305.56952)
[GameWorld] SyncPlayerPosition RPC received on peer 1125268556: Player 446469990 at (829.4887, 308.90286)
[GameWorld] Current player controllers: 3, Keys: [1125268556, 1, 446469990]
[GameWorld] Client updating remote player 446469990, isLocal=Player_446469990
[PlayerController] Updating remote player 446469990 position from (829.4887, 305.56952) to (829.4887, 308.90286)
[GameWorld] SyncPlayerPosition RPC received on peer 1125268556: Player 446469990 at (829.4887, 312.2362)
[GameWorld] Current player controllers: 3, Keys: [1125268556, 1, 446469990]
[GameWorld] Client updating remote player 446469990, isLocal=Player_446469990
[PlayerController] Updating remote player 446469990 position from (829.4887, 308.90286) to (829.4887, 312.2362)
[GameWorld] SyncPlayerPosition RPC received on peer 1125268556: Player 446469990 at (829.4887, 315.56955)
[GameWorld] Current player controllers: 3, Keys: [1125268556, 1, 446469990]
[GameWorld] Client updating remote player 446469990, isLocal=Player_446469990
[PlayerController] Updating remote player 446469990 position from (829.4887, 312.2362) to (829.4887, 315.56955)
[GameWorld] SyncPlayerPosition RPC received on peer 1125268556: Player 446469990 at (829.4887, 318.9029)
[GameWorld] Current player controllers: 3, Keys: [1125268556, 1, 446469990]
[GameWorld] Client updating remote player 446469990, isLocal=Player_446469990
[PlayerController] Updating remote player 446469990 position from (829.4887, 315.56955) to (829.4887, 318.9029)
[GameWorld] SyncPlayerPosition RPC received on peer 1125268556: Player 446469990 at (829.4887, 322.23624)
[GameWorld] Current player controllers: 3, Keys: [1125268556, 1, 446469990]
[GameWorld] Client updating remote player 446469990, isLocal=Player_446469990
[PlayerController] Updating remote player 446469990 position from (829.4887, 318.9029) to (829.4887, 322.23624)
[GameWorld] SyncPlayerPosition RPC received on peer 1125268556: Player 446469990 at (829.4887, 325.56958)
[GameWorld] Current player controllers: 3, Keys: [1125268556, 1, 446469990]
[GameWorld] Client updating remote player 446469990, isLocal=Player_446469990
[PlayerController] Updating remote player 446469990 position from (829.4887, 322.23624) to (829.4887, 325.56958)
[GameWorld] SyncPlayerPosition RPC received on peer 1125268556: Player 446469990 at (829.4887, 328.90292)
[GameWorld] Current player controllers: 3, Keys: [1125268556, 1, 446469990]
[GameWorld] Client updating remote player 446469990, isLocal=Player_446469990
[PlayerController] Updating remote player 446469990 position from (829.4887, 325.56958) to (829.4887, 328.90292)
[GameWorld] SyncPlayerPosition RPC received on peer 1125268556: Player 446469990 at (829.4887, 332.23627)
[GameWorld] Current player controllers: 3, Keys: [1125268556, 1, 446469990]
[GameWorld] Client updating remote player 446469990, isLocal=Player_446469990
[PlayerController] Updating remote player 446469990 position from (829.4887, 328.90292) to (829.4887, 332.23627)
[GameWorld] SyncPlayerPosition RPC received on peer 1125268556: Player 446469990 at (829.4887, 335.5696)
[GameWorld] Current player controllers: 3, Keys: [1125268556, 1, 446469990]
[GameWorld] Client updating remote player 446469990, isLocal=Player_446469990
[PlayerController] Updating remote player 446469990 position from (829.4887, 332.23627) to (829.4887, 335.5696)
[GameWorld] SyncPlayerPosition RPC received on peer 1125268556: Player 446469990 at (829.4887, 338.90295)
[GameWorld] Current player controllers: 3, Keys: [1125268556, 1, 446469990]
[GameWorld] Client updating remote player 446469990, isLocal=Player_446469990
[PlayerController] Updating remote player 446469990 position from (829.4887, 335.5696) to (829.4887, 338.90295)
[GameWorld] SyncPlayerPosition RPC received on peer 1125268556: Player 446469990 at (829.4887, 342.2363)
[GameWorld] Current player controllers: 3, Keys: [1125268556, 1, 446469990]
[GameWorld] Client updating remote player 446469990, isLocal=Player_446469990
[PlayerController] Updating remote player 446469990 position from (829.4887, 338.90295) to (829.4887, 342.2363)
[GameWorld] SyncPlayerPosition RPC received on peer 1125268556: Player 446469990 at (829.4887, 345.56964)
[GameWorld] Current player controllers: 3, Keys: [1125268556, 1, 446469990]
[GameWorld] Client updating remote player 446469990, isLocal=Player_446469990
[PlayerController] Updating remote player 446469990 position from (829.4887, 342.2363) to (829.4887, 345.56964)
[GameWorld] SyncPlayerPosition RPC received on peer 1125268556: Player 446469990 at (829.4887, 348.90298)
[GameWorld] Current player controllers: 3, Keys: [1125268556, 1, 446469990]
[GameWorld] Client updating remote player 446469990, isLocal=Player_446469990
[PlayerController] Updating remote player 446469990 position from (829.4887, 345.56964) to (829.4887, 348.90298)
[GameWorld] SyncPlayerPosition RPC received on peer 1125268556: Player 446469990 at (829.4887, 352.23633)
[GameWorld] Current player controllers: 3, Keys: [1125268556, 1, 446469990]
[GameWorld] Client updating remote player 446469990, isLocal=Player_446469990
[PlayerController] Updating remote player 446469990 position from (829.4887, 348.90298) to (829.4887, 352.23633)
[GameWorld] SyncPlayerPosition RPC received on peer 1125268556: Player 446469990 at (829.4887, 355.56967)
[GameWorld] Current player controllers: 3, Keys: [1125268556, 1, 446469990]
[GameWorld] Client updating remote player 446469990, isLocal=Player_446469990
[PlayerController] Updating remote player 446469990 position from (829.4887, 352.23633) to (829.4887, 355.56967)
[GameWorld] SyncPlayerPosition RPC received on peer 1125268556: Player 446469990 at (829.4887, 358.903)
[GameWorld] Current player controllers: 3, Keys: [1125268556, 1, 446469990]
[GameWorld] Client updating remote player 446469990, isLocal=Player_446469990
[PlayerController] Updating remote player 446469990 position from (829.4887, 355.56967) to (829.4887, 358.903)
[GameWorld] SyncPlayerPosition RPC received on peer 1125268556: Player 446469990 at (829.4887, 362.23636)
[GameWorld] Current player controllers: 3, Keys: [1125268556, 1, 446469990]
[GameWorld] Client updating remote player 446469990, isLocal=Player_446469990
[PlayerController] Updating remote player 446469990 position from (829.4887, 358.903) to (829.4887, 362.23636)
[GameWorld] SyncPlayerPosition RPC received on peer 1125268556: Player 446469990 at (829.4887, 365.5697)
[GameWorld] Current player controllers: 3, Keys: [1125268556, 1, 446469990]
[GameWorld] Client updating remote player 446469990, isLocal=Player_446469990
[PlayerController] Updating remote player 446469990 position from (829.4887, 362.23636) to (829.4887, 365.5697)
[GameWorld] SyncPlayerPosition RPC received on peer 1125268556: Player 446469990 at (827.1317, 367.92673)
[GameWorld] Current player controllers: 3, Keys: [1125268556, 1, 446469990]
[GameWorld] Client updating remote player 446469990, isLocal=Player_446469990
[PlayerController] Updating remote player 446469990 position from (829.4887, 365.5697) to (827.1317, 367.92673)
[GameWorld] SyncPlayerPosition RPC received on peer 1125268556: Player 446469990 at (824.7747, 370.28375)
[GameWorld] Current player controllers: 3, Keys: [1125268556, 1, 446469990]
[GameWorld] Client updating remote player 446469990, isLocal=Player_446469990
[PlayerController] Updating remote player 446469990 position from (827.1317, 367.92673) to (824.7747, 370.28375)
[GameWorld] SyncPlayerPosition RPC received on peer 1125268556: Player 446469990 at (822.4177, 372.64078)
[GameWorld] Current player controllers: 3, Keys: [1125268556, 1, 446469990]
[GameWorld] Client updating remote player 446469990, isLocal=Player_446469990
[PlayerController] Updating remote player 446469990 position from (824.7747, 370.28375) to (822.4177, 372.64078)
Body entered Sofia: Player_446469990
[GameWorld] SyncPlayerPosition RPC received on peer 1125268556: Player 446469990 at (820.0607, 374.9978)
[GameWorld] Current player controllers: 3, Keys: [1125268556, 1, 446469990]
[GameWorld] Client updating remote player 446469990, isLocal=Player_446469990
[PlayerController] Updating remote player 446469990 position from (822.4177, 372.64078) to (820.0607, 374.9978)
[GameWorld] SyncPlayerPosition RPC received on peer 1125268556: Player 446469990 at (817.70374, 377.35483)
[GameWorld] Current player controllers: 3, Keys: [1125268556, 1, 446469990]
[GameWorld] Client updating remote player 446469990, isLocal=Player_446469990
[PlayerController] Updating remote player 446469990 position from (820.0607, 374.9978) to (817.70374, 377.35483)
[GameWorld] SyncPlayerPosition RPC received on peer 1125268556: Player 446469990 at (815.34674, 379.71185)
[GameWorld] Current player controllers: 3, Keys: [1125268556, 1, 446469990]
[GameWorld] Client updating remote player 446469990, isLocal=Player_446469990
[PlayerController] Updating remote player 446469990 position from (817.70374, 377.35483) to (815.34674, 379.71185)
[GameWorld] SyncPlayerPosition RPC received on peer 1125268556: Player 446469990 at (812.98975, 382.06888)
[GameWorld] Current player controllers: 3, Keys: [1125268556, 1, 446469990]
[GameWorld] Client updating remote player 446469990, isLocal=Player_446469990
[PlayerController] Updating remote player 446469990 position from (815.34674, 379.71185) to (812.98975, 382.06888)
[GameWorld] SyncPlayerPosition RPC received on peer 1125268556: Player 446469990 at (810.63275, 384.4259)
[GameWorld] Current player controllers: 3, Keys: [1125268556, 1, 446469990]
[GameWorld] Client updating remote player 446469990, isLocal=Player_446469990
[PlayerController] Updating remote player 446469990 position from (812.98975, 382.06888) to (810.63275, 384.4259)
[GameWorld] SyncPlayerPosition RPC received on peer 1125268556: Player 446469990 at (808.27576, 386.78293)
[GameWorld] Current player controllers: 3, Keys: [1125268556, 1, 446469990]
[GameWorld] Client updating remote player 446469990, isLocal=Player_446469990
[PlayerController] Updating remote player 446469990 position from (810.63275, 384.4259) to (808.27576, 386.78293)
[GameWorld] SyncPlayerPosition RPC received on peer 1125268556: Player 446469990 at (805.91876, 389.13995)
[GameWorld] Current player controllers: 3, Keys: [1125268556, 1, 446469990]
[GameWorld] Client updating remote player 446469990, isLocal=Player_446469990
[PlayerController] Updating remote player 446469990 position from (808.27576, 386.78293) to (805.91876, 389.13995)
[GameWorld] SyncPlayerPosition RPC received on peer 1125268556: Player 446469990 at (803.56177, 391.49698)
[GameWorld] Current player controllers: 3, Keys: [1125268556, 1, 446469990]
[GameWorld] Client updating remote player 446469990, isLocal=Player_446469990
[PlayerController] Updating remote player 446469990 position from (805.91876, 389.13995) to (803.56177, 391.49698)
[GameWorld] SyncPlayerPosition RPC received on peer 1125268556: Player 446469990 at (801.2048, 393.854)
[GameWorld] Current player controllers: 3, Keys: [1125268556, 1, 446469990]
[GameWorld] Client updating remote player 446469990, isLocal=Player_446469990
[PlayerController] Updating remote player 446469990 position from (803.56177, 391.49698) to (801.2048, 393.854)
[GameWorld] SyncPlayerPosition RPC received on peer 1125268556: Player 446469990 at (798.8478, 396.21103)
[GameWorld] Current player controllers: 3, Keys: [1125268556, 1, 446469990]
[GameWorld] Client updating remote player 446469990, isLocal=Player_446469990
[PlayerController] Updating remote player 446469990 position from (801.2048, 393.854) to (798.8478, 396.21103)
[GameWorld] SyncPlayerPosition RPC received on peer 1125268556: Player 446469990 at (796.4908, 398.56805)
[GameWorld] Current player controllers: 3, Keys: [1125268556, 1, 446469990]
[GameWorld] Client updating remote player 446469990, isLocal=Player_446469990
[PlayerController] Updating remote player 446469990 position from (798.8478, 396.21103) to (796.4908, 398.56805)
[GameWorld] SyncPlayerPosition RPC received on peer 1125268556: Player 446469990 at (794.1338, 400.92508)
[GameWorld] Current player controllers: 3, Keys: [1125268556, 1, 446469990]
[GameWorld] Client updating remote player 446469990, isLocal=Player_446469990
[PlayerController] Updating remote player 446469990 position from (796.4908, 398.56805) to (794.1338, 400.92508)
[GameWorld] SyncPlayerPosition RPC received on peer 1125268556: Player 446469990 at (791.7768, 403.2821)
[GameWorld] Current player controllers: 3, Keys: [1125268556, 1, 446469990]
[GameWorld] Client updating remote player 446469990, isLocal=Player_446469990
[PlayerController] Updating remote player 446469990 position from (794.1338, 400.92508) to (791.7768, 403.2821)
[GameWorld] SyncPlayerPosition RPC received on peer 1125268556: Player 446469990 at (789.4198, 405.63913)
[GameWorld] Current player controllers: 3, Keys: [1125268556, 1, 446469990]
[GameWorld] Client updating remote player 446469990, isLocal=Player_446469990
[PlayerController] Updating remote player 446469990 position from (791.7768, 403.2821) to (789.4198, 405.63913)
[GameWorld] SyncPlayerPosition RPC received on peer 1125268556: Player 446469990 at (787.0628, 407.99615)
[GameWorld] Current player controllers: 3, Keys: [1125268556, 1, 446469990]
[GameWorld] Client updating remote player 446469990, isLocal=Player_446469990
[PlayerController] Updating remote player 446469990 position from (789.4198, 405.63913) to (787.0628, 407.99615)
[GameWorld] SyncPlayerPosition RPC received on peer 1125268556: Player 446469990 at (784.7058, 410.35318)
[GameWorld] Current player controllers: 3, Keys: [1125268556, 1, 446469990]
[GameWorld] Client updating remote player 446469990, isLocal=Player_446469990
[PlayerController] Updating remote player 446469990 position from (787.0628, 407.99615) to (784.7058, 410.35318)
[GameWorld] SyncPlayerPosition RPC received on peer 1125268556: Player 446469990 at (782.3488, 412.7102)
[GameWorld] Current player controllers: 3, Keys: [1125268556, 1, 446469990]
[GameWorld] Client updating remote player 446469990, isLocal=Player_446469990
[PlayerController] Updating remote player 446469990 position from (784.7058, 410.35318) to (782.3488, 412.7102)
[GameWorld] SyncPlayerPosition RPC received on peer 1125268556: Player 446469990 at (779.9918, 415.06723)
[GameWorld] Current player controllers: 3, Keys: [1125268556, 1, 446469990]
[GameWorld] Client updating remote player 446469990, isLocal=Player_446469990
[PlayerController] Updating remote player 446469990 position from (782.3488, 412.7102) to (779.9918, 415.06723)
[GameWorld] SyncPlayerPosition RPC received on peer 1125268556: Player 446469990 at (777.6348, 417.42426)
[GameWorld] Current player controllers: 3, Keys: [1125268556, 1, 446469990]
[GameWorld] Client updating remote player 446469990, isLocal=Player_446469990
[PlayerController] Updating remote player 446469990 position from (779.9918, 415.06723) to (777.6348, 417.42426)
[GameWorld] SyncPlayerPosition RPC received on peer 1125268556: Player 446469990 at (775.27783, 419.78128)
[GameWorld] Current player controllers: 3, Keys: [1125268556, 1, 446469990]
[GameWorld] Client updating remote player 446469990, isLocal=Player_446469990
[PlayerController] Updating remote player 446469990 position from (777.6348, 417.42426) to (775.27783, 419.78128)
[GameWorld] SyncPlayerPosition RPC received on peer 1125268556: Player 446469990 at (772.92084, 422.1383)
[GameWorld] Current player controllers: 3, Keys: [1125268556, 1, 446469990]
[GameWorld] Client updating remote player 446469990, isLocal=Player_446469990
[PlayerController] Updating remote player 446469990 position from (775.27783, 419.78128) to (772.92084, 422.1383)
[GameWorld] SyncPlayerPosition RPC received on peer 1125268556: Player 446469990 at (770.56384, 424.49533)
[GameWorld] Current player controllers: 3, Keys: [1125268556, 1, 446469990]
[GameWorld] Client updating remote player 446469990, isLocal=Player_446469990
[PlayerController] Updating remote player 446469990 position from (772.92084, 422.1383) to (770.56384, 424.49533)
[GameWorld] SyncPlayerPosition RPC received on peer 1125268556: Player 446469990 at (768.20685, 426.85236)
[GameWorld] Current player controllers: 3, Keys: [1125268556, 1, 446469990]
[GameWorld] Client updating remote player 446469990, isLocal=Player_446469990
[PlayerController] Updating remote player 446469990 position from (770.56384, 424.49533) to (768.20685, 426.85236)
[GameWorld] SyncPlayerPosition RPC received on peer 1125268556: Player 446469990 at (765.84985, 429.20938)
[GameWorld] Current player controllers: 3, Keys: [1125268556, 1, 446469990]
[GameWorld] Client updating remote player 446469990, isLocal=Player_446469990
[PlayerController] Updating remote player 446469990 position from (768.20685, 426.85236) to (765.84985, 429.20938)
[GameWorld] SyncPlayerPosition RPC received on peer 1125268556: Player 446469990 at (763.49286, 431.5664)
[GameWorld] Current player controllers: 3, Keys: [1125268556, 1, 446469990]
[GameWorld] Client updating remote player 446469990, isLocal=Player_446469990
[PlayerController] Updating remote player 446469990 position from (765.84985, 429.20938) to (763.49286, 431.5664)
[GameWorld] SyncPlayerPosition RPC received on peer 1125268556: Player 446469990 at (761.13586, 433.92343)
[GameWorld] Current player controllers: 3, Keys: [1125268556, 1, 446469990]
[GameWorld] Client updating remote player 446469990, isLocal=Player_446469990
[PlayerController] Updating remote player 446469990 position from (763.49286, 431.5664) to (761.13586, 433.92343)
[GameWorld] SyncPlayerPosition RPC received on peer 1125268556: Player 446469990 at (761.13586, 437.25677)
[GameWorld] Current player controllers: 3, Keys: [1125268556, 1, 446469990]
[GameWorld] Client updating remote player 446469990, isLocal=Player_446469990
[PlayerController] Updating remote player 446469990 position from (761.13586, 433.92343) to (761.13586, 437.25677)
[GameWorld] SyncPlayerPosition RPC received on peer 1125268556: Player 446469990 at (761.13586, 440.59012)
[GameWorld] Current player controllers: 3, Keys: [1125268556, 1, 446469990]
[GameWorld] Client updating remote player 446469990, isLocal=Player_446469990
[PlayerController] Updating remote player 446469990 position from (761.13586, 437.25677) to (761.13586, 440.59012)
[GameWorld] SyncPlayerPosition RPC received on peer 1125268556: Player 446469990 at (764.4692, 440.59012)
[GameWorld] Current player controllers: 3, Keys: [1125268556, 1, 446469990]
[GameWorld] Client updating remote player 446469990, isLocal=Player_446469990
[PlayerController] Updating remote player 446469990 position from (761.13586, 440.59012) to (764.4692, 440.59012)
[GameWorld] SyncPlayerPosition RPC received on peer 1125268556: Player 446469990 at (767.8025, 440.59012)
[GameWorld] Current player controllers: 3, Keys: [1125268556, 1, 446469990]
[GameWorld] Client updating remote player 446469990, isLocal=Player_446469990
[PlayerController] Updating remote player 446469990 position from (764.4692, 440.59012) to (767.8025, 440.59012)
[GameWorld] SyncPlayerPosition RPC received on peer 1125268556: Player 446469990 at (771.1358, 440.59012)
[GameWorld] Current player controllers: 3, Keys: [1125268556, 1, 446469990]
[GameWorld] Client updating remote player 446469990, isLocal=Player_446469990
[PlayerController] Updating remote player 446469990 position from (767.8025, 440.59012) to (771.1358, 440.59012)
[GameWorld] SyncPlayerPosition RPC received on peer 1125268556: Player 446469990 at (774.4691, 440.59012)
[GameWorld] Current player controllers: 3, Keys: [1125268556, 1, 446469990]
[GameWorld] Client updating remote player 446469990, isLocal=Player_446469990
[PlayerController] Updating remote player 446469990 position from (771.1358, 440.59012) to (774.4691, 440.59012)
[GameWorld] SyncPlayerPosition RPC received on peer 1125268556: Player 446469990 at (777.8024, 440.59012)
[GameWorld] Current player controllers: 3, Keys: [1125268556, 1, 446469990]
[GameWorld] Client updating remote player 446469990, isLocal=Player_446469990
[PlayerController] Updating remote player 446469990 position from (774.4691, 440.59012) to (777.8024, 440.59012)
[GameWorld] SyncPlayerPosition RPC received on peer 1125268556: Player 446469990 at (781.13574, 440.59012)
[GameWorld] Current player controllers: 3, Keys: [1125268556, 1, 446469990]
[GameWorld] Client updating remote player 446469990, isLocal=Player_446469990
[PlayerController] Updating remote player 446469990 position from (777.8024, 440.59012) to (781.13574, 440.59012)
[GameWorld] SyncPlayerPosition RPC received on peer 1125268556: Player 446469990 at (784.46906, 440.59012)
[GameWorld] Current player controllers: 3, Keys: [1125268556, 1, 446469990]
[GameWorld] Client updating remote player 446469990, isLocal=Player_446469990
[PlayerController] Updating remote player 446469990 position from (781.13574, 440.59012) to (784.46906, 440.59012)
[GameWorld] SyncPlayerPosition RPC received on peer 1125268556: Player 446469990 at (787.80237, 440.59012)
[GameWorld] Current player controllers: 3, Keys: [1125268556, 1, 446469990]
[GameWorld] Client updating remote player 446469990, isLocal=Player_446469990
[PlayerController] Updating remote player 446469990 position from (784.46906, 440.59012) to (787.80237, 440.59012)
[GameWorld] SyncPlayerPosition RPC received on peer 1125268556: Player 446469990 at (791.1357, 440.59012)
[GameWorld] Current player controllers: 3, Keys: [1125268556, 1, 446469990]
[GameWorld] Client updating remote player 446469990, isLocal=Player_446469990
[PlayerController] Updating remote player 446469990 position from (787.80237, 440.59012) to (791.1357, 440.59012)
[GameWorld] SyncPlayerPosition RPC received on peer 1125268556: Player 446469990 at (794.469, 440.59012)
[GameWorld] Current player controllers: 3, Keys: [1125268556, 1, 446469990]
[GameWorld] Client updating remote player 446469990, isLocal=Player_446469990
[PlayerController] Updating remote player 446469990 position from (791.1357, 440.59012) to (794.469, 440.59012)
[GameWorld] SyncPlayerPosition RPC received on peer 1125268556: Player 446469990 at (797.8023, 440.59012)
[GameWorld] Current player controllers: 3, Keys: [1125268556, 1, 446469990]
[GameWorld] Client updating remote player 446469990, isLocal=Player_446469990
[PlayerController] Updating remote player 446469990 position from (794.469, 440.59012) to (797.8023, 440.59012)
[GameWorld] SyncPlayerPosition RPC received on peer 1125268556: Player 446469990 at (801.1356, 440.59012)
[GameWorld] Current player controllers: 3, Keys: [1125268556, 1, 446469990]
[GameWorld] Client updating remote player 446469990, isLocal=Player_446469990
[PlayerController] Updating remote player 446469990 position from (797.8023, 440.59012) to (801.1356, 440.59012)
[GameWorld] SyncPlayerPosition RPC received on peer 1125268556: Player 446469990 at (804.46893, 440.59012)
[GameWorld] Current player controllers: 3, Keys: [1125268556, 1, 446469990]
[GameWorld] Client updating remote player 446469990, isLocal=Player_446469990
[PlayerController] Updating remote player 446469990 position from (801.1356, 440.59012) to (804.46893, 440.59012)
[GameWorld] SyncPlayerPosition RPC received on peer 1125268556: Player 446469990 at (807.80225, 440.59012)
[GameWorld] Current player controllers: 3, Keys: [1125268556, 1, 446469990]
[GameWorld] Client updating remote player 446469990, isLocal=Player_446469990
[PlayerController] Updating remote player 446469990 position from (804.46893, 440.59012) to (807.80225, 440.59012)
[GameWorld] SyncPlayerPosition RPC received on peer 1125268556: Player 446469990 at (811.13556, 440.59012)
[GameWorld] Current player controllers: 3, Keys: [1125268556, 1, 446469990]
[GameWorld] Client updating remote player 446469990, isLocal=Player_446469990
[PlayerController] Updating remote player 446469990 position from (807.80225, 440.59012) to (811.13556, 440.59012)
[GameWorld] SyncPlayerPosition RPC received on peer 1125268556: Player 446469990 at (814.4689, 440.59012)
[GameWorld] Current player controllers: 3, Keys: [1125268556, 1, 446469990]
[GameWorld] Client updating remote player 446469990, isLocal=Player_446469990
[PlayerController] Updating remote player 446469990 position from (811.13556, 440.59012) to (814.4689, 440.59012)
[GameWorld] SyncPlayerPosition RPC received on peer 1125268556: Player 446469990 at (817.8022, 440.59012)
[GameWorld] Current player controllers: 3, Keys: [1125268556, 1, 446469990]
[GameWorld] Client updating remote player 446469990, isLocal=Player_446469990
[PlayerController] Updating remote player 446469990 position from (814.4689, 440.59012) to (817.8022, 440.59012)
[GameWorld] SyncPlayerPosition RPC received on peer 1125268556: Player 446469990 at (821.1355, 440.59012)
[GameWorld] Current player controllers: 3, Keys: [1125268556, 1, 446469990]
[GameWorld] Client updating remote player 446469990, isLocal=Player_446469990
[PlayerController] Updating remote player 446469990 position from (817.8022, 440.59012) to (821.1355, 440.59012)
[GameWorld] SyncPlayerPosition RPC received on peer 1125268556: Player 446469990 at (824.4688, 440.59012)
[GameWorld] Current player controllers: 3, Keys: [1125268556, 1, 446469990]
[GameWorld] Client updating remote player 446469990, isLocal=Player_446469990
[PlayerController] Updating remote player 446469990 position from (821.1355, 440.59012) to (824.4688, 440.59012)
[GameWorld] SyncPlayerPosition RPC received on peer 1125268556: Player 446469990 at (827.8021, 440.59012)
[GameWorld] Current player controllers: 3, Keys: [1125268556, 1, 446469990]
[GameWorld] Client updating remote player 446469990, isLocal=Player_446469990
[PlayerController] Updating remote player 446469990 position from (824.4688, 440.59012) to (827.8021, 440.59012)
[GameWorld] SyncPlayerPosition RPC received on peer 1125268556: Player 446469990 at (831.13544, 440.59012)
[GameWorld] Current player controllers: 3, Keys: [1125268556, 1, 446469990]
[GameWorld] Client updating remote player 446469990, isLocal=Player_446469990
[PlayerController] Updating remote player 446469990 position from (827.8021, 440.59012) to (831.13544, 440.59012)
[GameWorld] SyncPlayerPosition RPC received on peer 1125268556: Player 446469990 at (834.46875, 440.59012)
[GameWorld] Current player controllers: 3, Keys: [1125268556, 1, 446469990]
[GameWorld] Client updating remote player 446469990, isLocal=Player_446469990
[PlayerController] Updating remote player 446469990 position from (831.13544, 440.59012) to (834.46875, 440.59012)
[GameWorld] SyncPlayerPosition RPC received on peer 1125268556: Player 446469990 at (837.80206, 440.59012)
[GameWorld] Current player controllers: 3, Keys: [1125268556, 1, 446469990]
[GameWorld] Client updating remote player 446469990, isLocal=Player_446469990
[PlayerController] Updating remote player 446469990 position from (834.46875, 440.59012) to (837.80206, 440.59012)
[GameWorld] SyncPlayerPosition RPC received on peer 1125268556: Player 446469990 at (841.1354, 440.59012)
[GameWorld] Current player controllers: 3, Keys: [1125268556, 1, 446469990]
[GameWorld] Client updating remote player 446469990, isLocal=Player_446469990
[PlayerController] Updating remote player 446469990 position from (837.80206, 440.59012) to (841.1354, 440.59012)
[GameWorld] SyncPlayerPosition RPC received on peer 1125268556: Player 446469990 at (844.4687, 440.59012)
[GameWorld] Current player controllers: 3, Keys: [1125268556, 1, 446469990]
[GameWorld] Client updating remote player 446469990, isLocal=Player_446469990
[PlayerController] Updating remote player 446469990 position from (841.1354, 440.59012) to (844.4687, 440.59012)
[GameWorld] SyncPlayerPosition RPC received on peer 1125268556: Player 446469990 at (847.802, 440.59012)
[GameWorld] Current player controllers: 3, Keys: [1125268556, 1, 446469990]
[GameWorld] Client updating remote player 446469990, isLocal=Player_446469990
[PlayerController] Updating remote player 446469990 position from (844.4687, 440.59012) to (847.802, 440.59012)
[GameWorld] SyncPlayerPosition RPC received on peer 1125268556: Player 446469990 at (851.1353, 440.59012)
[GameWorld] Current player controllers: 3, Keys: [1125268556, 1, 446469990]
[GameWorld] Client updating remote player 446469990, isLocal=Player_446469990
[PlayerController] Updating remote player 446469990 position from (847.802, 440.59012) to (851.1353, 440.59012)
[GameWorld] SyncPlayerPosition RPC received on peer 1125268556: Player 446469990 at (854.4686, 440.59012)
[GameWorld] Current player controllers: 3, Keys: [1125268556, 1, 446469990]
[GameWorld] Client updating remote player 446469990, isLocal=Player_446469990
[PlayerController] Updating remote player 446469990 position from (851.1353, 440.59012) to (854.4686, 440.59012)
[GameWorld] SyncPlayerPosition RPC received on peer 1125268556: Player 446469990 at (854.4686, 437.25677)
[GameWorld] Current player controllers: 3, Keys: [1125268556, 1, 446469990]
[GameWorld] Client updating remote player 446469990, isLocal=Player_446469990
[PlayerController] Updating remote player 446469990 position from (854.4686, 440.59012) to (854.4686, 437.25677)
[GameWorld] SyncPlayerPosition RPC received on peer 1125268556: Player 446469990 at (854.4686, 433.92343)
[GameWorld] Current player controllers: 3, Keys: [1125268556, 1, 446469990]
[GameWorld] Client updating remote player 446469990, isLocal=Player_446469990
[PlayerController] Updating remote player 446469990 position from (854.4686, 437.25677) to (854.4686, 433.92343)
[GameWorld] SyncPlayerPosition RPC received on peer 1125268556: Player 446469990 at (854.4686, 430.5901)
[GameWorld] Current player controllers: 3, Keys: [1125268556, 1, 446469990]
[GameWorld] Client updating remote player 446469990, isLocal=Player_446469990
[PlayerController] Updating remote player 446469990 position from (854.4686, 433.92343) to (854.4686, 430.5901)
[GameWorld] SyncPlayerPosition RPC received on peer 1125268556: Player 446469990 at (854.4686, 427.25674)
[GameWorld] Current player controllers: 3, Keys: [1125268556, 1, 446469990]
[GameWorld] Client updating remote player 446469990, isLocal=Player_446469990
[PlayerController] Updating remote player 446469990 position from (854.4686, 430.5901) to (854.4686, 427.25674)
[GameWorld] SyncPlayerPosition RPC received on peer 1125268556: Player 446469990 at (854.4686, 423.9234)
[GameWorld] Current player controllers: 3, Keys: [1125268556, 1, 446469990]
[GameWorld] Client updating remote player 446469990, isLocal=Player_446469990
[PlayerController] Updating remote player 446469990 position from (854.4686, 427.25674) to (854.4686, 423.9234)
[GameWorld] SyncPlayerPosition RPC received on peer 1125268556: Player 446469990 at (854.4686, 420.59006)
[GameWorld] Current player controllers: 3, Keys: [1125268556, 1, 446469990]
[GameWorld] Client updating remote player 446469990, isLocal=Player_446469990
[PlayerController] Updating remote player 446469990 position from (854.4686, 423.9234) to (854.4686, 420.59006)
[GameWorld] SyncPlayerPosition RPC received on peer 1125268556: Player 446469990 at (854.4686, 417.2567)
[GameWorld] Current player controllers: 3, Keys: [1125268556, 1, 446469990]
[GameWorld] Client updating remote player 446469990, isLocal=Player_446469990
[PlayerController] Updating remote player 446469990 position from (854.4686, 420.59006) to (854.4686, 417.2567)
[GameWorld] SyncPlayerPosition RPC received on peer 1125268556: Player 446469990 at (854.4686, 413.92337)
[GameWorld] Current player controllers: 3, Keys: [1125268556, 1, 446469990]
[GameWorld] Client updating remote player 446469990, isLocal=Player_446469990
[PlayerController] Updating remote player 446469990 position from (854.4686, 417.2567) to (854.4686, 413.92337)
[GameWorld] SyncPlayerPosition RPC received on peer 1125268556: Player 446469990 at (854.4686, 410.59003)
[GameWorld] Current player controllers: 3, Keys: [1125268556, 1, 446469990]
[GameWorld] Client updating remote player 446469990, isLocal=Player_446469990
[PlayerController] Updating remote player 446469990 position from (854.4686, 413.92337) to (854.4686, 410.59003)
[GameWorld] SyncPlayerPosition RPC received on peer 1125268556: Player 446469990 at (854.4686, 407.25668)
[GameWorld] Current player controllers: 3, Keys: [1125268556, 1, 446469990]
[GameWorld] Client updating remote player 446469990, isLocal=Player_446469990
[PlayerController] Updating remote player 446469990 position from (854.4686, 410.59003) to (854.4686, 407.25668)
[GameWorld] SyncPlayerPosition RPC received on peer 1125268556: Player 446469990 at (854.4686, 403.92334)
[GameWorld] Current player controllers: 3, Keys: [1125268556, 1, 446469990]
[GameWorld] Client updating remote player 446469990, isLocal=Player_446469990
[PlayerController] Updating remote player 446469990 position from (854.4686, 407.25668) to (854.4686, 403.92334)
[GameWorld] SyncPlayerPosition RPC received on peer 1125268556: Player 446469990 at (854.4686, 400.59)
[GameWorld] Current player controllers: 3, Keys: [1125268556, 1, 446469990]
[GameWorld] Client updating remote player 446469990, isLocal=Player_446469990
[PlayerController] Updating remote player 446469990 position from (854.4686, 403.92334) to (854.4686, 400.59)
[GameWorld] SyncPlayerPosition RPC received on peer 1125268556: Player 446469990 at (854.4686, 397.25665)
[GameWorld] Current player controllers: 3, Keys: [1125268556, 1, 446469990]
[GameWorld] Client updating remote player 446469990, isLocal=Player_446469990
[PlayerController] Updating remote player 446469990 position from (854.4686, 400.59) to (854.4686, 397.25665)
[GameWorld] SyncPlayerPosition RPC received on peer 1125268556: Player 446469990 at (854.4686, 393.9233)
[GameWorld] Current player controllers: 3, Keys: [1125268556, 1, 446469990]
[GameWorld] Client updating remote player 446469990, isLocal=Player_446469990
[PlayerController] Updating remote player 446469990 position from (854.4686, 397.25665) to (854.4686, 393.9233)
[GameWorld] SyncPlayerPosition RPC received on peer 1125268556: Player 446469990 at (854.4686, 390.58997)
[GameWorld] Current player controllers: 3, Keys: [1125268556, 1, 446469990]
[GameWorld] Client updating remote player 446469990, isLocal=Player_446469990
[PlayerController] Updating remote player 446469990 position from (854.4686, 393.9233) to (854.4686, 390.58997)
[GameWorld] SyncPlayerPosition RPC received on peer 1125268556: Player 446469990 at (854.4686, 387.25662)
[GameWorld] Current player controllers: 3, Keys: [1125268556, 1, 446469990]
[GameWorld] Client updating remote player 446469990, isLocal=Player_446469990
[PlayerController] Updating remote player 446469990 position from (854.4686, 390.58997) to (854.4686, 387.25662)
[GameWorld] SyncPlayerPosition RPC received on peer 1125268556: Player 446469990 at (854.4686, 383.92328)
[GameWorld] Current player controllers: 3, Keys: [1125268556, 1, 446469990]
[GameWorld] Client updating remote player 446469990, isLocal=Player_446469990
[PlayerController] Updating remote player 446469990 position from (854.4686, 387.25662) to (854.4686, 383.92328)
[GameWorld] SyncPlayerPosition RPC received on peer 1125268556: Player 446469990 at (854.4686, 380.58994)
[GameWorld] Current player controllers: 3, Keys: [1125268556, 1, 446469990]
[GameWorld] Client updating remote player 446469990, isLocal=Player_446469990
[PlayerController] Updating remote player 446469990 position from (854.4686, 383.92328) to (854.4686, 380.58994)
[GameWorld] SyncPlayerPosition RPC received on peer 1125268556: Player 446469990 at (854.4686, 377.2566)
[GameWorld] Current player controllers: 3, Keys: [1125268556, 1, 446469990]
[GameWorld] Client updating remote player 446469990, isLocal=Player_446469990
[PlayerController] Updating remote player 446469990 position from (854.4686, 380.58994) to (854.4686, 377.2566)
[GameWorld] SyncPlayerPosition RPC received on peer 1125268556: Player 446469990 at (854.4686, 373.92325)
[GameWorld] Current player controllers: 3, Keys: [1125268556, 1, 446469990]
[GameWorld] Client updating remote player 446469990, isLocal=Player_446469990
[PlayerController] Updating remote player 446469990 position from (854.4686, 377.2566) to (854.4686, 373.92325)
[GameWorld] SyncPlayerPosition RPC received on peer 1125268556: Player 446469990 at (854.4686, 370.5899)
[GameWorld] Current player controllers: 3, Keys: [1125268556, 1, 446469990]
[GameWorld] Client updating remote player 446469990, isLocal=Player_446469990
[PlayerController] Updating remote player 446469990 position from (854.4686, 373.92325) to (854.4686, 370.5899)
[GameWorld] SyncPlayerPosition RPC received on peer 1125268556: Player 446469990 at (854.4686, 367.25656)
[GameWorld] Current player controllers: 3, Keys: [1125268556, 1, 446469990]
[GameWorld] Client updating remote player 446469990, isLocal=Player_446469990
[PlayerController] Updating remote player 446469990 position from (854.4686, 370.5899) to (854.4686, 367.25656)
Body exited Sofia: Player_446469990
[GameWorld] SyncPlayerPosition RPC received on peer 1125268556: Player 446469990 at (854.4686, 363.92322)
[GameWorld] Current player controllers: 3, Keys: [1125268556, 1, 446469990]
[GameWorld] Client updating remote player 446469990, isLocal=Player_446469990
[PlayerController] Updating remote player 446469990 position from (854.4686, 367.25656) to (854.4686, 363.92322)
[GameWorld] SyncPlayerPosition RPC received on peer 1125268556: Player 446469990 at (854.4686, 360.58987)
[GameWorld] Current player controllers: 3, Keys: [1125268556, 1, 446469990]
[GameWorld] Client updating remote player 446469990, isLocal=Player_446469990
[PlayerController] Updating remote player 446469990 position from (854.4686, 363.92322) to (854.4686, 360.58987)
[GameWorld] SyncPlayerPosition RPC received on peer 1125268556: Player 446469990 at (854.4686, 357.25653)
[GameWorld] Current player controllers: 3, Keys: [1125268556, 1, 446469990]
[GameWorld] Client updating remote player 446469990, isLocal=Player_446469990
[PlayerController] Updating remote player 446469990 position from (854.4686, 360.58987) to (854.4686, 357.25653)
[GameWorld] SyncPlayerPosition RPC received on peer 1125268556: Player 446469990 at (854.4686, 353.9232)
[GameWorld] Current player controllers: 3, Keys: [1125268556, 1, 446469990]
[GameWorld] Client updating remote player 446469990, isLocal=Player_446469990
[PlayerController] Updating remote player 446469990 position from (854.4686, 357.25653) to (854.4686, 353.9232)
[GameWorld] SyncPlayerPosition RPC received on peer 1125268556: Player 446469990 at (854.4686, 350.58984)
[GameWorld] Current player controllers: 3, Keys: [1125268556, 1, 446469990]
[GameWorld] Client updating remote player 446469990, isLocal=Player_446469990
[PlayerController] Updating remote player 446469990 position from (854.4686, 353.9232) to (854.4686, 350.58984)
[GameWorld] SyncPlayerPosition RPC received on peer 1125268556: Player 446469990 at (854.4686, 347.2565)
[GameWorld] Current player controllers: 3, Keys: [1125268556, 1, 446469990]
[GameWorld] Client updating remote player 446469990, isLocal=Player_446469990
[PlayerController] Updating remote player 446469990 position from (854.4686, 350.58984) to (854.4686, 347.2565)
[GameWorld] SyncPlayerPosition RPC received on peer 1125268556: Player 446469990 at (854.4686, 343.92316)
[GameWorld] Current player controllers: 3, Keys: [1125268556, 1, 446469990]
[GameWorld] Client updating remote player 446469990, isLocal=Player_446469990
[PlayerController] Updating remote player 446469990 position from (854.4686, 347.2565) to (854.4686, 343.92316)
[GameWorld] SyncPlayerPosition RPC received on peer 1125268556: Player 446469990 at (854.4686, 340.5898)
[GameWorld] Current player controllers: 3, Keys: [1125268556, 1, 446469990]
[GameWorld] Client updating remote player 446469990, isLocal=Player_446469990
[PlayerController] Updating remote player 446469990 position from (854.4686, 343.92316) to (854.4686, 340.5898)
[GameWorld] SyncPlayerPosition RPC received on peer 1125268556: Player 446469990 at (854.4686, 337.25647)
[GameWorld] Current player controllers: 3, Keys: [1125268556, 1, 446469990]
[GameWorld] Client updating remote player 446469990, isLocal=Player_446469990
[PlayerController] Updating remote player 446469990 position from (854.4686, 340.5898) to (854.4686, 337.25647)
[GameWorld] SyncPlayerPosition RPC received on peer 1125268556: Player 446469990 at (854.4686, 333.92313)
[GameWorld] Current player controllers: 3, Keys: [1125268556, 1, 446469990]
[GameWorld] Client updating remote player 446469990, isLocal=Player_446469990
[PlayerController] Updating remote player 446469990 position from (854.4686, 337.25647) to (854.4686, 333.92313)
[GameWorld] SyncPlayerPosition RPC received on peer 1125268556: Player 446469990 at (854.4686, 330.58978)
[GameWorld] Current player controllers: 3, Keys: [1125268556, 1, 446469990]
[GameWorld] Client updating remote player 446469990, isLocal=Player_446469990
[PlayerController] Updating remote player 446469990 position from (854.4686, 333.92313) to (854.4686, 330.58978)
[GameWorld] SyncPlayerPosition RPC received on peer 1125268556: Player 446469990 at (854.4686, 327.25644)
[GameWorld] Current player controllers: 3, Keys: [1125268556, 1, 446469990]
[GameWorld] Client updating remote player 446469990, isLocal=Player_446469990
[PlayerController] Updating remote player 446469990 position from (854.4686, 330.58978) to (854.4686, 327.25644)
[GameWorld] SyncPlayerPosition RPC received on peer 1125268556: Player 446469990 at (854.4686, 323.9231)
[GameWorld] Current player controllers: 3, Keys: [1125268556, 1, 446469990]
[GameWorld] Client updating remote player 446469990, isLocal=Player_446469990
[PlayerController] Updating remote player 446469990 position from (854.4686, 327.25644) to (854.4686, 323.9231)
[GameWorld] SyncPlayerPosition RPC received on peer 1125268556: Player 446469990 at (854.4686, 320.58975)
[GameWorld] Current player controllers: 3, Keys: [1125268556, 1, 446469990]
[GameWorld] Client updating remote player 446469990, isLocal=Player_446469990
[PlayerController] Updating remote player 446469990 position from (854.4686, 323.9231) to (854.4686, 320.58975)
[GameWorld] SyncPlayerPosition RPC received on peer 1125268556: Player 446469990 at (854.4686, 317.2564)
[GameWorld] Current player controllers: 3, Keys: [1125268556, 1, 446469990]
[GameWorld] Client updating remote player 446469990, isLocal=Player_446469990
[PlayerController] Updating remote player 446469990 position from (854.4686, 320.58975) to (854.4686, 317.2564)
[GameWorld] SyncPlayerPosition RPC received on peer 1125268556: Player 446469990 at (854.4686, 313.92307)
[GameWorld] Current player controllers: 3, Keys: [1125268556, 1, 446469990]
[GameWorld] Client updating remote player 446469990, isLocal=Player_446469990
[PlayerController] Updating remote player 446469990 position from (854.4686, 317.2564) to (854.4686, 313.92307)
[GameWorld] SyncPlayerPosition RPC received on peer 1125268556: Player 446469990 at (854.4686, 310.58972)
[GameWorld] Current player controllers: 3, Keys: [1125268556, 1, 446469990]
[GameWorld] Client updating remote player 446469990, isLocal=Player_446469990
[PlayerController] Updating remote player 446469990 position from (854.4686, 313.92307) to (854.4686, 310.58972)
[GameWorld] SyncPlayerPosition RPC received on peer 1125268556: Player 446469990 at (854.4686, 307.25638)
[GameWorld] Current player controllers: 3, Keys: [1125268556, 1, 446469990]
[GameWorld] Client updating remote player 446469990, isLocal=Player_446469990
[PlayerController] Updating remote player 446469990 position from (854.4686, 310.58972) to (854.4686, 307.25638)
[GameWorld] SyncPlayerPosition RPC received on peer 1125268556: Player 446469990 at (854.4686, 303.92303)
[GameWorld] Current player controllers: 3, Keys: [1125268556, 1, 446469990]
[GameWorld] Client updating remote player 446469990, isLocal=Player_446469990
[PlayerController] Updating remote player 446469990 position from (854.4686, 307.25638) to (854.4686, 303.92303)
[GameWorld] SyncPlayerPosition RPC received on peer 1125268556: Player 446469990 at (854.4686, 300.5897)
[GameWorld] Current player controllers: 3, Keys: [1125268556, 1, 446469990]
[GameWorld] Client updating remote player 446469990, isLocal=Player_446469990
[PlayerController] Updating remote player 446469990 position from (854.4686, 303.92303) to (854.4686, 300.5897)
[GameWorld] SyncPlayerPosition RPC received on peer 1125268556: Player 446469990 at (854.4686, 297.25635)
[GameWorld] Current player controllers: 3, Keys: [1125268556, 1, 446469990]
[GameWorld] Client updating remote player 446469990, isLocal=Player_446469990
[PlayerController] Updating remote player 446469990 position from (854.4686, 300.5897) to (854.4686, 297.25635)
[GameWorld] SyncPlayerPosition RPC received on peer 1125268556: Player 446469990 at (854.4686, 293.923)
[GameWorld] Current player controllers: 3, Keys: [1125268556, 1, 446469990]
[GameWorld] Client updating remote player 446469990, isLocal=Player_446469990
[PlayerController] Updating remote player 446469990 position from (854.4686, 297.25635) to (854.4686, 293.923)
[GameWorld] SyncPlayerPosition RPC received on peer 1125268556: Player 446469990 at (854.4686, 290.58966)
[GameWorld] Current player controllers: 3, Keys: [1125268556, 1, 446469990]
[GameWorld] Client updating remote player 446469990, isLocal=Player_446469990
[PlayerController] Updating remote player 446469990 position from (854.4686, 293.923) to (854.4686, 290.58966)
[GameWorld] SyncPlayerPosition RPC received on peer 1125268556: Player 446469990 at (854.4686, 287.25632)
[GameWorld] Current player controllers: 3, Keys: [1125268556, 1, 446469990]
[GameWorld] Client updating remote player 446469990, isLocal=Player_446469990
[PlayerController] Updating remote player 446469990 position from (854.4686, 290.58966) to (854.4686, 287.25632)
[GameWorld] SyncPlayerPosition RPC received on peer 1125268556: Player 446469990 at (854.4686, 283.92297)
[GameWorld] Current player controllers: 3, Keys: [1125268556, 1, 446469990]
[GameWorld] Client updating remote player 446469990, isLocal=Player_446469990
[PlayerController] Updating remote player 446469990 position from (854.4686, 287.25632) to (854.4686, 283.92297)
[GameWorld] SyncPlayerPosition RPC received on peer 1125268556: Player 446469990 at (854.4686, 280.58963)
[GameWorld] Current player controllers: 3, Keys: [1125268556, 1, 446469990]
[GameWorld] Client updating remote player 446469990, isLocal=Player_446469990
[PlayerController] Updating remote player 446469990 position from (854.4686, 283.92297) to (854.4686, 280.58963)
[GameWorld] SyncPlayerPosition RPC received on peer 1125268556: Player 446469990 at (856.8256, 278.2326)
[GameWorld] Current player controllers: 3, Keys: [1125268556, 1, 446469990]
[GameWorld] Client updating remote player 446469990, isLocal=Player_446469990
[PlayerController] Updating remote player 446469990 position from (854.4686, 280.58963) to (856.8256, 278.2326)
[GameWorld] SyncPlayerPosition RPC received on peer 1125268556: Player 446469990 at (859.1826, 275.87558)
[GameWorld] Current player controllers: 3, Keys: [1125268556, 1, 446469990]
[GameWorld] Client updating remote player 446469990, isLocal=Player_446469990
[PlayerController] Updating remote player 446469990 position from (856.8256, 278.2326) to (859.1826, 275.87558)
[GameWorld] SyncPlayerPosition RPC received on peer 1125268556: Player 446469990 at (861.5396, 273.51855)
[GameWorld] Current player controllers: 3, Keys: [1125268556, 1, 446469990]
[GameWorld] Client updating remote player 446469990, isLocal=Player_446469990
[PlayerController] Updating remote player 446469990 position from (859.1826, 275.87558) to (861.5396, 273.51855)
[GameWorld] SyncPlayerPosition RPC received on peer 1125268556: Player 446469990 at (863.8966, 271.16153)
[GameWorld] Current player controllers: 3, Keys: [1125268556, 1, 446469990]
[GameWorld] Client updating remote player 446469990, isLocal=Player_446469990
[PlayerController] Updating remote player 446469990 position from (861.5396, 273.51855) to (863.8966, 271.16153)
[GameWorld] SyncPlayerPosition RPC received on peer 1125268556: Player 446469990 at (866.2536, 268.8045)
[GameWorld] Current player controllers: 3, Keys: [1125268556, 1, 446469990]
[GameWorld] Client updating remote player 446469990, isLocal=Player_446469990
[PlayerController] Updating remote player 446469990 position from (863.8966, 271.16153) to (866.2536, 268.8045)
[GameWorld] SyncPlayerPosition RPC received on peer 1125268556: Player 446469990 at (868.6106, 266.44748)
[GameWorld] Current player controllers: 3, Keys: [1125268556, 1, 446469990]
[GameWorld] Client updating remote player 446469990, isLocal=Player_446469990
[PlayerController] Updating remote player 446469990 position from (866.2536, 268.8045) to (868.6106, 266.44748)
[GameWorld] SyncPlayerPosition RPC received on peer 1125268556: Player 446469990 at (870.9676, 264.09045)
[GameWorld] Current player controllers: 3, Keys: [1125268556, 1, 446469990]
[GameWorld] Client updating remote player 446469990, isLocal=Player_446469990
[PlayerController] Updating remote player 446469990 position from (868.6106, 266.44748) to (870.9676, 264.09045)
[GameWorld] SyncPlayerPosition RPC received on peer 1125268556: Player 446469990 at (873.3246, 261.73343)
[GameWorld] Current player controllers: 3, Keys: [1125268556, 1, 446469990]
[GameWorld] Client updating remote player 446469990, isLocal=Player_446469990
[PlayerController] Updating remote player 446469990 position from (870.9676, 264.09045) to (873.3246, 261.73343)
[GameWorld] SyncPlayerPosition RPC received on peer 1125268556: Player 446469990 at (875.6816, 259.3764)
[GameWorld] Current player controllers: 3, Keys: [1125268556, 1, 446469990]
[GameWorld] Client updating remote player 446469990, isLocal=Player_446469990
[PlayerController] Updating remote player 446469990 position from (873.3246, 261.73343) to (875.6816, 259.3764)
[GameWorld] SyncPlayerPosition RPC received on peer 1125268556: Player 446469990 at (878.0386, 257.01938)
[GameWorld] Current player controllers: 3, Keys: [1125268556, 1, 446469990]
[GameWorld] Client updating remote player 446469990, isLocal=Player_446469990
[PlayerController] Updating remote player 446469990 position from (875.6816, 259.3764) to (878.0386, 257.01938)
[GameWorld] SyncPlayerPosition RPC received on peer 1125268556: Player 446469990 at (881.3719, 257.01938)
[GameWorld] Current player controllers: 3, Keys: [1125268556, 1, 446469990]
[GameWorld] Client updating remote player 446469990, isLocal=Player_446469990
[PlayerController] Updating remote player 446469990 position from (878.0386, 257.01938) to (881.3719, 257.01938)
[GameWorld] SyncPlayerPosition RPC received on peer 1125268556: Player 446469990 at (884.7052, 257.01938)
[GameWorld] Current player controllers: 3, Keys: [1125268556, 1, 446469990]
[GameWorld] Client updating remote player 446469990, isLocal=Player_446469990
[PlayerController] Updating remote player 446469990 position from (881.3719, 257.01938) to (884.7052, 257.01938)
Body entered Rebecca: Player_446469990
[GameWorld] SyncPlayerPosition RPC received on peer 1125268556: Player 446469990 at (888.0385, 257.01938)
[GameWorld] Current player controllers: 3, Keys: [1125268556, 1, 446469990]
[GameWorld] Client updating remote player 446469990, isLocal=Player_446469990
[PlayerController] Updating remote player 446469990 position from (884.7052, 257.01938) to (888.0385, 257.01938)
[GameWorld] SyncPlayerPosition RPC received on peer 1125268556: Player 446469990 at (891.3718, 257.01938)
[GameWorld] Current player controllers: 3, Keys: [1125268556, 1, 446469990]
[GameWorld] Client updating remote player 446469990, isLocal=Player_446469990
[PlayerController] Updating remote player 446469990 position from (888.0385, 257.01938) to (891.3718, 257.01938)
[GameWorld] SyncPlayerPosition RPC received on peer 1125268556: Player 446469990 at (894.70514, 257.01938)
[GameWorld] Current player controllers: 3, Keys: [1125268556, 1, 446469990]
[GameWorld] Client updating remote player 446469990, isLocal=Player_446469990
[PlayerController] Updating remote player 446469990 position from (891.3718, 257.01938) to (894.70514, 257.01938)
[GameWorld] SyncPlayerPosition RPC received on peer 1125268556: Player 446469990 at (898.03845, 257.01938)
[GameWorld] Current player controllers: 3, Keys: [1125268556, 1, 446469990]
[GameWorld] Client updating remote player 446469990, isLocal=Player_446469990
[PlayerController] Updating remote player 446469990 position from (894.70514, 257.01938) to (898.03845, 257.01938)
[GameWorld] SyncPlayerPosition RPC received on peer 1125268556: Player 446469990 at (901.37177, 257.01938)
[GameWorld] Current player controllers: 3, Keys: [1125268556, 1, 446469990]
[GameWorld] Client updating remote player 446469990, isLocal=Player_446469990
[PlayerController] Updating remote player 446469990 position from (898.03845, 257.01938) to (901.37177, 257.01938)
[GameWorld] SyncPlayerPosition RPC received on peer 1125268556: Player 446469990 at (904.7051, 257.01938)
[GameWorld] Current player controllers: 3, Keys: [1125268556, 1, 446469990]
[GameWorld] Client updating remote player 446469990, isLocal=Player_446469990
[PlayerController] Updating remote player 446469990 position from (901.37177, 257.01938) to (904.7051, 257.01938)
[GameWorld] SyncPlayerPosition RPC received on peer 1125268556: Player 446469990 at (908.0384, 257.01938)
[GameWorld] Current player controllers: 3, Keys: [1125268556, 1, 446469990]
[GameWorld] Client updating remote player 446469990, isLocal=Player_446469990
[PlayerController] Updating remote player 446469990 position from (904.7051, 257.01938) to (908.0384, 257.01938)
[GameWorld] SyncPlayerPosition RPC received on peer 1125268556: Player 446469990 at (911.3717, 257.01938)
[GameWorld] Current player controllers: 3, Keys: [1125268556, 1, 446469990]
[GameWorld] Client updating remote player 446469990, isLocal=Player_446469990
[PlayerController] Updating remote player 446469990 position from (908.0384, 257.01938) to (911.3717, 257.01938)
[GameWorld] SyncPlayerPosition RPC received on peer 1125268556: Player 446469990 at (913.7287, 254.66235)
[GameWorld] Current player controllers: 3, Keys: [1125268556, 1, 446469990]
[GameWorld] Client updating remote player 446469990, isLocal=Player_446469990
[PlayerController] Updating remote player 446469990 position from (911.3717, 257.01938) to (913.7287, 254.66235)
[GameWorld] SyncPlayerPosition RPC received on peer 1125268556: Player 446469990 at (916.0857, 252.30533)
[GameWorld] Current player controllers: 3, Keys: [1125268556, 1, 446469990]
[GameWorld] Client updating remote player 446469990, isLocal=Player_446469990
[PlayerController] Updating remote player 446469990 position from (913.7287, 254.66235) to (916.0857, 252.30533)
[GameWorld] SyncPlayerPosition RPC received on peer 1125268556: Player 446469990 at (918.4427, 249.9483)
[GameWorld] Current player controllers: 3, Keys: [1125268556, 1, 446469990]
[GameWorld] Client updating remote player 446469990, isLocal=Player_446469990
[PlayerController] Updating remote player 446469990 position from (916.0857, 252.30533) to (918.4427, 249.9483)
[GameWorld] SyncPlayerPosition RPC received on peer 1125268556: Player 446469990 at (920.7997, 247.59128)
[GameWorld] Current player controllers: 3, Keys: [1125268556, 1, 446469990]
[GameWorld] Client updating remote player 446469990, isLocal=Player_446469990
[PlayerController] Updating remote player 446469990 position from (918.4427, 249.9483) to (920.7997, 247.59128)
[GameWorld] SyncPlayerPosition RPC received on peer 1125268556: Player 446469990 at (923.1567, 245.23425)
[GameWorld] Current player controllers: 3, Keys: [1125268556, 1, 446469990]
[GameWorld] Client updating remote player 446469990, isLocal=Player_446469990
[PlayerController] Updating remote player 446469990 position from (920.7997, 247.59128) to (923.1567, 245.23425)
[GameWorld] SyncPlayerPosition RPC received on peer 1125268556: Player 446469990 at (925.5137, 242.87723)
[GameWorld] Current player controllers: 3, Keys: [1125268556, 1, 446469990]
[GameWorld] Client updating remote player 446469990, isLocal=Player_446469990
[PlayerController] Updating remote player 446469990 position from (923.1567, 245.23425) to (925.5137, 242.87723)
[GameWorld] SyncPlayerPosition RPC received on peer 1125268556: Player 446469990 at (927.87067, 240.5202)
[GameWorld] Current player controllers: 3, Keys: [1125268556, 1, 446469990]
[GameWorld] Client updating remote player 446469990, isLocal=Player_446469990
[PlayerController] Updating remote player 446469990 position from (925.5137, 242.87723) to (927.87067, 240.5202)
[GameWorld] SyncPlayerPosition RPC received on peer 1125268556: Player 446469990 at (930.22766, 238.16318)
[GameWorld] Current player controllers: 3, Keys: [1125268556, 1, 446469990]
[GameWorld] Client updating remote player 446469990, isLocal=Player_446469990
[PlayerController] Updating remote player 446469990 position from (927.87067, 240.5202) to (930.22766, 238.16318)
[GameWorld] SyncPlayerPosition RPC received on peer 1125268556: Player 446469990 at (932.58466, 235.80615)
[GameWorld] Current player controllers: 3, Keys: [1125268556, 1, 446469990]
[GameWorld] Client updating remote player 446469990, isLocal=Player_446469990
[PlayerController] Updating remote player 446469990 position from (930.22766, 238.16318) to (932.58466, 235.80615)
[GameWorld] SyncPlayerPosition RPC received on peer 1125268556: Player 446469990 at (934.94165, 233.44913)
[GameWorld] Current player controllers: 3, Keys: [1125268556, 1, 446469990]
[GameWorld] Client updating remote player 446469990, isLocal=Player_446469990
[PlayerController] Updating remote player 446469990 position from (932.58466, 235.80615) to (934.94165, 233.44913)
[GameWorld] SyncPlayerPosition RPC received on peer 1125268556: Player 446469990 at (937.29865, 231.0921)
[GameWorld] Current player controllers: 3, Keys: [1125268556, 1, 446469990]
[GameWorld] Client updating remote player 446469990, isLocal=Player_446469990
[PlayerController] Updating remote player 446469990 position from (934.94165, 233.44913) to (937.29865, 231.0921)
[GameWorld] SyncPlayerPosition RPC received on peer 1125268556: Player 446469990 at (939.65564, 228.73508)
[GameWorld] Current player controllers: 3, Keys: [1125268556, 1, 446469990]
[GameWorld] Client updating remote player 446469990, isLocal=Player_446469990
[PlayerController] Updating remote player 446469990 position from (937.29865, 231.0921) to (939.65564, 228.73508)
[GameWorld] SyncPlayerPosition RPC received on peer 1125268556: Player 446469990 at (942.01263, 226.37805)
[GameWorld] Current player controllers: 3, Keys: [1125268556, 1, 446469990]
[GameWorld] Client updating remote player 446469990, isLocal=Player_446469990
[PlayerController] Updating remote player 446469990 position from (939.65564, 228.73508) to (942.01263, 226.37805)
[GameWorld] SyncPlayerPosition RPC received on peer 1125268556: Player 446469990 at (944.3696, 224.02103)
[GameWorld] Current player controllers: 3, Keys: [1125268556, 1, 446469990]
[GameWorld] Client updating remote player 446469990, isLocal=Player_446469990
[PlayerController] Updating remote player 446469990 position from (942.01263, 226.37805) to (944.3696, 224.02103)
[GameWorld] SyncPlayerPosition RPC received on peer 1125268556: Player 446469990 at (946.7266, 221.664)
[GameWorld] Current player controllers: 3, Keys: [1125268556, 1, 446469990]
[GameWorld] Client updating remote player 446469990, isLocal=Player_446469990
[PlayerController] Updating remote player 446469990 position from (944.3696, 224.02103) to (946.7266, 221.664)
[GameWorld] SyncPlayerPosition RPC received on peer 1125268556: Player 446469990 at (949.0836, 219.30698)
[GameWorld] Current player controllers: 3, Keys: [1125268556, 1, 446469990]
[GameWorld] Client updating remote player 446469990, isLocal=Player_446469990
[PlayerController] Updating remote player 446469990 position from (946.7266, 221.664) to (949.0836, 219.30698)
[GameWorld] SyncPlayerPosition RPC received on peer 1125268556: Player 446469990 at (951.4406, 216.94995)
[GameWorld] Current player controllers: 3, Keys: [1125268556, 1, 446469990]
[GameWorld] Client updating remote player 446469990, isLocal=Player_446469990
[PlayerController] Updating remote player 446469990 position from (949.0836, 219.30698) to (951.4406, 216.94995)
[GameWorld] SyncPlayerPosition RPC received on peer 1125268556: Player 446469990 at (953.7976, 214.59293)
[GameWorld] Current player controllers: 3, Keys: [1125268556, 1, 446469990]
[GameWorld] Client updating remote player 446469990, isLocal=Player_446469990
[PlayerController] Updating remote player 446469990 position from (951.4406, 216.94995) to (953.7976, 214.59293)
[GameWorld] SyncPlayerPosition RPC received on peer 1125268556: Player 446469990 at (956.1546, 212.2359)
[GameWorld] Current player controllers: 3, Keys: [1125268556, 1, 446469990]
[GameWorld] Client updating remote player 446469990, isLocal=Player_446469990
[PlayerController] Updating remote player 446469990 position from (953.7976, 214.59293) to (956.1546, 212.2359)
[GameWorld] SyncPlayerPosition RPC received on peer 1125268556: Player 446469990 at (958.5116, 209.87888)
[GameWorld] Current player controllers: 3, Keys: [1125268556, 1, 446469990]
[GameWorld] Client updating remote player 446469990, isLocal=Player_446469990
[PlayerController] Updating remote player 446469990 position from (956.1546, 212.2359) to (958.5116, 209.87888)
[GameWorld] SyncPlayerPosition RPC received on peer 1125268556: Player 446469990 at (960.8686, 207.52185)
[GameWorld] Current player controllers: 3, Keys: [1125268556, 1, 446469990]
[GameWorld] Client updating remote player 446469990, isLocal=Player_446469990
[PlayerController] Updating remote player 446469990 position from (958.5116, 209.87888) to (960.8686, 207.52185)
[GameWorld] SyncPlayerPosition RPC received on peer 1125268556: Player 446469990 at (963.2256, 205.16483)
[GameWorld] Current player controllers: 3, Keys: [1125268556, 1, 446469990]
[GameWorld] Client updating remote player 446469990, isLocal=Player_446469990
[PlayerController] Updating remote player 446469990 position from (960.8686, 207.52185) to (963.2256, 205.16483)
[GameWorld] SyncPlayerPosition RPC received on peer 1125268556: Player 446469990 at (965.5826, 202.8078)
[GameWorld] Current player controllers: 3, Keys: [1125268556, 1, 446469990]
[GameWorld] Client updating remote player 446469990, isLocal=Player_446469990
[PlayerController] Updating remote player 446469990 position from (963.2256, 205.16483) to (965.5826, 202.8078)
[GameWorld] SyncPlayerPosition RPC received on peer 1125268556: Player 446469990 at (965.5826, 199.47447)
[GameWorld] Current player controllers: 3, Keys: [1125268556, 1, 446469990]
[GameWorld] Client updating remote player 446469990, isLocal=Player_446469990
[PlayerController] Updating remote player 446469990 position from (965.5826, 202.8078) to (965.5826, 199.47447)
[GameWorld] SyncPlayerPosition RPC received on peer 1125268556: Player 446469990 at (962.24927, 199.47447)
[GameWorld] Current player controllers: 3, Keys: [1125268556, 1, 446469990]
[GameWorld] Client updating remote player 446469990, isLocal=Player_446469990
[PlayerController] Updating remote player 446469990 position from (965.5826, 199.47447) to (962.24927, 199.47447)
[GameWorld] SyncPlayerPosition RPC received on peer 1125268556: Player 446469990 at (958.91595, 199.47447)
[GameWorld] Current player controllers: 3, Keys: [1125268556, 1, 446469990]
[GameWorld] Client updating remote player 446469990, isLocal=Player_446469990
[PlayerController] Updating remote player 446469990 position from (962.24927, 199.47447) to (958.91595, 199.47447)
[GameWorld] SyncPlayerPosition RPC received on peer 1125268556: Player 446469990 at (955.58264, 199.47447)
[GameWorld] Current player controllers: 3, Keys: [1125268556, 1, 446469990]
[GameWorld] Client updating remote player 446469990, isLocal=Player_446469990
[PlayerController] Updating remote player 446469990 position from (958.91595, 199.47447) to (955.58264, 199.47447)
[GameWorld] SyncPlayerPosition RPC received on peer 1125268556: Player 446469990 at (952.2493, 199.47447)
[GameWorld] Current player controllers: 3, Keys: [1125268556, 1, 446469990]
[GameWorld] Client updating remote player 446469990, isLocal=Player_446469990
[PlayerController] Updating remote player 446469990 position from (955.58264, 199.47447) to (952.2493, 199.47447)
[GameWorld] SyncPlayerPosition RPC received on peer 1125268556: Player 446469990 at (948.916, 199.47447)
[GameWorld] Current player controllers: 3, Keys: [1125268556, 1, 446469990]
[GameWorld] Client updating remote player 446469990, isLocal=Player_446469990
[PlayerController] Updating remote player 446469990 position from (952.2493, 199.47447) to (948.916, 199.47447)
[GameWorld] SyncPlayerPosition RPC received on peer 1125268556: Player 446469990 at (945.5827, 199.47447)
[GameWorld] Current player controllers: 3, Keys: [1125268556, 1, 446469990]
[GameWorld] Client updating remote player 446469990, isLocal=Player_446469990
[PlayerController] Updating remote player 446469990 position from (948.916, 199.47447) to (945.5827, 199.47447)
[GameWorld] SyncPlayerPosition RPC received on peer 1125268556: Player 446469990 at (942.2494, 199.47447)
[GameWorld] Current player controllers: 3, Keys: [1125268556, 1, 446469990]
[GameWorld] Client updating remote player 446469990, isLocal=Player_446469990
[PlayerController] Updating remote player 446469990 position from (945.5827, 199.47447) to (942.2494, 199.47447)
[GameWorld] SyncPlayerPosition RPC received on peer 1125268556: Player 446469990 at (938.9161, 199.47447)
[GameWorld] Current player controllers: 3, Keys: [1125268556, 1, 446469990]
[GameWorld] Client updating remote player 446469990, isLocal=Player_446469990
[PlayerController] Updating remote player 446469990 position from (942.2494, 199.47447) to (938.9161, 199.47447)
[GameWorld] SyncPlayerPosition RPC received on peer 1125268556: Player 446469990 at (935.58276, 199.47447)
[GameWorld] Current player controllers: 3, Keys: [1125268556, 1, 446469990]
[GameWorld] Client updating remote player 446469990, isLocal=Player_446469990
[PlayerController] Updating remote player 446469990 position from (938.9161, 199.47447) to (935.58276, 199.47447)
[GameWorld] SyncPlayerPosition RPC received on peer 1125268556: Player 446469990 at (932.24945, 199.47447)
[GameWorld] Current player controllers: 3, Keys: [1125268556, 1, 446469990]
[GameWorld] Client updating remote player 446469990, isLocal=Player_446469990
[PlayerController] Updating remote player 446469990 position from (935.58276, 199.47447) to (932.24945, 199.47447)
[GameWorld] SyncPlayerPosition RPC received on peer 1125268556: Player 446469990 at (928.91614, 199.47447)
[GameWorld] Current player controllers: 3, Keys: [1125268556, 1, 446469990]
[GameWorld] Client updating remote player 446469990, isLocal=Player_446469990
[PlayerController] Updating remote player 446469990 position from (932.24945, 199.47447) to (928.91614, 199.47447)
[GameWorld] SyncPlayerPosition RPC received on peer 1125268556: Player 446469990 at (925.5828, 199.47447)
[GameWorld] Current player controllers: 3, Keys: [1125268556, 1, 446469990]
[GameWorld] Client updating remote player 446469990, isLocal=Player_446469990
[PlayerController] Updating remote player 446469990 position from (928.91614, 199.47447) to (925.5828, 199.47447)
[GameWorld] SyncPlayerPosition RPC received on peer 1125268556: Player 446469990 at (922.2495, 199.47447)
[GameWorld] Current player controllers: 3, Keys: [1125268556, 1, 446469990]
[GameWorld] Client updating remote player 446469990, isLocal=Player_446469990
[PlayerController] Updating remote player 446469990 position from (925.5828, 199.47447) to (922.2495, 199.47447)
[GameWorld] SyncPlayerPosition RPC received on peer 1125268556: Player 446469990 at (918.9162, 199.47447)
[GameWorld] Current player controllers: 3, Keys: [1125268556, 1, 446469990]
[GameWorld] Client updating remote player 446469990, isLocal=Player_446469990
[PlayerController] Updating remote player 446469990 position from (922.2495, 199.47447) to (918.9162, 199.47447)
[GameWorld] SyncPlayerPosition RPC received on peer 1125268556: Player 446469990 at (915.5829, 199.47447)
[GameWorld] Current player controllers: 3, Keys: [1125268556, 1, 446469990]
[GameWorld] Client updating remote player 446469990, isLocal=Player_446469990
[PlayerController] Updating remote player 446469990 position from (918.9162, 199.47447) to (915.5829, 199.47447)
[GameWorld] SyncPlayerPosition RPC received on peer 1125268556: Player 446469990 at (912.2496, 199.47447)
[GameWorld] Current player controllers: 3, Keys: [1125268556, 1, 446469990]
[GameWorld] Client updating remote player 446469990, isLocal=Player_446469990
[PlayerController] Updating remote player 446469990 position from (915.5829, 199.47447) to (912.2496, 199.47447)
[GameWorld] SyncPlayerPosition RPC received on peer 1125268556: Player 446469990 at (908.91626, 199.47447)
[GameWorld] Current player controllers: 3, Keys: [1125268556, 1, 446469990]
[GameWorld] Client updating remote player 446469990, isLocal=Player_446469990
[PlayerController] Updating remote player 446469990 position from (912.2496, 199.47447) to (908.91626, 199.47447)
[GameWorld] SyncPlayerPosition RPC received on peer 1125268556: Player 446469990 at (905.58295, 199.47447)
[GameWorld] Current player controllers: 3, Keys: [1125268556, 1, 446469990]
[GameWorld] Client updating remote player 446469990, isLocal=Player_446469990
[PlayerController] Updating remote player 446469990 position from (908.91626, 199.47447) to (905.58295, 199.47447)
[GameWorld] SyncPlayerPosition RPC received on peer 1125268556: Player 446469990 at (902.24963, 199.47447)
[GameWorld] Current player controllers: 3, Keys: [1125268556, 1, 446469990]
[GameWorld] Client updating remote player 446469990, isLocal=Player_446469990
[PlayerController] Updating remote player 446469990 position from (905.58295, 199.47447) to (902.24963, 199.47447)
[GameWorld] SyncPlayerPosition RPC received on peer 1125268556: Player 446469990 at (898.9163, 199.47447)
[GameWorld] Current player controllers: 3, Keys: [1125268556, 1, 446469990]
[GameWorld] Client updating remote player 446469990, isLocal=Player_446469990
[PlayerController] Updating remote player 446469990 position from (902.24963, 199.47447) to (898.9163, 199.47447)
[GameWorld] SyncPlayerPosition RPC received on peer 1125268556: Player 446469990 at (895.583, 199.47447)
[GameWorld] Current player controllers: 3, Keys: [1125268556, 1, 446469990]
[GameWorld] Client updating remote player 446469990, isLocal=Player_446469990
[PlayerController] Updating remote player 446469990 position from (898.9163, 199.47447) to (895.583, 199.47447)
[GameWorld] SyncPlayerPosition RPC received on peer 1125268556: Player 446469990 at (892.2497, 199.47447)
[GameWorld] Current player controllers: 3, Keys: [1125268556, 1, 446469990]
[GameWorld] Client updating remote player 446469990, isLocal=Player_446469990
[PlayerController] Updating remote player 446469990 position from (895.583, 199.47447) to (892.2497, 199.47447)
[GameWorld] SyncPlayerPosition RPC received on peer 1125268556: Player 446469990 at (888.9164, 199.47447)
[GameWorld] Current player controllers: 3, Keys: [1125268556, 1, 446469990]
[GameWorld] Client updating remote player 446469990, isLocal=Player_446469990
[PlayerController] Updating remote player 446469990 position from (892.2497, 199.47447) to (888.9164, 199.47447)
[GameWorld] SyncPlayerPosition RPC received on peer 1125268556: Player 446469990 at (885.58307, 199.47447)
[GameWorld] Current player controllers: 3, Keys: [1125268556, 1, 446469990]
[GameWorld] Client updating remote player 446469990, isLocal=Player_446469990
[PlayerController] Updating remote player 446469990 position from (888.9164, 199.47447) to (885.58307, 199.47447)
[GameWorld] SyncPlayerPosition RPC received on peer 1125268556: Player 446469990 at (882.24976, 199.47447)
[GameWorld] Current player controllers: 3, Keys: [1125268556, 1, 446469990]
[GameWorld] Client updating remote player 446469990, isLocal=Player_446469990
[PlayerController] Updating remote player 446469990 position from (885.58307, 199.47447) to (882.24976, 199.47447)
[GameWorld] SyncPlayerPosition RPC received on peer 1125268556: Player 446469990 at (878.91644, 199.47447)
[GameWorld] Current player controllers: 3, Keys: [1125268556, 1, 446469990]
[GameWorld] Client updating remote player 446469990, isLocal=Player_446469990
[PlayerController] Updating remote player 446469990 position from (882.24976, 199.47447) to (878.91644, 199.47447)
[GameWorld] SyncPlayerPosition RPC received on peer 1125268556: Player 446469990 at (875.5831, 199.47447)
[GameWorld] Current player controllers: 3, Keys: [1125268556, 1, 446469990]
[GameWorld] Client updating remote player 446469990, isLocal=Player_446469990
[PlayerController] Updating remote player 446469990 position from (878.91644, 199.47447) to (875.5831, 199.47447)
[GameWorld] SyncPlayerPosition RPC received on peer 1125268556: Player 446469990 at (872.2498, 199.47447)
[GameWorld] Current player controllers: 3, Keys: [1125268556, 1, 446469990]
[GameWorld] Client updating remote player 446469990, isLocal=Player_446469990
[PlayerController] Updating remote player 446469990 position from (875.5831, 199.47447) to (872.2498, 199.47447)
[GameWorld] SyncPlayerPosition RPC received on peer 1125268556: Player 446469990 at (868.9165, 199.47447)
[GameWorld] Current player controllers: 3, Keys: [1125268556, 1, 446469990]
[GameWorld] Client updating remote player 446469990, isLocal=Player_446469990
[PlayerController] Updating remote player 446469990 position from (872.2498, 199.47447) to (868.9165, 199.47447)
[GameWorld] SyncPlayerPosition RPC received on peer 1125268556: Player 446469990 at (865.5832, 199.47447)
[GameWorld] Current player controllers: 3, Keys: [1125268556, 1, 446469990]
[GameWorld] Client updating remote player 446469990, isLocal=Player_446469990
[PlayerController] Updating remote player 446469990 position from (868.9165, 199.47447) to (865.5832, 199.47447)
[GameWorld] SyncPlayerPosition RPC received on peer 1125268556: Player 446469990 at (862.2499, 199.47447)
[GameWorld] Current player controllers: 3, Keys: [1125268556, 1, 446469990]
[GameWorld] Client updating remote player 446469990, isLocal=Player_446469990
[PlayerController] Updating remote player 446469990 position from (865.5832, 199.47447) to (862.2499, 199.47447)
[GameWorld] SyncPlayerPosition RPC received on peer 1125268556: Player 446469990 at (858.91656, 199.47447)
[GameWorld] Current player controllers: 3, Keys: [1125268556, 1, 446469990]
[GameWorld] Client updating remote player 446469990, isLocal=Player_446469990
[PlayerController] Updating remote player 446469990 position from (862.2499, 199.47447) to (858.91656, 199.47447)
[GameWorld] SyncPlayerPosition RPC received on peer 1125268556: Player 446469990 at (855.58325, 199.47447)
[GameWorld] Current player controllers: 3, Keys: [1125268556, 1, 446469990]
[GameWorld] Client updating remote player 446469990, isLocal=Player_446469990
[PlayerController] Updating remote player 446469990 position from (858.91656, 199.47447) to (855.58325, 199.47447)
Body exited Rebecca: Player_446469990
[GameWorld] SyncPlayerPosition RPC received on peer 1125268556: Player 446469990 at (852.24994, 199.47447)
[GameWorld] Current player controllers: 3, Keys: [1125268556, 1, 446469990]
[GameWorld] Client updating remote player 446469990, isLocal=Player_446469990
[PlayerController] Updating remote player 446469990 position from (855.58325, 199.47447) to (852.24994, 199.47447)
[GameWorld] SyncPlayerPosition RPC received on peer 1125268556: Player 446469990 at (848.9166, 199.47447)
[GameWorld] Current player controllers: 3, Keys: [1125268556, 1, 446469990]
[GameWorld] Client updating remote player 446469990, isLocal=Player_446469990
[PlayerController] Updating remote player 446469990 position from (852.24994, 199.47447) to (848.9166, 199.47447)
[GameWorld] SyncPlayerPosition RPC received on peer 1125268556: Player 446469990 at (845.5833, 199.47447)
[GameWorld] Current player controllers: 3, Keys: [1125268556, 1, 446469990]
[GameWorld] Client updating remote player 446469990, isLocal=Player_446469990
[PlayerController] Updating remote player 446469990 position from (848.9166, 199.47447) to (845.5833, 199.47447)
[GameWorld] SyncPlayerPosition RPC received on peer 1125268556: Player 446469990 at (842.25, 199.47447)
[GameWorld] Current player controllers: 3, Keys: [1125268556, 1, 446469990]
[GameWorld] Client updating remote player 446469990, isLocal=Player_446469990
[PlayerController] Updating remote player 446469990 position from (845.5833, 199.47447) to (842.25, 199.47447)
[GameWorld] SyncPlayerPosition RPC received on peer 1125268556: Player 446469990 at (838.9167, 199.47447)
[GameWorld] Current player controllers: 3, Keys: [1125268556, 1, 446469990]
[GameWorld] Client updating remote player 446469990, isLocal=Player_446469990
[PlayerController] Updating remote player 446469990 position from (842.25, 199.47447) to (838.9167, 199.47447)
[GameWorld] SyncPlayerPosition RPC received on peer 1125268556: Player 446469990 at (835.5834, 199.47447)
[GameWorld] Current player controllers: 3, Keys: [1125268556, 1, 446469990]
[GameWorld] Client updating remote player 446469990, isLocal=Player_446469990
[PlayerController] Updating remote player 446469990 position from (838.9167, 199.47447) to (835.5834, 199.47447)
[GameWorld] SyncPlayerPosition RPC received on peer 1125268556: Player 446469990 at (832.25006, 199.47447)
[GameWorld] Current player controllers: 3, Keys: [1125268556, 1, 446469990]
[GameWorld] Client updating remote player 446469990, isLocal=Player_446469990
[PlayerController] Updating remote player 446469990 position from (835.5834, 199.47447) to (832.25006, 199.47447)
[GameWorld] SyncPlayerPosition RPC received on peer 1125268556: Player 446469990 at (828.91675, 199.47447)
[GameWorld] Current player controllers: 3, Keys: [1125268556, 1, 446469990]
[GameWorld] Client updating remote player 446469990, isLocal=Player_446469990
[PlayerController] Updating remote player 446469990 position from (832.25006, 199.47447) to (828.91675, 199.47447)
[GameWorld] SyncPlayerPosition RPC received on peer 1125268556: Player 446469990 at (825.58344, 199.47447)
[GameWorld] Current player controllers: 3, Keys: [1125268556, 1, 446469990]
[GameWorld] Client updating remote player 446469990, isLocal=Player_446469990
[PlayerController] Updating remote player 446469990 position from (828.91675, 199.47447) to (825.58344, 199.47447)
[GameWorld] SyncPlayerPosition RPC received on peer 1125268556: Player 446469990 at (822.2501, 199.47447)
[GameWorld] Current player controllers: 3, Keys: [1125268556, 1, 446469990]
[GameWorld] Client updating remote player 446469990, isLocal=Player_446469990
[PlayerController] Updating remote player 446469990 position from (825.58344, 199.47447) to (822.2501, 199.47447)
[GameWorld] SyncPlayerPosition RPC received on peer 1125268556: Player 446469990 at (818.9168, 199.47447)
[GameWorld] Current player controllers: 3, Keys: [1125268556, 1, 446469990]
[GameWorld] Client updating remote player 446469990, isLocal=Player_446469990
[PlayerController] Updating remote player 446469990 position from (822.2501, 199.47447) to (818.9168, 199.47447)
[GameWorld] SyncPlayerPosition RPC received on peer 1125268556: Player 446469990 at (815.5835, 199.47447)
[GameWorld] Current player controllers: 3, Keys: [1125268556, 1, 446469990]
[GameWorld] Client updating remote player 446469990, isLocal=Player_446469990
[PlayerController] Updating remote player 446469990 position from (818.9168, 199.47447) to (815.5835, 199.47447)
[GameWorld] SyncPlayerPosition RPC received on peer 1125268556: Player 446469990 at (812.2502, 199.47447)
[GameWorld] Current player controllers: 3, Keys: [1125268556, 1, 446469990]
[GameWorld] Client updating remote player 446469990, isLocal=Player_446469990
[PlayerController] Updating remote player 446469990 position from (815.5835, 199.47447) to (812.2502, 199.47447)
[GameWorld] SyncPlayerPosition RPC received on peer 1125268556: Player 446469990 at (808.9169, 199.47447)
[GameWorld] Current player controllers: 3, Keys: [1125268556, 1, 446469990]
[GameWorld] Client updating remote player 446469990, isLocal=Player_446469990
[PlayerController] Updating remote player 446469990 position from (812.2502, 199.47447) to (808.9169, 199.47447)
[GameWorld] SyncPlayerPosition RPC received on peer 1125268556: Player 446469990 at (805.58356, 199.47447)
[GameWorld] Current player controllers: 3, Keys: [1125268556, 1, 446469990]
[GameWorld] Client updating remote player 446469990, isLocal=Player_446469990
[PlayerController] Updating remote player 446469990 position from (808.9169, 199.47447) to (805.58356, 199.47447)
[GameWorld] SyncPlayerPosition RPC received on peer 1125268556: Player 446469990 at (802.25024, 199.47447)
[GameWorld] Current player controllers: 3, Keys: [1125268556, 1, 446469990]
[GameWorld] Client updating remote player 446469990, isLocal=Player_446469990
[PlayerController] Updating remote player 446469990 position from (805.58356, 199.47447) to (802.25024, 199.47447)
[GameWorld] SyncPlayerPosition RPC received on peer 1125268556: Player 446469990 at (798.91693, 199.47447)
[GameWorld] Current player controllers: 3, Keys: [1125268556, 1, 446469990]
[GameWorld] Client updating remote player 446469990, isLocal=Player_446469990
[PlayerController] Updating remote player 446469990 position from (802.25024, 199.47447) to (798.91693, 199.47447)
[GameWorld] SyncPlayerPosition RPC received on peer 1125268556: Player 446469990 at (795.5836, 199.47447)
[GameWorld] Current player controllers: 3, Keys: [1125268556, 1, 446469990]
[GameWorld] Client updating remote player 446469990, isLocal=Player_446469990
[PlayerController] Updating remote player 446469990 position from (798.91693, 199.47447) to (795.5836, 199.47447)
[GameWorld] SyncPlayerPosition RPC received on peer 1125268556: Player 446469990 at (792.2503, 199.47447)
[GameWorld] Current player controllers: 3, Keys: [1125268556, 1, 446469990]
[GameWorld] Client updating remote player 446469990, isLocal=Player_446469990
[PlayerController] Updating remote player 446469990 position from (795.5836, 199.47447) to (792.2503, 199.47447)
[GameWorld] SyncPlayerPosition RPC received on peer 1125268556: Player 446469990 at (788.917, 199.47447)
[GameWorld] Current player controllers: 3, Keys: [1125268556, 1, 446469990]
[GameWorld] Client updating remote player 446469990, isLocal=Player_446469990
[PlayerController] Updating remote player 446469990 position from (792.2503, 199.47447) to (788.917, 199.47447)
[GameWorld] SyncPlayerPosition RPC received on peer 1125268556: Player 446469990 at (785.5837, 199.47447)
[GameWorld] Current player controllers: 3, Keys: [1125268556, 1, 446469990]
[GameWorld] Client updating remote player 446469990, isLocal=Player_446469990
[PlayerController] Updating remote player 446469990 position from (788.917, 199.47447) to (785.5837, 199.47447)
[GameWorld] SyncPlayerPosition RPC received on peer 1125268556: Player 446469990 at (782.25037, 199.47447)
[GameWorld] Current player controllers: 3, Keys: [1125268556, 1, 446469990]
[GameWorld] Client updating remote player 446469990, isLocal=Player_446469990
[PlayerController] Updating remote player 446469990 position from (785.5837, 199.47447) to (782.25037, 199.47447)
[GameWorld] SyncPlayerPosition RPC received on peer 1125268556: Player 446469990 at (778.91705, 199.47447)
[GameWorld] Current player controllers: 3, Keys: [1125268556, 1, 446469990]
[GameWorld] Client updating remote player 446469990, isLocal=Player_446469990
[PlayerController] Updating remote player 446469990 position from (782.25037, 199.47447) to (778.91705, 199.47447)
[GameWorld] SyncPlayerPosition RPC received on peer 1125268556: Player 446469990 at (775.58374, 199.47447)
[GameWorld] Current player controllers: 3, Keys: [1125268556, 1, 446469990]
[GameWorld] Client updating remote player 446469990, isLocal=Player_446469990
[PlayerController] Updating remote player 446469990 position from (778.91705, 199.47447) to (775.58374, 199.47447)
[GameWorld] SyncPlayerPosition RPC received on peer 1125268556: Player 446469990 at (772.2504, 199.47447)
[GameWorld] Current player controllers: 3, Keys: [1125268556, 1, 446469990]
[GameWorld] Client updating remote player 446469990, isLocal=Player_446469990
[PlayerController] Updating remote player 446469990 position from (775.58374, 199.47447) to (772.2504, 199.47447)
[GameWorld] SyncPlayerPosition RPC received on peer 1125268556: Player 446469990 at (768.9171, 199.47447)
[GameWorld] Current player controllers: 3, Keys: [1125268556, 1, 446469990]
[GameWorld] Client updating remote player 446469990, isLocal=Player_446469990
[PlayerController] Updating remote player 446469990 position from (772.2504, 199.47447) to (768.9171, 199.47447)
[GameWorld] SyncPlayerPosition RPC received on peer 1125268556: Player 446469990 at (765.5838, 199.47447)
[GameWorld] Current player controllers: 3, Keys: [1125268556, 1, 446469990]
[GameWorld] Client updating remote player 446469990, isLocal=Player_446469990
[PlayerController] Updating remote player 446469990 position from (768.9171, 199.47447) to (765.5838, 199.47447)
[GameWorld] SyncPlayerPosition RPC received on peer 1125268556: Player 446469990 at (762.2505, 199.47447)
[GameWorld] Current player controllers: 3, Keys: [1125268556, 1, 446469990]
[GameWorld] Client updating remote player 446469990, isLocal=Player_446469990
[PlayerController] Updating remote player 446469990 position from (765.5838, 199.47447) to (762.2505, 199.47447)
[GameWorld] SyncPlayerPosition RPC received on peer 1125268556: Player 446469990 at (758.9172, 199.47447)
[GameWorld] Current player controllers: 3, Keys: [1125268556, 1, 446469990]
[GameWorld] Client updating remote player 446469990, isLocal=Player_446469990
[PlayerController] Updating remote player 446469990 position from (762.2505, 199.47447) to (758.9172, 199.47447)
[GameWorld] SyncPlayerPosition RPC received on peer 1125268556: Player 446469990 at (755.58386, 199.47447)
[GameWorld] Current player controllers: 3, Keys: [1125268556, 1, 446469990]
[GameWorld] Client updating remote player 446469990, isLocal=Player_446469990
[PlayerController] Updating remote player 446469990 position from (758.9172, 199.47447) to (755.58386, 199.47447)
[GameWorld] SyncPlayerPosition RPC received on peer 1125268556: Player 446469990 at (752.25055, 199.47447)
[GameWorld] Current player controllers: 3, Keys: [1125268556, 1, 446469990]
[GameWorld] Client updating remote player 446469990, isLocal=Player_446469990
[PlayerController] Updating remote player 446469990 position from (755.58386, 199.47447) to (752.25055, 199.47447)
[GameWorld] SyncPlayerPosition RPC received on peer 1125268556: Player 446469990 at (748.91724, 199.47447)
[GameWorld] Current player controllers: 3, Keys: [1125268556, 1, 446469990]
[GameWorld] Client updating remote player 446469990, isLocal=Player_446469990
[PlayerController] Updating remote player 446469990 position from (752.25055, 199.47447) to (748.91724, 199.47447)
[GameWorld] SyncPlayerPosition RPC received on peer 1125268556: Player 446469990 at (745.5839, 199.47447)
[GameWorld] Current player controllers: 3, Keys: [1125268556, 1, 446469990]
[GameWorld] Client updating remote player 446469990, isLocal=Player_446469990
[PlayerController] Updating remote player 446469990 position from (748.91724, 199.47447) to (745.5839, 199.47447)
[GameWorld] SyncPlayerPosition RPC received on peer 1125268556: Player 446469990 at (742.2506, 199.47447)
[GameWorld] Current player controllers: 3, Keys: [1125268556, 1, 446469990]
[GameWorld] Client updating remote player 446469990, isLocal=Player_446469990
[PlayerController] Updating remote player 446469990 position from (745.5839, 199.47447) to (742.2506, 199.47447)
[GameWorld] SyncPlayerPosition RPC received on peer 1125268556: Player 446469990 at (738.9173, 199.47447)
[GameWorld] Current player controllers: 3, Keys: [1125268556, 1, 446469990]
[GameWorld] Client updating remote player 446469990, isLocal=Player_446469990
[PlayerController] Updating remote player 446469990 position from (742.2506, 199.47447) to (738.9173, 199.47447)
[GameWorld] SyncPlayerPosition RPC received on peer 1125268556: Player 446469990 at (735.584, 199.47447)
[GameWorld] Current player controllers: 3, Keys: [1125268556, 1, 446469990]
[GameWorld] Client updating remote player 446469990, isLocal=Player_446469990
[PlayerController] Updating remote player 446469990 position from (738.9173, 199.47447) to (735.584, 199.47447)
[GameWorld] SyncPlayerPosition RPC received on peer 1125268556: Player 446469990 at (732.2507, 199.47447)
[GameWorld] Current player controllers: 3, Keys: [1125268556, 1, 446469990]
[GameWorld] Client updating remote player 446469990, isLocal=Player_446469990
[PlayerController] Updating remote player 446469990 position from (735.584, 199.47447) to (732.2507, 199.47447)
[GameWorld] SyncPlayerPosition RPC received on peer 1125268556: Player 446469990 at (728.91736, 199.47447)
[GameWorld] Current player controllers: 3, Keys: [1125268556, 1, 446469990]
[GameWorld] Client updating remote player 446469990, isLocal=Player_446469990
[PlayerController] Updating remote player 446469990 position from (732.2507, 199.47447) to (728.91736, 199.47447)
Body entered John: Player_446469990
[GameWorld] SyncPlayerPosition RPC received on peer 1125268556: Player 446469990 at (725.58405, 199.47447)
[GameWorld] Current player controllers: 3, Keys: [1125268556, 1, 446469990]
[GameWorld] Client updating remote player 446469990, isLocal=Player_446469990
[PlayerController] Updating remote player 446469990 position from (728.91736, 199.47447) to (725.58405, 199.47447)
[GameWorld] SyncPlayerPosition RPC received on peer 1125268556: Player 446469990 at (722.25073, 199.47447)
[GameWorld] Current player controllers: 3, Keys: [1125268556, 1, 446469990]
[GameWorld] Client updating remote player 446469990, isLocal=Player_446469990
[PlayerController] Updating remote player 446469990 position from (725.58405, 199.47447) to (722.25073, 199.47447)
[GameWorld] SyncPlayerPosition RPC received on peer 1125268556: Player 446469990 at (718.9174, 199.47447)
[GameWorld] Current player controllers: 3, Keys: [1125268556, 1, 446469990]
[GameWorld] Client updating remote player 446469990, isLocal=Player_446469990
[PlayerController] Updating remote player 446469990 position from (722.25073, 199.47447) to (718.9174, 199.47447)
[GameWorld] SyncPlayerPosition RPC received on peer 1125268556: Player 446469990 at (715.5841, 199.47447)
[GameWorld] Current player controllers: 3, Keys: [1125268556, 1, 446469990]
[GameWorld] Client updating remote player 446469990, isLocal=Player_446469990
[PlayerController] Updating remote player 446469990 position from (718.9174, 199.47447) to (715.5841, 199.47447)
[GameWorld] SyncPlayerPosition RPC received on peer 1125268556: Player 446469990 at (712.2508, 199.47447)
[GameWorld] Current player controllers: 3, Keys: [1125268556, 1, 446469990]
[GameWorld] Client updating remote player 446469990, isLocal=Player_446469990
[PlayerController] Updating remote player 446469990 position from (715.5841, 199.47447) to (712.2508, 199.47447)
[GameWorld] SyncPlayerPosition RPC received on peer 1125268556: Player 446469990 at (708.9175, 199.47447)
[GameWorld] Current player controllers: 3, Keys: [1125268556, 1, 446469990]
[GameWorld] Client updating remote player 446469990, isLocal=Player_446469990
[PlayerController] Updating remote player 446469990 position from (712.2508, 199.47447) to (708.9175, 199.47447)
[GameWorld] SyncPlayerPosition RPC received on peer 1125268556: Player 446469990 at (705.58417, 199.47447)
[GameWorld] Current player controllers: 3, Keys: [1125268556, 1, 446469990]
[GameWorld] Client updating remote player 446469990, isLocal=Player_446469990
[PlayerController] Updating remote player 446469990 position from (708.9175, 199.47447) to (705.58417, 199.47447)
[GameWorld] SyncPlayerPosition RPC received on peer 1125268556: Player 446469990 at (702.25085, 199.47447)
[GameWorld] Current player controllers: 3, Keys: [1125268556, 1, 446469990]
[GameWorld] Client updating remote player 446469990, isLocal=Player_446469990
[PlayerController] Updating remote player 446469990 position from (705.58417, 199.47447) to (702.25085, 199.47447)
[GameWorld] SyncPlayerPosition RPC received on peer 1125268556: Player 446469990 at (698.91754, 199.47447)
[GameWorld] Current player controllers: 3, Keys: [1125268556, 1, 446469990]
[GameWorld] Client updating remote player 446469990, isLocal=Player_446469990
[PlayerController] Updating remote player 446469990 position from (702.25085, 199.47447) to (698.91754, 199.47447)
[GameWorld] SyncPlayerPosition RPC received on peer 1125268556: Player 446469990 at (695.5842, 199.47447)
[GameWorld] Current player controllers: 3, Keys: [1125268556, 1, 446469990]
[GameWorld] Client updating remote player 446469990, isLocal=Player_446469990
[PlayerController] Updating remote player 446469990 position from (698.91754, 199.47447) to (695.5842, 199.47447)
[GameWorld] SyncPlayerPosition RPC received on peer 1125268556: Player 446469990 at (692.2509, 199.47447)
[GameWorld] Current player controllers: 3, Keys: [1125268556, 1, 446469990]
[GameWorld] Client updating remote player 446469990, isLocal=Player_446469990
[PlayerController] Updating remote player 446469990 position from (695.5842, 199.47447) to (692.2509, 199.47447)
[GameWorld] SyncPlayerPosition RPC received on peer 1125268556: Player 446469990 at (688.9176, 199.47447)
[GameWorld] Current player controllers: 3, Keys: [1125268556, 1, 446469990]
[GameWorld] Client updating remote player 446469990, isLocal=Player_446469990
[PlayerController] Updating remote player 446469990 position from (692.2509, 199.47447) to (688.9176, 199.47447)
[GameWorld] SyncPlayerPosition RPC received on peer 1125268556: Player 446469990 at (685.5843, 199.47447)
[GameWorld] Current player controllers: 3, Keys: [1125268556, 1, 446469990]
[GameWorld] Client updating remote player 446469990, isLocal=Player_446469990
[PlayerController] Updating remote player 446469990 position from (688.9176, 199.47447) to (685.5843, 199.47447)
[GameWorld] SyncPlayerPosition RPC received on peer 1125268556: Player 446469990 at (682.251, 199.47447)
[GameWorld] Current player controllers: 3, Keys: [1125268556, 1, 446469990]
[GameWorld] Client updating remote player 446469990, isLocal=Player_446469990
[PlayerController] Updating remote player 446469990 position from (685.5843, 199.47447) to (682.251, 199.47447)
[GameWorld] SyncPlayerPosition RPC received on peer 1125268556: Player 446469990 at (678.91766, 199.47447)
[GameWorld] Current player controllers: 3, Keys: [1125268556, 1, 446469990]
[GameWorld] Client updating remote player 446469990, isLocal=Player_446469990
[PlayerController] Updating remote player 446469990 position from (682.251, 199.47447) to (678.91766, 199.47447)
[GameWorld] SyncPlayerPosition RPC received on peer 1125268556: Player 446469990 at (675.58435, 199.47447)
[GameWorld] Current player controllers: 3, Keys: [1125268556, 1, 446469990]
[GameWorld] Client updating remote player 446469990, isLocal=Player_446469990
[PlayerController] Updating remote player 446469990 position from (678.91766, 199.47447) to (675.58435, 199.47447)
[GameWorld] SyncPlayerPosition RPC received on peer 1125268556: Player 446469990 at (672.25104, 199.47447)
[GameWorld] Current player controllers: 3, Keys: [1125268556, 1, 446469990]
[GameWorld] Client updating remote player 446469990, isLocal=Player_446469990
[PlayerController] Updating remote player 446469990 position from (675.58435, 199.47447) to (672.25104, 199.47447)
[GameWorld] SyncPlayerPosition RPC received on peer 1125268556: Player 446469990 at (668.9177, 199.47447)
[GameWorld] Current player controllers: 3, Keys: [1125268556, 1, 446469990]
[GameWorld] Client updating remote player 446469990, isLocal=Player_446469990
[PlayerController] Updating remote player 446469990 position from (672.25104, 199.47447) to (668.9177, 199.47447)
[GameWorld] SyncPlayerPosition RPC received on peer 1125268556: Player 446469990 at (665.5844, 199.47447)
[GameWorld] Current player controllers: 3, Keys: [1125268556, 1, 446469990]
[GameWorld] Client updating remote player 446469990, isLocal=Player_446469990
[PlayerController] Updating remote player 446469990 position from (668.9177, 199.47447) to (665.5844, 199.47447)
[GameWorld] SyncPlayerPosition RPC received on peer 1125268556: Player 446469990 at (662.2511, 199.47447)
[GameWorld] Current player controllers: 3, Keys: [1125268556, 1, 446469990]
[GameWorld] Client updating remote player 446469990, isLocal=Player_446469990
[PlayerController] Updating remote player 446469990 position from (665.5844, 199.47447) to (662.2511, 199.47447)
[GameWorld] SyncPlayerPosition RPC received on peer 1125268556: Player 446469990 at (658.9178, 199.47447)
[GameWorld] Current player controllers: 3, Keys: [1125268556, 1, 446469990]
[GameWorld] Client updating remote player 446469990, isLocal=Player_446469990
[PlayerController] Updating remote player 446469990 position from (662.2511, 199.47447) to (658.9178, 199.47447)
[GameWorld] SyncPlayerPosition RPC received on peer 1125268556: Player 446469990 at (655.5845, 199.47447)
[GameWorld] Current player controllers: 3, Keys: [1125268556, 1, 446469990]
[GameWorld] Client updating remote player 446469990, isLocal=Player_446469990
[PlayerController] Updating remote player 446469990 position from (658.9178, 199.47447) to (655.5845, 199.47447)
[GameWorld] SyncPlayerPosition RPC received on peer 1125268556: Player 446469990 at (652.25116, 199.47447)
[GameWorld] Current player controllers: 3, Keys: [1125268556, 1, 446469990]
[GameWorld] Client updating remote player 446469990, isLocal=Player_446469990
[PlayerController] Updating remote player 446469990 position from (655.5845, 199.47447) to (652.25116, 199.47447)
[GameWorld] SyncPlayerPosition RPC received on peer 1125268556: Player 446469990 at (648.91785, 199.47447)
[GameWorld] Current player controllers: 3, Keys: [1125268556, 1, 446469990]
[GameWorld] Client updating remote player 446469990, isLocal=Player_446469990
[PlayerController] Updating remote player 446469990 position from (652.25116, 199.47447) to (648.91785, 199.47447)
[GameWorld] SyncPlayerPosition RPC received on peer 1125268556: Player 446469990 at (645.58453, 199.47447)
[GameWorld] Current player controllers: 3, Keys: [1125268556, 1, 446469990]
[GameWorld] Client updating remote player 446469990, isLocal=Player_446469990
[PlayerController] Updating remote player 446469990 position from (648.91785, 199.47447) to (645.58453, 199.47447)
[GameWorld] SyncPlayerPosition RPC received on peer 1125268556: Player 446469990 at (642.2512, 199.47447)
[GameWorld] Current player controllers: 3, Keys: [1125268556, 1, 446469990]
[GameWorld] Client updating remote player 446469990, isLocal=Player_446469990
[PlayerController] Updating remote player 446469990 position from (645.58453, 199.47447) to (642.2512, 199.47447)
[GameWorld] SyncPlayerPosition RPC received on peer 1125268556: Player 446469990 at (638.9179, 199.47447)
[GameWorld] Current player controllers: 3, Keys: [1125268556, 1, 446469990]
[GameWorld] Client updating remote player 446469990, isLocal=Player_446469990
[PlayerController] Updating remote player 446469990 position from (642.2512, 199.47447) to (638.9179, 199.47447)
[GameWorld] SyncPlayerPosition RPC received on peer 1125268556: Player 446469990 at (635.5846, 199.47447)
[GameWorld] Current player controllers: 3, Keys: [1125268556, 1, 446469990]
[GameWorld] Client updating remote player 446469990, isLocal=Player_446469990
[PlayerController] Updating remote player 446469990 position from (638.9179, 199.47447) to (635.5846, 199.47447)
[GameWorld] SyncPlayerPosition RPC received on peer 1125268556: Player 446469990 at (632.2513, 199.47447)
[GameWorld] Current player controllers: 3, Keys: [1125268556, 1, 446469990]
[GameWorld] Client updating remote player 446469990, isLocal=Player_446469990
[PlayerController] Updating remote player 446469990 position from (635.5846, 199.47447) to (632.2513, 199.47447)
[GameWorld] SyncPlayerPosition RPC received on peer 1125268556: Player 446469990 at (628.91797, 199.47447)
[GameWorld] Current player controllers: 3, Keys: [1125268556, 1, 446469990]
[GameWorld] Client updating remote player 446469990, isLocal=Player_446469990
[PlayerController] Updating remote player 446469990 position from (632.2513, 199.47447) to (628.91797, 199.47447)
[GameWorld] SyncPlayerPosition RPC received on peer 1125268556: Player 446469990 at (625.58466, 199.47447)
[GameWorld] Current player controllers: 3, Keys: [1125268556, 1, 446469990]
[GameWorld] Client updating remote player 446469990, isLocal=Player_446469990
[PlayerController] Updating remote player 446469990 position from (628.91797, 199.47447) to (625.58466, 199.47447)
[GameWorld] SyncPlayerPosition RPC received on peer 1125268556: Player 446469990 at (622.25134, 199.47447)
[GameWorld] Current player controllers: 3, Keys: [1125268556, 1, 446469990]
[GameWorld] Client updating remote player 446469990, isLocal=Player_446469990
[PlayerController] Updating remote player 446469990 position from (625.58466, 199.47447) to (622.25134, 199.47447)
[GameWorld] UpdateGameState called on peer 1125268556, players before: 3
[GameWorld] SyncPlayerPosition RPC received on peer 1125268556: Player 446469990 at (618.918, 199.47447)
[GameWorld] Current player controllers: 3, Keys: [1125268556, 1, 446469990]
[GameWorld] Client updating remote player 446469990, isLocal=Player_446469990
[PlayerController] Updating remote player 446469990 position from (622.25134, 199.47447) to (618.918, 199.47447)
[GameWorld] SyncPlayerPosition RPC received on peer 1125268556: Player 446469990 at (615.5847, 199.47447)
[GameWorld] Current player controllers: 3, Keys: [1125268556, 1, 446469990]
[GameWorld] Client updating remote player 446469990, isLocal=Player_446469990
[PlayerController] Updating remote player 446469990 position from (618.918, 199.47447) to (615.5847, 199.47447)
[GameWorld] SyncPlayerPosition RPC received on peer 1125268556: Player 446469990 at (612.2514, 199.47447)
[GameWorld] Current player controllers: 3, Keys: [1125268556, 1, 446469990]
[GameWorld] Client updating remote player 446469990, isLocal=Player_446469990
[PlayerController] Updating remote player 446469990 position from (615.5847, 199.47447) to (612.2514, 199.47447)
[GameWorld] SyncPlayerPosition RPC received on peer 1125268556: Player 446469990 at (608.9181, 199.47447)
[GameWorld] Current player controllers: 3, Keys: [1125268556, 1, 446469990]
[GameWorld] Client updating remote player 446469990, isLocal=Player_446469990
[PlayerController] Updating remote player 446469990 position from (612.2514, 199.47447) to (608.9181, 199.47447)
[GameWorld] SyncPlayerPosition RPC received on peer 1125268556: Player 446469990 at (605.5848, 199.47447)
[GameWorld] Current player controllers: 3, Keys: [1125268556, 1, 446469990]
[GameWorld] Client updating remote player 446469990, isLocal=Player_446469990
[PlayerController] Updating remote player 446469990 position from (608.9181, 199.47447) to (605.5848, 199.47447)
[GameWorld] SyncPlayerPosition RPC received on peer 1125268556: Player 446469990 at (602.25146, 199.47447)
[GameWorld] Current player controllers: 3, Keys: [1125268556, 1, 446469990]
[GameWorld] Client updating remote player 446469990, isLocal=Player_446469990
[PlayerController] Updating remote player 446469990 position from (605.5848, 199.47447) to (602.25146, 199.47447)
[GameWorld] SyncPlayerPosition RPC received on peer 1125268556: Player 446469990 at (598.91815, 199.47447)
[GameWorld] Current player controllers: 3, Keys: [1125268556, 1, 446469990]
[GameWorld] Client updating remote player 446469990, isLocal=Player_446469990
[PlayerController] Updating remote player 446469990 position from (602.25146, 199.47447) to (598.91815, 199.47447)
[GameWorld] SyncPlayerPosition RPC received on peer 1125268556: Player 446469990 at (595.58484, 199.47447)
[GameWorld] Current player controllers: 3, Keys: [1125268556, 1, 446469990]
[GameWorld] Client updating remote player 446469990, isLocal=Player_446469990
[PlayerController] Updating remote player 446469990 position from (598.91815, 199.47447) to (595.58484, 199.47447)
[GameWorld] SyncPlayerPosition RPC received on peer 1125268556: Player 446469990 at (592.2515, 199.47447)
[GameWorld] Current player controllers: 3, Keys: [1125268556, 1, 446469990]
[GameWorld] Client updating remote player 446469990, isLocal=Player_446469990
[PlayerController] Updating remote player 446469990 position from (595.58484, 199.47447) to (592.2515, 199.47447)
[GameWorld] SyncPlayerPosition RPC received on peer 1125268556: Player 446469990 at (588.9182, 199.47447)
[GameWorld] Current player controllers: 3, Keys: [1125268556, 1, 446469990]
[GameWorld] Client updating remote player 446469990, isLocal=Player_446469990
[PlayerController] Updating remote player 446469990 position from (592.2515, 199.47447) to (588.9182, 199.47447)
[GameWorld] SyncPlayerPosition RPC received on peer 1125268556: Player 446469990 at (585.5849, 199.47447)
[GameWorld] Current player controllers: 3, Keys: [1125268556, 1, 446469990]
[GameWorld] Client updating remote player 446469990, isLocal=Player_446469990
[PlayerController] Updating remote player 446469990 position from (588.9182, 199.47447) to (585.5849, 199.47447)
[GameWorld] SyncPlayerPosition RPC received on peer 1125268556: Player 446469990 at (582.2516, 199.47447)
[GameWorld] Current player controllers: 3, Keys: [1125268556, 1, 446469990]
[GameWorld] Client updating remote player 446469990, isLocal=Player_446469990
[PlayerController] Updating remote player 446469990 position from (585.5849, 199.47447) to (582.2516, 199.47447)
[GameWorld] SyncPlayerPosition RPC received on peer 1125268556: Player 446469990 at (578.9183, 199.47447)
[GameWorld] Current player controllers: 3, Keys: [1125268556, 1, 446469990]
[GameWorld] Client updating remote player 446469990, isLocal=Player_446469990
[PlayerController] Updating remote player 446469990 position from (582.2516, 199.47447) to (578.9183, 199.47447)
[GameWorld] SyncPlayerPosition RPC received on peer 1125268556: Player 446469990 at (575.58496, 199.47447)
[GameWorld] Current player controllers: 3, Keys: [1125268556, 1, 446469990]
[GameWorld] Client updating remote player 446469990, isLocal=Player_446469990
[PlayerController] Updating remote player 446469990 position from (578.9183, 199.47447) to (575.58496, 199.47447)
[GameWorld] SyncPlayerPosition RPC received on peer 1125268556: Player 446469990 at (572.25165, 199.47447)
[GameWorld] Current player controllers: 3, Keys: [1125268556, 1, 446469990]
[GameWorld] Client updating remote player 446469990, isLocal=Player_446469990
[PlayerController] Updating remote player 446469990 position from (575.58496, 199.47447) to (572.25165, 199.47447)
[GameWorld] SyncPlayerPosition RPC received on peer 1125268556: Player 446469990 at (568.91833, 199.47447)
[GameWorld] Current player controllers: 3, Keys: [1125268556, 1, 446469990]
[GameWorld] Client updating remote player 446469990, isLocal=Player_446469990
[PlayerController] Updating remote player 446469990 position from (572.25165, 199.47447) to (568.91833, 199.47447)
[GameWorld] SyncPlayerPosition RPC received on peer 1125268556: Player 446469990 at (565.585, 199.47447)
[GameWorld] Current player controllers: 3, Keys: [1125268556, 1, 446469990]
[GameWorld] Client updating remote player 446469990, isLocal=Player_446469990
[PlayerController] Updating remote player 446469990 position from (568.91833, 199.47447) to (565.585, 199.47447)
[GameWorld] SyncPlayerPosition RPC received on peer 1125268556: Player 446469990 at (562.2517, 199.47447)
[GameWorld] Current player controllers: 3, Keys: [1125268556, 1, 446469990]
[GameWorld] Client updating remote player 446469990, isLocal=Player_446469990
[PlayerController] Updating remote player 446469990 position from (565.585, 199.47447) to (562.2517, 199.47447)
[GameWorld] SyncPlayerPosition RPC received on peer 1125268556: Player 446469990 at (558.9184, 199.47447)
[GameWorld] Current player controllers: 3, Keys: [1125268556, 1, 446469990]
[GameWorld] Client updating remote player 446469990, isLocal=Player_446469990
[PlayerController] Updating remote player 446469990 position from (562.2517, 199.47447) to (558.9184, 199.47447)
[GameWorld] SyncPlayerPosition RPC received on peer 1125268556: Player 446469990 at (555.5851, 199.47447)
[GameWorld] Current player controllers: 3, Keys: [1125268556, 1, 446469990]
[GameWorld] Client updating remote player 446469990, isLocal=Player_446469990
[PlayerController] Updating remote player 446469990 position from (558.9184, 199.47447) to (555.5851, 199.47447)
[GameWorld] SyncPlayerPosition RPC received on peer 1125268556: Player 446469990 at (552.2518, 199.47447)
[GameWorld] Current player controllers: 3, Keys: [1125268556, 1, 446469990]
[GameWorld] Client updating remote player 446469990, isLocal=Player_446469990
[PlayerController] Updating remote player 446469990 position from (555.5851, 199.47447) to (552.2518, 199.47447)
[GameWorld] SyncPlayerPosition RPC received on peer 1125268556: Player 446469990 at (548.91846, 199.47447)
[GameWorld] Current player controllers: 3, Keys: [1125268556, 1, 446469990]
[GameWorld] Client updating remote player 446469990, isLocal=Player_446469990
[PlayerController] Updating remote player 446469990 position from (552.2518, 199.47447) to (548.91846, 199.47447)
[GameWorld] SyncPlayerPosition RPC received on peer 1125268556: Player 446469990 at (545.58514, 199.47447)
[GameWorld] Current player controllers: 3, Keys: [1125268556, 1, 446469990]
[GameWorld] Client updating remote player 446469990, isLocal=Player_446469990
[PlayerController] Updating remote player 446469990 position from (548.91846, 199.47447) to (545.58514, 199.47447)
[GameWorld] SyncPlayerPosition RPC received on peer 1125268556: Player 446469990 at (542.25183, 199.47447)
[GameWorld] Current player controllers: 3, Keys: [1125268556, 1, 446469990]
[GameWorld] Client updating remote player 446469990, isLocal=Player_446469990
[PlayerController] Updating remote player 446469990 position from (545.58514, 199.47447) to (542.25183, 199.47447)
[GameWorld] SyncPlayerPosition RPC received on peer 1125268556: Player 446469990 at (538.9185, 199.47447)
[GameWorld] Current player controllers: 3, Keys: [1125268556, 1, 446469990]
[GameWorld] Client updating remote player 446469990, isLocal=Player_446469990
[PlayerController] Updating remote player 446469990 position from (542.25183, 199.47447) to (538.9185, 199.47447)
[GameWorld] SyncPlayerPosition RPC received on peer 1125268556: Player 446469990 at (535.5852, 199.47447)
[GameWorld] Current player controllers: 3, Keys: [1125268556, 1, 446469990]
[GameWorld] Client updating remote player 446469990, isLocal=Player_446469990
[PlayerController] Updating remote player 446469990 position from (538.9185, 199.47447) to (535.5852, 199.47447)
[GameWorld] SyncPlayerPosition RPC received on peer 1125268556: Player 446469990 at (532.2519, 199.47447)
[GameWorld] Current player controllers: 3, Keys: [1125268556, 1, 446469990]
[GameWorld] Client updating remote player 446469990, isLocal=Player_446469990
[PlayerController] Updating remote player 446469990 position from (535.5852, 199.47447) to (532.2519, 199.47447)
[GameWorld] SyncPlayerPosition RPC received on peer 1125268556: Player 446469990 at (528.9186, 199.47447)
[GameWorld] Current player controllers: 3, Keys: [1125268556, 1, 446469990]
[GameWorld] Client updating remote player 446469990, isLocal=Player_446469990
[PlayerController] Updating remote player 446469990 position from (532.2519, 199.47447) to (528.9186, 199.47447)
[GameWorld] SyncPlayerPosition RPC received on peer 1125268556: Player 446469990 at (525.58527, 199.47447)
[GameWorld] Current player controllers: 3, Keys: [1125268556, 1, 446469990]
[GameWorld] Client updating remote player 446469990, isLocal=Player_446469990
[PlayerController] Updating remote player 446469990 position from (528.9186, 199.47447) to (525.58527, 199.47447)
[GameWorld] SyncPlayerPosition RPC received on peer 1125268556: Player 446469990 at (522.25195, 199.47447)
[GameWorld] Current player controllers: 3, Keys: [1125268556, 1, 446469990]
[GameWorld] Client updating remote player 446469990, isLocal=Player_446469990
[PlayerController] Updating remote player 446469990 position from (525.58527, 199.47447) to (522.25195, 199.47447)
[GameWorld] SyncPlayerPosition RPC received on peer 1125268556: Player 446469990 at (518.91864, 199.47447)
[GameWorld] Current player controllers: 3, Keys: [1125268556, 1, 446469990]
[GameWorld] Client updating remote player 446469990, isLocal=Player_446469990
[PlayerController] Updating remote player 446469990 position from (522.25195, 199.47447) to (518.91864, 199.47447)
[GameWorld] SyncPlayerPosition RPC received on peer 1125268556: Player 446469990 at (515.5853, 199.47447)
[GameWorld] Current player controllers: 3, Keys: [1125268556, 1, 446469990]
[GameWorld] Client updating remote player 446469990, isLocal=Player_446469990
[PlayerController] Updating remote player 446469990 position from (518.91864, 199.47447) to (515.5853, 199.47447)
[GameWorld] SyncPlayerPosition RPC received on peer 1125268556: Player 446469990 at (512.252, 199.47447)
[GameWorld] Current player controllers: 3, Keys: [1125268556, 1, 446469990]
[GameWorld] Client updating remote player 446469990, isLocal=Player_446469990
[PlayerController] Updating remote player 446469990 position from (515.5853, 199.47447) to (512.252, 199.47447)
[GameWorld] SyncPlayerPosition RPC received on peer 1125268556: Player 446469990 at (508.91867, 199.47447)
[GameWorld] Current player controllers: 3, Keys: [1125268556, 1, 446469990]
[GameWorld] Client updating remote player 446469990, isLocal=Player_446469990
[PlayerController] Updating remote player 446469990 position from (512.252, 199.47447) to (508.91867, 199.47447)
[GameWorld] SyncPlayerPosition RPC received on peer 1125268556: Player 446469990 at (505.58533, 199.47447)
[GameWorld] Current player controllers: 3, Keys: [1125268556, 1, 446469990]
[GameWorld] Client updating remote player 446469990, isLocal=Player_446469990
[PlayerController] Updating remote player 446469990 position from (508.91867, 199.47447) to (505.58533, 199.47447)
[GameWorld] SyncPlayerPosition RPC received on peer 1125268556: Player 446469990 at (502.25198, 199.47447)
[GameWorld] Current player controllers: 3, Keys: [1125268556, 1, 446469990]
[GameWorld] Client updating remote player 446469990, isLocal=Player_446469990
[PlayerController] Updating remote player 446469990 position from (505.58533, 199.47447) to (502.25198, 199.47447)
[GameWorld] SyncPlayerPosition RPC received on peer 1125268556: Player 446469990 at (498.91864, 199.47447)
[GameWorld] Current player controllers: 3, Keys: [1125268556, 1, 446469990]
[GameWorld] Client updating remote player 446469990, isLocal=Player_446469990
[PlayerController] Updating remote player 446469990 position from (502.25198, 199.47447) to (498.91864, 199.47447)
[GameWorld] SyncPlayerPosition RPC received on peer 1125268556: Player 446469990 at (495.5853, 199.47447)
[GameWorld] Current player controllers: 3, Keys: [1125268556, 1, 446469990]
[GameWorld] Client updating remote player 446469990, isLocal=Player_446469990
[PlayerController] Updating remote player 446469990 position from (498.91864, 199.47447) to (495.5853, 199.47447)
[GameWorld] SyncPlayerPosition RPC received on peer 1125268556: Player 446469990 at (492.25195, 199.47447)
[GameWorld] Current player controllers: 3, Keys: [1125268556, 1, 446469990]
[GameWorld] Client updating remote player 446469990, isLocal=Player_446469990
[PlayerController] Updating remote player 446469990 position from (495.5853, 199.47447) to (492.25195, 199.47447)
[GameWorld] SyncPlayerPosition RPC received on peer 1125268556: Player 446469990 at (488.9186, 199.47447)
[GameWorld] Current player controllers: 3, Keys: [1125268556, 1, 446469990]
[GameWorld] Client updating remote player 446469990, isLocal=Player_446469990
[PlayerController] Updating remote player 446469990 position from (492.25195, 199.47447) to (488.9186, 199.47447)
[GameWorld] SyncPlayerPosition RPC received on peer 1125268556: Player 446469990 at (485.58527, 199.47447)
[GameWorld] Current player controllers: 3, Keys: [1125268556, 1, 446469990]
[GameWorld] Client updating remote player 446469990, isLocal=Player_446469990
[PlayerController] Updating remote player 446469990 position from (488.9186, 199.47447) to (485.58527, 199.47447)
[GameWorld] SyncPlayerPosition RPC received on peer 1125268556: Player 446469990 at (482.25192, 199.47447)
[GameWorld] Current player controllers: 3, Keys: [1125268556, 1, 446469990]
[GameWorld] Client updating remote player 446469990, isLocal=Player_446469990
[PlayerController] Updating remote player 446469990 position from (485.58527, 199.47447) to (482.25192, 199.47447)
[GameWorld] SyncPlayerPosition RPC received on peer 1125268556: Player 446469990 at (478.91858, 199.47447)
[GameWorld] Current player controllers: 3, Keys: [1125268556, 1, 446469990]
[GameWorld] Client updating remote player 446469990, isLocal=Player_446469990
[PlayerController] Updating remote player 446469990 position from (482.25192, 199.47447) to (478.91858, 199.47447)
[GameWorld] SyncPlayerPosition RPC received on peer 1125268556: Player 446469990 at (475.58524, 199.47447)
[GameWorld] Current player controllers: 3, Keys: [1125268556, 1, 446469990]
[GameWorld] Client updating remote player 446469990, isLocal=Player_446469990
[PlayerController] Updating remote player 446469990 position from (478.91858, 199.47447) to (475.58524, 199.47447)
[GameWorld] SyncPlayerPosition RPC received on peer 1125268556: Player 446469990 at (472.2519, 199.47447)
[GameWorld] Current player controllers: 3, Keys: [1125268556, 1, 446469990]
[GameWorld] Client updating remote player 446469990, isLocal=Player_446469990
[PlayerController] Updating remote player 446469990 position from (475.58524, 199.47447) to (472.2519, 199.47447)
[GameWorld] SyncPlayerPosition RPC received on peer 1125268556: Player 446469990 at (468.91855, 199.47447)
[GameWorld] Current player controllers: 3, Keys: [1125268556, 1, 446469990]
[GameWorld] Client updating remote player 446469990, isLocal=Player_446469990
[PlayerController] Updating remote player 446469990 position from (472.2519, 199.47447) to (468.91855, 199.47447)
[GameWorld] SyncPlayerPosition RPC received on peer 1125268556: Player 446469990 at (465.5852, 199.47447)
[GameWorld] Current player controllers: 3, Keys: [1125268556, 1, 446469990]
[GameWorld] Client updating remote player 446469990, isLocal=Player_446469990
[PlayerController] Updating remote player 446469990 position from (468.91855, 199.47447) to (465.5852, 199.47447)
[GameWorld] SyncPlayerPosition RPC received on peer 1125268556: Player 446469990 at (462.25186, 199.47447)
[GameWorld] Current player controllers: 3, Keys: [1125268556, 1, 446469990]
[GameWorld] Client updating remote player 446469990, isLocal=Player_446469990
[PlayerController] Updating remote player 446469990 position from (465.5852, 199.47447) to (462.25186, 199.47447)
[GameWorld] SyncPlayerPosition RPC received on peer 1125268556: Player 446469990 at (458.91852, 199.47447)
[GameWorld] Current player controllers: 3, Keys: [1125268556, 1, 446469990]
[GameWorld] Client updating remote player 446469990, isLocal=Player_446469990
[PlayerController] Updating remote player 446469990 position from (462.25186, 199.47447) to (458.91852, 199.47447)
[GameWorld] SyncPlayerPosition RPC received on peer 1125268556: Player 446469990 at (455.58517, 199.47447)
[GameWorld] Current player controllers: 3, Keys: [1125268556, 1, 446469990]
[GameWorld] Client updating remote player 446469990, isLocal=Player_446469990
[PlayerController] Updating remote player 446469990 position from (458.91852, 199.47447) to (455.58517, 199.47447)
Body exited John: Player_446469990
[GameWorld] SyncPlayerPosition RPC received on peer 1125268556: Player 446469990 at (452.25183, 199.47447)
[GameWorld] Current player controllers: 3, Keys: [1125268556, 1, 446469990]
[GameWorld] Client updating remote player 446469990, isLocal=Player_446469990
[PlayerController] Updating remote player 446469990 position from (455.58517, 199.47447) to (452.25183, 199.47447)
[GameWorld] SyncPlayerPosition RPC received on peer 1125268556: Player 446469990 at (448.9185, 199.47447)
[GameWorld] Current player controllers: 3, Keys: [1125268556, 1, 446469990]
[GameWorld] Client updating remote player 446469990, isLocal=Player_446469990
[PlayerController] Updating remote player 446469990 position from (452.25183, 199.47447) to (448.9185, 199.47447)
[GameWorld] SyncPlayerPosition RPC received on peer 1125268556: Player 446469990 at (445.58514, 199.47447)
[GameWorld] Current player controllers: 3, Keys: [1125268556, 1, 446469990]
[GameWorld] Client updating remote player 446469990, isLocal=Player_446469990
[PlayerController] Updating remote player 446469990 position from (448.9185, 199.47447) to (445.58514, 199.47447)
[GameWorld] SyncPlayerPosition RPC received on peer 1125268556: Player 446469990 at (442.2518, 199.47447)
[GameWorld] Current player controllers: 3, Keys: [1125268556, 1, 446469990]
[GameWorld] Client updating remote player 446469990, isLocal=Player_446469990
[PlayerController] Updating remote player 446469990 position from (445.58514, 199.47447) to (442.2518, 199.47447)
[GameWorld] SyncPlayerPosition RPC received on peer 1125268556: Player 446469990 at (438.91846, 199.47447)
[GameWorld] Current player controllers: 3, Keys: [1125268556, 1, 446469990]
[GameWorld] Client updating remote player 446469990, isLocal=Player_446469990
[PlayerController] Updating remote player 446469990 position from (442.2518, 199.47447) to (438.91846, 199.47447)
[GameWorld] SyncPlayerPosition RPC received on peer 1125268556: Player 446469990 at (435.5851, 199.47447)
[GameWorld] Current player controllers: 3, Keys: [1125268556, 1, 446469990]
[GameWorld] Client updating remote player 446469990, isLocal=Player_446469990
[PlayerController] Updating remote player 446469990 position from (438.91846, 199.47447) to (435.5851, 199.47447)
[GameWorld] SyncPlayerPosition RPC received on peer 1125268556: Player 446469990 at (432.25177, 199.47447)
[GameWorld] Current player controllers: 3, Keys: [1125268556, 1, 446469990]
[GameWorld] Client updating remote player 446469990, isLocal=Player_446469990
[PlayerController] Updating remote player 446469990 position from (435.5851, 199.47447) to (432.25177, 199.47447)
[GameWorld] SyncPlayerPosition RPC received on peer 1125268556: Player 446469990 at (428.91843, 199.47447)
[GameWorld] Current player controllers: 3, Keys: [1125268556, 1, 446469990]
[GameWorld] Client updating remote player 446469990, isLocal=Player_446469990
[PlayerController] Updating remote player 446469990 position from (432.25177, 199.47447) to (428.91843, 199.47447)
[GameWorld] SyncPlayerPosition RPC received on peer 1125268556: Player 446469990 at (425.58508, 199.47447)
[GameWorld] Current player controllers: 3, Keys: [1125268556, 1, 446469990]
[GameWorld] Client updating remote player 446469990, isLocal=Player_446469990
[PlayerController] Updating remote player 446469990 position from (428.91843, 199.47447) to (425.58508, 199.47447)
[GameWorld] SyncPlayerPosition RPC received on peer 1125268556: Player 446469990 at (422.25174, 199.47447)
[GameWorld] Current player controllers: 3, Keys: [1125268556, 1, 446469990]
[GameWorld] Client updating remote player 446469990, isLocal=Player_446469990
[PlayerController] Updating remote player 446469990 position from (425.58508, 199.47447) to (422.25174, 199.47447)
[GameWorld] SyncPlayerPosition RPC received on peer 1125268556: Player 446469990 at (418.9184, 199.47447)
[GameWorld] Current player controllers: 3, Keys: [1125268556, 1, 446469990]
[GameWorld] Client updating remote player 446469990, isLocal=Player_446469990
[PlayerController] Updating remote player 446469990 position from (422.25174, 199.47447) to (418.9184, 199.47447)
[GameWorld] SyncPlayerPosition RPC received on peer 1125268556: Player 446469990 at (415.58505, 199.47447)
[GameWorld] Current player controllers: 3, Keys: [1125268556, 1, 446469990]
[GameWorld] Client updating remote player 446469990, isLocal=Player_446469990
[PlayerController] Updating remote player 446469990 position from (418.9184, 199.47447) to (415.58505, 199.47447)
[GameWorld] SyncPlayerPosition RPC received on peer 1125268556: Player 446469990 at (412.2517, 199.47447)
[GameWorld] Current player controllers: 3, Keys: [1125268556, 1, 446469990]
[GameWorld] Client updating remote player 446469990, isLocal=Player_446469990
[PlayerController] Updating remote player 446469990 position from (415.58505, 199.47447) to (412.2517, 199.47447)
[GameWorld] SyncPlayerPosition RPC received on peer 1125268556: Player 446469990 at (408.91837, 199.47447)
[GameWorld] Current player controllers: 3, Keys: [1125268556, 1, 446469990]
[GameWorld] Client updating remote player 446469990, isLocal=Player_446469990
[PlayerController] Updating remote player 446469990 position from (412.2517, 199.47447) to (408.91837, 199.47447)
[GameWorld] SyncPlayerPosition RPC received on peer 1125268556: Player 446469990 at (405.58502, 199.47447)
[GameWorld] Current player controllers: 3, Keys: [1125268556, 1, 446469990]
[GameWorld] Client updating remote player 446469990, isLocal=Player_446469990
[PlayerController] Updating remote player 446469990 position from (408.91837, 199.47447) to (405.58502, 199.47447)
[GameWorld] SyncPlayerPosition RPC received on peer 1125268556: Player 446469990 at (402.25168, 199.47447)
[GameWorld] Current player controllers: 3, Keys: [1125268556, 1, 446469990]
[GameWorld] Client updating remote player 446469990, isLocal=Player_446469990
[PlayerController] Updating remote player 446469990 position from (405.58502, 199.47447) to (402.25168, 199.47447)
[GameWorld] SyncPlayerPosition RPC received on peer 1125268556: Player 446469990 at (398.91833, 199.47447)
[GameWorld] Current player controllers: 3, Keys: [1125268556, 1, 446469990]
[GameWorld] Client updating remote player 446469990, isLocal=Player_446469990
[PlayerController] Updating remote player 446469990 position from (402.25168, 199.47447) to (398.91833, 199.47447)
[GameWorld] SyncPlayerPosition RPC received on peer 1125268556: Player 446469990 at (395.585, 199.47447)
[GameWorld] Current player controllers: 3, Keys: [1125268556, 1, 446469990]
[GameWorld] Client updating remote player 446469990, isLocal=Player_446469990
[PlayerController] Updating remote player 446469990 position from (398.91833, 199.47447) to (395.585, 199.47447)
[GameWorld] SyncPlayerPosition RPC received on peer 1125268556: Player 446469990 at (392.25165, 199.47447)
[GameWorld] Current player controllers: 3, Keys: [1125268556, 1, 446469990]
[GameWorld] Client updating remote player 446469990, isLocal=Player_446469990
[PlayerController] Updating remote player 446469990 position from (395.585, 199.47447) to (392.25165, 199.47447)
[GameWorld] SyncPlayerPosition RPC received on peer 1125268556: Player 446469990 at (388.9183, 199.47447)
[GameWorld] Current player controllers: 3, Keys: [1125268556, 1, 446469990]
[GameWorld] Client updating remote player 446469990, isLocal=Player_446469990
[PlayerController] Updating remote player 446469990 position from (392.25165, 199.47447) to (388.9183, 199.47447)
[GameWorld] SyncPlayerPosition RPC received on peer 1125268556: Player 446469990 at (385.58496, 199.47447)
[GameWorld] Current player controllers: 3, Keys: [1125268556, 1, 446469990]
[GameWorld] Client updating remote player 446469990, isLocal=Player_446469990
[PlayerController] Updating remote player 446469990 position from (388.9183, 199.47447) to (385.58496, 199.47447)
[GameWorld] SyncPlayerPosition RPC received on peer 1125268556: Player 446469990 at (382.25162, 199.47447)
[GameWorld] Current player controllers: 3, Keys: [1125268556, 1, 446469990]
[GameWorld] Client updating remote player 446469990, isLocal=Player_446469990
[PlayerController] Updating remote player 446469990 position from (385.58496, 199.47447) to (382.25162, 199.47447)
[GameWorld] SyncPlayerPosition RPC received on peer 1125268556: Player 446469990 at (378.91827, 199.47447)
[GameWorld] Current player controllers: 3, Keys: [1125268556, 1, 446469990]
[GameWorld] Client updating remote player 446469990, isLocal=Player_446469990
[PlayerController] Updating remote player 446469990 position from (382.25162, 199.47447) to (378.91827, 199.47447)
[GameWorld] SyncPlayerPosition RPC received on peer 1125268556: Player 446469990 at (375.58493, 199.47447)
[GameWorld] Current player controllers: 3, Keys: [1125268556, 1, 446469990]
[GameWorld] Client updating remote player 446469990, isLocal=Player_446469990
[PlayerController] Updating remote player 446469990 position from (378.91827, 199.47447) to (375.58493, 199.47447)
[GameWorld] SyncPlayerPosition RPC received on peer 1125268556: Player 446469990 at (372.2516, 199.47447)
[GameWorld] Current player controllers: 3, Keys: [1125268556, 1, 446469990]
[GameWorld] Client updating remote player 446469990, isLocal=Player_446469990
[PlayerController] Updating remote player 446469990 position from (375.58493, 199.47447) to (372.2516, 199.47447)
[GameWorld] SyncPlayerPosition RPC received on peer 1125268556: Player 446469990 at (368.91824, 199.47447)
[GameWorld] Current player controllers: 3, Keys: [1125268556, 1, 446469990]
[GameWorld] Client updating remote player 446469990, isLocal=Player_446469990
[PlayerController] Updating remote player 446469990 position from (372.2516, 199.47447) to (368.91824, 199.47447)
[GameWorld] SyncPlayerPosition RPC received on peer 1125268556: Player 446469990 at (365.5849, 199.47447)
[GameWorld] Current player controllers: 3, Keys: [1125268556, 1, 446469990]
[GameWorld] Client updating remote player 446469990, isLocal=Player_446469990
[PlayerController] Updating remote player 446469990 position from (368.91824, 199.47447) to (365.5849, 199.47447)
[GameWorld] SyncPlayerPosition RPC received on peer 1125268556: Player 446469990 at (362.25156, 199.47447)
[GameWorld] Current player controllers: 3, Keys: [1125268556, 1, 446469990]
[GameWorld] Client updating remote player 446469990, isLocal=Player_446469990
[PlayerController] Updating remote player 446469990 position from (365.5849, 199.47447) to (362.25156, 199.47447)
[GameWorld] SyncPlayerPosition RPC received on peer 1125268556: Player 446469990 at (358.9182, 199.47447)
[GameWorld] Current player controllers: 3, Keys: [1125268556, 1, 446469990]
[GameWorld] Client updating remote player 446469990, isLocal=Player_446469990
[PlayerController] Updating remote player 446469990 position from (362.25156, 199.47447) to (358.9182, 199.47447)
[GameWorld] SyncPlayerPosition RPC received on peer 1125268556: Player 446469990 at (355.58487, 199.47447)
[GameWorld] Current player controllers: 3, Keys: [1125268556, 1, 446469990]
[GameWorld] Client updating remote player 446469990, isLocal=Player_446469990
[PlayerController] Updating remote player 446469990 position from (358.9182, 199.47447) to (355.58487, 199.47447)
[GameWorld] SyncPlayerPosition RPC received on peer 1125268556: Player 446469990 at (352.25153, 199.47447)
[GameWorld] Current player controllers: 3, Keys: [1125268556, 1, 446469990]
[GameWorld] Client updating remote player 446469990, isLocal=Player_446469990
[PlayerController] Updating remote player 446469990 position from (355.58487, 199.47447) to (352.25153, 199.47447)
[GameWorld] SyncPlayerPosition RPC received on peer 1125268556: Player 446469990 at (348.91818, 199.47447)
[GameWorld] Current player controllers: 3, Keys: [1125268556, 1, 446469990]
[GameWorld] Client updating remote player 446469990, isLocal=Player_446469990
[PlayerController] Updating remote player 446469990 position from (352.25153, 199.47447) to (348.91818, 199.47447)
[GameWorld] SyncPlayerPosition RPC received on peer 1125268556: Player 446469990 at (345.58484, 199.47447)
[GameWorld] Current player controllers: 3, Keys: [1125268556, 1, 446469990]
[GameWorld] Client updating remote player 446469990, isLocal=Player_446469990
[PlayerController] Updating remote player 446469990 position from (348.91818, 199.47447) to (345.58484, 199.47447)
[GameWorld] SyncPlayerPosition RPC received on peer 1125268556: Player 446469990 at (342.2515, 199.47447)
[GameWorld] Current player controllers: 3, Keys: [1125268556, 1, 446469990]
[GameWorld] Client updating remote player 446469990, isLocal=Player_446469990
[PlayerController] Updating remote player 446469990 position from (345.58484, 199.47447) to (342.2515, 199.47447)
[GameWorld] SyncPlayerPosition RPC received on peer 1125268556: Player 446469990 at (338.91815, 199.47447)
[GameWorld] Current player controllers: 3, Keys: [1125268556, 1, 446469990]
[GameWorld] Client updating remote player 446469990, isLocal=Player_446469990
[PlayerController] Updating remote player 446469990 position from (342.2515, 199.47447) to (338.91815, 199.47447)
[GameWorld] SyncPlayerPosition RPC received on peer 1125268556: Player 446469990 at (335.5848, 199.47447)
[GameWorld] Current player controllers: 3, Keys: [1125268556, 1, 446469990]
[GameWorld] Client updating remote player 446469990, isLocal=Player_446469990
[PlayerController] Updating remote player 446469990 position from (338.91815, 199.47447) to (335.5848, 199.47447)
[GameWorld] SyncPlayerPosition RPC received on peer 1125268556: Player 446469990 at (332.25146, 199.47447)
[GameWorld] Current player controllers: 3, Keys: [1125268556, 1, 446469990]
[GameWorld] Client updating remote player 446469990, isLocal=Player_446469990
[PlayerController] Updating remote player 446469990 position from (335.5848, 199.47447) to (332.25146, 199.47447)
[GameWorld] SyncPlayerPosition RPC received on peer 1125268556: Player 446469990 at (328.91812, 199.47447)
[GameWorld] Current player controllers: 3, Keys: [1125268556, 1, 446469990]
[GameWorld] Client updating remote player 446469990, isLocal=Player_446469990
[PlayerController] Updating remote player 446469990 position from (332.25146, 199.47447) to (328.91812, 199.47447)
Body entered Katy: Player_446469990
[GameWorld] SyncPlayerPosition RPC received on peer 1125268556: Player 446469990 at (325.58478, 199.47447)
[GameWorld] Current player controllers: 3, Keys: [1125268556, 1, 446469990]
[GameWorld] Client updating remote player 446469990, isLocal=Player_446469990
[PlayerController] Updating remote player 446469990 position from (328.91812, 199.47447) to (325.58478, 199.47447)
[GameWorld] SyncPlayerPosition RPC received on peer 1125268556: Player 446469990 at (322.25143, 199.47447)
[GameWorld] Current player controllers: 3, Keys: [1125268556, 1, 446469990]
[GameWorld] Client updating remote player 446469990, isLocal=Player_446469990
[PlayerController] Updating remote player 446469990 position from (325.58478, 199.47447) to (322.25143, 199.47447)
[GameWorld] SyncPlayerPosition RPC received on peer 1125268556: Player 446469990 at (318.9181, 199.47447)
[GameWorld] Current player controllers: 3, Keys: [1125268556, 1, 446469990]
[GameWorld] Client updating remote player 446469990, isLocal=Player_446469990
[PlayerController] Updating remote player 446469990 position from (322.25143, 199.47447) to (318.9181, 199.47447)
[GameWorld] SyncPlayerPosition RPC received on peer 1125268556: Player 446469990 at (315.58475, 199.47447)
[GameWorld] Current player controllers: 3, Keys: [1125268556, 1, 446469990]
[GameWorld] Client updating remote player 446469990, isLocal=Player_446469990
[PlayerController] Updating remote player 446469990 position from (318.9181, 199.47447) to (315.58475, 199.47447)
[GameWorld] SyncPlayerPosition RPC received on peer 1125268556: Player 446469990 at (312.2514, 199.47447)
[GameWorld] Current player controllers: 3, Keys: [1125268556, 1, 446469990]
[GameWorld] Client updating remote player 446469990, isLocal=Player_446469990
[PlayerController] Updating remote player 446469990 position from (315.58475, 199.47447) to (312.2514, 199.47447)
[GameWorld] SyncPlayerPosition RPC received on peer 1125268556: Player 446469990 at (308.91806, 199.47447)
[GameWorld] Current player controllers: 3, Keys: [1125268556, 1, 446469990]
[GameWorld] Client updating remote player 446469990, isLocal=Player_446469990
[PlayerController] Updating remote player 446469990 position from (312.2514, 199.47447) to (308.91806, 199.47447)
[GameWorld] SyncPlayerPosition RPC received on peer 1125268556: Player 446469990 at (305.58472, 199.47447)
[GameWorld] Current player controllers: 3, Keys: [1125268556, 1, 446469990]
[GameWorld] Client updating remote player 446469990, isLocal=Player_446469990
[PlayerController] Updating remote player 446469990 position from (308.91806, 199.47447) to (305.58472, 199.47447)
[GameWorld] SyncPlayerPosition RPC received on peer 1125268556: Player 446469990 at (302.25137, 199.47447)
[GameWorld] Current player controllers: 3, Keys: [1125268556, 1, 446469990]
[GameWorld] Client updating remote player 446469990, isLocal=Player_446469990
[PlayerController] Updating remote player 446469990 position from (305.58472, 199.47447) to (302.25137, 199.47447)
[GameWorld] SyncPlayerPosition RPC received on peer 1125268556: Player 446469990 at (298.91803, 199.47447)
[GameWorld] Current player controllers: 3, Keys: [1125268556, 1, 446469990]
[GameWorld] Client updating remote player 446469990, isLocal=Player_446469990
[PlayerController] Updating remote player 446469990 position from (302.25137, 199.47447) to (298.91803, 199.47447)
[GameWorld] SyncPlayerPosition RPC received on peer 1125268556: Player 446469990 at (295.5847, 199.47447)
[GameWorld] Current player controllers: 3, Keys: [1125268556, 1, 446469990]
[GameWorld] Client updating remote player 446469990, isLocal=Player_446469990
[PlayerController] Updating remote player 446469990 position from (298.91803, 199.47447) to (295.5847, 199.47447)
[GameWorld] SyncPlayerPosition RPC received on peer 1125268556: Player 446469990 at (292.25134, 199.47447)
[GameWorld] Current player controllers: 3, Keys: [1125268556, 1, 446469990]
[GameWorld] Client updating remote player 446469990, isLocal=Player_446469990
[PlayerController] Updating remote player 446469990 position from (295.5847, 199.47447) to (292.25134, 199.47447)
[GameWorld] SyncPlayerPosition RPC received on peer 1125268556: Player 446469990 at (288.918, 199.47447)
[GameWorld] Current player controllers: 3, Keys: [1125268556, 1, 446469990]
[GameWorld] Client updating remote player 446469990, isLocal=Player_446469990
[PlayerController] Updating remote player 446469990 position from (292.25134, 199.47447) to (288.918, 199.47447)
[GameWorld] UpdateGameState called on peer 1125268556, players before: 3
[GameWorld] SyncPlayerPosition RPC received on peer 1125268556: Player 446469990 at (288.918, 202.8078)
[GameWorld] Current player controllers: 3, Keys: [1125268556, 1, 446469990]
[GameWorld] Client updating remote player 446469990, isLocal=Player_446469990
[PlayerController] Updating remote player 446469990 position from (288.918, 199.47447) to (288.918, 202.8078)
[GameWorld] SyncPlayerPosition RPC received on peer 1125268556: Player 446469990 at (288.918, 206.14113)
[GameWorld] Current player controllers: 3, Keys: [1125268556, 1, 446469990]
[GameWorld] Client updating remote player 446469990, isLocal=Player_446469990
[PlayerController] Updating remote player 446469990 position from (288.918, 202.8078) to (288.918, 206.14113)
[GameWorld] SyncPlayerPosition RPC received on peer 1125268556: Player 446469990 at (288.918, 209.47446)
[GameWorld] Current player controllers: 3, Keys: [1125268556, 1, 446469990]
[GameWorld] Client updating remote player 446469990, isLocal=Player_446469990
[PlayerController] Updating remote player 446469990 position from (288.918, 206.14113) to (288.918, 209.47446)
[GameWorld] SyncPlayerPosition RPC received on peer 1125268556: Player 446469990 at (288.918, 212.80779)
[GameWorld] Current player controllers: 3, Keys: [1125268556, 1, 446469990]
[GameWorld] Client updating remote player 446469990, isLocal=Player_446469990
[PlayerController] Updating remote player 446469990 position from (288.918, 209.47446) to (288.918, 212.80779)
[GameWorld] SyncPlayerPosition RPC received on peer 1125268556: Player 446469990 at (288.918, 216.14111)
[GameWorld] Current player controllers: 3, Keys: [1125268556, 1, 446469990]
[GameWorld] Client updating remote player 446469990, isLocal=Player_446469990
[PlayerController] Updating remote player 446469990 position from (288.918, 212.80779) to (288.918, 216.14111)
[GameWorld] SyncPlayerPosition RPC received on peer 1125268556: Player 446469990 at (288.918, 219.47444)
[GameWorld] Current player controllers: 3, Keys: [1125268556, 1, 446469990]
[GameWorld] Client updating remote player 446469990, isLocal=Player_446469990
[PlayerController] Updating remote player 446469990 position from (288.918, 216.14111) to (288.918, 219.47444)
[GameWorld] SyncPlayerPosition RPC received on peer 1125268556: Player 446469990 at (288.918, 222.80777)
[GameWorld] Current player controllers: 3, Keys: [1125268556, 1, 446469990]
[GameWorld] Client updating remote player 446469990, isLocal=Player_446469990
[PlayerController] Updating remote player 446469990 position from (288.918, 219.47444) to (288.918, 222.80777)
[GameWorld] SyncPlayerPosition RPC received on peer 1125268556: Player 446469990 at (288.918, 226.1411)
[GameWorld] Current player controllers: 3, Keys: [1125268556, 1, 446469990]
[GameWorld] Client updating remote player 446469990, isLocal=Player_446469990
[PlayerController] Updating remote player 446469990 position from (288.918, 222.80777) to (288.918, 226.1411)
[GameWorld] SyncPlayerPosition RPC received on peer 1125268556: Player 446469990 at (288.918, 229.47443)
[GameWorld] Current player controllers: 3, Keys: [1125268556, 1, 446469990]
[GameWorld] Client updating remote player 446469990, isLocal=Player_446469990
[PlayerController] Updating remote player 446469990 position from (288.918, 226.1411) to (288.918, 229.47443)
[GameWorld] SyncPlayerPosition RPC received on peer 1125268556: Player 446469990 at (288.918, 232.80775)
[GameWorld] Current player controllers: 3, Keys: [1125268556, 1, 446469990]
[GameWorld] Client updating remote player 446469990, isLocal=Player_446469990
[PlayerController] Updating remote player 446469990 position from (288.918, 229.47443) to (288.918, 232.80775)
[GameWorld] SyncPlayerPosition RPC received on peer 1125268556: Player 446469990 at (288.918, 236.14108)
[GameWorld] Current player controllers: 3, Keys: [1125268556, 1, 446469990]
[GameWorld] Client updating remote player 446469990, isLocal=Player_446469990
[PlayerController] Updating remote player 446469990 position from (288.918, 232.80775) to (288.918, 236.14108)
[GameWorld] SyncPlayerPosition RPC received on peer 1125268556: Player 446469990 at (288.918, 239.47441)
[GameWorld] Current player controllers: 3, Keys: [1125268556, 1, 446469990]
[GameWorld] Client updating remote player 446469990, isLocal=Player_446469990
[PlayerController] Updating remote player 446469990 position from (288.918, 236.14108) to (288.918, 239.47441)
[GameWorld] SyncPlayerPosition RPC received on peer 1125268556: Player 446469990 at (288.918, 242.80774)
[GameWorld] Current player controllers: 3, Keys: [1125268556, 1, 446469990]
[GameWorld] Client updating remote player 446469990, isLocal=Player_446469990
[PlayerController] Updating remote player 446469990 position from (288.918, 239.47441) to (288.918, 242.80774)
[GameWorld] SyncPlayerPosition RPC received on peer 1125268556: Player 446469990 at (288.918, 246.14107)
[GameWorld] Current player controllers: 3, Keys: [1125268556, 1, 446469990]
[GameWorld] Client updating remote player 446469990, isLocal=Player_446469990
[PlayerController] Updating remote player 446469990 position from (288.918, 242.80774) to (288.918, 246.14107)
[GameWorld] SyncPlayerPosition RPC received on peer 1125268556: Player 446469990 at (288.918, 249.4744)
[GameWorld] Current player controllers: 3, Keys: [1125268556, 1, 446469990]
[GameWorld] Client updating remote player 446469990, isLocal=Player_446469990
[PlayerController] Updating remote player 446469990 position from (288.918, 246.14107) to (288.918, 249.4744)
[GameWorld] SyncPlayerPosition RPC received on peer 1125268556: Player 446469990 at (288.918, 252.80772)
[GameWorld] Current player controllers: 3, Keys: [1125268556, 1, 446469990]
[GameWorld] Client updating remote player 446469990, isLocal=Player_446469990
[PlayerController] Updating remote player 446469990 position from (288.918, 249.4744) to (288.918, 252.80772)
[GameWorld] SyncPlayerPosition RPC received on peer 1125268556: Player 446469990 at (288.918, 256.14105)
[GameWorld] Current player controllers: 3, Keys: [1125268556, 1, 446469990]
[GameWorld] Client updating remote player 446469990, isLocal=Player_446469990
[PlayerController] Updating remote player 446469990 position from (288.918, 252.80772) to (288.918, 256.14105)
[GameWorld] SyncPlayerPosition RPC received on peer 1125268556: Player 446469990 at (288.918, 259.4744)
[GameWorld] Current player controllers: 3, Keys: [1125268556, 1, 446469990]
[GameWorld] Client updating remote player 446469990, isLocal=Player_446469990
[PlayerController] Updating remote player 446469990 position from (288.918, 256.14105) to (288.918, 259.4744)
[GameWorld] SyncPlayerPosition RPC received on peer 1125268556: Player 446469990 at (288.918, 262.80774)
[GameWorld] Current player controllers: 3, Keys: [1125268556, 1, 446469990]
[GameWorld] Client updating remote player 446469990, isLocal=Player_446469990
[PlayerController] Updating remote player 446469990 position from (288.918, 259.4744) to (288.918, 262.80774)
[GameWorld] SyncPlayerPosition RPC received on peer 1125268556: Player 446469990 at (288.918, 266.14108)
[GameWorld] Current player controllers: 3, Keys: [1125268556, 1, 446469990]
[GameWorld] Client updating remote player 446469990, isLocal=Player_446469990
[PlayerController] Updating remote player 446469990 position from (288.918, 262.80774) to (288.918, 266.14108)
[GameWorld] SyncPlayerPosition RPC received on peer 1125268556: Player 446469990 at (288.918, 269.47443)
[GameWorld] Current player controllers: 3, Keys: [1125268556, 1, 446469990]
[GameWorld] Client updating remote player 446469990, isLocal=Player_446469990
[PlayerController] Updating remote player 446469990 position from (288.918, 266.14108) to (288.918, 269.47443)
[GameWorld] SyncPlayerPosition RPC received on peer 1125268556: Player 446469990 at (288.918, 272.80777)
[GameWorld] Current player controllers: 3, Keys: [1125268556, 1, 446469990]
[GameWorld] Client updating remote player 446469990, isLocal=Player_446469990
[PlayerController] Updating remote player 446469990 position from (288.918, 269.47443) to (288.918, 272.80777)
[GameWorld] SyncPlayerPosition RPC received on peer 1125268556: Player 446469990 at (288.918, 276.1411)
[GameWorld] Current player controllers: 3, Keys: [1125268556, 1, 446469990]
[GameWorld] Client updating remote player 446469990, isLocal=Player_446469990
[PlayerController] Updating remote player 446469990 position from (288.918, 272.80777) to (288.918, 276.1411)
[GameWorld] SyncPlayerPosition RPC received on peer 1125268556: Player 446469990 at (288.918, 279.47446)
[GameWorld] Current player controllers: 3, Keys: [1125268556, 1, 446469990]
[GameWorld] Client updating remote player 446469990, isLocal=Player_446469990
[PlayerController] Updating remote player 446469990 position from (288.918, 276.1411) to (288.918, 279.47446)
[GameWorld] SyncPlayerPosition RPC received on peer 1125268556: Player 446469990 at (288.918, 282.8078)
[GameWorld] Current player controllers: 3, Keys: [1125268556, 1, 446469990]
[GameWorld] Client updating remote player 446469990, isLocal=Player_446469990
[PlayerController] Updating remote player 446469990 position from (288.918, 279.47446) to (288.918, 282.8078)
[GameWorld] SyncPlayerPosition RPC received on peer 1125268556: Player 446469990 at (288.918, 286.14114)
[GameWorld] Current player controllers: 3, Keys: [1125268556, 1, 446469990]
[GameWorld] Client updating remote player 446469990, isLocal=Player_446469990
[PlayerController] Updating remote player 446469990 position from (288.918, 282.8078) to (288.918, 286.14114)
[GameWorld] SyncPlayerPosition RPC received on peer 1125268556: Player 446469990 at (288.918, 289.4745)
[GameWorld] Current player controllers: 3, Keys: [1125268556, 1, 446469990]
[GameWorld] Client updating remote player 446469990, isLocal=Player_446469990
[PlayerController] Updating remote player 446469990 position from (288.918, 286.14114) to (288.918, 289.4745)
[GameWorld] SyncPlayerPosition RPC received on peer 1125268556: Player 446469990 at (288.918, 292.80783)
[GameWorld] Current player controllers: 3, Keys: [1125268556, 1, 446469990]
[GameWorld] Client updating remote player 446469990, isLocal=Player_446469990
[PlayerController] Updating remote player 446469990 position from (288.918, 289.4745) to (288.918, 292.80783)
[GameWorld] SyncPlayerPosition RPC received on peer 1125268556: Player 446469990 at (288.918, 296.14117)
[GameWorld] Current player controllers: 3, Keys: [1125268556, 1, 446469990]
[GameWorld] Client updating remote player 446469990, isLocal=Player_446469990
[PlayerController] Updating remote player 446469990 position from (288.918, 292.80783) to (288.918, 296.14117)
[GameWorld] SyncPlayerPosition RPC received on peer 1125268556: Player 446469990 at (288.918, 299.47452)
[GameWorld] Current player controllers: 3, Keys: [1125268556, 1, 446469990]
[GameWorld] Client updating remote player 446469990, isLocal=Player_446469990
[PlayerController] Updating remote player 446469990 position from (288.918, 296.14117) to (288.918, 299.47452)
[GameWorld] SyncPlayerPosition RPC received on peer 1125268556: Player 446469990 at (288.918, 302.80786)
[GameWorld] Current player controllers: 3, Keys: [1125268556, 1, 446469990]
[GameWorld] Client updating remote player 446469990, isLocal=Player_446469990
[PlayerController] Updating remote player 446469990 position from (288.918, 299.47452) to (288.918, 302.80786)
[GameWorld] SyncPlayerPosition RPC received on peer 1125268556: Player 446469990 at (288.918, 306.1412)
[GameWorld] Current player controllers: 3, Keys: [1125268556, 1, 446469990]
[GameWorld] Client updating remote player 446469990, isLocal=Player_446469990
[PlayerController] Updating remote player 446469990 position from (288.918, 302.80786) to (288.918, 306.1412)
[GameWorld] SyncPlayerPosition RPC received on peer 1125268556: Player 446469990 at (288.918, 309.47455)
[GameWorld] Current player controllers: 3, Keys: [1125268556, 1, 446469990]
[GameWorld] Client updating remote player 446469990, isLocal=Player_446469990
[PlayerController] Updating remote player 446469990 position from (288.918, 306.1412) to (288.918, 309.47455)
[GameWorld] SyncPlayerPosition RPC received on peer 1125268556: Player 446469990 at (288.918, 312.8079)
[GameWorld] Current player controllers: 3, Keys: [1125268556, 1, 446469990]
[GameWorld] Client updating remote player 446469990, isLocal=Player_446469990
[PlayerController] Updating remote player 446469990 position from (288.918, 309.47455) to (288.918, 312.8079)
Body exited Katy: Player_446469990
[GameWorld] SyncPlayerPosition RPC received on peer 1125268556: Player 446469990 at (288.918, 316.14124)
[GameWorld] Current player controllers: 3, Keys: [1125268556, 1, 446469990]
[GameWorld] Client updating remote player 446469990, isLocal=Player_446469990
[PlayerController] Updating remote player 446469990 position from (288.918, 312.8079) to (288.918, 316.14124)
[GameWorld] SyncPlayerPosition RPC received on peer 1125268556: Player 446469990 at (288.918, 319.47458)
[GameWorld] Current player controllers: 3, Keys: [1125268556, 1, 446469990]
[GameWorld] Client updating remote player 446469990, isLocal=Player_446469990
[PlayerController] Updating remote player 446469990 position from (288.918, 316.14124) to (288.918, 319.47458)
[GameWorld] SyncPlayerPosition RPC received on peer 1125268556: Player 446469990 at (288.918, 322.80792)
[GameWorld] Current player controllers: 3, Keys: [1125268556, 1, 446469990]
[GameWorld] Client updating remote player 446469990, isLocal=Player_446469990
[PlayerController] Updating remote player 446469990 position from (288.918, 319.47458) to (288.918, 322.80792)
[GameWorld] SyncPlayerPosition RPC received on peer 1125268556: Player 446469990 at (288.918, 326.14127)
[GameWorld] Current player controllers: 3, Keys: [1125268556, 1, 446469990]
[GameWorld] Client updating remote player 446469990, isLocal=Player_446469990
[PlayerController] Updating remote player 446469990 position from (288.918, 322.80792) to (288.918, 326.14127)
[GameWorld] SyncPlayerPosition RPC received on peer 1125268556: Player 446469990 at (288.918, 329.4746)
[GameWorld] Current player controllers: 3, Keys: [1125268556, 1, 446469990]
[GameWorld] Client updating remote player 446469990, isLocal=Player_446469990
[PlayerController] Updating remote player 446469990 position from (288.918, 326.14127) to (288.918, 329.4746)
[GameWorld] SyncPlayerPosition RPC received on peer 1125268556: Player 446469990 at (288.918, 332.80795)
[GameWorld] Current player controllers: 3, Keys: [1125268556, 1, 446469990]
[GameWorld] Client updating remote player 446469990, isLocal=Player_446469990
[PlayerController] Updating remote player 446469990 position from (288.918, 329.4746) to (288.918, 332.80795)
[GameWorld] SyncPlayerPosition RPC received on peer 1125268556: Player 446469990 at (288.918, 336.1413)
[GameWorld] Current player controllers: 3, Keys: [1125268556, 1, 446469990]
[GameWorld] Client updating remote player 446469990, isLocal=Player_446469990
[PlayerController] Updating remote player 446469990 position from (288.918, 332.80795) to (288.918, 336.1413)
[GameWorld] SyncPlayerPosition RPC received on peer 1125268556: Player 446469990 at (288.918, 339.47464)
[GameWorld] Current player controllers: 3, Keys: [1125268556, 1, 446469990]
[GameWorld] Client updating remote player 446469990, isLocal=Player_446469990
[PlayerController] Updating remote player 446469990 position from (288.918, 336.1413) to (288.918, 339.47464)
[GameWorld] SyncPlayerPosition RPC received on peer 1125268556: Player 446469990 at (288.918, 342.80798)
[GameWorld] Current player controllers: 3, Keys: [1125268556, 1, 446469990]
[GameWorld] Client updating remote player 446469990, isLocal=Player_446469990
[PlayerController] Updating remote player 446469990 position from (288.918, 339.47464) to (288.918, 342.80798)
[GameWorld] SyncPlayerPosition RPC received on peer 1125268556: Player 446469990 at (288.918, 346.14133)
[GameWorld] Current player controllers: 3, Keys: [1125268556, 1, 446469990]
[GameWorld] Client updating remote player 446469990, isLocal=Player_446469990
[PlayerController] Updating remote player 446469990 position from (288.918, 342.80798) to (288.918, 346.14133)
[GameWorld] SyncPlayerPosition RPC received on peer 1125268556: Player 446469990 at (288.918, 349.47467)
[GameWorld] Current player controllers: 3, Keys: [1125268556, 1, 446469990]
[GameWorld] Client updating remote player 446469990, isLocal=Player_446469990
[PlayerController] Updating remote player 446469990 position from (288.918, 346.14133) to (288.918, 349.47467)
[GameWorld] SyncPlayerPosition RPC received on peer 1125268556: Player 446469990 at (288.918, 352.808)
[GameWorld] Current player controllers: 3, Keys: [1125268556, 1, 446469990]
[GameWorld] Client updating remote player 446469990, isLocal=Player_446469990
[PlayerController] Updating remote player 446469990 position from (288.918, 349.47467) to (288.918, 352.808)
[GameWorld] SyncPlayerPosition RPC received on peer 1125268556: Player 446469990 at (288.918, 356.14136)
[GameWorld] Current player controllers: 3, Keys: [1125268556, 1, 446469990]
[GameWorld] Client updating remote player 446469990, isLocal=Player_446469990
[PlayerController] Updating remote player 446469990 position from (288.918, 352.808) to (288.918, 356.14136)
[GameWorld] SyncPlayerPosition RPC received on peer 1125268556: Player 446469990 at (288.918, 359.4747)
[GameWorld] Current player controllers: 3, Keys: [1125268556, 1, 446469990]
[GameWorld] Client updating remote player 446469990, isLocal=Player_446469990
[PlayerController] Updating remote player 446469990 position from (288.918, 356.14136) to (288.918, 359.4747)
[GameWorld] SyncPlayerPosition RPC received on peer 1125268556: Player 446469990 at (288.918, 362.80804)
[GameWorld] Current player controllers: 3, Keys: [1125268556, 1, 446469990]
[GameWorld] Client updating remote player 446469990, isLocal=Player_446469990
[PlayerController] Updating remote player 446469990 position from (288.918, 359.4747) to (288.918, 362.80804)
[GameWorld] SyncPlayerPosition RPC received on peer 1125268556: Player 446469990 at (288.918, 366.1414)
[GameWorld] Current player controllers: 3, Keys: [1125268556, 1, 446469990]
[GameWorld] Client updating remote player 446469990, isLocal=Player_446469990
[PlayerController] Updating remote player 446469990 position from (288.918, 362.80804) to (288.918, 366.1414)
[GameWorld] SyncPlayerPosition RPC received on peer 1125268556: Player 446469990 at (288.918, 369.47473)
[GameWorld] Current player controllers: 3, Keys: [1125268556, 1, 446469990]
[GameWorld] Client updating remote player 446469990, isLocal=Player_446469990
[PlayerController] Updating remote player 446469990 position from (288.918, 366.1414) to (288.918, 369.47473)
[GameWorld] SyncPlayerPosition RPC received on peer 1125268556: Player 446469990 at (288.918, 372.80807)
[GameWorld] Current player controllers: 3, Keys: [1125268556, 1, 446469990]
[GameWorld] Client updating remote player 446469990, isLocal=Player_446469990
[PlayerController] Updating remote player 446469990 position from (288.918, 369.47473) to (288.918, 372.80807)
[GameWorld] SyncPlayerPosition RPC received on peer 1125268556: Player 446469990 at (288.918, 376.14142)
[GameWorld] Current player controllers: 3, Keys: [1125268556, 1, 446469990]
[GameWorld] Client updating remote player 446469990, isLocal=Player_446469990
[PlayerController] Updating remote player 446469990 position from (288.918, 372.80807) to (288.918, 376.14142)
[GameWorld] SyncPlayerPosition RPC received on peer 1125268556: Player 446469990 at (288.918, 379.47476)
[GameWorld] Current player controllers: 3, Keys: [1125268556, 1, 446469990]
[GameWorld] Client updating remote player 446469990, isLocal=Player_446469990
[PlayerController] Updating remote player 446469990 position from (288.918, 376.14142) to (288.918, 379.47476)
[GameWorld] SyncPlayerPosition RPC received on peer 1125268556: Player 446469990 at (288.918, 382.8081)
[GameWorld] Current player controllers: 3, Keys: [1125268556, 1, 446469990]
[GameWorld] Client updating remote player 446469990, isLocal=Player_446469990
[PlayerController] Updating remote player 446469990 position from (288.918, 379.47476) to (288.918, 382.8081)
[GameWorld] SyncPlayerPosition RPC received on peer 1125268556: Player 446469990 at (288.918, 386.14145)
[GameWorld] Current player controllers: 3, Keys: [1125268556, 1, 446469990]
[GameWorld] Client updating remote player 446469990, isLocal=Player_446469990
[PlayerController] Updating remote player 446469990 position from (288.918, 382.8081) to (288.918, 386.14145)
[GameWorld] SyncPlayerPosition RPC received on peer 1125268556: Player 446469990 at (288.918, 389.4748)
[GameWorld] Current player controllers: 3, Keys: [1125268556, 1, 446469990]
[GameWorld] Client updating remote player 446469990, isLocal=Player_446469990
[PlayerController] Updating remote player 446469990 position from (288.918, 386.14145) to (288.918, 389.4748)
[GameWorld] SyncPlayerPosition RPC received on peer 1125268556: Player 446469990 at (288.918, 392.80814)
[GameWorld] Current player controllers: 3, Keys: [1125268556, 1, 446469990]
[GameWorld] Client updating remote player 446469990, isLocal=Player_446469990
[PlayerController] Updating remote player 446469990 position from (288.918, 389.4748) to (288.918, 392.80814)
[GameWorld] SyncPlayerPosition RPC received on peer 1125268556: Player 446469990 at (288.918, 396.14148)
[GameWorld] Current player controllers: 3, Keys: [1125268556, 1, 446469990]
[GameWorld] Client updating remote player 446469990, isLocal=Player_446469990
[PlayerController] Updating remote player 446469990 position from (288.918, 392.80814) to (288.918, 396.14148)
[GameWorld] SyncPlayerPosition RPC received on peer 1125268556: Player 446469990 at (288.918, 399.47482)
[GameWorld] Current player controllers: 3, Keys: [1125268556, 1, 446469990]
[GameWorld] Client updating remote player 446469990, isLocal=Player_446469990
[PlayerController] Updating remote player 446469990 position from (288.918, 396.14148) to (288.918, 399.47482)
[GameWorld] SyncPlayerPosition RPC received on peer 1125268556: Player 446469990 at (288.918, 402.80817)
[GameWorld] Current player controllers: 3, Keys: [1125268556, 1, 446469990]
[GameWorld] Client updating remote player 446469990, isLocal=Player_446469990
[PlayerController] Updating remote player 446469990 position from (288.918, 399.47482) to (288.918, 402.80817)
[GameWorld] SyncPlayerPosition RPC received on peer 1125268556: Player 446469990 at (288.918, 406.1415)
[GameWorld] Current player controllers: 3, Keys: [1125268556, 1, 446469990]
[GameWorld] Client updating remote player 446469990, isLocal=Player_446469990
[PlayerController] Updating remote player 446469990 position from (288.918, 402.80817) to (288.918, 406.1415)
[GameWorld] SyncPlayerPosition RPC received on peer 1125268556: Player 446469990 at (288.918, 409.47485)
[GameWorld] Current player controllers: 3, Keys: [1125268556, 1, 446469990]
[GameWorld] Client updating remote player 446469990, isLocal=Player_446469990
[PlayerController] Updating remote player 446469990 position from (288.918, 406.1415) to (288.918, 409.47485)
[GameWorld] SyncPlayerPosition RPC received on peer 1125268556: Player 446469990 at (288.918, 412.8082)
[GameWorld] Current player controllers: 3, Keys: [1125268556, 1, 446469990]
[GameWorld] Client updating remote player 446469990, isLocal=Player_446469990
[PlayerController] Updating remote player 446469990 position from (288.918, 409.47485) to (288.918, 412.8082)
[GameWorld] SyncPlayerPosition RPC received on peer 1125268556: Player 446469990 at (288.918, 416.14154)
[GameWorld] Current player controllers: 3, Keys: [1125268556, 1, 446469990]
[GameWorld] Client updating remote player 446469990, isLocal=Player_446469990
[PlayerController] Updating remote player 446469990 position from (288.918, 412.8082) to (288.918, 416.14154)
[GameWorld] SyncPlayerPosition RPC received on peer 1125268556: Player 446469990 at (288.918, 419.47488)
[GameWorld] Current player controllers: 3, Keys: [1125268556, 1, 446469990]
[GameWorld] Client updating remote player 446469990, isLocal=Player_446469990
[PlayerController] Updating remote player 446469990 position from (288.918, 416.14154) to (288.918, 419.47488)
[GameWorld] SyncPlayerPosition RPC received on peer 1125268556: Player 446469990 at (288.918, 422.80823)
[GameWorld] Current player controllers: 3, Keys: [1125268556, 1, 446469990]
[GameWorld] Client updating remote player 446469990, isLocal=Player_446469990
[PlayerController] Updating remote player 446469990 position from (288.918, 419.47488) to (288.918, 422.80823)
[GameWorld] SyncPlayerPosition RPC received on peer 1125268556: Player 446469990 at (288.918, 426.14157)
[GameWorld] Current player controllers: 3, Keys: [1125268556, 1, 446469990]
[GameWorld] Client updating remote player 446469990, isLocal=Player_446469990
[PlayerController] Updating remote player 446469990 position from (288.918, 422.80823) to (288.918, 426.14157)
Body entered Marcus: Player_446469990
[GameWorld] SyncPlayerPosition RPC received on peer 1125268556: Player 446469990 at (288.918, 429.4749)
[GameWorld] Current player controllers: 3, Keys: [1125268556, 1, 446469990]
[GameWorld] Client updating remote player 446469990, isLocal=Player_446469990
[PlayerController] Updating remote player 446469990 position from (288.918, 426.14157) to (288.918, 429.4749)
[GameWorld] SyncPlayerPosition RPC received on peer 1125268556: Player 446469990 at (288.918, 432.80826)
[GameWorld] Current player controllers: 3, Keys: [1125268556, 1, 446469990]
[GameWorld] Client updating remote player 446469990, isLocal=Player_446469990
[PlayerController] Updating remote player 446469990 position from (288.918, 429.4749) to (288.918, 432.80826)
[GameWorld] SyncPlayerPosition RPC received on peer 1125268556: Player 446469990 at (288.918, 436.1416)
[GameWorld] Current player controllers: 3, Keys: [1125268556, 1, 446469990]
[GameWorld] Client updating remote player 446469990, isLocal=Player_446469990
[PlayerController] Updating remote player 446469990 position from (288.918, 432.80826) to (288.918, 436.1416)
[GameWorld] SyncPlayerPosition RPC received on peer 1125268556: Player 446469990 at (288.918, 439.47495)
[GameWorld] Current player controllers: 3, Keys: [1125268556, 1, 446469990]
[GameWorld] Client updating remote player 446469990, isLocal=Player_446469990
[PlayerController] Updating remote player 446469990 position from (288.918, 436.1416) to (288.918, 439.47495)
[GameWorld] SyncPlayerPosition RPC received on peer 1125268556: Player 446469990 at (288.918, 442.8083)
[GameWorld] Current player controllers: 3, Keys: [1125268556, 1, 446469990]
[GameWorld] Client updating remote player 446469990, isLocal=Player_446469990
[PlayerController] Updating remote player 446469990 position from (288.918, 439.47495) to (288.918, 442.8083)
[GameWorld] SyncPlayerPosition RPC received on peer 1125268556: Player 446469990 at (288.918, 446.14163)
[GameWorld] Current player controllers: 3, Keys: [1125268556, 1, 446469990]
[GameWorld] Client updating remote player 446469990, isLocal=Player_446469990
[PlayerController] Updating remote player 446469990 position from (288.918, 442.8083) to (288.918, 446.14163)
[GameWorld] SyncPlayerPosition RPC received on peer 1125268556: Player 446469990 at (288.918, 449.47498)
[GameWorld] Current player controllers: 3, Keys: [1125268556, 1, 446469990]
[GameWorld] Client updating remote player 446469990, isLocal=Player_446469990
[PlayerController] Updating remote player 446469990 position from (288.918, 446.14163) to (288.918, 449.47498)
[GameWorld] SyncPlayerPosition RPC received on peer 1125268556: Player 446469990 at (288.918, 452.80832)
[GameWorld] Current player controllers: 3, Keys: [1125268556, 1, 446469990]
[GameWorld] Client updating remote player 446469990, isLocal=Player_446469990
[PlayerController] Updating remote player 446469990 position from (288.918, 449.47498) to (288.918, 452.80832)
[GameWorld] SyncPlayerPosition RPC received on peer 1125268556: Player 446469990 at (288.918, 456.14166)
[GameWorld] Current player controllers: 3, Keys: [1125268556, 1, 446469990]
[GameWorld] Client updating remote player 446469990, isLocal=Player_446469990
[PlayerController] Updating remote player 446469990 position from (288.918, 452.80832) to (288.918, 456.14166)
[GameWorld] SyncPlayerPosition RPC received on peer 1125268556: Player 446469990 at (288.918, 459.475)
[GameWorld] Current player controllers: 3, Keys: [1125268556, 1, 446469990]
[GameWorld] Client updating remote player 446469990, isLocal=Player_446469990
[PlayerController] Updating remote player 446469990 position from (288.918, 456.14166) to (288.918, 459.475)
[GameWorld] SyncPlayerPosition RPC received on peer 1125268556: Player 446469990 at (288.918, 462.80835)
[GameWorld] Current player controllers: 3, Keys: [1125268556, 1, 446469990]
[GameWorld] Client updating remote player 446469990, isLocal=Player_446469990
[PlayerController] Updating remote player 446469990 position from (288.918, 459.475) to (288.918, 462.80835)
[GameWorld] SyncPlayerPosition RPC received on peer 1125268556: Player 446469990 at (288.918, 466.1417)
[GameWorld] Current player controllers: 3, Keys: [1125268556, 1, 446469990]
[GameWorld] Client updating remote player 446469990, isLocal=Player_446469990
[PlayerController] Updating remote player 446469990 position from (288.918, 462.80835) to (288.918, 466.1417)
[GameWorld] SyncPlayerPosition RPC received on peer 1125268556: Player 446469990 at (288.918, 469.47504)
[GameWorld] Current player controllers: 3, Keys: [1125268556, 1, 446469990]
[GameWorld] Client updating remote player 446469990, isLocal=Player_446469990
[PlayerController] Updating remote player 446469990 position from (288.918, 466.1417) to (288.918, 469.47504)
[GameWorld] SyncPlayerPosition RPC received on peer 1125268556: Player 446469990 at (288.918, 472.80838)
[GameWorld] Current player controllers: 3, Keys: [1125268556, 1, 446469990]
[GameWorld] Client updating remote player 446469990, isLocal=Player_446469990
[PlayerController] Updating remote player 446469990 position from (288.918, 469.47504) to (288.918, 472.80838)
[GameWorld] SyncPlayerPosition RPC received on peer 1125268556: Player 446469990 at (288.918, 476.14172)
[GameWorld] Current player controllers: 3, Keys: [1125268556, 1, 446469990]
[GameWorld] Client updating remote player 446469990, isLocal=Player_446469990
[PlayerController] Updating remote player 446469990 position from (288.918, 472.80838) to (288.918, 476.14172)
[GameWorld] SyncPlayerPosition RPC received on peer 1125268556: Player 446469990 at (288.918, 479.47507)
[GameWorld] Current player controllers: 3, Keys: [1125268556, 1, 446469990]
[GameWorld] Client updating remote player 446469990, isLocal=Player_446469990
[PlayerController] Updating remote player 446469990 position from (288.918, 476.14172) to (288.918, 479.47507)
[GameWorld] SyncPlayerPosition RPC received on peer 1125268556: Player 446469990 at (288.918, 482.8084)
[GameWorld] Current player controllers: 3, Keys: [1125268556, 1, 446469990]
[GameWorld] Client updating remote player 446469990, isLocal=Player_446469990
[PlayerController] Updating remote player 446469990 position from (288.918, 479.47507) to (288.918, 482.8084)
[GameWorld] SyncPlayerPosition RPC received on peer 1125268556: Player 446469990 at (288.918, 486.14175)
[GameWorld] Current player controllers: 3, Keys: [1125268556, 1, 446469990]
[GameWorld] Client updating remote player 446469990, isLocal=Player_446469990
[PlayerController] Updating remote player 446469990 position from (288.918, 482.8084) to (288.918, 486.14175)
[GameWorld] SyncPlayerPosition RPC received on peer 1125268556: Player 446469990 at (288.918, 489.4751)
[GameWorld] Current player controllers: 3, Keys: [1125268556, 1, 446469990]
[GameWorld] Client updating remote player 446469990, isLocal=Player_446469990
[PlayerController] Updating remote player 446469990 position from (288.918, 486.14175) to (288.918, 489.4751)
[GameWorld] SyncPlayerPosition RPC received on peer 1125268556: Player 446469990 at (288.918, 492.80844)
[GameWorld] Current player controllers: 3, Keys: [1125268556, 1, 446469990]
[GameWorld] Client updating remote player 446469990, isLocal=Player_446469990
[PlayerController] Updating remote player 446469990 position from (288.918, 489.4751) to (288.918, 492.80844)
[GameWorld] SyncPlayerPosition RPC received on peer 1125268556: Player 446469990 at (288.918, 496.14178)
[GameWorld] Current player controllers: 3, Keys: [1125268556, 1, 446469990]
[GameWorld] Client updating remote player 446469990, isLocal=Player_446469990
[PlayerController] Updating remote player 446469990 position from (288.918, 492.80844) to (288.918, 496.14178)
[GameWorld] SyncPlayerPosition RPC received on peer 1125268556: Player 446469990 at (292.25134, 496.14178)
[GameWorld] Current player controllers: 3, Keys: [1125268556, 1, 446469990]
[GameWorld] Client updating remote player 446469990, isLocal=Player_446469990
[PlayerController] Updating remote player 446469990 position from (288.918, 496.14178) to (292.25134, 496.14178)
[GameWorld] SyncPlayerPosition RPC received on peer 1125268556: Player 446469990 at (295.5847, 496.14178)
[GameWorld] Current player controllers: 3, Keys: [1125268556, 1, 446469990]
[GameWorld] Client updating remote player 446469990, isLocal=Player_446469990
[PlayerController] Updating remote player 446469990 position from (292.25134, 496.14178) to (295.5847, 496.14178)
[GameWorld] SyncPlayerPosition RPC received on peer 1125268556: Player 446469990 at (298.91803, 496.14178)
[GameWorld] Current player controllers: 3, Keys: [1125268556, 1, 446469990]
[GameWorld] Client updating remote player 446469990, isLocal=Player_446469990
[PlayerController] Updating remote player 446469990 position from (295.5847, 496.14178) to (298.91803, 496.14178)
[GameWorld] SyncPlayerPosition RPC received on peer 1125268556: Player 446469990 at (302.25137, 496.14178)
[GameWorld] Current player controllers: 3, Keys: [1125268556, 1, 446469990]
[GameWorld] Client updating remote player 446469990, isLocal=Player_446469990
[PlayerController] Updating remote player 446469990 position from (298.91803, 496.14178) to (302.25137, 496.14178)
[GameWorld] SyncPlayerPosition RPC received on peer 1125268556: Player 446469990 at (305.58472, 496.14178)
[GameWorld] Current player controllers: 3, Keys: [1125268556, 1, 446469990]
[GameWorld] Client updating remote player 446469990, isLocal=Player_446469990
[PlayerController] Updating remote player 446469990 position from (302.25137, 496.14178) to (305.58472, 496.14178)
[GameWorld] SyncPlayerPosition RPC received on peer 1125268556: Player 446469990 at (308.91806, 496.14178)
[GameWorld] Current player controllers: 3, Keys: [1125268556, 1, 446469990]
[GameWorld] Client updating remote player 446469990, isLocal=Player_446469990
[PlayerController] Updating remote player 446469990 position from (305.58472, 496.14178) to (308.91806, 496.14178)
[GameWorld] SyncPlayerPosition RPC received on peer 1125268556: Player 446469990 at (312.2514, 496.14178)
[GameWorld] Current player controllers: 3, Keys: [1125268556, 1, 446469990]
[GameWorld] Client updating remote player 446469990, isLocal=Player_446469990
[PlayerController] Updating remote player 446469990 position from (308.91806, 496.14178) to (312.2514, 496.14178)
[GameWorld] SyncPlayerPosition RPC received on peer 1125268556: Player 446469990 at (315.58475, 496.14178)
[GameWorld] Current player controllers: 3, Keys: [1125268556, 1, 446469990]
[GameWorld] Client updating remote player 446469990, isLocal=Player_446469990
[PlayerController] Updating remote player 446469990 position from (312.2514, 496.14178) to (315.58475, 496.14178)
[GameWorld] SyncPlayerPosition RPC received on peer 1125268556: Player 446469990 at (318.9181, 496.14178)
[GameWorld] Current player controllers: 3, Keys: [1125268556, 1, 446469990]
[GameWorld] Client updating remote player 446469990, isLocal=Player_446469990
[PlayerController] Updating remote player 446469990 position from (315.58475, 496.14178) to (318.9181, 496.14178)
[GameWorld] SyncPlayerPosition RPC received on peer 1125268556: Player 446469990 at (322.25143, 496.14178)
[GameWorld] Current player controllers: 3, Keys: [1125268556, 1, 446469990]
[GameWorld] Client updating remote player 446469990, isLocal=Player_446469990
[PlayerController] Updating remote player 446469990 position from (318.9181, 496.14178) to (322.25143, 496.14178)
[GameWorld] SyncPlayerPosition RPC received on peer 1125268556: Player 446469990 at (325.58478, 496.14178)
[GameWorld] Current player controllers: 3, Keys: [1125268556, 1, 446469990]
[GameWorld] Client updating remote player 446469990, isLocal=Player_446469990
[PlayerController] Updating remote player 446469990 position from (322.25143, 496.14178) to (325.58478, 496.14178)
[GameWorld] SyncPlayerPosition RPC received on peer 1125268556: Player 446469990 at (328.91812, 496.14178)
[GameWorld] Current player controllers: 3, Keys: [1125268556, 1, 446469990]
[GameWorld] Client updating remote player 446469990, isLocal=Player_446469990
[PlayerController] Updating remote player 446469990 position from (325.58478, 496.14178) to (328.91812, 496.14178)
[GameWorld] SyncPlayerPosition RPC received on peer 1125268556: Player 446469990 at (332.25146, 496.14178)
[GameWorld] Current player controllers: 3, Keys: [1125268556, 1, 446469990]
[GameWorld] Client updating remote player 446469990, isLocal=Player_446469990
[PlayerController] Updating remote player 446469990 position from (328.91812, 496.14178) to (332.25146, 496.14178)
[GameWorld] SyncPlayerPosition RPC received on peer 1125268556: Player 446469990 at (335.5848, 496.14178)
[GameWorld] Current player controllers: 3, Keys: [1125268556, 1, 446469990]
[GameWorld] Client updating remote player 446469990, isLocal=Player_446469990
[PlayerController] Updating remote player 446469990 position from (332.25146, 496.14178) to (335.5848, 496.14178)
[GameWorld] SyncPlayerPosition RPC received on peer 1125268556: Player 446469990 at (338.91815, 496.14178)
[GameWorld] Current player controllers: 3, Keys: [1125268556, 1, 446469990]
[GameWorld] Client updating remote player 446469990, isLocal=Player_446469990
[PlayerController] Updating remote player 446469990 position from (335.5848, 496.14178) to (338.91815, 496.14178)
[GameWorld] SyncPlayerPosition RPC received on peer 1125268556: Player 446469990 at (342.2515, 496.14178)
[GameWorld] Current player controllers: 3, Keys: [1125268556, 1, 446469990]
[GameWorld] Client updating remote player 446469990, isLocal=Player_446469990
[PlayerController] Updating remote player 446469990 position from (338.91815, 496.14178) to (342.2515, 496.14178)
[GameWorld] SyncPlayerPosition RPC received on peer 1125268556: Player 446469990 at (345.58484, 496.14178)
[GameWorld] Current player controllers: 3, Keys: [1125268556, 1, 446469990]
[GameWorld] Client updating remote player 446469990, isLocal=Player_446469990
[PlayerController] Updating remote player 446469990 position from (342.2515, 496.14178) to (345.58484, 496.14178)
[GameWorld] UpdateGameState called on peer 1125268556, players before: 3
[GameWorld] SyncPlayerPosition RPC received on peer 1125268556: Player 446469990 at (342.2515, 496.14178)
[GameWorld] Current player controllers: 3, Keys: [1125268556, 1, 446469990]
[GameWorld] Client updating remote player 446469990, isLocal=Player_446469990
[PlayerController] Updating remote player 446469990 position from (345.58484, 496.14178) to (342.2515, 496.14178)
[GameWorld] SyncPlayerPosition RPC received on peer 1125268556: Player 446469990 at (338.91815, 496.14178)
[GameWorld] Current player controllers: 3, Keys: [1125268556, 1, 446469990]
[GameWorld] Client updating remote player 446469990, isLocal=Player_446469990
[PlayerController] Updating remote player 446469990 position from (342.2515, 496.14178) to (338.91815, 496.14178)
[GameWorld] SyncPlayerPosition RPC received on peer 1125268556: Player 446469990 at (335.5848, 496.14178)
[GameWorld] Current player controllers: 3, Keys: [1125268556, 1, 446469990]
[GameWorld] Client updating remote player 446469990, isLocal=Player_446469990
[PlayerController] Updating remote player 446469990 position from (338.91815, 496.14178) to (335.5848, 496.14178)
[GameWorld] SyncPlayerPosition RPC received on peer 1125268556: Player 446469990 at (332.25146, 496.14178)
[GameWorld] Current player controllers: 3, Keys: [1125268556, 1, 446469990]
[GameWorld] Client updating remote player 446469990, isLocal=Player_446469990
[PlayerController] Updating remote player 446469990 position from (335.5848, 496.14178) to (332.25146, 496.14178)
[GameWorld] SyncPlayerPosition RPC received on peer 1125268556: Player 446469990 at (328.91812, 496.14178)
[GameWorld] Current player controllers: 3, Keys: [1125268556, 1, 446469990]
[GameWorld] Client updating remote player 446469990, isLocal=Player_446469990
[PlayerController] Updating remote player 446469990 position from (332.25146, 496.14178) to (328.91812, 496.14178)
[GameWorld] SyncPlayerPosition RPC received on peer 1125268556: Player 446469990 at (325.58478, 496.14178)
[GameWorld] Current player controllers: 3, Keys: [1125268556, 1, 446469990]
[GameWorld] Client updating remote player 446469990, isLocal=Player_446469990
[PlayerController] Updating remote player 446469990 position from (328.91812, 496.14178) to (325.58478, 496.14178)
[GameWorld] SyncPlayerPosition RPC received on peer 1125268556: Player 446469990 at (322.25143, 496.14178)
[GameWorld] Current player controllers: 3, Keys: [1125268556, 1, 446469990]
[GameWorld] Client updating remote player 446469990, isLocal=Player_446469990
[PlayerController] Updating remote player 446469990 position from (325.58478, 496.14178) to (322.25143, 496.14178)
[GameWorld] SyncPlayerPosition RPC received on peer 1125268556: Player 446469990 at (318.9181, 496.14178)
[GameWorld] Current player controllers: 3, Keys: [1125268556, 1, 446469990]
[GameWorld] Client updating remote player 446469990, isLocal=Player_446469990
[PlayerController] Updating remote player 446469990 position from (322.25143, 496.14178) to (318.9181, 496.14178)
[GameWorld] SyncPlayerPosition RPC received on peer 1125268556: Player 446469990 at (315.58475, 496.14178)
[GameWorld] Current player controllers: 3, Keys: [1125268556, 1, 446469990]
[GameWorld] Client updating remote player 446469990, isLocal=Player_446469990
[PlayerController] Updating remote player 446469990 position from (318.9181, 496.14178) to (315.58475, 496.14178)
[GameWorld] SyncPlayerPosition RPC received on peer 1125268556: Player 446469990 at (312.2514, 496.14178)
[GameWorld] Current player controllers: 3, Keys: [1125268556, 1, 446469990]
[GameWorld] Client updating remote player 446469990, isLocal=Player_446469990
[PlayerController] Updating remote player 446469990 position from (315.58475, 496.14178) to (312.2514, 496.14178)
[GameWorld] SyncPlayerPosition RPC received on peer 1125268556: Player 446469990 at (308.91806, 496.14178)
[GameWorld] Current player controllers: 3, Keys: [1125268556, 1, 446469990]
[GameWorld] Client updating remote player 446469990, isLocal=Player_446469990
[PlayerController] Updating remote player 446469990 position from (312.2514, 496.14178) to (308.91806, 496.14178)
[GameWorld] SyncPlayerPosition RPC received on peer 1125268556: Player 446469990 at (305.58472, 496.14178)
[GameWorld] Current player controllers: 3, Keys: [1125268556, 1, 446469990]
[GameWorld] Client updating remote player 446469990, isLocal=Player_446469990
[PlayerController] Updating remote player 446469990 position from (308.91806, 496.14178) to (305.58472, 496.14178)
[GameWorld] SyncPlayerPosition RPC received on peer 1125268556: Player 446469990 at (302.25137, 496.14178)
[GameWorld] Current player controllers: 3, Keys: [1125268556, 1, 446469990]
[GameWorld] Client updating remote player 446469990, isLocal=Player_446469990
[PlayerController] Updating remote player 446469990 position from (305.58472, 496.14178) to (302.25137, 496.14178)
[GameWorld] SyncPlayerPosition RPC received on peer 1125268556: Player 446469990 at (298.91803, 496.14178)
[GameWorld] Current player controllers: 3, Keys: [1125268556, 1, 446469990]
[GameWorld] Client updating remote player 446469990, isLocal=Player_446469990
[PlayerController] Updating remote player 446469990 position from (302.25137, 496.14178) to (298.91803, 496.14178)
[GameWorld] SyncPlayerPosition RPC received on peer 1125268556: Player 446469990 at (298.91803, 492.80844)
[GameWorld] Current player controllers: 3, Keys: [1125268556, 1, 446469990]
[GameWorld] Client updating remote player 446469990, isLocal=Player_446469990
[PlayerController] Updating remote player 446469990 position from (298.91803, 496.14178) to (298.91803, 492.80844)
[GameWorld] SyncPlayerPosition RPC received on peer 1125268556: Player 446469990 at (298.91803, 489.4751)
[GameWorld] Current player controllers: 3, Keys: [1125268556, 1, 446469990]
[GameWorld] Client updating remote player 446469990, isLocal=Player_446469990
[PlayerController] Updating remote player 446469990 position from (298.91803, 492.80844) to (298.91803, 489.4751)
[GameWorld] SyncPlayerPosition RPC received on peer 1125268556: Player 446469990 at (298.91803, 486.14175)
[GameWorld] Current player controllers: 3, Keys: [1125268556, 1, 446469990]
[GameWorld] Client updating remote player 446469990, isLocal=Player_446469990
[PlayerController] Updating remote player 446469990 position from (298.91803, 489.4751) to (298.91803, 486.14175)
[GameWorld] SyncPlayerPosition RPC received on peer 1125268556: Player 446469990 at (298.91803, 482.8084)
[GameWorld] Current player controllers: 3, Keys: [1125268556, 1, 446469990]
[GameWorld] Client updating remote player 446469990, isLocal=Player_446469990
[PlayerController] Updating remote player 446469990 position from (298.91803, 486.14175) to (298.91803, 482.8084)
[GameWorld] SyncPlayerPosition RPC received on peer 1125268556: Player 446469990 at (298.91803, 479.47507)
[GameWorld] Current player controllers: 3, Keys: [1125268556, 1, 446469990]
[GameWorld] Client updating remote player 446469990, isLocal=Player_446469990
[PlayerController] Updating remote player 446469990 position from (298.91803, 482.8084) to (298.91803, 479.47507)
[GameWorld] SyncPlayerPosition RPC received on peer 1125268556: Player 446469990 at (298.91803, 476.14172)
[GameWorld] Current player controllers: 3, Keys: [1125268556, 1, 446469990]
[GameWorld] Client updating remote player 446469990, isLocal=Player_446469990
[PlayerController] Updating remote player 446469990 position from (298.91803, 479.47507) to (298.91803, 476.14172)
[GameWorld] SyncPlayerPosition RPC received on peer 1125268556: Player 446469990 at (298.91803, 472.80838)
[GameWorld] Current player controllers: 3, Keys: [1125268556, 1, 446469990]
[GameWorld] Client updating remote player 446469990, isLocal=Player_446469990
[PlayerController] Updating remote player 446469990 position from (298.91803, 476.14172) to (298.91803, 472.80838)
[GameWorld] SyncPlayerPosition RPC received on peer 1125268556: Player 446469990 at (298.91803, 469.47504)
[GameWorld] Current player controllers: 3, Keys: [1125268556, 1, 446469990]
[GameWorld] Client updating remote player 446469990, isLocal=Player_446469990
[PlayerController] Updating remote player 446469990 position from (298.91803, 472.80838) to (298.91803, 469.47504)
[GameWorld] SyncPlayerPosition RPC received on peer 1125268556: Player 446469990 at (298.91803, 466.1417)
[GameWorld] Current player controllers: 3, Keys: [1125268556, 1, 446469990]
[GameWorld] Client updating remote player 446469990, isLocal=Player_446469990
[PlayerController] Updating remote player 446469990 position from (298.91803, 469.47504) to (298.91803, 466.1417)
[GameWorld] SyncPlayerPosition RPC received on peer 1125268556: Player 446469990 at (298.91803, 462.80835)
[GameWorld] Current player controllers: 3, Keys: [1125268556, 1, 446469990]
[GameWorld] Client updating remote player 446469990, isLocal=Player_446469990
[PlayerController] Updating remote player 446469990 position from (298.91803, 466.1417) to (298.91803, 462.80835)
[GameWorld] SyncPlayerPosition RPC received on peer 1125268556: Player 446469990 at (298.91803, 459.475)
[GameWorld] Current player controllers: 3, Keys: [1125268556, 1, 446469990]
[GameWorld] Client updating remote player 446469990, isLocal=Player_446469990
[PlayerController] Updating remote player 446469990 position from (298.91803, 462.80835) to (298.91803, 459.475)
[GameWorld] SyncPlayerPosition RPC received on peer 1125268556: Player 446469990 at (298.91803, 456.14166)
[GameWorld] Current player controllers: 3, Keys: [1125268556, 1, 446469990]
[GameWorld] Client updating remote player 446469990, isLocal=Player_446469990
[PlayerController] Updating remote player 446469990 position from (298.91803, 459.475) to (298.91803, 456.14166)
[GameWorld] SyncPlayerPosition RPC received on peer 1125268556: Player 446469990 at (298.91803, 452.80832)
[GameWorld] Current player controllers: 3, Keys: [1125268556, 1, 446469990]
[GameWorld] Client updating remote player 446469990, isLocal=Player_446469990
[PlayerController] Updating remote player 446469990 position from (298.91803, 456.14166) to (298.91803, 452.80832)
[GameWorld] SyncPlayerPosition RPC received on peer 1125268556: Player 446469990 at (298.91803, 449.47498)
[GameWorld] Current player controllers: 3, Keys: [1125268556, 1, 446469990]
[GameWorld] Client updating remote player 446469990, isLocal=Player_446469990
[PlayerController] Updating remote player 446469990 position from (298.91803, 452.80832) to (298.91803, 449.47498)
[GameWorld] SyncPlayerPosition RPC received on peer 1125268556: Player 446469990 at (298.91803, 446.14163)
[GameWorld] Current player controllers: 3, Keys: [1125268556, 1, 446469990]
[GameWorld] Client updating remote player 446469990, isLocal=Player_446469990
[PlayerController] Updating remote player 446469990 position from (298.91803, 449.47498) to (298.91803, 446.14163)
[GameWorld] SyncPlayerPosition RPC received on peer 1125268556: Player 446469990 at (298.91803, 442.8083)
[GameWorld] Current player controllers: 3, Keys: [1125268556, 1, 446469990]
[GameWorld] Client updating remote player 446469990, isLocal=Player_446469990
[PlayerController] Updating remote player 446469990 position from (298.91803, 446.14163) to (298.91803, 442.8083)
[GameWorld] SyncPlayerPosition RPC received on peer 1125268556: Player 446469990 at (298.91803, 439.47495)
[GameWorld] Current player controllers: 3, Keys: [1125268556, 1, 446469990]
[GameWorld] Client updating remote player 446469990, isLocal=Player_446469990
[PlayerController] Updating remote player 446469990 position from (298.91803, 442.8083) to (298.91803, 439.47495)
[GameWorld] SyncPlayerPosition RPC received on peer 1125268556: Player 446469990 at (298.91803, 436.1416)
[GameWorld] Current player controllers: 3, Keys: [1125268556, 1, 446469990]
[GameWorld] Client updating remote player 446469990, isLocal=Player_446469990
[PlayerController] Updating remote player 446469990 position from (298.91803, 439.47495) to (298.91803, 436.1416)
[GameWorld] SyncPlayerPosition RPC received on peer 1125268556: Player 446469990 at (298.91803, 432.80826)
[GameWorld] Current player controllers: 3, Keys: [1125268556, 1, 446469990]
[GameWorld] Client updating remote player 446469990, isLocal=Player_446469990
[PlayerController] Updating remote player 446469990 position from (298.91803, 436.1416) to (298.91803, 432.80826)
[GameWorld] SyncPlayerPosition RPC received on peer 1125268556: Player 446469990 at (298.91803, 429.4749)
[GameWorld] Current player controllers: 3, Keys: [1125268556, 1, 446469990]
[GameWorld] Client updating remote player 446469990, isLocal=Player_446469990
[PlayerController] Updating remote player 446469990 position from (298.91803, 432.80826) to (298.91803, 429.4749)
[GameWorld] SyncPlayerPosition RPC received on peer 1125268556: Player 446469990 at (298.91803, 426.14157)
[GameWorld] Current player controllers: 3, Keys: [1125268556, 1, 446469990]
[GameWorld] Client updating remote player 446469990, isLocal=Player_446469990
[PlayerController] Updating remote player 446469990 position from (298.91803, 429.4749) to (298.91803, 426.14157)
[GameWorld] SyncPlayerPosition RPC received on peer 1125268556: Player 446469990 at (298.91803, 422.80823)
[GameWorld] Current player controllers: 3, Keys: [1125268556, 1, 446469990]
[GameWorld] Client updating remote player 446469990, isLocal=Player_446469990
[PlayerController] Updating remote player 446469990 position from (298.91803, 426.14157) to (298.91803, 422.80823)
[GameWorld] SyncPlayerPosition RPC received on peer 1125268556: Player 446469990 at (298.91803, 419.47488)
[GameWorld] Current player controllers: 3, Keys: [1125268556, 1, 446469990]
[GameWorld] Client updating remote player 446469990, isLocal=Player_446469990
[PlayerController] Updating remote player 446469990 position from (298.91803, 422.80823) to (298.91803, 419.47488)
[GameWorld] SyncPlayerPosition RPC received on peer 1125268556: Player 446469990 at (298.91803, 416.14154)
[GameWorld] Current player controllers: 3, Keys: [1125268556, 1, 446469990]
[GameWorld] Client updating remote player 446469990, isLocal=Player_446469990
[PlayerController] Updating remote player 446469990 position from (298.91803, 419.47488) to (298.91803, 416.14154)
[GameWorld] SyncPlayerPosition RPC received on peer 1125268556: Player 446469990 at (298.91803, 412.8082)
[GameWorld] Current player controllers: 3, Keys: [1125268556, 1, 446469990]
[GameWorld] Client updating remote player 446469990, isLocal=Player_446469990
[PlayerController] Updating remote player 446469990 position from (298.91803, 416.14154) to (298.91803, 412.8082)
[GameWorld] SyncPlayerPosition RPC received on peer 1125268556: Player 446469990 at (298.91803, 409.47485)
[GameWorld] Current player controllers: 3, Keys: [1125268556, 1, 446469990]
[GameWorld] Client updating remote player 446469990, isLocal=Player_446469990
[PlayerController] Updating remote player 446469990 position from (298.91803, 412.8082) to (298.91803, 409.47485)
[GameWorld] SyncPlayerPosition RPC received on peer 1125268556: Player 446469990 at (298.91803, 406.1415)
[GameWorld] Current player controllers: 3, Keys: [1125268556, 1, 446469990]
[GameWorld] Client updating remote player 446469990, isLocal=Player_446469990
[PlayerController] Updating remote player 446469990 position from (298.91803, 409.47485) to (298.91803, 406.1415)
[GameWorld] SyncPlayerPosition RPC received on peer 1125268556: Player 446469990 at (298.91803, 402.80817)
[GameWorld] Current player controllers: 3, Keys: [1125268556, 1, 446469990]
[GameWorld] Client updating remote player 446469990, isLocal=Player_446469990
[PlayerController] Updating remote player 446469990 position from (298.91803, 406.1415) to (298.91803, 402.80817)
Body exited Marcus: Player_446469990
[GameWorld] SyncPlayerPosition RPC received on peer 1125268556: Player 446469990 at (298.91803, 399.47482)
[GameWorld] Current player controllers: 3, Keys: [1125268556, 1, 446469990]
[GameWorld] Client updating remote player 446469990, isLocal=Player_446469990
[PlayerController] Updating remote player 446469990 position from (298.91803, 402.80817) to (298.91803, 399.47482)
[GameWorld] SyncPlayerPosition RPC received on peer 1125268556: Player 446469990 at (298.91803, 396.14148)
[GameWorld] Current player controllers: 3, Keys: [1125268556, 1, 446469990]
[GameWorld] Client updating remote player 446469990, isLocal=Player_446469990
[PlayerController] Updating remote player 446469990 position from (298.91803, 399.47482) to (298.91803, 396.14148)
[GameWorld] SyncPlayerPosition RPC received on peer 1125268556: Player 446469990 at (298.91803, 392.80814)
[GameWorld] Current player controllers: 3, Keys: [1125268556, 1, 446469990]
[GameWorld] Client updating remote player 446469990, isLocal=Player_446469990
[PlayerController] Updating remote player 446469990 position from (298.91803, 396.14148) to (298.91803, 392.80814)
[GameWorld] SyncPlayerPosition RPC received on peer 1125268556: Player 446469990 at (298.91803, 389.4748)
[GameWorld] Current player controllers: 3, Keys: [1125268556, 1, 446469990]
[GameWorld] Client updating remote player 446469990, isLocal=Player_446469990
[PlayerController] Updating remote player 446469990 position from (298.91803, 392.80814) to (298.91803, 389.4748)
[GameWorld] SyncPlayerPosition RPC received on peer 1125268556: Player 446469990 at (298.91803, 386.14145)
[GameWorld] Current player controllers: 3, Keys: [1125268556, 1, 446469990]
[GameWorld] Client updating remote player 446469990, isLocal=Player_446469990
[PlayerController] Updating remote player 446469990 position from (298.91803, 389.4748) to (298.91803, 386.14145)
[GameWorld] SyncPlayerPosition RPC received on peer 1125268556: Player 446469990 at (298.91803, 382.8081)
[GameWorld] Current player controllers: 3, Keys: [1125268556, 1, 446469990]
[GameWorld] Client updating remote player 446469990, isLocal=Player_446469990
[PlayerController] Updating remote player 446469990 position from (298.91803, 386.14145) to (298.91803, 382.8081)
[GameWorld] SyncPlayerPosition RPC received on peer 1125268556: Player 446469990 at (298.91803, 379.47476)
[GameWorld] Current player controllers: 3, Keys: [1125268556, 1, 446469990]
[GameWorld] Client updating remote player 446469990, isLocal=Player_446469990
[PlayerController] Updating remote player 446469990 position from (298.91803, 382.8081) to (298.91803, 379.47476)
[GameWorld] SyncPlayerPosition RPC received on peer 1125268556: Player 446469990 at (298.91803, 376.14142)
[GameWorld] Current player controllers: 3, Keys: [1125268556, 1, 446469990]
[GameWorld] Client updating remote player 446469990, isLocal=Player_446469990
[PlayerController] Updating remote player 446469990 position from (298.91803, 379.47476) to (298.91803, 376.14142)
[GameWorld] SyncPlayerPosition RPC received on peer 1125268556: Player 446469990 at (298.91803, 372.80807)
[GameWorld] Current player controllers: 3, Keys: [1125268556, 1, 446469990]
[GameWorld] Client updating remote player 446469990, isLocal=Player_446469990
[PlayerController] Updating remote player 446469990 position from (298.91803, 376.14142) to (298.91803, 372.80807)
[GameWorld] SyncPlayerPosition RPC received on peer 1125268556: Player 446469990 at (298.91803, 369.47473)
[GameWorld] Current player controllers: 3, Keys: [1125268556, 1, 446469990]
[GameWorld] Client updating remote player 446469990, isLocal=Player_446469990
[PlayerController] Updating remote player 446469990 position from (298.91803, 372.80807) to (298.91803, 369.47473)
[GameWorld] SyncPlayerPosition RPC received on peer 1125268556: Player 446469990 at (298.91803, 366.1414)
[GameWorld] Current player controllers: 3, Keys: [1125268556, 1, 446469990]
[GameWorld] Client updating remote player 446469990, isLocal=Player_446469990
[PlayerController] Updating remote player 446469990 position from (298.91803, 369.47473) to (298.91803, 366.1414)
[GameWorld] SyncPlayerPosition RPC received on peer 1125268556: Player 446469990 at (298.91803, 362.80804)
[GameWorld] Current player controllers: 3, Keys: [1125268556, 1, 446469990]
[GameWorld] Client updating remote player 446469990, isLocal=Player_446469990
[PlayerController] Updating remote player 446469990 position from (298.91803, 366.1414) to (298.91803, 362.80804)
[GameWorld] SyncPlayerPosition RPC received on peer 1125268556: Player 446469990 at (298.91803, 359.4747)
[GameWorld] Current player controllers: 3, Keys: [1125268556, 1, 446469990]
[GameWorld] Client updating remote player 446469990, isLocal=Player_446469990
[PlayerController] Updating remote player 446469990 position from (298.91803, 362.80804) to (298.91803, 359.4747)
[GameWorld] SyncPlayerPosition RPC received on peer 1125268556: Player 446469990 at (298.91803, 356.14136)
[GameWorld] Current player controllers: 3, Keys: [1125268556, 1, 446469990]
[GameWorld] Client updating remote player 446469990, isLocal=Player_446469990
[PlayerController] Updating remote player 446469990 position from (298.91803, 359.4747) to (298.91803, 356.14136)
[GameWorld] SyncPlayerPosition RPC received on peer 1125268556: Player 446469990 at (298.91803, 352.808)
[GameWorld] Current player controllers: 3, Keys: [1125268556, 1, 446469990]
[GameWorld] Client updating remote player 446469990, isLocal=Player_446469990
[PlayerController] Updating remote player 446469990 position from (298.91803, 356.14136) to (298.91803, 352.808)
[GameWorld] SyncPlayerPosition RPC received on peer 1125268556: Player 446469990 at (298.91803, 349.47467)
[GameWorld] Current player controllers: 3, Keys: [1125268556, 1, 446469990]
[GameWorld] Client updating remote player 446469990, isLocal=Player_446469990
[PlayerController] Updating remote player 446469990 position from (298.91803, 352.808) to (298.91803, 349.47467)
[GameWorld] SyncPlayerPosition RPC received on peer 1125268556: Player 446469990 at (298.91803, 346.14133)
[GameWorld] Current player controllers: 3, Keys: [1125268556, 1, 446469990]
[GameWorld] Client updating remote player 446469990, isLocal=Player_446469990
[PlayerController] Updating remote player 446469990 position from (298.91803, 349.47467) to (298.91803, 346.14133)
[GameWorld] SyncPlayerPosition RPC received on peer 1125268556: Player 446469990 at (298.91803, 342.80798)
[GameWorld] Current player controllers: 3, Keys: [1125268556, 1, 446469990]
[GameWorld] Client updating remote player 446469990, isLocal=Player_446469990
[PlayerController] Updating remote player 446469990 position from (298.91803, 346.14133) to (298.91803, 342.80798)
[GameWorld] SyncPlayerPosition RPC received on peer 1125268556: Player 446469990 at (298.91803, 339.47464)
[GameWorld] Current player controllers: 3, Keys: [1125268556, 1, 446469990]
[GameWorld] Client updating remote player 446469990, isLocal=Player_446469990
[PlayerController] Updating remote player 446469990 position from (298.91803, 342.80798) to (298.91803, 339.47464)
[GameWorld] SyncPlayerPosition RPC received on peer 1125268556: Player 446469990 at (298.91803, 336.1413)
[GameWorld] Current player controllers: 3, Keys: [1125268556, 1, 446469990]
[GameWorld] Client updating remote player 446469990, isLocal=Player_446469990
[PlayerController] Updating remote player 446469990 position from (298.91803, 339.47464) to (298.91803, 336.1413)
[GameWorld] SyncPlayerPosition RPC received on peer 1125268556: Player 446469990 at (298.91803, 332.80795)
[GameWorld] Current player controllers: 3, Keys: [1125268556, 1, 446469990]
[GameWorld] Client updating remote player 446469990, isLocal=Player_446469990
[PlayerController] Updating remote player 446469990 position from (298.91803, 336.1413) to (298.91803, 332.80795)
[GameWorld] SyncPlayerPosition RPC received on peer 1125268556: Player 446469990 at (298.91803, 329.4746)
[GameWorld] Current player controllers: 3, Keys: [1125268556, 1, 446469990]
[GameWorld] Client updating remote player 446469990, isLocal=Player_446469990
[PlayerController] Updating remote player 446469990 position from (298.91803, 332.80795) to (298.91803, 329.4746)
[GameWorld] SyncPlayerPosition RPC received on peer 1125268556: Player 446469990 at (298.91803, 326.14127)
[GameWorld] Current player controllers: 3, Keys: [1125268556, 1, 446469990]
[GameWorld] Client updating remote player 446469990, isLocal=Player_446469990
[PlayerController] Updating remote player 446469990 position from (298.91803, 329.4746) to (298.91803, 326.14127)
[GameWorld] SyncPlayerPosition RPC received on peer 1125268556: Player 446469990 at (298.91803, 322.80792)
[GameWorld] Current player controllers: 3, Keys: [1125268556, 1, 446469990]
[GameWorld] Client updating remote player 446469990, isLocal=Player_446469990
[PlayerController] Updating remote player 446469990 position from (298.91803, 326.14127) to (298.91803, 322.80792)
[GameWorld] SyncPlayerPosition RPC received on peer 1125268556: Player 446469990 at (298.91803, 319.47458)
[GameWorld] Current player controllers: 3, Keys: [1125268556, 1, 446469990]
[GameWorld] Client updating remote player 446469990, isLocal=Player_446469990
[PlayerController] Updating remote player 446469990 position from (298.91803, 322.80792) to (298.91803, 319.47458)
[GameWorld] SyncPlayerPosition RPC received on peer 1125268556: Player 446469990 at (298.91803, 316.14124)
[GameWorld] Current player controllers: 3, Keys: [1125268556, 1, 446469990]
[GameWorld] Client updating remote player 446469990, isLocal=Player_446469990
[PlayerController] Updating remote player 446469990 position from (298.91803, 319.47458) to (298.91803, 316.14124)
[GameWorld] SyncPlayerPosition RPC received on peer 1125268556: Player 446469990 at (298.91803, 312.8079)
[GameWorld] Current player controllers: 3, Keys: [1125268556, 1, 446469990]
[GameWorld] Client updating remote player 446469990, isLocal=Player_446469990
[PlayerController] Updating remote player 446469990 position from (298.91803, 316.14124) to (298.91803, 312.8079)
[GameWorld] SyncPlayerPosition RPC received on peer 1125268556: Player 446469990 at (298.91803, 309.47455)
[GameWorld] Current player controllers: 3, Keys: [1125268556, 1, 446469990]
[GameWorld] Client updating remote player 446469990, isLocal=Player_446469990
[PlayerController] Updating remote player 446469990 position from (298.91803, 312.8079) to (298.91803, 309.47455)
[GameWorld] SyncPlayerPosition RPC received on peer 1125268556: Player 446469990 at (298.91803, 306.1412)
[GameWorld] Current player controllers: 3, Keys: [1125268556, 1, 446469990]
[GameWorld] Client updating remote player 446469990, isLocal=Player_446469990
[PlayerController] Updating remote player 446469990 position from (298.91803, 309.47455) to (298.91803, 306.1412)
[GameWorld] SyncPlayerPosition RPC received on peer 1125268556: Player 446469990 at (298.91803, 302.80786)
[GameWorld] Current player controllers: 3, Keys: [1125268556, 1, 446469990]
[GameWorld] Client updating remote player 446469990, isLocal=Player_446469990
[PlayerController] Updating remote player 446469990 position from (298.91803, 306.1412) to (298.91803, 302.80786)
[GameWorld] SyncPlayerPosition RPC received on peer 1125268556: Player 446469990 at (298.91803, 299.47452)
[GameWorld] Current player controllers: 3, Keys: [1125268556, 1, 446469990]
[GameWorld] Client updating remote player 446469990, isLocal=Player_446469990
[PlayerController] Updating remote player 446469990 position from (298.91803, 302.80786) to (298.91803, 299.47452)
[GameWorld] SyncPlayerPosition RPC received on peer 1125268556: Player 446469990 at (298.91803, 296.14117)
[GameWorld] Current player controllers: 3, Keys: [1125268556, 1, 446469990]
[GameWorld] Client updating remote player 446469990, isLocal=Player_446469990
[PlayerController] Updating remote player 446469990 position from (298.91803, 299.47452) to (298.91803, 296.14117)
[GameWorld] SyncPlayerPosition RPC received on peer 1125268556: Player 446469990 at (298.91803, 292.80783)
[GameWorld] Current player controllers: 3, Keys: [1125268556, 1, 446469990]
[GameWorld] Client updating remote player 446469990, isLocal=Player_446469990
[PlayerController] Updating remote player 446469990 position from (298.91803, 296.14117) to (298.91803, 292.80783)
[GameWorld] SyncPlayerPosition RPC received on peer 1125268556: Player 446469990 at (298.91803, 289.4745)
[GameWorld] Current player controllers: 3, Keys: [1125268556, 1, 446469990]
[GameWorld] Client updating remote player 446469990, isLocal=Player_446469990
[PlayerController] Updating remote player 446469990 position from (298.91803, 292.80783) to (298.91803, 289.4745)
[GameWorld] SyncPlayerPosition RPC received on peer 1125268556: Player 446469990 at (298.91803, 286.14114)
[GameWorld] Current player controllers: 3, Keys: [1125268556, 1, 446469990]
[GameWorld] Client updating remote player 446469990, isLocal=Player_446469990
[PlayerController] Updating remote player 446469990 position from (298.91803, 289.4745) to (298.91803, 286.14114)
Body entered Katy: Player_446469990
[GameWorld] SyncPlayerPosition RPC received on peer 1125268556: Player 446469990 at (298.91803, 282.8078)
[GameWorld] Current player controllers: 3, Keys: [1125268556, 1, 446469990]
[GameWorld] Client updating remote player 446469990, isLocal=Player_446469990
[PlayerController] Updating remote player 446469990 position from (298.91803, 286.14114) to (298.91803, 282.8078)
[GameWorld] SyncPlayerPosition RPC received on peer 1125268556: Player 446469990 at (298.91803, 279.47446)
[GameWorld] Current player controllers: 3, Keys: [1125268556, 1, 446469990]
[GameWorld] Client updating remote player 446469990, isLocal=Player_446469990
[PlayerController] Updating remote player 446469990 position from (298.91803, 282.8078) to (298.91803, 279.47446)
[GameWorld] SyncPlayerPosition RPC received on peer 1125268556: Player 446469990 at (298.91803, 276.1411)
[GameWorld] Current player controllers: 3, Keys: [1125268556, 1, 446469990]
[GameWorld] Client updating remote player 446469990, isLocal=Player_446469990
[PlayerController] Updating remote player 446469990 position from (298.91803, 279.47446) to (298.91803, 276.1411)
[GameWorld] SyncPlayerPosition RPC received on peer 1125268556: Player 446469990 at (298.91803, 272.80777)
[GameWorld] Current player controllers: 3, Keys: [1125268556, 1, 446469990]
[GameWorld] Client updating remote player 446469990, isLocal=Player_446469990
[PlayerController] Updating remote player 446469990 position from (298.91803, 276.1411) to (298.91803, 272.80777)
[GameWorld] SyncPlayerPosition RPC received on peer 1125268556: Player 446469990 at (298.91803, 269.47443)
[GameWorld] Current player controllers: 3, Keys: [1125268556, 1, 446469990]
[GameWorld] Client updating remote player 446469990, isLocal=Player_446469990
[PlayerController] Updating remote player 446469990 position from (298.91803, 272.80777) to (298.91803, 269.47443)
[GameWorld] SyncPlayerPosition RPC received on peer 1125268556: Player 446469990 at (298.91803, 266.14108)
[GameWorld] Current player controllers: 3, Keys: [1125268556, 1, 446469990]
[GameWorld] Client updating remote player 446469990, isLocal=Player_446469990
[PlayerController] Updating remote player 446469990 position from (298.91803, 269.47443) to (298.91803, 266.14108)
[GameWorld] SyncPlayerPosition RPC received on peer 1125268556: Player 446469990 at (298.91803, 262.80774)
[GameWorld] Current player controllers: 3, Keys: [1125268556, 1, 446469990]
[GameWorld] Client updating remote player 446469990, isLocal=Player_446469990
[PlayerController] Updating remote player 446469990 position from (298.91803, 266.14108) to (298.91803, 262.80774)
[GameWorld] SyncPlayerPosition RPC received on peer 1125268556: Player 446469990 at (298.91803, 259.4744)
[GameWorld] Current player controllers: 3, Keys: [1125268556, 1, 446469990]
[GameWorld] Client updating remote player 446469990, isLocal=Player_446469990
[PlayerController] Updating remote player 446469990 position from (298.91803, 262.80774) to (298.91803, 259.4744)
[GameWorld] SyncPlayerPosition RPC received on peer 1125268556: Player 446469990 at (298.91803, 256.14105)
[GameWorld] Current player controllers: 3, Keys: [1125268556, 1, 446469990]
[GameWorld] Client updating remote player 446469990, isLocal=Player_446469990
[PlayerController] Updating remote player 446469990 position from (298.91803, 259.4744) to (298.91803, 256.14105)
[GameWorld] SyncPlayerPosition RPC received on peer 1125268556: Player 446469990 at (298.91803, 252.80772)
[GameWorld] Current player controllers: 3, Keys: [1125268556, 1, 446469990]
[GameWorld] Client updating remote player 446469990, isLocal=Player_446469990
[PlayerController] Updating remote player 446469990 position from (298.91803, 256.14105) to (298.91803, 252.80772)
[GameWorld] SyncPlayerPosition RPC received on peer 1125268556: Player 446469990 at (298.91803, 249.4744)
[GameWorld] Current player controllers: 3, Keys: [1125268556, 1, 446469990]
[GameWorld] Client updating remote player 446469990, isLocal=Player_446469990
[PlayerController] Updating remote player 446469990 position from (298.91803, 252.80772) to (298.91803, 249.4744)
[GameWorld] SyncPlayerPosition RPC received on peer 1125268556: Player 446469990 at (298.91803, 246.14107)
[GameWorld] Current player controllers: 3, Keys: [1125268556, 1, 446469990]
[GameWorld] Client updating remote player 446469990, isLocal=Player_446469990
[PlayerController] Updating remote player 446469990 position from (298.91803, 249.4744) to (298.91803, 246.14107)
[GameWorld] SyncPlayerPosition RPC received on peer 1125268556: Player 446469990 at (298.91803, 242.80774)
[GameWorld] Current player controllers: 3, Keys: [1125268556, 1, 446469990]
[GameWorld] Client updating remote player 446469990, isLocal=Player_446469990
[PlayerController] Updating remote player 446469990 position from (298.91803, 246.14107) to (298.91803, 242.80774)
[GameWorld] SyncPlayerPosition RPC received on peer 1125268556: Player 446469990 at (298.91803, 239.47441)
[GameWorld] Current player controllers: 3, Keys: [1125268556, 1, 446469990]
[GameWorld] Client updating remote player 446469990, isLocal=Player_446469990
[PlayerController] Updating remote player 446469990 position from (298.91803, 242.80774) to (298.91803, 239.47441)
[GameWorld] SyncPlayerPosition RPC received on peer 1125268556: Player 446469990 at (298.91803, 236.14108)
[GameWorld] Current player controllers: 3, Keys: [1125268556, 1, 446469990]
[GameWorld] Client updating remote player 446469990, isLocal=Player_446469990
[PlayerController] Updating remote player 446469990 position from (298.91803, 239.47441) to (298.91803, 236.14108)
[GameWorld] SyncPlayerPosition RPC received on peer 1125268556: Player 446469990 at (298.91803, 232.80775)
[GameWorld] Current player controllers: 3, Keys: [1125268556, 1, 446469990]
[GameWorld] Client updating remote player 446469990, isLocal=Player_446469990
[PlayerController] Updating remote player 446469990 position from (298.91803, 236.14108) to (298.91803, 232.80775)
[GameWorld] SyncPlayerPosition RPC received on peer 1125268556: Player 446469990 at (298.91803, 229.47443)
[GameWorld] Current player controllers: 3, Keys: [1125268556, 1, 446469990]
[GameWorld] Client updating remote player 446469990, isLocal=Player_446469990
[PlayerController] Updating remote player 446469990 position from (298.91803, 232.80775) to (298.91803, 229.47443)
[GameWorld] SyncPlayerPosition RPC received on peer 1125268556: Player 446469990 at (298.91803, 226.1411)
[GameWorld] Current player controllers: 3, Keys: [1125268556, 1, 446469990]
[GameWorld] Client updating remote player 446469990, isLocal=Player_446469990
[PlayerController] Updating remote player 446469990 position from (298.91803, 229.47443) to (298.91803, 226.1411)
[GameWorld] SyncPlayerPosition RPC received on peer 1125268556: Player 446469990 at (298.91803, 222.80777)
[GameWorld] Current player controllers: 3, Keys: [1125268556, 1, 446469990]
[GameWorld] Client updating remote player 446469990, isLocal=Player_446469990
[PlayerController] Updating remote player 446469990 position from (298.91803, 226.1411) to (298.91803, 222.80777)
[GameWorld] SyncPlayerPosition RPC received on peer 1125268556: Player 446469990 at (298.91803, 219.47444)
[GameWorld] Current player controllers: 3, Keys: [1125268556, 1, 446469990]
[GameWorld] Client updating remote player 446469990, isLocal=Player_446469990
[PlayerController] Updating remote player 446469990 position from (298.91803, 222.80777) to (298.91803, 219.47444)
[GameWorld] SyncPlayerPosition RPC received on peer 1125268556: Player 446469990 at (298.91803, 216.14111)
[GameWorld] Current player controllers: 3, Keys: [1125268556, 1, 446469990]
[GameWorld] Client updating remote player 446469990, isLocal=Player_446469990
[PlayerController] Updating remote player 446469990 position from (298.91803, 219.47444) to (298.91803, 216.14111)
[GameWorld] SyncPlayerPosition RPC received on peer 1125268556: Player 446469990 at (298.91803, 212.80779)
[GameWorld] Current player controllers: 3, Keys: [1125268556, 1, 446469990]
[GameWorld] Client updating remote player 446469990, isLocal=Player_446469990
[PlayerController] Updating remote player 446469990 position from (298.91803, 216.14111) to (298.91803, 212.80779)
[GameWorld] SyncPlayerPosition RPC received on peer 1125268556: Player 446469990 at (298.91803, 209.47446)
[GameWorld] Current player controllers: 3, Keys: [1125268556, 1, 446469990]
[GameWorld] Client updating remote player 446469990, isLocal=Player_446469990
[PlayerController] Updating remote player 446469990 position from (298.91803, 212.80779) to (298.91803, 209.47446)
[GameWorld] SyncPlayerPosition RPC received on peer 1125268556: Player 446469990 at (298.91803, 206.14113)
[GameWorld] Current player controllers: 3, Keys: [1125268556, 1, 446469990]
[GameWorld] Client updating remote player 446469990, isLocal=Player_446469990
[PlayerController] Updating remote player 446469990 position from (298.91803, 209.47446) to (298.91803, 206.14113)
[GameWorld] SyncPlayerPosition RPC received on peer 1125268556: Player 446469990 at (298.91803, 202.8078)
[GameWorld] Current player controllers: 3, Keys: [1125268556, 1, 446469990]
[GameWorld] Client updating remote player 446469990, isLocal=Player_446469990
[PlayerController] Updating remote player 446469990 position from (298.91803, 206.14113) to (298.91803, 202.8078)
[GameWorld] SyncPlayerPosition RPC received on peer 1125268556: Player 446469990 at (298.91803, 199.47447)
[GameWorld] Current player controllers: 3, Keys: [1125268556, 1, 446469990]
[GameWorld] Client updating remote player 446469990, isLocal=Player_446469990
[PlayerController] Updating remote player 446469990 position from (298.91803, 202.8078) to (298.91803, 199.47447)
[GameWorld] SyncPlayerPosition RPC received on peer 1125268556: Player 446469990 at (298.91803, 196.14114)
[GameWorld] Current player controllers: 3, Keys: [1125268556, 1, 446469990]
[GameWorld] Client updating remote player 446469990, isLocal=Player_446469990
[PlayerController] Updating remote player 446469990 position from (298.91803, 199.47447) to (298.91803, 196.14114)
[GameWorld] SyncPlayerPosition RPC received on peer 1125268556: Player 446469990 at (298.91803, 192.80782)
[GameWorld] Current player controllers: 3, Keys: [1125268556, 1, 446469990]
[GameWorld] Client updating remote player 446469990, isLocal=Player_446469990
[PlayerController] Updating remote player 446469990 position from (298.91803, 196.14114) to (298.91803, 192.80782)
[GameWorld] SyncPlayerPosition RPC received on peer 1125268556: Player 446469990 at (298.91803, 189.47449)
[GameWorld] Current player controllers: 3, Keys: [1125268556, 1, 446469990]
[GameWorld] Client updating remote player 446469990, isLocal=Player_446469990
[PlayerController] Updating remote player 446469990 position from (298.91803, 192.80782) to (298.91803, 189.47449)
[GameWorld] SyncPlayerPosition RPC received on peer 1125268556: Player 446469990 at (298.91803, 186.14116)
[GameWorld] Current player controllers: 3, Keys: [1125268556, 1, 446469990]
[GameWorld] Client updating remote player 446469990, isLocal=Player_446469990
[PlayerController] Updating remote player 446469990 position from (298.91803, 189.47449) to (298.91803, 186.14116)
[GameWorld] SyncPlayerPosition RPC received on peer 1125268556: Player 446469990 at (298.91803, 182.80783)
[GameWorld] Current player controllers: 3, Keys: [1125268556, 1, 446469990]
[GameWorld] Client updating remote player 446469990, isLocal=Player_446469990
[PlayerController] Updating remote player 446469990 position from (298.91803, 186.14116) to (298.91803, 182.80783)
[GameWorld] SyncPlayerPosition RPC received on peer 1125268556: Player 446469990 at (298.91803, 179.4745)
[GameWorld] Current player controllers: 3, Keys: [1125268556, 1, 446469990]
[GameWorld] Client updating remote player 446469990, isLocal=Player_446469990
[PlayerController] Updating remote player 446469990 position from (298.91803, 182.80783) to (298.91803, 179.4745)
[GameWorld] SyncPlayerPosition RPC received on peer 1125268556: Player 446469990 at (298.91803, 176.14117)
[GameWorld] Current player controllers: 3, Keys: [1125268556, 1, 446469990]
[GameWorld] Client updating remote player 446469990, isLocal=Player_446469990
[PlayerController] Updating remote player 446469990 position from (298.91803, 179.4745) to (298.91803, 176.14117)
[GameWorld] SyncPlayerPosition RPC received on peer 1125268556: Player 446469990 at (295.5847, 176.14117)
[GameWorld] Current player controllers: 3, Keys: [1125268556, 1, 446469990]
[GameWorld] Client updating remote player 446469990, isLocal=Player_446469990
[PlayerController] Updating remote player 446469990 position from (298.91803, 176.14117) to (295.5847, 176.14117)
[GameWorld] SyncPlayerPosition RPC received on peer 1125268556: Player 446469990 at (292.25134, 176.14117)
[GameWorld] Current player controllers: 3, Keys: [1125268556, 1, 446469990]
[GameWorld] Client updating remote player 446469990, isLocal=Player_446469990
[PlayerController] Updating remote player 446469990 position from (295.5847, 176.14117) to (292.25134, 176.14117)
[GameWorld] SyncPlayerPosition RPC received on peer 1125268556: Player 446469990 at (288.918, 176.14117)
[GameWorld] Current player controllers: 3, Keys: [1125268556, 1, 446469990]
[GameWorld] Client updating remote player 446469990, isLocal=Player_446469990
[PlayerController] Updating remote player 446469990 position from (292.25134, 176.14117) to (288.918, 176.14117)
[GameWorld] SyncPlayerPosition RPC received on peer 1125268556: Player 446469990 at (285.58466, 176.14117)
[GameWorld] Current player controllers: 3, Keys: [1125268556, 1, 446469990]
[GameWorld] Client updating remote player 446469990, isLocal=Player_446469990
[PlayerController] Updating remote player 446469990 position from (288.918, 176.14117) to (285.58466, 176.14117)
[GameWorld] SyncPlayerPosition RPC received on peer 1125268556: Player 446469990 at (282.2513, 176.14117)
[GameWorld] Current player controllers: 3, Keys: [1125268556, 1, 446469990]
[GameWorld] Client updating remote player 446469990, isLocal=Player_446469990
[PlayerController] Updating remote player 446469990 position from (285.58466, 176.14117) to (282.2513, 176.14117)
[GameWorld] SyncPlayerPosition RPC received on peer 1125268556: Player 446469990 at (278.91797, 176.14117)
[GameWorld] Current player controllers: 3, Keys: [1125268556, 1, 446469990]
[GameWorld] Client updating remote player 446469990, isLocal=Player_446469990
[PlayerController] Updating remote player 446469990 position from (282.2513, 176.14117) to (278.91797, 176.14117)
[GameWorld] SyncPlayerPosition RPC received on peer 1125268556: Player 446469990 at (275.58463, 176.14117)
[GameWorld] Current player controllers: 3, Keys: [1125268556, 1, 446469990]
[GameWorld] Client updating remote player 446469990, isLocal=Player_446469990
[PlayerController] Updating remote player 446469990 position from (278.91797, 176.14117) to (275.58463, 176.14117)
[GameWorld] SyncPlayerPosition RPC received on peer 1125268556: Player 446469990 at (272.25128, 176.14117)
[GameWorld] Current player controllers: 3, Keys: [1125268556, 1, 446469990]
[GameWorld] Client updating remote player 446469990, isLocal=Player_446469990
[PlayerController] Updating remote player 446469990 position from (275.58463, 176.14117) to (272.25128, 176.14117)
[GameWorld] SyncPlayerPosition RPC received on peer 1125268556: Player 446469990 at (268.91794, 176.14117)
[GameWorld] Current player controllers: 3, Keys: [1125268556, 1, 446469990]
[GameWorld] Client updating remote player 446469990, isLocal=Player_446469990
[PlayerController] Updating remote player 446469990 position from (272.25128, 176.14117) to (268.91794, 176.14117)
[GameWorld] SyncPlayerPosition RPC received on peer 1125268556: Player 446469990 at (265.5846, 176.14117)
[GameWorld] Current player controllers: 3, Keys: [1125268556, 1, 446469990]
[GameWorld] Client updating remote player 446469990, isLocal=Player_446469990
[PlayerController] Updating remote player 446469990 position from (268.91794, 176.14117) to (265.5846, 176.14117)
[GameWorld] SyncPlayerPosition RPC received on peer 1125268556: Player 446469990 at (262.25125, 176.14117)
[GameWorld] Current player controllers: 3, Keys: [1125268556, 1, 446469990]
[GameWorld] Client updating remote player 446469990, isLocal=Player_446469990
[PlayerController] Updating remote player 446469990 position from (265.5846, 176.14117) to (262.25125, 176.14117)
[GameWorld] SyncPlayerPosition RPC received on peer 1125268556: Player 446469990 at (258.9179, 176.14117)
[GameWorld] Current player controllers: 3, Keys: [1125268556, 1, 446469990]
[GameWorld] Client updating remote player 446469990, isLocal=Player_446469990
[PlayerController] Updating remote player 446469990 position from (262.25125, 176.14117) to (258.9179, 176.14117)
[GameWorld] SyncPlayerPosition RPC received on peer 1125268556: Player 446469990 at (255.58458, 176.14117)
[GameWorld] Current player controllers: 3, Keys: [1125268556, 1, 446469990]
[GameWorld] Client updating remote player 446469990, isLocal=Player_446469990
[PlayerController] Updating remote player 446469990 position from (258.9179, 176.14117) to (255.58458, 176.14117)
[GameWorld] SyncPlayerPosition RPC received on peer 1125268556: Player 446469990 at (252.25125, 176.14117)
[GameWorld] Current player controllers: 3, Keys: [1125268556, 1, 446469990]
[GameWorld] Client updating remote player 446469990, isLocal=Player_446469990
[PlayerController] Updating remote player 446469990 position from (255.58458, 176.14117) to (252.25125, 176.14117)
[GameWorld] SyncPlayerPosition RPC received on peer 1125268556: Player 446469990 at (248.91792, 176.14117)
[GameWorld] Current player controllers: 3, Keys: [1125268556, 1, 446469990]
[GameWorld] Client updating remote player 446469990, isLocal=Player_446469990
[PlayerController] Updating remote player 446469990 position from (252.25125, 176.14117) to (248.91792, 176.14117)
[GameWorld] SyncPlayerPosition RPC received on peer 1125268556: Player 446469990 at (245.5846, 176.14117)
[GameWorld] Current player controllers: 3, Keys: [1125268556, 1, 446469990]
[GameWorld] Client updating remote player 446469990, isLocal=Player_446469990
[PlayerController] Updating remote player 446469990 position from (248.91792, 176.14117) to (245.5846, 176.14117)
[GameWorld] SyncPlayerPosition RPC received on peer 1125268556: Player 446469990 at (242.25127, 176.14117)
[GameWorld] Current player controllers: 3, Keys: [1125268556, 1, 446469990]
[GameWorld] Client updating remote player 446469990, isLocal=Player_446469990
[PlayerController] Updating remote player 446469990 position from (245.5846, 176.14117) to (242.25127, 176.14117)
[GameWorld] SyncPlayerPosition RPC received on peer 1125268556: Player 446469990 at (238.91794, 176.14117)
[GameWorld] Current player controllers: 3, Keys: [1125268556, 1, 446469990]
[GameWorld] Client updating remote player 446469990, isLocal=Player_446469990
[PlayerController] Updating remote player 446469990 position from (242.25127, 176.14117) to (238.91794, 176.14117)
[GameWorld] UpdateGameState called on peer 1125268556, players before: 3
[GameWorld] SyncPlayerPosition RPC received on peer 1125268556: Player 446469990 at (242.25127, 176.14117)
[GameWorld] Current player controllers: 3, Keys: [1125268556, 1, 446469990]
[GameWorld] Client updating remote player 446469990, isLocal=Player_446469990
[PlayerController] Updating remote player 446469990 position from (238.91794, 176.14117) to (242.25127, 176.14117)
[GameWorld] SyncPlayerPosition RPC received on peer 1125268556: Player 446469990 at (245.5846, 176.14117)
[GameWorld] Current player controllers: 3, Keys: [1125268556, 1, 446469990]
[GameWorld] Client updating remote player 446469990, isLocal=Player_446469990
[PlayerController] Updating remote player 446469990 position from (242.25127, 176.14117) to (245.5846, 176.14117)
[GameWorld] SyncPlayerPosition RPC received on peer 1125268556: Player 446469990 at (248.91792, 176.14117)
[GameWorld] Current player controllers: 3, Keys: [1125268556, 1, 446469990]
[GameWorld] Client updating remote player 446469990, isLocal=Player_446469990
[PlayerController] Updating remote player 446469990 position from (245.5846, 176.14117) to (248.91792, 176.14117)
[GameWorld] SyncPlayerPosition RPC received on peer 1125268556: Player 446469990 at (252.25125, 176.14117)
[GameWorld] Current player controllers: 3, Keys: [1125268556, 1, 446469990]
[GameWorld] Client updating remote player 446469990, isLocal=Player_446469990
[PlayerController] Updating remote player 446469990 position from (248.91792, 176.14117) to (252.25125, 176.14117)
[GameWorld] SyncPlayerPosition RPC received on peer 1125268556: Player 446469990 at (255.58458, 176.14117)
[GameWorld] Current player controllers: 3, Keys: [1125268556, 1, 446469990]
[GameWorld] Client updating remote player 446469990, isLocal=Player_446469990
[PlayerController] Updating remote player 446469990 position from (252.25125, 176.14117) to (255.58458, 176.14117)
[GameWorld] SyncPlayerPosition RPC received on peer 1125268556: Player 446469990 at (258.9179, 176.14117)
[GameWorld] Current player controllers: 3, Keys: [1125268556, 1, 446469990]
[GameWorld] Client updating remote player 446469990, isLocal=Player_446469990
[PlayerController] Updating remote player 446469990 position from (255.58458, 176.14117) to (258.9179, 176.14117)
[GameWorld] SyncPlayerPosition RPC received on peer 1125268556: Player 446469990 at (262.25125, 176.14117)
[GameWorld] Current player controllers: 3, Keys: [1125268556, 1, 446469990]
[GameWorld] Client updating remote player 446469990, isLocal=Player_446469990
[PlayerController] Updating remote player 446469990 position from (258.9179, 176.14117) to (262.25125, 176.14117)
[GameWorld] SyncPlayerPosition RPC received on peer 1125268556: Player 446469990 at (265.5846, 176.14117)
[GameWorld] Current player controllers: 3, Keys: [1125268556, 1, 446469990]
[GameWorld] Client updating remote player 446469990, isLocal=Player_446469990
[PlayerController] Updating remote player 446469990 position from (262.25125, 176.14117) to (265.5846, 176.14117)
[GameWorld] SyncPlayerPosition RPC received on peer 1125268556: Player 446469990 at (268.91794, 176.14117)
[GameWorld] Current player controllers: 3, Keys: [1125268556, 1, 446469990]
[GameWorld] Client updating remote player 446469990, isLocal=Player_446469990
[PlayerController] Updating remote player 446469990 position from (265.5846, 176.14117) to (268.91794, 176.14117)
[GameWorld] SyncPlayerPosition RPC received on peer 1125268556: Player 446469990 at (272.25128, 176.14117)
[GameWorld] Current player controllers: 3, Keys: [1125268556, 1, 446469990]
[GameWorld] Client updating remote player 446469990, isLocal=Player_446469990
[PlayerController] Updating remote player 446469990 position from (268.91794, 176.14117) to (272.25128, 176.14117)
[GameWorld] SyncPlayerPosition RPC received on peer 1125268556: Player 446469990 at (275.58463, 176.14117)
[GameWorld] Current player controllers: 3, Keys: [1125268556, 1, 446469990]
[GameWorld] Client updating remote player 446469990, isLocal=Player_446469990
[PlayerController] Updating remote player 446469990 position from (272.25128, 176.14117) to (275.58463, 176.14117)
[GameWorld] SyncPlayerPosition RPC received on peer 1125268556: Player 446469990 at (278.91797, 176.14117)
[GameWorld] Current player controllers: 3, Keys: [1125268556, 1, 446469990]
[GameWorld] Client updating remote player 446469990, isLocal=Player_446469990
[PlayerController] Updating remote player 446469990 position from (275.58463, 176.14117) to (278.91797, 176.14117)
[GameWorld] SyncPlayerPosition RPC received on peer 1125268556: Player 446469990 at (282.2513, 176.14117)
[GameWorld] Current player controllers: 3, Keys: [1125268556, 1, 446469990]
[GameWorld] Client updating remote player 446469990, isLocal=Player_446469990
[PlayerController] Updating remote player 446469990 position from (278.91797, 176.14117) to (282.2513, 176.14117)
[GameWorld] SyncPlayerPosition RPC received on peer 1125268556: Player 446469990 at (285.58466, 176.14117)
[GameWorld] Current player controllers: 3, Keys: [1125268556, 1, 446469990]
[GameWorld] Client updating remote player 446469990, isLocal=Player_446469990
[PlayerController] Updating remote player 446469990 position from (282.2513, 176.14117) to (285.58466, 176.14117)
[GameWorld] SyncPlayerPosition RPC received on peer 1125268556: Player 446469990 at (288.918, 176.14117)
[GameWorld] Current player controllers: 3, Keys: [1125268556, 1, 446469990]
[GameWorld] Client updating remote player 446469990, isLocal=Player_446469990
[PlayerController] Updating remote player 446469990 position from (285.58466, 176.14117) to (288.918, 176.14117)
[GameWorld] SyncPlayerPosition RPC received on peer 1125268556: Player 446469990 at (292.25134, 176.14117)
[GameWorld] Current player controllers: 3, Keys: [1125268556, 1, 446469990]
[GameWorld] Client updating remote player 446469990, isLocal=Player_446469990
[PlayerController] Updating remote player 446469990 position from (288.918, 176.14117) to (292.25134, 176.14117)
[GameWorld] SyncPlayerPosition RPC received on peer 1125268556: Player 446469990 at (295.5847, 176.14117)
[GameWorld] Current player controllers: 3, Keys: [1125268556, 1, 446469990]
[GameWorld] Client updating remote player 446469990, isLocal=Player_446469990
[PlayerController] Updating remote player 446469990 position from (292.25134, 176.14117) to (295.5847, 176.14117)
[GameWorld] SyncPlayerPosition RPC received on peer 1125268556: Player 446469990 at (298.91803, 176.14117)
[GameWorld] Current player controllers: 3, Keys: [1125268556, 1, 446469990]
[GameWorld] Client updating remote player 446469990, isLocal=Player_446469990
[PlayerController] Updating remote player 446469990 position from (295.5847, 176.14117) to (298.91803, 176.14117)
[GameWorld] SyncPlayerPosition RPC received on peer 1125268556: Player 446469990 at (302.25137, 176.14117)
[GameWorld] Current player controllers: 3, Keys: [1125268556, 1, 446469990]
[GameWorld] Client updating remote player 446469990, isLocal=Player_446469990
[PlayerController] Updating remote player 446469990 position from (298.91803, 176.14117) to (302.25137, 176.14117)
[GameWorld] SyncPlayerPosition RPC received on peer 1125268556: Player 446469990 at (305.58472, 176.14117)
[GameWorld] Current player controllers: 3, Keys: [1125268556, 1, 446469990]
[GameWorld] Client updating remote player 446469990, isLocal=Player_446469990
[PlayerController] Updating remote player 446469990 position from (302.25137, 176.14117) to (305.58472, 176.14117)
[GameWorld] SyncPlayerPosition RPC received on peer 1125268556: Player 446469990 at (308.91806, 176.14117)
[GameWorld] Current player controllers: 3, Keys: [1125268556, 1, 446469990]
[GameWorld] Client updating remote player 446469990, isLocal=Player_446469990
[PlayerController] Updating remote player 446469990 position from (305.58472, 176.14117) to (308.91806, 176.14117)
[GameWorld] SyncPlayerPosition RPC received on peer 1125268556: Player 446469990 at (312.2514, 176.14117)
[GameWorld] Current player controllers: 3, Keys: [1125268556, 1, 446469990]
[GameWorld] Client updating remote player 446469990, isLocal=Player_446469990
[PlayerController] Updating remote player 446469990 position from (308.91806, 176.14117) to (312.2514, 176.14117)
[GameWorld] SyncPlayerPosition RPC received on peer 1125268556: Player 446469990 at (315.58475, 176.14117)
[GameWorld] Current player controllers: 3, Keys: [1125268556, 1, 446469990]
[GameWorld] Client updating remote player 446469990, isLocal=Player_446469990
[PlayerController] Updating remote player 446469990 position from (312.2514, 176.14117) to (315.58475, 176.14117)
[GameWorld] SyncPlayerPosition RPC received on peer 1125268556: Player 446469990 at (318.9181, 176.14117)
[GameWorld] Current player controllers: 3, Keys: [1125268556, 1, 446469990]
[GameWorld] Client updating remote player 446469990, isLocal=Player_446469990
[PlayerController] Updating remote player 446469990 position from (315.58475, 176.14117) to (318.9181, 176.14117)
[GameWorld] SyncPlayerPosition RPC received on peer 1125268556: Player 446469990 at (322.25143, 176.14117)
[GameWorld] Current player controllers: 3, Keys: [1125268556, 1, 446469990]
[GameWorld] Client updating remote player 446469990, isLocal=Player_446469990
[PlayerController] Updating remote player 446469990 position from (318.9181, 176.14117) to (322.25143, 176.14117)
[GameWorld] SyncPlayerPosition RPC received on peer 1125268556: Player 446469990 at (325.58478, 176.14117)
[GameWorld] Current player controllers: 3, Keys: [1125268556, 1, 446469990]
[GameWorld] Client updating remote player 446469990, isLocal=Player_446469990
[PlayerController] Updating remote player 446469990 position from (322.25143, 176.14117) to (325.58478, 176.14117)
[GameWorld] SyncPlayerPosition RPC received on peer 1125268556: Player 446469990 at (328.91812, 176.14117)
[GameWorld] Current player controllers: 3, Keys: [1125268556, 1, 446469990]
[GameWorld] Client updating remote player 446469990, isLocal=Player_446469990
[PlayerController] Updating remote player 446469990 position from (325.58478, 176.14117) to (328.91812, 176.14117)
[GameWorld] SyncPlayerPosition RPC received on peer 1125268556: Player 446469990 at (332.25146, 176.14117)
[GameWorld] Current player controllers: 3, Keys: [1125268556, 1, 446469990]
[GameWorld] Client updating remote player 446469990, isLocal=Player_446469990
[PlayerController] Updating remote player 446469990 position from (328.91812, 176.14117) to (332.25146, 176.14117)
[GameWorld] SyncPlayerPosition RPC received on peer 1125268556: Player 446469990 at (335.5848, 176.14117)
[GameWorld] Current player controllers: 3, Keys: [1125268556, 1, 446469990]
[GameWorld] Client updating remote player 446469990, isLocal=Player_446469990
[PlayerController] Updating remote player 446469990 position from (332.25146, 176.14117) to (335.5848, 176.14117)
[GameWorld] SyncPlayerPosition RPC received on peer 1125268556: Player 446469990 at (338.91815, 176.14117)
[GameWorld] Current player controllers: 3, Keys: [1125268556, 1, 446469990]
[GameWorld] Client updating remote player 446469990, isLocal=Player_446469990
[PlayerController] Updating remote player 446469990 position from (335.5848, 176.14117) to (338.91815, 176.14117)
Body exited Katy: Player_446469990
[GameWorld] SyncPlayerPosition RPC received on peer 1125268556: Player 446469990 at (342.2515, 176.14117)
[GameWorld] Current player controllers: 3, Keys: [1125268556, 1, 446469990]
[GameWorld] Client updating remote player 446469990, isLocal=Player_446469990
[PlayerController] Updating remote player 446469990 position from (338.91815, 176.14117) to (342.2515, 176.14117)
[GameWorld] SyncPlayerPosition RPC received on peer 1125268556: Player 446469990 at (345.58484, 176.14117)
[GameWorld] Current player controllers: 3, Keys: [1125268556, 1, 446469990]
[GameWorld] Client updating remote player 446469990, isLocal=Player_446469990
[PlayerController] Updating remote player 446469990 position from (342.2515, 176.14117) to (345.58484, 176.14117)
[GameWorld] SyncPlayerPosition RPC received on peer 1125268556: Player 446469990 at (348.91818, 176.14117)
[GameWorld] Current player controllers: 3, Keys: [1125268556, 1, 446469990]
[GameWorld] Client updating remote player 446469990, isLocal=Player_446469990
[PlayerController] Updating remote player 446469990 position from (345.58484, 176.14117) to (348.91818, 176.14117)
[GameWorld] SyncPlayerPosition RPC received on peer 1125268556: Player 446469990 at (352.25153, 176.14117)
[GameWorld] Current player controllers: 3, Keys: [1125268556, 1, 446469990]
[GameWorld] Client updating remote player 446469990, isLocal=Player_446469990
[PlayerController] Updating remote player 446469990 position from (348.91818, 176.14117) to (352.25153, 176.14117)
[GameWorld] SyncPlayerPosition RPC received on peer 1125268556: Player 446469990 at (355.58487, 176.14117)
[GameWorld] Current player controllers: 3, Keys: [1125268556, 1, 446469990]
[GameWorld] Client updating remote player 446469990, isLocal=Player_446469990
[PlayerController] Updating remote player 446469990 position from (352.25153, 176.14117) to (355.58487, 176.14117)
[GameWorld] SyncPlayerPosition RPC received on peer 1125268556: Player 446469990 at (358.9182, 176.14117)
[GameWorld] Current player controllers: 3, Keys: [1125268556, 1, 446469990]
[GameWorld] Client updating remote player 446469990, isLocal=Player_446469990
[PlayerController] Updating remote player 446469990 position from (355.58487, 176.14117) to (358.9182, 176.14117)
[GameWorld] SyncPlayerPosition RPC received on peer 1125268556: Player 446469990 at (362.25156, 176.14117)
[GameWorld] Current player controllers: 3, Keys: [1125268556, 1, 446469990]
[GameWorld] Client updating remote player 446469990, isLocal=Player_446469990
[PlayerController] Updating remote player 446469990 position from (358.9182, 176.14117) to (362.25156, 176.14117)
[GameWorld] SyncPlayerPosition RPC received on peer 1125268556: Player 446469990 at (365.5849, 176.14117)
[GameWorld] Current player controllers: 3, Keys: [1125268556, 1, 446469990]
[GameWorld] Client updating remote player 446469990, isLocal=Player_446469990
[PlayerController] Updating remote player 446469990 position from (362.25156, 176.14117) to (365.5849, 176.14117)
[GameWorld] SyncPlayerPosition RPC received on peer 1125268556: Player 446469990 at (368.91824, 176.14117)
[GameWorld] Current player controllers: 3, Keys: [1125268556, 1, 446469990]
[GameWorld] Client updating remote player 446469990, isLocal=Player_446469990
[PlayerController] Updating remote player 446469990 position from (365.5849, 176.14117) to (368.91824, 176.14117)
[GameWorld] SyncPlayerPosition RPC received on peer 1125268556: Player 446469990 at (372.2516, 176.14117)
[GameWorld] Current player controllers: 3, Keys: [1125268556, 1, 446469990]
[GameWorld] Client updating remote player 446469990, isLocal=Player_446469990
[PlayerController] Updating remote player 446469990 position from (368.91824, 176.14117) to (372.2516, 176.14117)
[GameWorld] SyncPlayerPosition RPC received on peer 1125268556: Player 446469990 at (375.58493, 176.14117)
[GameWorld] Current player controllers: 3, Keys: [1125268556, 1, 446469990]
[GameWorld] Client updating remote player 446469990, isLocal=Player_446469990
[PlayerController] Updating remote player 446469990 position from (372.2516, 176.14117) to (375.58493, 176.14117)
[GameWorld] SyncPlayerPosition RPC received on peer 1125268556: Player 446469990 at (378.91827, 176.14117)
[GameWorld] Current player controllers: 3, Keys: [1125268556, 1, 446469990]
[GameWorld] Client updating remote player 446469990, isLocal=Player_446469990
[PlayerController] Updating remote player 446469990 position from (375.58493, 176.14117) to (378.91827, 176.14117)
[GameWorld] SyncPlayerPosition RPC received on peer 1125268556: Player 446469990 at (382.25162, 176.14117)
[GameWorld] Current player controllers: 3, Keys: [1125268556, 1, 446469990]
[GameWorld] Client updating remote player 446469990, isLocal=Player_446469990
[PlayerController] Updating remote player 446469990 position from (378.91827, 176.14117) to (382.25162, 176.14117)
[GameWorld] SyncPlayerPosition RPC received on peer 1125268556: Player 446469990 at (385.58496, 176.14117)
[GameWorld] Current player controllers: 3, Keys: [1125268556, 1, 446469990]
[GameWorld] Client updating remote player 446469990, isLocal=Player_446469990
[PlayerController] Updating remote player 446469990 position from (382.25162, 176.14117) to (385.58496, 176.14117)
[GameWorld] SyncPlayerPosition RPC received on peer 1125268556: Player 446469990 at (388.9183, 176.14117)
[GameWorld] Current player controllers: 3, Keys: [1125268556, 1, 446469990]
[GameWorld] Client updating remote player 446469990, isLocal=Player_446469990
[PlayerController] Updating remote player 446469990 position from (385.58496, 176.14117) to (388.9183, 176.14117)
[GameWorld] SyncPlayerPosition RPC received on peer 1125268556: Player 446469990 at (392.25165, 176.14117)
[GameWorld] Current player controllers: 3, Keys: [1125268556, 1, 446469990]
[GameWorld] Client updating remote player 446469990, isLocal=Player_446469990
[PlayerController] Updating remote player 446469990 position from (388.9183, 176.14117) to (392.25165, 176.14117)
[GameWorld] SyncPlayerPosition RPC received on peer 1125268556: Player 446469990 at (395.585, 176.14117)
[GameWorld] Current player controllers: 3, Keys: [1125268556, 1, 446469990]
[GameWorld] Client updating remote player 446469990, isLocal=Player_446469990
[PlayerController] Updating remote player 446469990 position from (392.25165, 176.14117) to (395.585, 176.14117)
[GameWorld] SyncPlayerPosition RPC received on peer 1125268556: Player 446469990 at (398.91833, 176.14117)
[GameWorld] Current player controllers: 3, Keys: [1125268556, 1, 446469990]
[GameWorld] Client updating remote player 446469990, isLocal=Player_446469990
[PlayerController] Updating remote player 446469990 position from (395.585, 176.14117) to (398.91833, 176.14117)
[GameWorld] SyncPlayerPosition RPC received on peer 1125268556: Player 446469990 at (402.25168, 176.14117)
[GameWorld] Current player controllers: 3, Keys: [1125268556, 1, 446469990]
[GameWorld] Client updating remote player 446469990, isLocal=Player_446469990
[PlayerController] Updating remote player 446469990 position from (398.91833, 176.14117) to (402.25168, 176.14117)
[GameWorld] SyncPlayerPosition RPC received on peer 1125268556: Player 446469990 at (405.58502, 176.14117)
[GameWorld] Current player controllers: 3, Keys: [1125268556, 1, 446469990]
[GameWorld] Client updating remote player 446469990, isLocal=Player_446469990
[PlayerController] Updating remote player 446469990 position from (402.25168, 176.14117) to (405.58502, 176.14117)
[GameWorld] SyncPlayerPosition RPC received on peer 1125268556: Player 446469990 at (408.91837, 176.14117)
[GameWorld] Current player controllers: 3, Keys: [1125268556, 1, 446469990]
[GameWorld] Client updating remote player 446469990, isLocal=Player_446469990
[PlayerController] Updating remote player 446469990 position from (405.58502, 176.14117) to (408.91837, 176.14117)
[GameWorld] SyncPlayerPosition RPC received on peer 1125268556: Player 446469990 at (412.2517, 176.14117)
[GameWorld] Current player controllers: 3, Keys: [1125268556, 1, 446469990]
[GameWorld] Client updating remote player 446469990, isLocal=Player_446469990
[PlayerController] Updating remote player 446469990 position from (408.91837, 176.14117) to (412.2517, 176.14117)
[GameWorld] SyncPlayerPosition RPC received on peer 1125268556: Player 446469990 at (415.58505, 176.14117)
[GameWorld] Current player controllers: 3, Keys: [1125268556, 1, 446469990]
[GameWorld] Client updating remote player 446469990, isLocal=Player_446469990
[PlayerController] Updating remote player 446469990 position from (412.2517, 176.14117) to (415.58505, 176.14117)
[GameWorld] SyncPlayerPosition RPC received on peer 1125268556: Player 446469990 at (418.9184, 176.14117)
[GameWorld] Current player controllers: 3, Keys: [1125268556, 1, 446469990]
[GameWorld] Client updating remote player 446469990, isLocal=Player_446469990
[PlayerController] Updating remote player 446469990 position from (415.58505, 176.14117) to (418.9184, 176.14117)
[GameWorld] SyncPlayerPosition RPC received on peer 1125268556: Player 446469990 at (422.25174, 176.14117)
[GameWorld] Current player controllers: 3, Keys: [1125268556, 1, 446469990]
[GameWorld] Client updating remote player 446469990, isLocal=Player_446469990
[PlayerController] Updating remote player 446469990 position from (418.9184, 176.14117) to (422.25174, 176.14117)
[GameWorld] SyncPlayerPosition RPC received on peer 1125268556: Player 446469990 at (425.58508, 176.14117)
[GameWorld] Current player controllers: 3, Keys: [1125268556, 1, 446469990]
[GameWorld] Client updating remote player 446469990, isLocal=Player_446469990
[PlayerController] Updating remote player 446469990 position from (422.25174, 176.14117) to (425.58508, 176.14117)
[GameWorld] SyncPlayerPosition RPC received on peer 1125268556: Player 446469990 at (428.91843, 176.14117)
[GameWorld] Current player controllers: 3, Keys: [1125268556, 1, 446469990]
[GameWorld] Client updating remote player 446469990, isLocal=Player_446469990
[PlayerController] Updating remote player 446469990 position from (425.58508, 176.14117) to (428.91843, 176.14117)
[GameWorld] SyncPlayerPosition RPC received on peer 1125268556: Player 446469990 at (432.25177, 176.14117)
[GameWorld] Current player controllers: 3, Keys: [1125268556, 1, 446469990]
[GameWorld] Client updating remote player 446469990, isLocal=Player_446469990
[PlayerController] Updating remote player 446469990 position from (428.91843, 176.14117) to (432.25177, 176.14117)
[GameWorld] SyncPlayerPosition RPC received on peer 1125268556: Player 446469990 at (435.5851, 176.14117)
[GameWorld] Current player controllers: 3, Keys: [1125268556, 1, 446469990]
[GameWorld] Client updating remote player 446469990, isLocal=Player_446469990
[PlayerController] Updating remote player 446469990 position from (432.25177, 176.14117) to (435.5851, 176.14117)
[GameWorld] SyncPlayerPosition RPC received on peer 1125268556: Player 446469990 at (438.91846, 176.14117)
[GameWorld] Current player controllers: 3, Keys: [1125268556, 1, 446469990]
[GameWorld] Client updating remote player 446469990, isLocal=Player_446469990
[PlayerController] Updating remote player 446469990 position from (435.5851, 176.14117) to (438.91846, 176.14117)
[GameWorld] SyncPlayerPosition RPC received on peer 1125268556: Player 446469990 at (442.2518, 176.14117)
[GameWorld] Current player controllers: 3, Keys: [1125268556, 1, 446469990]
[GameWorld] Client updating remote player 446469990, isLocal=Player_446469990
[PlayerController] Updating remote player 446469990 position from (438.91846, 176.14117) to (442.2518, 176.14117)
[GameWorld] SyncPlayerPosition RPC received on peer 1125268556: Player 446469990 at (445.58514, 176.14117)
[GameWorld] Current player controllers: 3, Keys: [1125268556, 1, 446469990]
[GameWorld] Client updating remote player 446469990, isLocal=Player_446469990
[PlayerController] Updating remote player 446469990 position from (442.2518, 176.14117) to (445.58514, 176.14117)
[GameWorld] SyncPlayerPosition RPC received on peer 1125268556: Player 446469990 at (448.9185, 176.14117)
[GameWorld] Current player controllers: 3, Keys: [1125268556, 1, 446469990]
[GameWorld] Client updating remote player 446469990, isLocal=Player_446469990
[PlayerController] Updating remote player 446469990 position from (445.58514, 176.14117) to (448.9185, 176.14117)
[GameWorld] SyncPlayerPosition RPC received on peer 1125268556: Player 446469990 at (452.25183, 176.14117)
[GameWorld] Current player controllers: 3, Keys: [1125268556, 1, 446469990]
[GameWorld] Client updating remote player 446469990, isLocal=Player_446469990
[PlayerController] Updating remote player 446469990 position from (448.9185, 176.14117) to (452.25183, 176.14117)
[GameWorld] SyncPlayerPosition RPC received on peer 1125268556: Player 446469990 at (455.58517, 176.14117)
[GameWorld] Current player controllers: 3, Keys: [1125268556, 1, 446469990]
[GameWorld] Client updating remote player 446469990, isLocal=Player_446469990
[PlayerController] Updating remote player 446469990 position from (452.25183, 176.14117) to (455.58517, 176.14117)
[GameWorld] SyncPlayerPosition RPC received on peer 1125268556: Player 446469990 at (458.91852, 176.14117)
[GameWorld] Current player controllers: 3, Keys: [1125268556, 1, 446469990]
[GameWorld] Client updating remote player 446469990, isLocal=Player_446469990
[PlayerController] Updating remote player 446469990 position from (455.58517, 176.14117) to (458.91852, 176.14117)
[GameWorld] SyncPlayerPosition RPC received on peer 1125268556: Player 446469990 at (462.25186, 176.14117)
[GameWorld] Current player controllers: 3, Keys: [1125268556, 1, 446469990]
[GameWorld] Client updating remote player 446469990, isLocal=Player_446469990
[PlayerController] Updating remote player 446469990 position from (458.91852, 176.14117) to (462.25186, 176.14117)
[GameWorld] SyncPlayerPosition RPC received on peer 1125268556: Player 446469990 at (465.5852, 176.14117)
[GameWorld] Current player controllers: 3, Keys: [1125268556, 1, 446469990]
[GameWorld] Client updating remote player 446469990, isLocal=Player_446469990
[PlayerController] Updating remote player 446469990 position from (462.25186, 176.14117) to (465.5852, 176.14117)
[GameWorld] SyncPlayerPosition RPC received on peer 1125268556: Player 446469990 at (468.91855, 176.14117)
[GameWorld] Current player controllers: 3, Keys: [1125268556, 1, 446469990]
[GameWorld] Client updating remote player 446469990, isLocal=Player_446469990
[PlayerController] Updating remote player 446469990 position from (465.5852, 176.14117) to (468.91855, 176.14117)
[GameWorld] SyncPlayerPosition RPC received on peer 1125268556: Player 446469990 at (472.2519, 176.14117)
[GameWorld] Current player controllers: 3, Keys: [1125268556, 1, 446469990]
[GameWorld] Client updating remote player 446469990, isLocal=Player_446469990
[PlayerController] Updating remote player 446469990 position from (468.91855, 176.14117) to (472.2519, 176.14117)
[GameWorld] SyncPlayerPosition RPC received on peer 1125268556: Player 446469990 at (475.58524, 176.14117)
[GameWorld] Current player controllers: 3, Keys: [1125268556, 1, 446469990]
[GameWorld] Client updating remote player 446469990, isLocal=Player_446469990
[PlayerController] Updating remote player 446469990 position from (472.2519, 176.14117) to (475.58524, 176.14117)
Body entered John: Player_446469990
[GameWorld] SyncPlayerPosition RPC received on peer 1125268556: Player 446469990 at (478.91858, 176.14117)
[GameWorld] Current player controllers: 3, Keys: [1125268556, 1, 446469990]
[GameWorld] Client updating remote player 446469990, isLocal=Player_446469990
[PlayerController] Updating remote player 446469990 position from (475.58524, 176.14117) to (478.91858, 176.14117)
[GameWorld] SyncPlayerPosition RPC received on peer 1125268556: Player 446469990 at (482.25192, 176.14117)
[GameWorld] Current player controllers: 3, Keys: [1125268556, 1, 446469990]
[GameWorld] Client updating remote player 446469990, isLocal=Player_446469990
[PlayerController] Updating remote player 446469990 position from (478.91858, 176.14117) to (482.25192, 176.14117)
[GameWorld] SyncPlayerPosition RPC received on peer 1125268556: Player 446469990 at (485.58527, 176.14117)
[GameWorld] Current player controllers: 3, Keys: [1125268556, 1, 446469990]
[GameWorld] Client updating remote player 446469990, isLocal=Player_446469990
[PlayerController] Updating remote player 446469990 position from (482.25192, 176.14117) to (485.58527, 176.14117)
[GameWorld] SyncPlayerPosition RPC received on peer 1125268556: Player 446469990 at (488.9186, 176.14117)
[GameWorld] Current player controllers: 3, Keys: [1125268556, 1, 446469990]
[GameWorld] Client updating remote player 446469990, isLocal=Player_446469990
[PlayerController] Updating remote player 446469990 position from (485.58527, 176.14117) to (488.9186, 176.14117)
[GameWorld] SyncPlayerPosition RPC received on peer 1125268556: Player 446469990 at (492.25195, 176.14117)
[GameWorld] Current player controllers: 3, Keys: [1125268556, 1, 446469990]
[GameWorld] Client updating remote player 446469990, isLocal=Player_446469990
[PlayerController] Updating remote player 446469990 position from (488.9186, 176.14117) to (492.25195, 176.14117)
[GameWorld] SyncPlayerPosition RPC received on peer 1125268556: Player 446469990 at (495.5853, 176.14117)
[GameWorld] Current player controllers: 3, Keys: [1125268556, 1, 446469990]
[GameWorld] Client updating remote player 446469990, isLocal=Player_446469990
[PlayerController] Updating remote player 446469990 position from (492.25195, 176.14117) to (495.5853, 176.14117)
[GameWorld] SyncPlayerPosition RPC received on peer 1125268556: Player 446469990 at (498.91864, 176.14117)
[GameWorld] Current player controllers: 3, Keys: [1125268556, 1, 446469990]
[GameWorld] Client updating remote player 446469990, isLocal=Player_446469990
[PlayerController] Updating remote player 446469990 position from (495.5853, 176.14117) to (498.91864, 176.14117)
[GameWorld] SyncPlayerPosition RPC received on peer 1125268556: Player 446469990 at (502.25198, 176.14117)
[GameWorld] Current player controllers: 3, Keys: [1125268556, 1, 446469990]
[GameWorld] Client updating remote player 446469990, isLocal=Player_446469990
[PlayerController] Updating remote player 446469990 position from (498.91864, 176.14117) to (502.25198, 176.14117)
[GameWorld] SyncPlayerPosition RPC received on peer 1125268556: Player 446469990 at (505.58533, 176.14117)
[GameWorld] Current player controllers: 3, Keys: [1125268556, 1, 446469990]
[GameWorld] Client updating remote player 446469990, isLocal=Player_446469990
[PlayerController] Updating remote player 446469990 position from (502.25198, 176.14117) to (505.58533, 176.14117)
[GameWorld] SyncPlayerPosition RPC received on peer 1125268556: Player 446469990 at (508.91867, 176.14117)
[GameWorld] Current player controllers: 3, Keys: [1125268556, 1, 446469990]
[GameWorld] Client updating remote player 446469990, isLocal=Player_446469990
[PlayerController] Updating remote player 446469990 position from (505.58533, 176.14117) to (508.91867, 176.14117)
[GameWorld] SyncPlayerPosition RPC received on peer 1125268556: Player 446469990 at (512.252, 176.14117)
[GameWorld] Current player controllers: 3, Keys: [1125268556, 1, 446469990]
[GameWorld] Client updating remote player 446469990, isLocal=Player_446469990
[PlayerController] Updating remote player 446469990 position from (508.91867, 176.14117) to (512.252, 176.14117)
[GameWorld] SyncPlayerPosition RPC received on peer 1125268556: Player 446469990 at (515.5853, 176.14117)
[GameWorld] Current player controllers: 3, Keys: [1125268556, 1, 446469990]
[GameWorld] Client updating remote player 446469990, isLocal=Player_446469990
[PlayerController] Updating remote player 446469990 position from (512.252, 176.14117) to (515.5853, 176.14117)
[GameWorld] SyncPlayerPosition RPC received on peer 1125268556: Player 446469990 at (518.91864, 176.14117)
[GameWorld] Current player controllers: 3, Keys: [1125268556, 1, 446469990]
[GameWorld] Client updating remote player 446469990, isLocal=Player_446469990
[PlayerController] Updating remote player 446469990 position from (515.5853, 176.14117) to (518.91864, 176.14117)
[GameWorld] SyncPlayerPosition RPC received on peer 1125268556: Player 446469990 at (522.25195, 176.14117)
[GameWorld] Current player controllers: 3, Keys: [1125268556, 1, 446469990]
[GameWorld] Client updating remote player 446469990, isLocal=Player_446469990
[PlayerController] Updating remote player 446469990 position from (518.91864, 176.14117) to (522.25195, 176.14117)
[GameWorld] SyncPlayerPosition RPC received on peer 1125268556: Player 446469990 at (525.58527, 176.14117)
[GameWorld] Current player controllers: 3, Keys: [1125268556, 1, 446469990]
[GameWorld] Client updating remote player 446469990, isLocal=Player_446469990
[PlayerController] Updating remote player 446469990 position from (522.25195, 176.14117) to (525.58527, 176.14117)
[GameWorld] SyncPlayerPosition RPC received on peer 1125268556: Player 446469990 at (528.9186, 176.14117)
[GameWorld] Current player controllers: 3, Keys: [1125268556, 1, 446469990]
[GameWorld] Client updating remote player 446469990, isLocal=Player_446469990
[PlayerController] Updating remote player 446469990 position from (525.58527, 176.14117) to (528.9186, 176.14117)
[GameWorld] SyncPlayerPosition RPC received on peer 1125268556: Player 446469990 at (532.2519, 176.14117)
[GameWorld] Current player controllers: 3, Keys: [1125268556, 1, 446469990]
[GameWorld] Client updating remote player 446469990, isLocal=Player_446469990
[PlayerController] Updating remote player 446469990 position from (528.9186, 176.14117) to (532.2519, 176.14117)
[GameWorld] SyncPlayerPosition RPC received on peer 1125268556: Player 446469990 at (535.5852, 176.14117)
[GameWorld] Current player controllers: 3, Keys: [1125268556, 1, 446469990]
[GameWorld] Client updating remote player 446469990, isLocal=Player_446469990
[PlayerController] Updating remote player 446469990 position from (532.2519, 176.14117) to (535.5852, 176.14117)
[GameWorld] SyncPlayerPosition RPC received on peer 1125268556: Player 446469990 at (538.9185, 176.14117)
[GameWorld] Current player controllers: 3, Keys: [1125268556, 1, 446469990]
[GameWorld] Client updating remote player 446469990, isLocal=Player_446469990
[PlayerController] Updating remote player 446469990 position from (535.5852, 176.14117) to (538.9185, 176.14117)
[GameWorld] SyncPlayerPosition RPC received on peer 1125268556: Player 446469990 at (542.25183, 176.14117)
[GameWorld] Current player controllers: 3, Keys: [1125268556, 1, 446469990]
[GameWorld] Client updating remote player 446469990, isLocal=Player_446469990
[PlayerController] Updating remote player 446469990 position from (538.9185, 176.14117) to (542.25183, 176.14117)
[GameWorld] SyncPlayerPosition RPC received on peer 1125268556: Player 446469990 at (545.58514, 176.14117)
[GameWorld] Current player controllers: 3, Keys: [1125268556, 1, 446469990]
[GameWorld] Client updating remote player 446469990, isLocal=Player_446469990
[PlayerController] Updating remote player 446469990 position from (542.25183, 176.14117) to (545.58514, 176.14117)
[GameWorld] SyncPlayerPosition RPC received on peer 1125268556: Player 446469990 at (548.91846, 176.14117)
[GameWorld] Current player controllers: 3, Keys: [1125268556, 1, 446469990]
[GameWorld] Client updating remote player 446469990, isLocal=Player_446469990
[PlayerController] Updating remote player 446469990 position from (545.58514, 176.14117) to (548.91846, 176.14117)
[GameWorld] SyncPlayerPosition RPC received on peer 1125268556: Player 446469990 at (552.2518, 176.14117)
[GameWorld] Current player controllers: 3, Keys: [1125268556, 1, 446469990]
[GameWorld] Client updating remote player 446469990, isLocal=Player_446469990
[PlayerController] Updating remote player 446469990 position from (548.91846, 176.14117) to (552.2518, 176.14117)
[GameWorld] SyncPlayerPosition RPC received on peer 1125268556: Player 446469990 at (555.5851, 176.14117)
[GameWorld] Current player controllers: 3, Keys: [1125268556, 1, 446469990]
[GameWorld] Client updating remote player 446469990, isLocal=Player_446469990
[PlayerController] Updating remote player 446469990 position from (552.2518, 176.14117) to (555.5851, 176.14117)
[GameWorld] SyncPlayerPosition RPC received on peer 1125268556: Player 446469990 at (558.9184, 176.14117)
[GameWorld] Current player controllers: 3, Keys: [1125268556, 1, 446469990]
[GameWorld] Client updating remote player 446469990, isLocal=Player_446469990
[PlayerController] Updating remote player 446469990 position from (555.5851, 176.14117) to (558.9184, 176.14117)
[GameWorld] SyncPlayerPosition RPC received on peer 1125268556: Player 446469990 at (562.2517, 176.14117)
[GameWorld] Current player controllers: 3, Keys: [1125268556, 1, 446469990]
[GameWorld] Client updating remote player 446469990, isLocal=Player_446469990
[PlayerController] Updating remote player 446469990 position from (558.9184, 176.14117) to (562.2517, 176.14117)
[GameWorld] UpdateGameState called on peer 1125268556, players before: 3
[GameWorld] SyncPlayerPosition RPC received on peer 1125268556: Player 446469990 at (565.585, 176.14117)
[GameWorld] Current player controllers: 3, Keys: [1125268556, 1, 446469990]
[GameWorld] Client updating remote player 446469990, isLocal=Player_446469990
[PlayerController] Updating remote player 446469990 position from (562.2517, 176.14117) to (565.585, 176.14117)
[GameWorld] SyncPlayerPosition RPC received on peer 1125268556: Player 446469990 at (568.91833, 176.14117)
[GameWorld] Current player controllers: 3, Keys: [1125268556, 1, 446469990]
[GameWorld] Client updating remote player 446469990, isLocal=Player_446469990
[PlayerController] Updating remote player 446469990 position from (565.585, 176.14117) to (568.91833, 176.14117)
[GameWorld] SyncPlayerPosition RPC received on peer 1125268556: Player 446469990 at (572.25165, 176.14117)
[GameWorld] Current player controllers: 3, Keys: [1125268556, 1, 446469990]
[GameWorld] Client updating remote player 446469990, isLocal=Player_446469990
[PlayerController] Updating remote player 446469990 position from (568.91833, 176.14117) to (572.25165, 176.14117)
[GameWorld] SyncPlayerPosition RPC received on peer 1125268556: Player 446469990 at (575.58496, 176.14117)
[GameWorld] Current player controllers: 3, Keys: [1125268556, 1, 446469990]
[GameWorld] Client updating remote player 446469990, isLocal=Player_446469990
[PlayerController] Updating remote player 446469990 position from (572.25165, 176.14117) to (575.58496, 176.14117)
[GameWorld] SyncPlayerPosition RPC received on peer 1125268556: Player 446469990 at (578.9183, 176.14117)
[GameWorld] Current player controllers: 3, Keys: [1125268556, 1, 446469990]
[GameWorld] Client updating remote player 446469990, isLocal=Player_446469990
[PlayerController] Updating remote player 446469990 position from (575.58496, 176.14117) to (578.9183, 176.14117)
[GameWorld] SyncPlayerPosition RPC received on peer 1125268556: Player 446469990 at (582.2516, 176.14117)
[GameWorld] Current player controllers: 3, Keys: [1125268556, 1, 446469990]
[GameWorld] Client updating remote player 446469990, isLocal=Player_446469990
[PlayerController] Updating remote player 446469990 position from (578.9183, 176.14117) to (582.2516, 176.14117)
[GameWorld] SyncPlayerPosition RPC received on peer 1125268556: Player 446469990 at (585.5849, 176.14117)
[GameWorld] Current player controllers: 3, Keys: [1125268556, 1, 446469990]
[GameWorld] Client updating remote player 446469990, isLocal=Player_446469990
[PlayerController] Updating remote player 446469990 position from (582.2516, 176.14117) to (585.5849, 176.14117)
[GameWorld] SyncPlayerPosition RPC received on peer 1125268556: Player 446469990 at (588.9182, 176.14117)
[GameWorld] Current player controllers: 3, Keys: [1125268556, 1, 446469990]
[GameWorld] Client updating remote player 446469990, isLocal=Player_446469990
[PlayerController] Updating remote player 446469990 position from (585.5849, 176.14117) to (588.9182, 176.14117)
[GameWorld] SyncPlayerPosition RPC received on peer 1125268556: Player 446469990 at (592.2515, 176.14117)
[GameWorld] Current player controllers: 3, Keys: [1125268556, 1, 446469990]
[GameWorld] Client updating remote player 446469990, isLocal=Player_446469990
[PlayerController] Updating remote player 446469990 position from (588.9182, 176.14117) to (592.2515, 176.14117)
[GameWorld] SyncPlayerPosition RPC received on peer 1125268556: Player 446469990 at (595.58484, 176.14117)
[GameWorld] Current player controllers: 3, Keys: [1125268556, 1, 446469990]
[GameWorld] Client updating remote player 446469990, isLocal=Player_446469990
[PlayerController] Updating remote player 446469990 position from (592.2515, 176.14117) to (595.58484, 176.14117)
[GameWorld] SyncPlayerPosition RPC received on peer 1125268556: Player 446469990 at (598.91815, 176.14117)
[GameWorld] Current player controllers: 3, Keys: [1125268556, 1, 446469990]
[GameWorld] Client updating remote player 446469990, isLocal=Player_446469990
[PlayerController] Updating remote player 446469990 position from (595.58484, 176.14117) to (598.91815, 176.14117)
[GameWorld] SyncPlayerPosition RPC received on peer 1125268556: Player 446469990 at (602.25146, 176.14117)
[GameWorld] Current player controllers: 3, Keys: [1125268556, 1, 446469990]
[GameWorld] Client updating remote player 446469990, isLocal=Player_446469990
[PlayerController] Updating remote player 446469990 position from (598.91815, 176.14117) to (602.25146, 176.14117)
[GameWorld] SyncPlayerPosition RPC received on peer 1125268556: Player 446469990 at (605.5848, 176.14117)
[GameWorld] Current player controllers: 3, Keys: [1125268556, 1, 446469990]
[GameWorld] Client updating remote player 446469990, isLocal=Player_446469990
[PlayerController] Updating remote player 446469990 position from (602.25146, 176.14117) to (605.5848, 176.14117)
[GameWorld] SyncPlayerPosition RPC received on peer 1125268556: Player 446469990 at (608.9181, 176.14117)
[GameWorld] Current player controllers: 3, Keys: [1125268556, 1, 446469990]
[GameWorld] Client updating remote player 446469990, isLocal=Player_446469990
[PlayerController] Updating remote player 446469990 position from (605.5848, 176.14117) to (608.9181, 176.14117)
[GameWorld] SyncPlayerPosition RPC received on peer 1125268556: Player 446469990 at (612.2514, 176.14117)
[GameWorld] Current player controllers: 3, Keys: [1125268556, 1, 446469990]
[GameWorld] Client updating remote player 446469990, isLocal=Player_446469990
[PlayerController] Updating remote player 446469990 position from (608.9181, 176.14117) to (612.2514, 176.14117)
[GameWorld] SyncPlayerPosition RPC received on peer 1125268556: Player 446469990 at (615.5847, 176.14117)
[GameWorld] Current player controllers: 3, Keys: [1125268556, 1, 446469990]
[GameWorld] Client updating remote player 446469990, isLocal=Player_446469990
[PlayerController] Updating remote player 446469990 position from (612.2514, 176.14117) to (615.5847, 176.14117)
[GameWorld] SyncPlayerPosition RPC received on peer 1125268556: Player 446469990 at (618.918, 176.14117)
[GameWorld] Current player controllers: 3, Keys: [1125268556, 1, 446469990]
[GameWorld] Client updating remote player 446469990, isLocal=Player_446469990
[PlayerController] Updating remote player 446469990 position from (615.5847, 176.14117) to (618.918, 176.14117)
[GameWorld] SyncPlayerPosition RPC received on peer 1125268556: Player 446469990 at (622.25134, 176.14117)
[GameWorld] Current player controllers: 3, Keys: [1125268556, 1, 446469990]
[GameWorld] Client updating remote player 446469990, isLocal=Player_446469990
[PlayerController] Updating remote player 446469990 position from (618.918, 176.14117) to (622.25134, 176.14117)
[GameWorld] SyncPlayerPosition RPC received on peer 1125268556: Player 446469990 at (625.58466, 176.14117)
[GameWorld] Current player controllers: 3, Keys: [1125268556, 1, 446469990]
[GameWorld] Client updating remote player 446469990, isLocal=Player_446469990
[PlayerController] Updating remote player 446469990 position from (622.25134, 176.14117) to (625.58466, 176.14117)
[GameWorld] SyncPlayerPosition RPC received on peer 1125268556: Player 446469990 at (628.91797, 176.14117)
[GameWorld] Current player controllers: 3, Keys: [1125268556, 1, 446469990]
[GameWorld] Client updating remote player 446469990, isLocal=Player_446469990
[PlayerController] Updating remote player 446469990 position from (625.58466, 176.14117) to (628.91797, 176.14117)
[GameWorld] SyncPlayerPosition RPC received on peer 1125268556: Player 446469990 at (632.2513, 176.14117)
[GameWorld] Current player controllers: 3, Keys: [1125268556, 1, 446469990]
[GameWorld] Client updating remote player 446469990, isLocal=Player_446469990
[PlayerController] Updating remote player 446469990 position from (628.91797, 176.14117) to (632.2513, 176.14117)
[GameWorld] SyncPlayerPosition RPC received on peer 1125268556: Player 446469990 at (635.5846, 176.14117)
[GameWorld] Current player controllers: 3, Keys: [1125268556, 1, 446469990]
[GameWorld] Client updating remote player 446469990, isLocal=Player_446469990
[PlayerController] Updating remote player 446469990 position from (632.2513, 176.14117) to (635.5846, 176.14117)
[GameWorld] SyncPlayerPosition RPC received on peer 1125268556: Player 446469990 at (638.9179, 176.14117)
[GameWorld] Current player controllers: 3, Keys: [1125268556, 1, 446469990]
[GameWorld] Client updating remote player 446469990, isLocal=Player_446469990
[PlayerController] Updating remote player 446469990 position from (635.5846, 176.14117) to (638.9179, 176.14117)
[GameWorld] SyncPlayerPosition RPC received on peer 1125268556: Player 446469990 at (642.2512, 176.14117)
[GameWorld] Current player controllers: 3, Keys: [1125268556, 1, 446469990]
[GameWorld] Client updating remote player 446469990, isLocal=Player_446469990
[PlayerController] Updating remote player 446469990 position from (638.9179, 176.14117) to (642.2512, 176.14117)
[GameWorld] SyncPlayerPosition RPC received on peer 1125268556: Player 446469990 at (645.58453, 176.14117)
[GameWorld] Current player controllers: 3, Keys: [1125268556, 1, 446469990]
[GameWorld] Client updating remote player 446469990, isLocal=Player_446469990
[PlayerController] Updating remote player 446469990 position from (642.2512, 176.14117) to (645.58453, 176.14117)
[GameWorld] SyncPlayerPosition RPC received on peer 1125268556: Player 446469990 at (648.91785, 176.14117)
[GameWorld] Current player controllers: 3, Keys: [1125268556, 1, 446469990]
[GameWorld] Client updating remote player 446469990, isLocal=Player_446469990
[PlayerController] Updating remote player 446469990 position from (645.58453, 176.14117) to (648.91785, 176.14117)
[GameWorld] SyncPlayerPosition RPC received on peer 1125268556: Player 446469990 at (652.25116, 176.14117)
[GameWorld] Current player controllers: 3, Keys: [1125268556, 1, 446469990]
[GameWorld] Client updating remote player 446469990, isLocal=Player_446469990
[PlayerController] Updating remote player 446469990 position from (648.91785, 176.14117) to (652.25116, 176.14117)
[GameWorld] SyncPlayerPosition RPC received on peer 1125268556: Player 446469990 at (655.5845, 176.14117)
[GameWorld] Current player controllers: 3, Keys: [1125268556, 1, 446469990]
[GameWorld] Client updating remote player 446469990, isLocal=Player_446469990
[PlayerController] Updating remote player 446469990 position from (652.25116, 176.14117) to (655.5845, 176.14117)
[GameWorld] SyncPlayerPosition RPC received on peer 1125268556: Player 446469990 at (658.9178, 176.14117)
[GameWorld] Current player controllers: 3, Keys: [1125268556, 1, 446469990]
[GameWorld] Client updating remote player 446469990, isLocal=Player_446469990
[PlayerController] Updating remote player 446469990 position from (655.5845, 176.14117) to (658.9178, 176.14117)
[GameWorld] SyncPlayerPosition RPC received on peer 1125268556: Player 446469990 at (662.2511, 176.14117)
[GameWorld] Current player controllers: 3, Keys: [1125268556, 1, 446469990]
[GameWorld] Client updating remote player 446469990, isLocal=Player_446469990
[PlayerController] Updating remote player 446469990 position from (658.9178, 176.14117) to (662.2511, 176.14117)
[GameWorld] SyncPlayerPosition RPC received on peer 1125268556: Player 446469990 at (665.5844, 176.14117)
[GameWorld] Current player controllers: 3, Keys: [1125268556, 1, 446469990]
[GameWorld] Client updating remote player 446469990, isLocal=Player_446469990
[PlayerController] Updating remote player 446469990 position from (662.2511, 176.14117) to (665.5844, 176.14117)
[GameWorld] SyncPlayerPosition RPC received on peer 1125268556: Player 446469990 at (668.9177, 176.14117)
[GameWorld] Current player controllers: 3, Keys: [1125268556, 1, 446469990]
[GameWorld] Client updating remote player 446469990, isLocal=Player_446469990
[PlayerController] Updating remote player 446469990 position from (665.5844, 176.14117) to (668.9177, 176.14117)
[GameWorld] SyncPlayerPosition RPC received on peer 1125268556: Player 446469990 at (672.25104, 176.14117)
[GameWorld] Current player controllers: 3, Keys: [1125268556, 1, 446469990]
[GameWorld] Client updating remote player 446469990, isLocal=Player_446469990
[PlayerController] Updating remote player 446469990 position from (668.9177, 176.14117) to (672.25104, 176.14117)
[GameWorld] SyncPlayerPosition RPC received on peer 1125268556: Player 446469990 at (675.58435, 176.14117)
[GameWorld] Current player controllers: 3, Keys: [1125268556, 1, 446469990]
[GameWorld] Client updating remote player 446469990, isLocal=Player_446469990
[PlayerController] Updating remote player 446469990 position from (672.25104, 176.14117) to (675.58435, 176.14117)
[GameWorld] SyncPlayerPosition RPC received on peer 1125268556: Player 446469990 at (678.91766, 176.14117)
[GameWorld] Current player controllers: 3, Keys: [1125268556, 1, 446469990]
[GameWorld] Client updating remote player 446469990, isLocal=Player_446469990
[PlayerController] Updating remote player 446469990 position from (675.58435, 176.14117) to (678.91766, 176.14117)
[GameWorld] SyncPlayerPosition RPC received on peer 1125268556: Player 446469990 at (682.251, 176.14117)
[GameWorld] Current player controllers: 3, Keys: [1125268556, 1, 446469990]
[GameWorld] Client updating remote player 446469990, isLocal=Player_446469990
[PlayerController] Updating remote player 446469990 position from (678.91766, 176.14117) to (682.251, 176.14117)
[GameWorld] SyncPlayerPosition RPC received on peer 1125268556: Player 446469990 at (685.5843, 176.14117)
[GameWorld] Current player controllers: 3, Keys: [1125268556, 1, 446469990]
[GameWorld] Client updating remote player 446469990, isLocal=Player_446469990
[PlayerController] Updating remote player 446469990 position from (682.251, 176.14117) to (685.5843, 176.14117)
[GameWorld] SyncPlayerPosition RPC received on peer 1125268556: Player 446469990 at (688.9176, 176.14117)
[GameWorld] Current player controllers: 3, Keys: [1125268556, 1, 446469990]
[GameWorld] Client updating remote player 446469990, isLocal=Player_446469990
[PlayerController] Updating remote player 446469990 position from (685.5843, 176.14117) to (688.9176, 176.14117)
[GameWorld] SyncPlayerPosition RPC received on peer 1125268556: Player 446469990 at (692.2509, 176.14117)
[GameWorld] Current player controllers: 3, Keys: [1125268556, 1, 446469990]
[GameWorld] Client updating remote player 446469990, isLocal=Player_446469990
[PlayerController] Updating remote player 446469990 position from (688.9176, 176.14117) to (692.2509, 176.14117)
[GameWorld] SyncPlayerPosition RPC received on peer 1125268556: Player 446469990 at (695.5842, 176.14117)
[GameWorld] Current player controllers: 3, Keys: [1125268556, 1, 446469990]
[GameWorld] Client updating remote player 446469990, isLocal=Player_446469990
[PlayerController] Updating remote player 446469990 position from (692.2509, 176.14117) to (695.5842, 176.14117)
[GameWorld] SyncPlayerPosition RPC received on peer 1125268556: Player 446469990 at (698.91754, 176.14117)
[GameWorld] Current player controllers: 3, Keys: [1125268556, 1, 446469990]
[GameWorld] Client updating remote player 446469990, isLocal=Player_446469990
[PlayerController] Updating remote player 446469990 position from (695.5842, 176.14117) to (698.91754, 176.14117)
[GameWorld] SyncPlayerPosition RPC received on peer 1125268556: Player 446469990 at (702.25085, 176.14117)
[GameWorld] Current player controllers: 3, Keys: [1125268556, 1, 446469990]
[GameWorld] Client updating remote player 446469990, isLocal=Player_446469990
[PlayerController] Updating remote player 446469990 position from (698.91754, 176.14117) to (702.25085, 176.14117)
[GameWorld] SyncPlayerPosition RPC received on peer 1125268556: Player 446469990 at (705.58417, 176.14117)
[GameWorld] Current player controllers: 3, Keys: [1125268556, 1, 446469990]
[GameWorld] Client updating remote player 446469990, isLocal=Player_446469990
[PlayerController] Updating remote player 446469990 position from (702.25085, 176.14117) to (705.58417, 176.14117)
[GameWorld] SyncPlayerPosition RPC received on peer 1125268556: Player 446469990 at (708.9175, 176.14117)
[GameWorld] Current player controllers: 3, Keys: [1125268556, 1, 446469990]
[GameWorld] Client updating remote player 446469990, isLocal=Player_446469990
[PlayerController] Updating remote player 446469990 position from (705.58417, 176.14117) to (708.9175, 176.14117)
[GameWorld] SyncPlayerPosition RPC received on peer 1125268556: Player 446469990 at (712.2508, 176.14117)
[GameWorld] Current player controllers: 3, Keys: [1125268556, 1, 446469990]
[GameWorld] Client updating remote player 446469990, isLocal=Player_446469990
[PlayerController] Updating remote player 446469990 position from (708.9175, 176.14117) to (712.2508, 176.14117)
[GameWorld] SyncPlayerPosition RPC received on peer 1125268556: Player 446469990 at (715.5841, 176.14117)
[GameWorld] Current player controllers: 3, Keys: [1125268556, 1, 446469990]
[GameWorld] Client updating remote player 446469990, isLocal=Player_446469990
[PlayerController] Updating remote player 446469990 position from (712.2508, 176.14117) to (715.5841, 176.14117)
[GameWorld] SyncPlayerPosition RPC received on peer 1125268556: Player 446469990 at (718.9174, 176.14117)
[GameWorld] Current player controllers: 3, Keys: [1125268556, 1, 446469990]
[GameWorld] Client updating remote player 446469990, isLocal=Player_446469990
[PlayerController] Updating remote player 446469990 position from (715.5841, 176.14117) to (718.9174, 176.14117)
[GameWorld] SyncPlayerPosition RPC received on peer 1125268556: Player 446469990 at (722.25073, 176.14117)
[GameWorld] Current player controllers: 3, Keys: [1125268556, 1, 446469990]
[GameWorld] Client updating remote player 446469990, isLocal=Player_446469990
[PlayerController] Updating remote player 446469990 position from (718.9174, 176.14117) to (722.25073, 176.14117)
[GameWorld] SyncPlayerPosition RPC received on peer 1125268556: Player 446469990 at (725.58405, 176.14117)
[GameWorld] Current player controllers: 3, Keys: [1125268556, 1, 446469990]
[GameWorld] Client updating remote player 446469990, isLocal=Player_446469990
[PlayerController] Updating remote player 446469990 position from (722.25073, 176.14117) to (725.58405, 176.14117)
[GameWorld] SyncPlayerPosition RPC received on peer 1125268556: Player 446469990 at (728.91736, 176.14117)
[GameWorld] Current player controllers: 3, Keys: [1125268556, 1, 446469990]
[GameWorld] Client updating remote player 446469990, isLocal=Player_446469990
[PlayerController] Updating remote player 446469990 position from (725.58405, 176.14117) to (728.91736, 176.14117)
[GameWorld] SyncPlayerPosition RPC received on peer 1125268556: Player 446469990 at (732.2507, 176.14117)
[GameWorld] Current player controllers: 3, Keys: [1125268556, 1, 446469990]
[GameWorld] Client updating remote player 446469990, isLocal=Player_446469990
[PlayerController] Updating remote player 446469990 position from (728.91736, 176.14117) to (732.2507, 176.14117)
[GameWorld] SyncPlayerPosition RPC received on peer 1125268556: Player 446469990 at (735.584, 176.14117)
[GameWorld] Current player controllers: 3, Keys: [1125268556, 1, 446469990]
[GameWorld] Client updating remote player 446469990, isLocal=Player_446469990
[PlayerController] Updating remote player 446469990 position from (732.2507, 176.14117) to (735.584, 176.14117)
[GameWorld] SyncPlayerPosition RPC received on peer 1125268556: Player 446469990 at (738.9173, 176.14117)
[GameWorld] Current player controllers: 3, Keys: [1125268556, 1, 446469990]
[GameWorld] Client updating remote player 446469990, isLocal=Player_446469990
[PlayerController] Updating remote player 446469990 position from (735.584, 176.14117) to (738.9173, 176.14117)
[GameWorld] SyncPlayerPosition RPC received on peer 1125268556: Player 446469990 at (742.2506, 176.14117)
[GameWorld] Current player controllers: 3, Keys: [1125268556, 1, 446469990]
[GameWorld] Client updating remote player 446469990, isLocal=Player_446469990
[PlayerController] Updating remote player 446469990 position from (738.9173, 176.14117) to (742.2506, 176.14117)
Body exited John: Player_446469990
[GameWorld] SyncPlayerPosition RPC received on peer 1125268556: Player 446469990 at (745.5839, 176.14117)
[GameWorld] Current player controllers: 3, Keys: [1125268556, 1, 446469990]
[GameWorld] Client updating remote player 446469990, isLocal=Player_446469990
[PlayerController] Updating remote player 446469990 position from (742.2506, 176.14117) to (745.5839, 176.14117)
[GameWorld] SyncPlayerPosition RPC received on peer 1125268556: Player 446469990 at (748.91724, 176.14117)
[GameWorld] Current player controllers: 3, Keys: [1125268556, 1, 446469990]
[GameWorld] Client updating remote player 446469990, isLocal=Player_446469990
[PlayerController] Updating remote player 446469990 position from (745.5839, 176.14117) to (748.91724, 176.14117)
[GameWorld] SyncPlayerPosition RPC received on peer 1125268556: Player 446469990 at (752.25055, 176.14117)
[GameWorld] Current player controllers: 3, Keys: [1125268556, 1, 446469990]
[GameWorld] Client updating remote player 446469990, isLocal=Player_446469990
[PlayerController] Updating remote player 446469990 position from (748.91724, 176.14117) to (752.25055, 176.14117)
[GameWorld] SyncPlayerPosition RPC received on peer 1125268556: Player 446469990 at (755.58386, 176.14117)
[GameWorld] Current player controllers: 3, Keys: [1125268556, 1, 446469990]
[GameWorld] Client updating remote player 446469990, isLocal=Player_446469990
[PlayerController] Updating remote player 446469990 position from (752.25055, 176.14117) to (755.58386, 176.14117)
[GameWorld] SyncPlayerPosition RPC received on peer 1125268556: Player 446469990 at (758.9172, 176.14117)
[GameWorld] Current player controllers: 3, Keys: [1125268556, 1, 446469990]
[GameWorld] Client updating remote player 446469990, isLocal=Player_446469990
[PlayerController] Updating remote player 446469990 position from (755.58386, 176.14117) to (758.9172, 176.14117)
[GameWorld] SyncPlayerPosition RPC received on peer 1125268556: Player 446469990 at (762.2505, 176.14117)
[GameWorld] Current player controllers: 3, Keys: [1125268556, 1, 446469990]
[GameWorld] Client updating remote player 446469990, isLocal=Player_446469990
[PlayerController] Updating remote player 446469990 position from (758.9172, 176.14117) to (762.2505, 176.14117)
[GameWorld] SyncPlayerPosition RPC received on peer 1125268556: Player 446469990 at (765.5838, 176.14117)
[GameWorld] Current player controllers: 3, Keys: [1125268556, 1, 446469990]
[GameWorld] Client updating remote player 446469990, isLocal=Player_446469990
[PlayerController] Updating remote player 446469990 position from (762.2505, 176.14117) to (765.5838, 176.14117)
[GameWorld] SyncPlayerPosition RPC received on peer 1125268556: Player 446469990 at (768.9171, 176.14117)
[GameWorld] Current player controllers: 3, Keys: [1125268556, 1, 446469990]
[GameWorld] Client updating remote player 446469990, isLocal=Player_446469990
[PlayerController] Updating remote player 446469990 position from (765.5838, 176.14117) to (768.9171, 176.14117)
[GameWorld] SyncPlayerPosition RPC received on peer 1125268556: Player 446469990 at (772.2504, 176.14117)
[GameWorld] Current player controllers: 3, Keys: [1125268556, 1, 446469990]
[GameWorld] Client updating remote player 446469990, isLocal=Player_446469990
[PlayerController] Updating remote player 446469990 position from (768.9171, 176.14117) to (772.2504, 176.14117)
[GameWorld] SyncPlayerPosition RPC received on peer 1125268556: Player 446469990 at (775.58374, 176.14117)
[GameWorld] Current player controllers: 3, Keys: [1125268556, 1, 446469990]
[GameWorld] Client updating remote player 446469990, isLocal=Player_446469990
[PlayerController] Updating remote player 446469990 position from (772.2504, 176.14117) to (775.58374, 176.14117)
[GameWorld] SyncPlayerPosition RPC received on peer 1125268556: Player 446469990 at (778.91705, 176.14117)
[GameWorld] Current player controllers: 3, Keys: [1125268556, 1, 446469990]
[GameWorld] Client updating remote player 446469990, isLocal=Player_446469990
[PlayerController] Updating remote player 446469990 position from (775.58374, 176.14117) to (778.91705, 176.14117)
[GameWorld] SyncPlayerPosition RPC received on peer 1125268556: Player 446469990 at (782.25037, 176.14117)
[GameWorld] Current player controllers: 3, Keys: [1125268556, 1, 446469990]
[GameWorld] Client updating remote player 446469990, isLocal=Player_446469990
[PlayerController] Updating remote player 446469990 position from (778.91705, 176.14117) to (782.25037, 176.14117)
[GameWorld] SyncPlayerPosition RPC received on peer 1125268556: Player 446469990 at (785.5837, 176.14117)
[GameWorld] Current player controllers: 3, Keys: [1125268556, 1, 446469990]
[GameWorld] Client updating remote player 446469990, isLocal=Player_446469990
[PlayerController] Updating remote player 446469990 position from (782.25037, 176.14117) to (785.5837, 176.14117)
[GameWorld] SyncPlayerPosition RPC received on peer 1125268556: Player 446469990 at (788.917, 176.14117)
[GameWorld] Current player controllers: 3, Keys: [1125268556, 1, 446469990]
[GameWorld] Client updating remote player 446469990, isLocal=Player_446469990
[PlayerController] Updating remote player 446469990 position from (785.5837, 176.14117) to (788.917, 176.14117)
[GameWorld] SyncPlayerPosition RPC received on peer 1125268556: Player 446469990 at (792.2503, 176.14117)
[GameWorld] Current player controllers: 3, Keys: [1125268556, 1, 446469990]
[GameWorld] Client updating remote player 446469990, isLocal=Player_446469990
[PlayerController] Updating remote player 446469990 position from (788.917, 176.14117) to (792.2503, 176.14117)
[GameWorld] SyncPlayerPosition RPC received on peer 1125268556: Player 446469990 at (795.5836, 176.14117)
[GameWorld] Current player controllers: 3, Keys: [1125268556, 1, 446469990]
[GameWorld] Client updating remote player 446469990, isLocal=Player_446469990
[PlayerController] Updating remote player 446469990 position from (792.2503, 176.14117) to (795.5836, 176.14117)
[GameWorld] SyncPlayerPosition RPC received on peer 1125268556: Player 446469990 at (798.91693, 176.14117)
[GameWorld] Current player controllers: 3, Keys: [1125268556, 1, 446469990]
[GameWorld] Client updating remote player 446469990, isLocal=Player_446469990
[PlayerController] Updating remote player 446469990 position from (795.5836, 176.14117) to (798.91693, 176.14117)
[GameWorld] SyncPlayerPosition RPC received on peer 1125268556: Player 446469990 at (802.25024, 176.14117)
[GameWorld] Current player controllers: 3, Keys: [1125268556, 1, 446469990]
[GameWorld] Client updating remote player 446469990, isLocal=Player_446469990
[PlayerController] Updating remote player 446469990 position from (798.91693, 176.14117) to (802.25024, 176.14117)
[GameWorld] SyncPlayerPosition RPC received on peer 1125268556: Player 446469990 at (805.58356, 176.14117)
[GameWorld] Current player controllers: 3, Keys: [1125268556, 1, 446469990]
[GameWorld] Client updating remote player 446469990, isLocal=Player_446469990
[PlayerController] Updating remote player 446469990 position from (802.25024, 176.14117) to (805.58356, 176.14117)
[GameWorld] SyncPlayerPosition RPC received on peer 1125268556: Player 446469990 at (808.9169, 176.14117)
[GameWorld] Current player controllers: 3, Keys: [1125268556, 1, 446469990]
[GameWorld] Client updating remote player 446469990, isLocal=Player_446469990
[PlayerController] Updating remote player 446469990 position from (805.58356, 176.14117) to (808.9169, 176.14117)
[GameWorld] SyncPlayerPosition RPC received on peer 1125268556: Player 446469990 at (812.2502, 176.14117)
[GameWorld] Current player controllers: 3, Keys: [1125268556, 1, 446469990]
[GameWorld] Client updating remote player 446469990, isLocal=Player_446469990
[PlayerController] Updating remote player 446469990 position from (808.9169, 176.14117) to (812.2502, 176.14117)
[GameWorld] SyncPlayerPosition RPC received on peer 1125268556: Player 446469990 at (815.5835, 176.14117)
[GameWorld] Current player controllers: 3, Keys: [1125268556, 1, 446469990]
[GameWorld] Client updating remote player 446469990, isLocal=Player_446469990
[PlayerController] Updating remote player 446469990 position from (812.2502, 176.14117) to (815.5835, 176.14117)
[GameWorld] SyncPlayerPosition RPC received on peer 1125268556: Player 446469990 at (818.9168, 176.14117)
[GameWorld] Current player controllers: 3, Keys: [1125268556, 1, 446469990]
[GameWorld] Client updating remote player 446469990, isLocal=Player_446469990
[PlayerController] Updating remote player 446469990 position from (815.5835, 176.14117) to (818.9168, 176.14117)
[GameWorld] SyncPlayerPosition RPC received on peer 1125268556: Player 446469990 at (822.2501, 176.14117)
[GameWorld] Current player controllers: 3, Keys: [1125268556, 1, 446469990]
[GameWorld] Client updating remote player 446469990, isLocal=Player_446469990
[PlayerController] Updating remote player 446469990 position from (818.9168, 176.14117) to (822.2501, 176.14117)
[GameWorld] SyncPlayerPosition RPC received on peer 1125268556: Player 446469990 at (825.58344, 176.14117)
[GameWorld] Current player controllers: 3, Keys: [1125268556, 1, 446469990]
[GameWorld] Client updating remote player 446469990, isLocal=Player_446469990
[PlayerController] Updating remote player 446469990 position from (822.2501, 176.14117) to (825.58344, 176.14117)
[GameWorld] SyncPlayerPosition RPC received on peer 1125268556: Player 446469990 at (828.91675, 176.14117)
[GameWorld] Current player controllers: 3, Keys: [1125268556, 1, 446469990]
[GameWorld] Client updating remote player 446469990, isLocal=Player_446469990
[PlayerController] Updating remote player 446469990 position from (825.58344, 176.14117) to (828.91675, 176.14117)
[GameWorld] SyncPlayerPosition RPC received on peer 1125268556: Player 446469990 at (832.25006, 176.14117)
[GameWorld] Current player controllers: 3, Keys: [1125268556, 1, 446469990]
[GameWorld] Client updating remote player 446469990, isLocal=Player_446469990
[PlayerController] Updating remote player 446469990 position from (828.91675, 176.14117) to (832.25006, 176.14117)
[GameWorld] SyncPlayerPosition RPC received on peer 1125268556: Player 446469990 at (835.5834, 176.14117)
[GameWorld] Current player controllers: 3, Keys: [1125268556, 1, 446469990]
[GameWorld] Client updating remote player 446469990, isLocal=Player_446469990
[PlayerController] Updating remote player 446469990 position from (832.25006, 176.14117) to (835.5834, 176.14117)
[GameWorld] SyncPlayerPosition RPC received on peer 1125268556: Player 446469990 at (838.9167, 176.14117)
[GameWorld] Current player controllers: 3, Keys: [1125268556, 1, 446469990]
[GameWorld] Client updating remote player 446469990, isLocal=Player_446469990
[PlayerController] Updating remote player 446469990 position from (835.5834, 176.14117) to (838.9167, 176.14117)
[GameWorld] SyncPlayerPosition RPC received on peer 1125268556: Player 446469990 at (842.25, 176.14117)
[GameWorld] Current player controllers: 3, Keys: [1125268556, 1, 446469990]
[GameWorld] Client updating remote player 446469990, isLocal=Player_446469990
[PlayerController] Updating remote player 446469990 position from (838.9167, 176.14117) to (842.25, 176.14117)
[GameWorld] SyncPlayerPosition RPC received on peer 1125268556: Player 446469990 at (845.5833, 176.14117)
[GameWorld] Current player controllers: 3, Keys: [1125268556, 1, 446469990]
[GameWorld] Client updating remote player 446469990, isLocal=Player_446469990
[PlayerController] Updating remote player 446469990 position from (842.25, 176.14117) to (845.5833, 176.14117)
[GameWorld] SyncPlayerPosition RPC received on peer 1125268556: Player 446469990 at (848.9166, 176.14117)
[GameWorld] Current player controllers: 3, Keys: [1125268556, 1, 446469990]
[GameWorld] Client updating remote player 446469990, isLocal=Player_446469990
[PlayerController] Updating remote player 446469990 position from (845.5833, 176.14117) to (848.9166, 176.14117)
[GameWorld] SyncPlayerPosition RPC received on peer 1125268556: Player 446469990 at (852.24994, 176.14117)
[GameWorld] Current player controllers: 3, Keys: [1125268556, 1, 446469990]
[GameWorld] Client updating remote player 446469990, isLocal=Player_446469990
[PlayerController] Updating remote player 446469990 position from (848.9166, 176.14117) to (852.24994, 176.14117)
[GameWorld] SyncPlayerPosition RPC received on peer 1125268556: Player 446469990 at (855.58325, 176.14117)
[GameWorld] Current player controllers: 3, Keys: [1125268556, 1, 446469990]
[GameWorld] Client updating remote player 446469990, isLocal=Player_446469990
[PlayerController] Updating remote player 446469990 position from (852.24994, 176.14117) to (855.58325, 176.14117)
[GameWorld] SyncPlayerPosition RPC received on peer 1125268556: Player 446469990 at (858.91656, 176.14117)
[GameWorld] Current player controllers: 3, Keys: [1125268556, 1, 446469990]
[GameWorld] Client updating remote player 446469990, isLocal=Player_446469990
[PlayerController] Updating remote player 446469990 position from (855.58325, 176.14117) to (858.91656, 176.14117)
[GameWorld] SyncPlayerPosition RPC received on peer 1125268556: Player 446469990 at (862.2499, 176.14117)
[GameWorld] Current player controllers: 3, Keys: [1125268556, 1, 446469990]
[GameWorld] Client updating remote player 446469990, isLocal=Player_446469990
[PlayerController] Updating remote player 446469990 position from (858.91656, 176.14117) to (862.2499, 176.14117)
[GameWorld] SyncPlayerPosition RPC received on peer 1125268556: Player 446469990 at (865.5832, 176.14117)
[GameWorld] Current player controllers: 3, Keys: [1125268556, 1, 446469990]
[GameWorld] Client updating remote player 446469990, isLocal=Player_446469990
[PlayerController] Updating remote player 446469990 position from (862.2499, 176.14117) to (865.5832, 176.14117)
[GameWorld] SyncPlayerPosition RPC received on peer 1125268556: Player 446469990 at (868.9165, 176.14117)
[GameWorld] Current player controllers: 3, Keys: [1125268556, 1, 446469990]
[GameWorld] Client updating remote player 446469990, isLocal=Player_446469990
[PlayerController] Updating remote player 446469990 position from (865.5832, 176.14117) to (868.9165, 176.14117)
[GameWorld] SyncPlayerPosition RPC received on peer 1125268556: Player 446469990 at (872.2498, 176.14117)
[GameWorld] Current player controllers: 3, Keys: [1125268556, 1, 446469990]
[GameWorld] Client updating remote player 446469990, isLocal=Player_446469990
[PlayerController] Updating remote player 446469990 position from (868.9165, 176.14117) to (872.2498, 176.14117)
[GameWorld] SyncPlayerPosition RPC received on peer 1125268556: Player 446469990 at (875.5831, 176.14117)
[GameWorld] Current player controllers: 3, Keys: [1125268556, 1, 446469990]
[GameWorld] Client updating remote player 446469990, isLocal=Player_446469990
[PlayerController] Updating remote player 446469990 position from (872.2498, 176.14117) to (875.5831, 176.14117)
Body entered Rebecca: Player_446469990
[GameWorld] SyncPlayerPosition RPC received on peer 1125268556: Player 446469990 at (878.91644, 176.14117)
[GameWorld] Current player controllers: 3, Keys: [1125268556, 1, 446469990]
[GameWorld] Client updating remote player 446469990, isLocal=Player_446469990
[PlayerController] Updating remote player 446469990 position from (875.5831, 176.14117) to (878.91644, 176.14117)
[GameWorld] SyncPlayerPosition RPC received on peer 1125268556: Player 446469990 at (882.24976, 176.14117)
[GameWorld] Current player controllers: 3, Keys: [1125268556, 1, 446469990]
[GameWorld] Client updating remote player 446469990, isLocal=Player_446469990
[PlayerController] Updating remote player 446469990 position from (878.91644, 176.14117) to (882.24976, 176.14117)
[GameWorld] SyncPlayerPosition RPC received on peer 1125268556: Player 446469990 at (885.58307, 176.14117)
[GameWorld] Current player controllers: 3, Keys: [1125268556, 1, 446469990]
[GameWorld] Client updating remote player 446469990, isLocal=Player_446469990
[PlayerController] Updating remote player 446469990 position from (882.24976, 176.14117) to (885.58307, 176.14117)
[GameWorld] SyncPlayerPosition RPC received on peer 1125268556: Player 446469990 at (888.9164, 176.14117)
[GameWorld] Current player controllers: 3, Keys: [1125268556, 1, 446469990]
[GameWorld] Client updating remote player 446469990, isLocal=Player_446469990
[PlayerController] Updating remote player 446469990 position from (885.58307, 176.14117) to (888.9164, 176.14117)
[GameWorld] SyncPlayerPosition RPC received on peer 1125268556: Player 446469990 at (892.2497, 176.14117)
[GameWorld] Current player controllers: 3, Keys: [1125268556, 1, 446469990]
[GameWorld] Client updating remote player 446469990, isLocal=Player_446469990
[PlayerController] Updating remote player 446469990 position from (888.9164, 176.14117) to (892.2497, 176.14117)
[GameWorld] SyncPlayerPosition RPC received on peer 1125268556: Player 446469990 at (895.583, 176.14117)
[GameWorld] Current player controllers: 3, Keys: [1125268556, 1, 446469990]
[GameWorld] Client updating remote player 446469990, isLocal=Player_446469990
[PlayerController] Updating remote player 446469990 position from (892.2497, 176.14117) to (895.583, 176.14117)
[GameWorld] SyncPlayerPosition RPC received on peer 1125268556: Player 446469990 at (898.9163, 176.14117)
[GameWorld] Current player controllers: 3, Keys: [1125268556, 1, 446469990]
[GameWorld] Client updating remote player 446469990, isLocal=Player_446469990
[PlayerController] Updating remote player 446469990 position from (895.583, 176.14117) to (898.9163, 176.14117)
[GameWorld] SyncPlayerPosition RPC received on peer 1125268556: Player 446469990 at (902.24963, 176.14117)
[GameWorld] Current player controllers: 3, Keys: [1125268556, 1, 446469990]
[GameWorld] Client updating remote player 446469990, isLocal=Player_446469990
[PlayerController] Updating remote player 446469990 position from (898.9163, 176.14117) to (902.24963, 176.14117)
[GameWorld] SyncPlayerPosition RPC received on peer 1125268556: Player 446469990 at (905.58295, 176.14117)
[GameWorld] Current player controllers: 3, Keys: [1125268556, 1, 446469990]
[GameWorld] Client updating remote player 446469990, isLocal=Player_446469990
[PlayerController] Updating remote player 446469990 position from (902.24963, 176.14117) to (905.58295, 176.14117)
[GameWorld] SyncPlayerPosition RPC received on peer 1125268556: Player 446469990 at (908.91626, 176.14117)
[GameWorld] Current player controllers: 3, Keys: [1125268556, 1, 446469990]
[GameWorld] Client updating remote player 446469990, isLocal=Player_446469990
[PlayerController] Updating remote player 446469990 position from (905.58295, 176.14117) to (908.91626, 176.14117)
[GameWorld] SyncPlayerPosition RPC received on peer 1125268556: Player 446469990 at (912.2496, 176.14117)
[GameWorld] Current player controllers: 3, Keys: [1125268556, 1, 446469990]
[GameWorld] Client updating remote player 446469990, isLocal=Player_446469990
[PlayerController] Updating remote player 446469990 position from (908.91626, 176.14117) to (912.2496, 176.14117)
[GameWorld] SyncPlayerPosition RPC received on peer 1125268556: Player 446469990 at (915.5829, 176.14117)
[GameWorld] Current player controllers: 3, Keys: [1125268556, 1, 446469990]
[GameWorld] Client updating remote player 446469990, isLocal=Player_446469990
[PlayerController] Updating remote player 446469990 position from (912.2496, 176.14117) to (915.5829, 176.14117)
[GameWorld] SyncPlayerPosition RPC received on peer 1125268556: Player 446469990 at (918.9162, 176.14117)
[GameWorld] Current player controllers: 3, Keys: [1125268556, 1, 446469990]
[GameWorld] Client updating remote player 446469990, isLocal=Player_446469990
[PlayerController] Updating remote player 446469990 position from (915.5829, 176.14117) to (918.9162, 176.14117)
[GameWorld] SyncPlayerPosition RPC received on peer 1125268556: Player 446469990 at (922.2495, 176.14117)
[GameWorld] Current player controllers: 3, Keys: [1125268556, 1, 446469990]
[GameWorld] Client updating remote player 446469990, isLocal=Player_446469990
[PlayerController] Updating remote player 446469990 position from (918.9162, 176.14117) to (922.2495, 176.14117)
[GameWorld] SyncPlayerPosition RPC received on peer 1125268556: Player 446469990 at (925.5828, 176.14117)
[GameWorld] Current player controllers: 3, Keys: [1125268556, 1, 446469990]
[GameWorld] Client updating remote player 446469990, isLocal=Player_446469990
[PlayerController] Updating remote player 446469990 position from (922.2495, 176.14117) to (925.5828, 176.14117)
[GameWorld] SyncPlayerPosition RPC received on peer 1125268556: Player 446469990 at (928.91614, 176.14117)
[GameWorld] Current player controllers: 3, Keys: [1125268556, 1, 446469990]
[GameWorld] Client updating remote player 446469990, isLocal=Player_446469990
[PlayerController] Updating remote player 446469990 position from (925.5828, 176.14117) to (928.91614, 176.14117)
[GameWorld] SyncPlayerPosition RPC received on peer 1125268556: Player 446469990 at (932.24945, 176.14117)
[GameWorld] Current player controllers: 3, Keys: [1125268556, 1, 446469990]
[GameWorld] Client updating remote player 446469990, isLocal=Player_446469990
[PlayerController] Updating remote player 446469990 position from (928.91614, 176.14117) to (932.24945, 176.14117)
[GameWorld] SyncPlayerPosition RPC received on peer 1125268556: Player 446469990 at (935.58276, 176.14117)
[GameWorld] Current player controllers: 3, Keys: [1125268556, 1, 446469990]
[GameWorld] Client updating remote player 446469990, isLocal=Player_446469990
[PlayerController] Updating remote player 446469990 position from (932.24945, 176.14117) to (935.58276, 176.14117)
[GameWorld] SyncPlayerPosition RPC received on peer 1125268556: Player 446469990 at (938.9161, 176.14117)
[GameWorld] Current player controllers: 3, Keys: [1125268556, 1, 446469990]
[GameWorld] Client updating remote player 446469990, isLocal=Player_446469990
[PlayerController] Updating remote player 446469990 position from (935.58276, 176.14117) to (938.9161, 176.14117)
[GameWorld] SyncPlayerPosition RPC received on peer 1125268556: Player 446469990 at (942.2494, 176.14117)
[GameWorld] Current player controllers: 3, Keys: [1125268556, 1, 446469990]
[GameWorld] Client updating remote player 446469990, isLocal=Player_446469990
[PlayerController] Updating remote player 446469990 position from (938.9161, 176.14117) to (942.2494, 176.14117)
[GameWorld] SyncPlayerPosition RPC received on peer 1125268556: Player 446469990 at (945.5827, 176.14117)
[GameWorld] Current player controllers: 3, Keys: [1125268556, 1, 446469990]
[GameWorld] Client updating remote player 446469990, isLocal=Player_446469990
[PlayerController] Updating remote player 446469990 position from (942.2494, 176.14117) to (945.5827, 176.14117)
[GameWorld] SyncPlayerPosition RPC received on peer 1125268556: Player 446469990 at (948.916, 176.14117)
[GameWorld] Current player controllers: 3, Keys: [1125268556, 1, 446469990]
[GameWorld] Client updating remote player 446469990, isLocal=Player_446469990
[PlayerController] Updating remote player 446469990 position from (945.5827, 176.14117) to (948.916, 176.14117)
[GameWorld] SyncPlayerPosition RPC received on peer 1125268556: Player 446469990 at (952.2493, 176.14117)
[GameWorld] Current player controllers: 3, Keys: [1125268556, 1, 446469990]
[GameWorld] Client updating remote player 446469990, isLocal=Player_446469990
[PlayerController] Updating remote player 446469990 position from (948.916, 176.14117) to (952.2493, 176.14117)
[GameWorld] SyncPlayerPosition RPC received on peer 1125268556: Player 446469990 at (955.58264, 176.14117)
[GameWorld] Current player controllers: 3, Keys: [1125268556, 1, 446469990]
[GameWorld] Client updating remote player 446469990, isLocal=Player_446469990
[PlayerController] Updating remote player 446469990 position from (952.2493, 176.14117) to (955.58264, 176.14117)
[GameWorld] SyncPlayerPosition RPC received on peer 1125268556: Player 446469990 at (958.91595, 176.14117)
[GameWorld] Current player controllers: 3, Keys: [1125268556, 1, 446469990]
[GameWorld] Client updating remote player 446469990, isLocal=Player_446469990
[PlayerController] Updating remote player 446469990 position from (955.58264, 176.14117) to (958.91595, 176.14117)
[GameWorld] SyncPlayerPosition RPC received on peer 1125268556: Player 446469990 at (962.24927, 176.14117)
[GameWorld] Current player controllers: 3, Keys: [1125268556, 1, 446469990]
[GameWorld] Client updating remote player 446469990, isLocal=Player_446469990
[PlayerController] Updating remote player 446469990 position from (958.91595, 176.14117) to (962.24927, 176.14117)
[GameWorld] SyncPlayerPosition RPC received on peer 1125268556: Player 446469990 at (965.5826, 176.14117)
[GameWorld] Current player controllers: 3, Keys: [1125268556, 1, 446469990]
[GameWorld] Client updating remote player 446469990, isLocal=Player_446469990
[PlayerController] Updating remote player 446469990 position from (962.24927, 176.14117) to (965.5826, 176.14117)
[GameWorld] SyncPlayerPosition RPC received on peer 1125268556: Player 446469990 at (968.9159, 176.14117)
[GameWorld] Current player controllers: 3, Keys: [1125268556, 1, 446469990]
[GameWorld] Client updating remote player 446469990, isLocal=Player_446469990
[PlayerController] Updating remote player 446469990 position from (965.5826, 176.14117) to (968.9159, 176.14117)
[GameWorld] SyncPlayerPosition RPC received on peer 1125268556: Player 446469990 at (972.2492, 176.14117)
[GameWorld] Current player controllers: 3, Keys: [1125268556, 1, 446469990]
[GameWorld] Client updating remote player 446469990, isLocal=Player_446469990
[PlayerController] Updating remote player 446469990 position from (968.9159, 176.14117) to (972.2492, 176.14117)
[GameWorld] SyncPlayerPosition RPC received on peer 1125268556: Player 446469990 at (975.5825, 176.14117)
[GameWorld] Current player controllers: 3, Keys: [1125268556, 1, 446469990]
[GameWorld] Client updating remote player 446469990, isLocal=Player_446469990
[PlayerController] Updating remote player 446469990 position from (972.2492, 176.14117) to (975.5825, 176.14117)
[GameWorld] SyncPlayerPosition RPC received on peer 1125268556: Player 446469990 at (978.91583, 176.14117)
[GameWorld] Current player controllers: 3, Keys: [1125268556, 1, 446469990]
[GameWorld] Client updating remote player 446469990, isLocal=Player_446469990
[PlayerController] Updating remote player 446469990 position from (975.5825, 176.14117) to (978.91583, 176.14117)
[GameWorld] SyncPlayerPosition RPC received on peer 1125268556: Player 446469990 at (982.24915, 176.14117)
[GameWorld] Current player controllers: 3, Keys: [1125268556, 1, 446469990]
[GameWorld] Client updating remote player 446469990, isLocal=Player_446469990
[PlayerController] Updating remote player 446469990 position from (978.91583, 176.14117) to (982.24915, 176.14117)
[GameWorld] SyncPlayerPosition RPC received on peer 1125268556: Player 446469990 at (985.58246, 176.14117)
[GameWorld] Current player controllers: 3, Keys: [1125268556, 1, 446469990]
[GameWorld] Client updating remote player 446469990, isLocal=Player_446469990
[PlayerController] Updating remote player 446469990 position from (982.24915, 176.14117) to (985.58246, 176.14117)
[GameWorld] SyncPlayerPosition RPC received on peer 1125268556: Player 446469990 at (988.9158, 176.14117)
[GameWorld] Current player controllers: 3, Keys: [1125268556, 1, 446469990]
[GameWorld] Client updating remote player 446469990, isLocal=Player_446469990
[PlayerController] Updating remote player 446469990 position from (985.58246, 176.14117) to (988.9158, 176.14117)
[GameWorld] SyncPlayerPosition RPC received on peer 1125268556: Player 446469990 at (992.2491, 176.14117)
[GameWorld] Current player controllers: 3, Keys: [1125268556, 1, 446469990]
[GameWorld] Client updating remote player 446469990, isLocal=Player_446469990
[PlayerController] Updating remote player 446469990 position from (988.9158, 176.14117) to (992.2491, 176.14117)
[GameWorld] SyncPlayerPosition RPC received on peer 1125268556: Player 446469990 at (995.5824, 176.14117)
[GameWorld] Current player controllers: 3, Keys: [1125268556, 1, 446469990]
[GameWorld] Client updating remote player 446469990, isLocal=Player_446469990
[PlayerController] Updating remote player 446469990 position from (992.2491, 176.14117) to (995.5824, 176.14117)
[GameWorld] SyncPlayerPosition RPC received on peer 1125268556: Player 446469990 at (998.9157, 176.14117)
[GameWorld] Current player controllers: 3, Keys: [1125268556, 1, 446469990]
[GameWorld] Client updating remote player 446469990, isLocal=Player_446469990
[PlayerController] Updating remote player 446469990 position from (995.5824, 176.14117) to (998.9157, 176.14117)
[GameWorld] UpdateGameState called on peer 1125268556, players before: 3
[GameWorld] UpdateGameState called on peer 1125268556, players before: 3
Peer disconnected: 446469990
ERROR: System.ObjectDisposedException: Cannot access a disposed object.
Object name: 'Godot.ItemList'.
   at Godot.GodotObject.GetPtr(GodotObject instance) in /root/godot/modules/mono/glue/GodotSharp/GodotSharp/Core/GodotObject.base.cs:line 93
   at Godot.ItemList.Clear() in /root/godot/modules/mono/glue/GodotSharp/GodotSharp/Generated/GodotObjects/ItemList.cs:line 791
   at Lobby.UpdatePlayerList() in /Users/famoco/Desktop/fatal-attraction/scripts/Lobby.cs:line 151
   at Lobby.OnPlayerDisconnected(Int64 id) in /Users/famoco/Desktop/fatal-attraction/scripts/Lobby.cs:line 110
   at NetworkManager.RaiseGodotClassSignalCallbacks(godot_string_name& signal, NativeVariantPtrArgs args) in /Users/famoco/Desktop/fatal-attraction/.godot/mono/temp/obj/Debug/Godot.SourceGenerators/Godot.SourceGenerators.ScriptSignalsGenerator/NetworkManager_ScriptSignals.generated.cs:line 108
   at Godot.Bridge.ScriptManagerBridge.RaiseEventSignal(IntPtr ownerGCHandlePtr, godot_string_name* eventSignalName, godot_variant** args, Int32 argCount, godot_bool* outOwnerIsNull) in /root/godot/modules/mono/glue/GodotSharp/GodotSharp/Core/Bridge/ScriptManagerBridge.cs:line 387
   at: void Godot.NativeInterop.ExceptionUtils.LogException(System.Exception) (/root/godot/modules/mono/glue/GodotSharp/GodotSharp/Core/NativeInterop/ExceptionUtils.cs:113)
   C# backtrace (most recent call first):
       [0] void Godot.GD.PushError(string) (/root/godot/modules/mono/glue/GodotSharp/GodotSharp/Core/GD.cs:366)
       [1] void Godot.NativeInterop.ExceptionUtils.LogException(System.Exception) (/root/godot/modules/mono/glue/GodotSharp/GodotSharp/Core/NativeInterop/ExceptionUtils.cs:113)
       [2] void Godot.Bridge.ScriptManagerBridge.RaiseEventSignal(nint, Godot.NativeInterop.godot_string_name*, Godot.NativeInterop.godot_variant**, int, Godot.NativeInterop.godot_bool*) (/root/godot/modules/mono/glue/GodotSharp/GodotSharp/Core/Bridge/ScriptManagerBridge.cs:387)
       [3] Godot.NativeInterop.godot_variant Godot.NativeInterop.NativeFuncs.godotsharp_method_bind_call(nint, nint, Godot.NativeInterop.godot_variant**, int, Godot.NativeInterop.godot_variant_call_error&) (/root/godot/modules/mono/glue/GodotSharp/GodotSharp/Godot.SourceGenerators.Internal/Godot.SourceGenerators.Internal.UnmanagedCallbacksGenerator/Godot.NativeInterop.NativeFuncs.generated.cs:388)
       [4] int Godot.NativeCalls.godot_icall_2_873(nint, nint, Godot.NativeInterop.godot_string_name, System.ReadOnlySpan`1[Godot.Variant], Godot.NativeInterop.godot_string_name) (/root/godot/modules/mono/glue/GodotSharp/GodotSharp/Generated/NativeCalls.cs:7778)
       [5] Godot.Error Godot.GodotObject.EmitSignal(Godot.StringName, Godot.Variant[]) (/root/godot/modules/mono/glue/GodotSharp/GodotSharp/Generated/GodotObjects/GodotObject.cs:698)
       [6] void NetworkManager.OnPeerDisconnected(long) (/Users/famoco/Desktop/fatal-attraction/scripts/NetworkManager.cs:103)
       [7] void Godot.MultiplayerApi.PeerDisconnectedTrampoline(object, Godot.NativeInterop.NativeVariantPtrArgs, Godot.NativeInterop.godot_variant&) (/root/godot/modules/mono/glue/GodotSharp/GodotSharp/Generated/GodotObjects/MultiplayerApi.cs:261)
       [8] void Godot.DelegateUtils.InvokeWithVariantArgs(nint, System.Void*, Godot.NativeInterop.godot_variant**, int, Godot.NativeInterop.godot_variant*) (/root/godot/modules/mono/glue/GodotSharp/GodotSharp/Core/DelegateUtils.cs:86)
Peer disconnected: 1
ERROR: System.ObjectDisposedException: Cannot access a disposed object.
Object name: 'Godot.ItemList'.
   at Godot.GodotObject.GetPtr(GodotObject instance) in /root/godot/modules/mono/glue/GodotSharp/GodotSharp/Core/GodotObject.base.cs:line 93
   at Godot.ItemList.Clear() in /root/godot/modules/mono/glue/GodotSharp/GodotSharp/Generated/GodotObjects/ItemList.cs:line 791
   at Lobby.UpdatePlayerList() in /Users/famoco/Desktop/fatal-attraction/scripts/Lobby.cs:line 151
   at Lobby.OnPlayerDisconnected(Int64 id) in /Users/famoco/Desktop/fatal-attraction/scripts/Lobby.cs:line 110
   at NetworkManager.RaiseGodotClassSignalCallbacks(godot_string_name& signal, NativeVariantPtrArgs args) in /Users/famoco/Desktop/fatal-attraction/.godot/mono/temp/obj/Debug/Godot.SourceGenerators/Godot.SourceGenerators.ScriptSignalsGenerator/NetworkManager_ScriptSignals.generated.cs:line 108
   at Godot.Bridge.ScriptManagerBridge.RaiseEventSignal(IntPtr ownerGCHandlePtr, godot_string_name* eventSignalName, godot_variant** args, Int32 argCount, godot_bool* outOwnerIsNull) in /root/godot/modules/mono/glue/GodotSharp/GodotSharp/Core/Bridge/ScriptManagerBridge.cs:line 387
   at: void Godot.NativeInterop.ExceptionUtils.LogException(System.Exception) (/root/godot/modules/mono/glue/GodotSharp/GodotSharp/Core/NativeInterop/ExceptionUtils.cs:113)
   C# backtrace (most recent call first):
       [0] void Godot.GD.PushError(string) (/root/godot/modules/mono/glue/GodotSharp/GodotSharp/Core/GD.cs:366)
       [1] void Godot.NativeInterop.ExceptionUtils.LogException(System.Exception) (/root/godot/modules/mono/glue/GodotSharp/GodotSharp/Core/NativeInterop/ExceptionUtils.cs:113)
       [2] void Godot.Bridge.ScriptManagerBridge.RaiseEventSignal(nint, Godot.NativeInterop.godot_string_name*, Godot.NativeInterop.godot_variant**, int, Godot.NativeInterop.godot_bool*) (/root/godot/modules/mono/glue/GodotSharp/GodotSharp/Core/Bridge/ScriptManagerBridge.cs:387)
       [3] Godot.NativeInterop.godot_variant Godot.NativeInterop.NativeFuncs.godotsharp_method_bind_call(nint, nint, Godot.NativeInterop.godot_variant**, int, Godot.NativeInterop.godot_variant_call_error&) (/root/godot/modules/mono/glue/GodotSharp/GodotSharp/Godot.SourceGenerators.Internal/Godot.SourceGenerators.Internal.UnmanagedCallbacksGenerator/Godot.NativeInterop.NativeFuncs.generated.cs:388)
       [4] int Godot.NativeCalls.godot_icall_2_873(nint, nint, Godot.NativeInterop.godot_string_name, System.ReadOnlySpan`1[Godot.Variant], Godot.NativeInterop.godot_string_name) (/root/godot/modules/mono/glue/GodotSharp/GodotSharp/Generated/NativeCalls.cs:7778)
       [5] Godot.Error Godot.GodotObject.EmitSignal(Godot.StringName, Godot.Variant[]) (/root/godot/modules/mono/glue/GodotSharp/GodotSharp/Generated/GodotObjects/GodotObject.cs:698)
       [6] void NetworkManager.OnPeerDisconnected(long) (/Users/famoco/Desktop/fatal-attraction/scripts/NetworkManager.cs:103)
       [7] void Godot.MultiplayerApi.PeerDisconnectedTrampoline(object, Godot.NativeInterop.NativeVariantPtrArgs, Godot.NativeInterop.godot_variant&) (/root/godot/modules/mono/glue/GodotSharp/GodotSharp/Generated/GodotObjects/MultiplayerApi.cs:261)
       [8] void Godot.DelegateUtils.InvokeWithVariantArgs(nint, System.Void*, Godot.NativeInterop.godot_variant**, int, Godot.NativeInterop.godot_variant*) (/root/godot/modules/mono/glue/GodotSharp/GodotSharp/Core/DelegateUtils.cs:86)
Server disconnected.
ERROR: System.ObjectDisposedException: Cannot access a disposed object.
Object name: 'Godot.ItemList'.
   at Godot.GodotObject.GetPtr(GodotObject instance) in /root/godot/modules/mono/glue/GodotSharp/GodotSharp/Core/GodotObject.base.cs:line 93
   at Godot.ItemList.Clear() in /root/godot/modules/mono/glue/GodotSharp/GodotSharp/Generated/GodotObjects/ItemList.cs:line 791
   at Lobby.UpdatePlayerList() in /Users/famoco/Desktop/fatal-attraction/scripts/Lobby.cs:line 151
   at Lobby.OnPlayerDisconnected(Int64 id) in /Users/famoco/Desktop/fatal-attraction/scripts/Lobby.cs:line 110
   at NetworkManager.RaiseGodotClassSignalCallbacks(godot_string_name& signal, NativeVariantPtrArgs args) in /Users/famoco/Desktop/fatal-attraction/.godot/mono/temp/obj/Debug/Godot.SourceGenerators/Godot.SourceGenerators.ScriptSignalsGenerator/NetworkManager_ScriptSignals.generated.cs:line 108
   at Godot.Bridge.ScriptManagerBridge.RaiseEventSignal(IntPtr ownerGCHandlePtr, godot_string_name* eventSignalName, godot_variant** args, Int32 argCount, godot_bool* outOwnerIsNull) in /root/godot/modules/mono/glue/GodotSharp/GodotSharp/Core/Bridge/ScriptManagerBridge.cs:line 387
   at: void Godot.NativeInterop.ExceptionUtils.LogException(System.Exception) (/root/godot/modules/mono/glue/GodotSharp/GodotSharp/Core/NativeInterop/ExceptionUtils.cs:113)
   C# backtrace (most recent call first):
       [0] void Godot.GD.PushError(string) (/root/godot/modules/mono/glue/GodotSharp/GodotSharp/Core/GD.cs:366)
       [1] void Godot.NativeInterop.ExceptionUtils.LogException(System.Exception) (/root/godot/modules/mono/glue/GodotSharp/GodotSharp/Core/NativeInterop/ExceptionUtils.cs:113)
       [2] void Godot.Bridge.ScriptManagerBridge.RaiseEventSignal(nint, Godot.NativeInterop.godot_string_name*, Godot.NativeInterop.godot_variant**, int, Godot.NativeInterop.godot_bool*) (/root/godot/modules/mono/glue/GodotSharp/GodotSharp/Core/Bridge/ScriptManagerBridge.cs:387)
       [3] Godot.NativeInterop.godot_variant Godot.NativeInterop.NativeFuncs.godotsharp_method_bind_call(nint, nint, Godot.NativeInterop.godot_variant**, int, Godot.NativeInterop.godot_variant_call_error&) (/root/godot/modules/mono/glue/GodotSharp/GodotSharp/Godot.SourceGenerators.Internal/Godot.SourceGenerators.Internal.UnmanagedCallbacksGenerator/Godot.NativeInterop.NativeFuncs.generated.cs:388)
       [4] int Godot.NativeCalls.godot_icall_2_873(nint, nint, Godot.NativeInterop.godot_string_name, System.ReadOnlySpan`1[Godot.Variant], Godot.NativeInterop.godot_string_name) (/root/godot/modules/mono/glue/GodotSharp/GodotSharp/Generated/NativeCalls.cs:7778)
       [5] Godot.Error Godot.GodotObject.EmitSignal(Godot.StringName, Godot.Variant[]) (/root/godot/modules/mono/glue/GodotSharp/GodotSharp/Generated/GodotObjects/GodotObject.cs:698)
       [6] void NetworkManager.OnServerDisconnected() (/Users/famoco/Desktop/fatal-attraction/scripts/NetworkManager.cs:129)
       [7] void Godot.Callable.<From>g__Trampoline|1_0(object, Godot.NativeInterop.NativeVariantPtrArgs, Godot.NativeInterop.godot_variant&) (/root/godot/modules/mono/glue/GodotSharp/GodotSharp/Core/Callable.generics.cs:39)
       [8] void Godot.DelegateUtils.InvokeWithVariantArgs(nint, System.Void*, Godot.NativeInterop.godot_variant**, int, Godot.NativeInterop.godot_variant*) (/root/godot/modules/mono/glue/GodotSharp/GodotSharp/Core/DelegateUtils.cs:86)
ERROR: No multiplayer peer is assigned. Unable to get unique ID.
   at: get_unique_id (modules/multiplayer/scene_multiplayer.cpp:532)
   C# backtrace (most recent call first):
       [0] Godot.NativeInterop.godot_bool Godot.NativeCalls.godot_icall_0_15(nint, nint) (/root/godot/modules/mono/glue/GodotSharp/GodotSharp/Generated/NativeCalls.cs:147)
       [1] bool Godot.MultiplayerApi.IsServer() (/root/godot/modules/mono/glue/GodotSharp/GodotSharp/Generated/GodotObjects/MultiplayerApi.cs:120)
       [2] void GameWorld._Process(double) (/Users/famoco/Desktop/fatal-attraction/scripts/GameWorld.cs:406)
       [3] bool Godot.Node.InvokeGodotClassMethod(Godot.NativeInterop.godot_string_name&, Godot.NativeInterop.NativeVariantPtrArgs, Godot.NativeInterop.godot_variant&) (/root/godot/modules/mono/glue/GodotSharp/GodotSharp/Generated/GodotObjects/Node.cs:2654)
       [4] bool Godot.CanvasItem.InvokeGodotClassMethod(Godot.NativeInterop.godot_string_name&, Godot.NativeInterop.NativeVariantPtrArgs, Godot.NativeInterop.godot_variant&) (/root/godot/modules/mono/glue/GodotSharp/GodotSharp/Generated/GodotObjects/CanvasItem.cs:1758)
       [5] bool Godot.Node2D.InvokeGodotClassMethod(Godot.NativeInterop.godot_string_name&, Godot.NativeInterop.NativeVariantPtrArgs, Godot.NativeInterop.godot_variant&) (/root/godot/modules/mono/glue/GodotSharp/GodotSharp/Generated/GodotObjects/Node2D.cs:557)
       [6] bool GameWorld.InvokeGodotClassMethod(Godot.NativeInterop.godot_string_name&, Godot.NativeInterop.NativeVariantPtrArgs, Godot.NativeInterop.godot_variant&) (/Users/famoco/Desktop/fatal-attraction/.godot/mono/temp/obj/Debug/Godot.SourceGenerators/Godot.SourceGenerators.ScriptMethodsGenerator/GameWorld_ScriptMethods.generated.cs:308)
       [7] Godot.NativeInterop.godot_bool Godot.Bridge.CSharpInstanceBridge.Call(nint, Godot.NativeInterop.godot_string_name*, Godot.NativeInterop.godot_variant**, int, Godot.NativeInterop.godot_variant_call_error*, Godot.NativeInterop.godot_variant*) (/root/godot/modules/mono/glue/GodotSharp/GodotSharp/Core/Bridge/CSharpInstanceBridge.cs:24)
ERROR: No multiplayer peer is assigned. Unable to get unique ID.
   at: get_unique_id (modules/multiplayer/scene_multiplayer.cpp:532)
   C# backtrace (most recent call first):
       [0] Godot.NativeInterop.godot_bool Godot.NativeCalls.godot_icall_0_15(nint, nint) (/root/godot/modules/mono/glue/GodotSharp/GodotSharp/Generated/NativeCalls.cs:147)
       [1] bool Godot.MultiplayerApi.IsServer() (/root/godot/modules/mono/glue/GodotSharp/GodotSharp/Generated/GodotObjects/MultiplayerApi.cs:120)
       [2] void GameWorld._Process(double) (/Users/famoco/Desktop/fatal-attraction/scripts/GameWorld.cs:406)
       [3] bool Godot.Node.InvokeGodotClassMethod(Godot.NativeInterop.godot_string_name&, Godot.NativeInterop.NativeVariantPtrArgs, Godot.NativeInterop.godot_variant&) (/root/godot/modules/mono/glue/GodotSharp/GodotSharp/Generated/GodotObjects/Node.cs:2654)
       [4] bool Godot.CanvasItem.InvokeGodotClassMethod(Godot.NativeInterop.godot_string_name&, Godot.NativeInterop.NativeVariantPtrArgs, Godot.NativeInterop.godot_variant&) (/root/godot/modules/mono/glue/GodotSharp/GodotSharp/Generated/GodotObjects/CanvasItem.cs:1758)
       [5] bool Godot.Node2D.InvokeGodotClassMethod(Godot.NativeInterop.godot_string_name&, Godot.NativeInterop.NativeVariantPtrArgs, Godot.NativeInterop.godot_variant&) (/root/godot/modules/mono/glue/GodotSharp/GodotSharp/Generated/GodotObjects/Node2D.cs:557)
       [6] bool GameWorld.InvokeGodotClassMethod(Godot.NativeInterop.godot_string_name&, Godot.NativeInterop.NativeVariantPtrArgs, Godot.NativeInterop.godot_variant&) (/Users/famoco/Desktop/fatal-attraction/.godot/mono/temp/obj/Debug/Godot.SourceGenerators/Godot.SourceGenerators.ScriptMethodsGenerator/GameWorld_ScriptMethods.generated.cs:308)
       [7] Godot.NativeInterop.godot_bool Godot.Bridge.CSharpInstanceBridge.Call(nint, Godot.NativeInterop.godot_string_name*, Godot.NativeInterop.godot_variant**, int, Godot.NativeInterop.godot_variant_call_error*, Godot.NativeInterop.godot_variant*) (/root/godot/modules/mono/glue/GodotSharp/GodotSharp/Core/Bridge/CSharpInstanceBridge.cs:24)
ERROR: No multiplayer peer is assigned. Unable to get unique ID.
   at: get_unique_id (modules/multiplayer/scene_multiplayer.cpp:532)
   C# backtrace (most recent call first):
       [0] Godot.NativeInterop.godot_bool Godot.NativeCalls.godot_icall_0_15(nint, nint) (/root/godot/modules/mono/glue/GodotSharp/GodotSharp/Generated/NativeCalls.cs:147)
       [1] bool Godot.MultiplayerApi.IsServer() (/root/godot/modules/mono/glue/GodotSharp/GodotSharp/Generated/GodotObjects/MultiplayerApi.cs:120)
       [2] void GameWorld._Process(double) (/Users/famoco/Desktop/fatal-attraction/scripts/GameWorld.cs:406)
       [3] bool Godot.Node.InvokeGodotClassMethod(Godot.NativeInterop.godot_string_name&, Godot.NativeInterop.NativeVariantPtrArgs, Godot.NativeInterop.godot_variant&) (/root/godot/modules/mono/glue/GodotSharp/GodotSharp/Generated/GodotObjects/Node.cs:2654)
       [4] bool Godot.CanvasItem.InvokeGodotClassMethod(Godot.NativeInterop.godot_string_name&, Godot.NativeInterop.NativeVariantPtrArgs, Godot.NativeInterop.godot_variant&) (/root/godot/modules/mono/glue/GodotSharp/GodotSharp/Generated/GodotObjects/CanvasItem.cs:1758)
       [5] bool Godot.Node2D.InvokeGodotClassMethod(Godot.NativeInterop.godot_string_name&, Godot.NativeInterop.NativeVariantPtrArgs, Godot.NativeInterop.godot_variant&) (/root/godot/modules/mono/glue/GodotSharp/GodotSharp/Generated/GodotObjects/Node2D.cs:557)
       [6] bool GameWorld.InvokeGodotClassMethod(Godot.NativeInterop.godot_string_name&, Godot.NativeInterop.NativeVariantPtrArgs, Godot.NativeInterop.godot_variant&) (/Users/famoco/Desktop/fatal-attraction/.godot/mono/temp/obj/Debug/Godot.SourceGenerators/Godot.SourceGenerators.ScriptMethodsGenerator/GameWorld_ScriptMethods.generated.cs:308)
       [7] Godot.NativeInterop.godot_bool Godot.Bridge.CSharpInstanceBridge.Call(nint, Godot.NativeInterop.godot_string_name*, Godot.NativeInterop.godot_variant**, int, Godot.NativeInterop.godot_variant_call_error*, Godot.NativeInterop.godot_variant*) (/root/godot/modules/mono/glue/GodotSharp/GodotSharp/Core/Bridge/CSharpInstanceBridge.cs:24)
ERROR: No multiplayer peer is assigned. Unable to get unique ID.
   at: get_unique_id (modules/multiplayer/scene_multiplayer.cpp:532)
   C# backtrace (most recent call first):
       [0] Godot.NativeInterop.godot_bool Godot.NativeCalls.godot_icall_0_15(nint, nint) (/root/godot/modules/mono/glue/GodotSharp/GodotSharp/Generated/NativeCalls.cs:147)
       [1] bool Godot.MultiplayerApi.IsServer() (/root/godot/modules/mono/glue/GodotSharp/GodotSharp/Generated/GodotObjects/MultiplayerApi.cs:120)
       [2] void GameWorld._Process(double) (/Users/famoco/Desktop/fatal-attraction/scripts/GameWorld.cs:406)
       [3] bool Godot.Node.InvokeGodotClassMethod(Godot.NativeInterop.godot_string_name&, Godot.NativeInterop.NativeVariantPtrArgs, Godot.NativeInterop.godot_variant&) (/root/godot/modules/mono/glue/GodotSharp/GodotSharp/Generated/GodotObjects/Node.cs:2654)
       [4] bool Godot.CanvasItem.InvokeGodotClassMethod(Godot.NativeInterop.godot_string_name&, Godot.NativeInterop.NativeVariantPtrArgs, Godot.NativeInterop.godot_variant&) (/root/godot/modules/mono/glue/GodotSharp/GodotSharp/Generated/GodotObjects/CanvasItem.cs:1758)
       [5] bool Godot.Node2D.InvokeGodotClassMethod(Godot.NativeInterop.godot_string_name&, Godot.NativeInterop.NativeVariantPtrArgs, Godot.NativeInterop.godot_variant&) (/root/godot/modules/mono/glue/GodotSharp/GodotSharp/Generated/GodotObjects/Node2D.cs:557)
       [6] bool GameWorld.InvokeGodotClassMethod(Godot.NativeInterop.godot_string_name&, Godot.NativeInterop.NativeVariantPtrArgs, Godot.NativeInterop.godot_variant&) (/Users/famoco/Desktop/fatal-attraction/.godot/mono/temp/obj/Debug/Godot.SourceGenerators/Godot.SourceGenerators.ScriptMethodsGenerator/GameWorld_ScriptMethods.generated.cs:308)
       [7] Godot.NativeInterop.godot_bool Godot.Bridge.CSharpInstanceBridge.Call(nint, Godot.NativeInterop.godot_string_name*, Godot.NativeInterop.godot_variant**, int, Godot.NativeInterop.godot_variant_call_error*, Godot.NativeInterop.godot_variant*) (/root/godot/modules/mono/glue/GodotSharp/GodotSharp/Core/Bridge/CSharpInstanceBridge.cs:24)
ERROR: No multiplayer peer is assigned. Unable to get unique ID.
   at: get_unique_id (modules/multiplayer/scene_multiplayer.cpp:532)
   C# backtrace (most recent call first):
       [0] Godot.NativeInterop.godot_bool Godot.NativeCalls.godot_icall_0_15(nint, nint) (/root/godot/modules/mono/glue/GodotSharp/GodotSharp/Generated/NativeCalls.cs:147)
       [1] bool Godot.MultiplayerApi.IsServer() (/root/godot/modules/mono/glue/GodotSharp/GodotSharp/Generated/GodotObjects/MultiplayerApi.cs:120)
       [2] void GameWorld._Process(double) (/Users/famoco/Desktop/fatal-attraction/scripts/GameWorld.cs:406)
       [3] bool Godot.Node.InvokeGodotClassMethod(Godot.NativeInterop.godot_string_name&, Godot.NativeInterop.NativeVariantPtrArgs, Godot.NativeInterop.godot_variant&) (/root/godot/modules/mono/glue/GodotSharp/GodotSharp/Generated/GodotObjects/Node.cs:2654)
       [4] bool Godot.CanvasItem.InvokeGodotClassMethod(Godot.NativeInterop.godot_string_name&, Godot.NativeInterop.NativeVariantPtrArgs, Godot.NativeInterop.godot_variant&) (/root/godot/modules/mono/glue/GodotSharp/GodotSharp/Generated/GodotObjects/CanvasItem.cs:1758)
       [5] bool Godot.Node2D.InvokeGodotClassMethod(Godot.NativeInterop.godot_string_name&, Godot.NativeInterop.NativeVariantPtrArgs, Godot.NativeInterop.godot_variant&) (/root/godot/modules/mono/glue/GodotSharp/GodotSharp/Generated/GodotObjects/Node2D.cs:557)
       [6] bool GameWorld.InvokeGodotClassMethod(Godot.NativeInterop.godot_string_name&, Godot.NativeInterop.NativeVariantPtrArgs, Godot.NativeInterop.godot_variant&) (/Users/famoco/Desktop/fatal-attraction/.godot/mono/temp/obj/Debug/Godot.SourceGenerators/Godot.SourceGenerators.ScriptMethodsGenerator/GameWorld_ScriptMethods.generated.cs:308)
       [7] Godot.NativeInterop.godot_bool Godot.Bridge.CSharpInstanceBridge.Call(nint, Godot.NativeInterop.godot_string_name*, Godot.NativeInterop.godot_variant**, int, Godot.NativeInterop.godot_variant_call_error*, Godot.NativeInterop.godot_variant*) (/root/godot/modules/mono/glue/GodotSharp/GodotSharp/Core/Bridge/CSharpInstanceBridge.cs:24)
ERROR: No multiplayer peer is assigned. Unable to get unique ID.
   at: get_unique_id (modules/multiplayer/scene_multiplayer.cpp:532)
   C# backtrace (most recent call first):
       [0] Godot.NativeInterop.godot_bool Godot.NativeCalls.godot_icall_0_15(nint, nint) (/root/godot/modules/mono/glue/GodotSharp/GodotSharp/Generated/NativeCalls.cs:147)
       [1] bool Godot.MultiplayerApi.IsServer() (/root/godot/modules/mono/glue/GodotSharp/GodotSharp/Generated/GodotObjects/MultiplayerApi.cs:120)
       [2] void GameWorld._Process(double) (/Users/famoco/Desktop/fatal-attraction/scripts/GameWorld.cs:406)
       [3] bool Godot.Node.InvokeGodotClassMethod(Godot.NativeInterop.godot_string_name&, Godot.NativeInterop.NativeVariantPtrArgs, Godot.NativeInterop.godot_variant&) (/root/godot/modules/mono/glue/GodotSharp/GodotSharp/Generated/GodotObjects/Node.cs:2654)
       [4] bool Godot.CanvasItem.InvokeGodotClassMethod(Godot.NativeInterop.godot_string_name&, Godot.NativeInterop.NativeVariantPtrArgs, Godot.NativeInterop.godot_variant&) (/root/godot/modules/mono/glue/GodotSharp/GodotSharp/Generated/GodotObjects/CanvasItem.cs:1758)
       [5] bool Godot.Node2D.InvokeGodotClassMethod(Godot.NativeInterop.godot_string_name&, Godot.NativeInterop.NativeVariantPtrArgs, Godot.NativeInterop.godot_variant&) (/root/godot/modules/mono/glue/GodotSharp/GodotSharp/Generated/GodotObjects/Node2D.cs:557)
       [6] bool GameWorld.InvokeGodotClassMethod(Godot.NativeInterop.godot_string_name&, Godot.NativeInterop.NativeVariantPtrArgs, Godot.NativeInterop.godot_variant&) (/Users/famoco/Desktop/fatal-attraction/.godot/mono/temp/obj/Debug/Godot.SourceGenerators/Godot.SourceGenerators.ScriptMethodsGenerator/GameWorld_ScriptMethods.generated.cs:308)
       [7] Godot.NativeInterop.godot_bool Godot.Bridge.CSharpInstanceBridge.Call(nint, Godot.NativeInterop.godot_string_name*, Godot.NativeInterop.godot_variant**, int, Godot.NativeInterop.godot_variant_call_error*, Godot.NativeInterop.godot_variant*) (/root/godot/modules/mono/glue/GodotSharp/GodotSharp/Core/Bridge/CSharpInstanceBridge.cs:24)
ERROR: No multiplayer peer is assigned. Unable to get unique ID.
   at: get_unique_id (modules/multiplayer/scene_multiplayer.cpp:532)
   C# backtrace (most recent call first):
       [0] Godot.NativeInterop.godot_bool Godot.NativeCalls.godot_icall_0_15(nint, nint) (/root/godot/modules/mono/glue/GodotSharp/GodotSharp/Generated/NativeCalls.cs:147)
       [1] bool Godot.MultiplayerApi.IsServer() (/root/godot/modules/mono/glue/GodotSharp/GodotSharp/Generated/GodotObjects/MultiplayerApi.cs:120)
       [2] void GameWorld._Process(double) (/Users/famoco/Desktop/fatal-attraction/scripts/GameWorld.cs:406)
       [3] bool Godot.Node.InvokeGodotClassMethod(Godot.NativeInterop.godot_string_name&, Godot.NativeInterop.NativeVariantPtrArgs, Godot.NativeInterop.godot_variant&) (/root/godot/modules/mono/glue/GodotSharp/GodotSharp/Generated/GodotObjects/Node.cs:2654)
       [4] bool Godot.CanvasItem.InvokeGodotClassMethod(Godot.NativeInterop.godot_string_name&, Godot.NativeInterop.NativeVariantPtrArgs, Godot.NativeInterop.godot_variant&) (/root/godot/modules/mono/glue/GodotSharp/GodotSharp/Generated/GodotObjects/CanvasItem.cs:1758)
       [5] bool Godot.Node2D.InvokeGodotClassMethod(Godot.NativeInterop.godot_string_name&, Godot.NativeInterop.NativeVariantPtrArgs, Godot.NativeInterop.godot_variant&) (/root/godot/modules/mono/glue/GodotSharp/GodotSharp/Generated/GodotObjects/Node2D.cs:557)
       [6] bool GameWorld.InvokeGodotClassMethod(Godot.NativeInterop.godot_string_name&, Godot.NativeInterop.NativeVariantPtrArgs, Godot.NativeInterop.godot_variant&) (/Users/famoco/Desktop/fatal-attraction/.godot/mono/temp/obj/Debug/Godot.SourceGenerators/Godot.SourceGenerators.ScriptMethodsGenerator/GameWorld_ScriptMethods.generated.cs:308)
       [7] Godot.NativeInterop.godot_bool Godot.Bridge.CSharpInstanceBridge.Call(nint, Godot.NativeInterop.godot_string_name*, Godot.NativeInterop.godot_variant**, int, Godot.NativeInterop.godot_variant_call_error*, Godot.NativeInterop.godot_variant*) (/root/godot/modules/mono/glue/GodotSharp/GodotSharp/Core/Bridge/CSharpInstanceBridge.cs:24)
ERROR: No multiplayer peer is assigned. Unable to get unique ID.
   at: get_unique_id (modules/multiplayer/scene_multiplayer.cpp:532)
   C# backtrace (most recent call first):
       [0] Godot.NativeInterop.godot_bool Godot.NativeCalls.godot_icall_0_15(nint, nint) (/root/godot/modules/mono/glue/GodotSharp/GodotSharp/Generated/NativeCalls.cs:147)
       [1] bool Godot.MultiplayerApi.IsServer() (/root/godot/modules/mono/glue/GodotSharp/GodotSharp/Generated/GodotObjects/MultiplayerApi.cs:120)
       [2] void GameWorld._Process(double) (/Users/famoco/Desktop/fatal-attraction/scripts/GameWorld.cs:406)
       [3] bool Godot.Node.InvokeGodotClassMethod(Godot.NativeInterop.godot_string_name&, Godot.NativeInterop.NativeVariantPtrArgs, Godot.NativeInterop.godot_variant&) (/root/godot/modules/mono/glue/GodotSharp/GodotSharp/Generated/GodotObjects/Node.cs:2654)
       [4] bool Godot.CanvasItem.InvokeGodotClassMethod(Godot.NativeInterop.godot_string_name&, Godot.NativeInterop.NativeVariantPtrArgs, Godot.NativeInterop.godot_variant&) (/root/godot/modules/mono/glue/GodotSharp/GodotSharp/Generated/GodotObjects/CanvasItem.cs:1758)
       [5] bool Godot.Node2D.InvokeGodotClassMethod(Godot.NativeInterop.godot_string_name&, Godot.NativeInterop.NativeVariantPtrArgs, Godot.NativeInterop.godot_variant&) (/root/godot/modules/mono/glue/GodotSharp/GodotSharp/Generated/GodotObjects/Node2D.cs:557)
       [6] bool GameWorld.InvokeGodotClassMethod(Godot.NativeInterop.godot_string_name&, Godot.NativeInterop.NativeVariantPtrArgs, Godot.NativeInterop.godot_variant&) (/Users/famoco/Desktop/fatal-attraction/.godot/mono/temp/obj/Debug/Godot.SourceGenerators/Godot.SourceGenerators.ScriptMethodsGenerator/GameWorld_ScriptMethods.generated.cs:308)
       [7] Godot.NativeInterop.godot_bool Godot.Bridge.CSharpInstanceBridge.Call(nint, Godot.NativeInterop.godot_string_name*, Godot.NativeInterop.godot_variant**, int, Godot.NativeInterop.godot_variant_call_error*, Godot.NativeInterop.godot_variant*) (/root/godot/modules/mono/glue/GodotSharp/GodotSharp/Core/Bridge/CSharpInstanceBridge.cs:24)
ERROR: No multiplayer peer is assigned. Unable to get unique ID.
   at: get_unique_id (modules/multiplayer/scene_multiplayer.cpp:532)
   C# backtrace (most recent call first):
       [0] Godot.NativeInterop.godot_bool Godot.NativeCalls.godot_icall_0_15(nint, nint) (/root/godot/modules/mono/glue/GodotSharp/GodotSharp/Generated/NativeCalls.cs:147)
       [1] bool Godot.MultiplayerApi.IsServer() (/root/godot/modules/mono/glue/GodotSharp/GodotSharp/Generated/GodotObjects/MultiplayerApi.cs:120)
       [2] void GameWorld._Process(double) (/Users/famoco/Desktop/fatal-attraction/scripts/GameWorld.cs:406)
       [3] bool Godot.Node.InvokeGodotClassMethod(Godot.NativeInterop.godot_string_name&, Godot.NativeInterop.NativeVariantPtrArgs, Godot.NativeInterop.godot_variant&) (/root/godot/modules/mono/glue/GodotSharp/GodotSharp/Generated/GodotObjects/Node.cs:2654)
       [4] bool Godot.CanvasItem.InvokeGodotClassMethod(Godot.NativeInterop.godot_string_name&, Godot.NativeInterop.NativeVariantPtrArgs, Godot.NativeInterop.godot_variant&) (/root/godot/modules/mono/glue/GodotSharp/GodotSharp/Generated/GodotObjects/CanvasItem.cs:1758)
       [5] bool Godot.Node2D.InvokeGodotClassMethod(Godot.NativeInterop.godot_string_name&, Godot.NativeInterop.NativeVariantPtrArgs, Godot.NativeInterop.godot_variant&) (/root/godot/modules/mono/glue/GodotSharp/GodotSharp/Generated/GodotObjects/Node2D.cs:557)
       [6] bool GameWorld.InvokeGodotClassMethod(Godot.NativeInterop.godot_string_name&, Godot.NativeInterop.NativeVariantPtrArgs, Godot.NativeInterop.godot_variant&) (/Users/famoco/Desktop/fatal-attraction/.godot/mono/temp/obj/Debug/Godot.SourceGenerators/Godot.SourceGenerators.ScriptMethodsGenerator/GameWorld_ScriptMethods.generated.cs:308)
       [7] Godot.NativeInterop.godot_bool Godot.Bridge.CSharpInstanceBridge.Call(nint, Godot.NativeInterop.godot_string_name*, Godot.NativeInterop.godot_variant**, int, Godot.NativeInterop.godot_variant_call_error*, Godot.NativeInterop.godot_variant*) (/root/godot/modules/mono/glue/GodotSharp/GodotSharp/Core/Bridge/CSharpInstanceBridge.cs:24)
ERROR: No multiplayer peer is assigned. Unable to get unique ID.
   at: get_unique_id (modules/multiplayer/scene_multiplayer.cpp:532)
   C# backtrace (most recent call first):
       [0] Godot.NativeInterop.godot_bool Godot.NativeCalls.godot_icall_0_15(nint, nint) (/root/godot/modules/mono/glue/GodotSharp/GodotSharp/Generated/NativeCalls.cs:147)
       [1] bool Godot.MultiplayerApi.IsServer() (/root/godot/modules/mono/glue/GodotSharp/GodotSharp/Generated/GodotObjects/MultiplayerApi.cs:120)
       [2] void GameWorld._Process(double) (/Users/famoco/Desktop/fatal-attraction/scripts/GameWorld.cs:406)
       [3] bool Godot.Node.InvokeGodotClassMethod(Godot.NativeInterop.godot_string_name&, Godot.NativeInterop.NativeVariantPtrArgs, Godot.NativeInterop.godot_variant&) (/root/godot/modules/mono/glue/GodotSharp/GodotSharp/Generated/GodotObjects/Node.cs:2654)
       [4] bool Godot.CanvasItem.InvokeGodotClassMethod(Godot.NativeInterop.godot_string_name&, Godot.NativeInterop.NativeVariantPtrArgs, Godot.NativeInterop.godot_variant&) (/root/godot/modules/mono/glue/GodotSharp/GodotSharp/Generated/GodotObjects/CanvasItem.cs:1758)
       [5] bool Godot.Node2D.InvokeGodotClassMethod(Godot.NativeInterop.godot_string_name&, Godot.NativeInterop.NativeVariantPtrArgs, Godot.NativeInterop.godot_variant&) (/root/godot/modules/mono/glue/GodotSharp/GodotSharp/Generated/GodotObjects/Node2D.cs:557)
       [6] bool GameWorld.InvokeGodotClassMethod(Godot.NativeInterop.godot_string_name&, Godot.NativeInterop.NativeVariantPtrArgs, Godot.NativeInterop.godot_variant&) (/Users/famoco/Desktop/fatal-attraction/.godot/mono/temp/obj/Debug/Godot.SourceGenerators/Godot.SourceGenerators.ScriptMethodsGenerator/GameWorld_ScriptMethods.generated.cs:308)
       [7] Godot.NativeInterop.godot_bool Godot.Bridge.CSharpInstanceBridge.Call(nint, Godot.NativeInterop.godot_string_name*, Godot.NativeInterop.godot_variant**, int, Godot.NativeInterop.godot_variant_call_error*, Godot.NativeInterop.godot_variant*) (/root/godot/modules/mono/glue/GodotSharp/GodotSharp/Core/Bridge/CSharpInstanceBridge.cs:24)
ERROR: No multiplayer peer is assigned. Unable to get unique ID.
   at: get_unique_id (modules/multiplayer/scene_multiplayer.cpp:532)
   C# backtrace (most recent call first):
       [0] Godot.NativeInterop.godot_bool Godot.NativeCalls.godot_icall_0_15(nint, nint) (/root/godot/modules/mono/glue/GodotSharp/GodotSharp/Generated/NativeCalls.cs:147)
       [1] bool Godot.MultiplayerApi.IsServer() (/root/godot/modules/mono/glue/GodotSharp/GodotSharp/Generated/GodotObjects/MultiplayerApi.cs:120)
       [2] void GameWorld._Process(double) (/Users/famoco/Desktop/fatal-attraction/scripts/GameWorld.cs:406)
       [3] bool Godot.Node.InvokeGodotClassMethod(Godot.NativeInterop.godot_string_name&, Godot.NativeInterop.NativeVariantPtrArgs, Godot.NativeInterop.godot_variant&) (/root/godot/modules/mono/glue/GodotSharp/GodotSharp/Generated/GodotObjects/Node.cs:2654)
       [4] bool Godot.CanvasItem.InvokeGodotClassMethod(Godot.NativeInterop.godot_string_name&, Godot.NativeInterop.NativeVariantPtrArgs, Godot.NativeInterop.godot_variant&) (/root/godot/modules/mono/glue/GodotSharp/GodotSharp/Generated/GodotObjects/CanvasItem.cs:1758)
       [5] bool Godot.Node2D.InvokeGodotClassMethod(Godot.NativeInterop.godot_string_name&, Godot.NativeInterop.NativeVariantPtrArgs, Godot.NativeInterop.godot_variant&) (/root/godot/modules/mono/glue/GodotSharp/GodotSharp/Generated/GodotObjects/Node2D.cs:557)
       [6] bool GameWorld.InvokeGodotClassMethod(Godot.NativeInterop.godot_string_name&, Godot.NativeInterop.NativeVariantPtrArgs, Godot.NativeInterop.godot_variant&) (/Users/famoco/Desktop/fatal-attraction/.godot/mono/temp/obj/Debug/Godot.SourceGenerators/Godot.SourceGenerators.ScriptMethodsGenerator/GameWorld_ScriptMethods.generated.cs:308)
       [7] Godot.NativeInterop.godot_bool Godot.Bridge.CSharpInstanceBridge.Call(nint, Godot.NativeInterop.godot_string_name*, Godot.NativeInterop.godot_variant**, int, Godot.NativeInterop.godot_variant_call_error*, Godot.NativeInterop.godot_variant*) (/root/godot/modules/mono/glue/GodotSharp/GodotSharp/Core/Bridge/CSharpInstanceBridge.cs:24)
ERROR: No multiplayer peer is assigned. Unable to get unique ID.
   at: get_unique_id (modules/multiplayer/scene_multiplayer.cpp:532)
   C# backtrace (most recent call first):
       [0] Godot.NativeInterop.godot_bool Godot.NativeCalls.godot_icall_0_15(nint, nint) (/root/godot/modules/mono/glue/GodotSharp/GodotSharp/Generated/NativeCalls.cs:147)
       [1] bool Godot.MultiplayerApi.IsServer() (/root/godot/modules/mono/glue/GodotSharp/GodotSharp/Generated/GodotObjects/MultiplayerApi.cs:120)
       [2] void GameWorld._Process(double) (/Users/famoco/Desktop/fatal-attraction/scripts/GameWorld.cs:406)
       [3] bool Godot.Node.InvokeGodotClassMethod(Godot.NativeInterop.godot_string_name&, Godot.NativeInterop.NativeVariantPtrArgs, Godot.NativeInterop.godot_variant&) (/root/godot/modules/mono/glue/GodotSharp/GodotSharp/Generated/GodotObjects/Node.cs:2654)
       [4] bool Godot.CanvasItem.InvokeGodotClassMethod(Godot.NativeInterop.godot_string_name&, Godot.NativeInterop.NativeVariantPtrArgs, Godot.NativeInterop.godot_variant&) (/root/godot/modules/mono/glue/GodotSharp/GodotSharp/Generated/GodotObjects/CanvasItem.cs:1758)
       [5] bool Godot.Node2D.InvokeGodotClassMethod(Godot.NativeInterop.godot_string_name&, Godot.NativeInterop.NativeVariantPtrArgs, Godot.NativeInterop.godot_variant&) (/root/godot/modules/mono/glue/GodotSharp/GodotSharp/Generated/GodotObjects/Node2D.cs:557)
       [6] bool GameWorld.InvokeGodotClassMethod(Godot.NativeInterop.godot_string_name&, Godot.NativeInterop.NativeVariantPtrArgs, Godot.NativeInterop.godot_variant&) (/Users/famoco/Desktop/fatal-attraction/.godot/mono/temp/obj/Debug/Godot.SourceGenerators/Godot.SourceGenerators.ScriptMethodsGenerator/GameWorld_ScriptMethods.generated.cs:308)
       [7] Godot.NativeInterop.godot_bool Godot.Bridge.CSharpInstanceBridge.Call(nint, Godot.NativeInterop.godot_string_name*, Godot.NativeInterop.godot_variant**, int, Godot.NativeInterop.godot_variant_call_error*, Godot.NativeInterop.godot_variant*) (/root/godot/modules/mono/glue/GodotSharp/GodotSharp/Core/Bridge/CSharpInstanceBridge.cs:24)
ERROR: No multiplayer peer is assigned. Unable to get unique ID.
   at: get_unique_id (modules/multiplayer/scene_multiplayer.cpp:532)
   C# backtrace (most recent call first):
       [0] Godot.NativeInterop.godot_bool Godot.NativeCalls.godot_icall_0_15(nint, nint) (/root/godot/modules/mono/glue/GodotSharp/GodotSharp/Generated/NativeCalls.cs:147)
       [1] bool Godot.MultiplayerApi.IsServer() (/root/godot/modules/mono/glue/GodotSharp/GodotSharp/Generated/GodotObjects/MultiplayerApi.cs:120)
       [2] void GameWorld._Process(double) (/Users/famoco/Desktop/fatal-attraction/scripts/GameWorld.cs:406)
       [3] bool Godot.Node.InvokeGodotClassMethod(Godot.NativeInterop.godot_string_name&, Godot.NativeInterop.NativeVariantPtrArgs, Godot.NativeInterop.godot_variant&) (/root/godot/modules/mono/glue/GodotSharp/GodotSharp/Generated/GodotObjects/Node.cs:2654)
       [4] bool Godot.CanvasItem.InvokeGodotClassMethod(Godot.NativeInterop.godot_string_name&, Godot.NativeInterop.NativeVariantPtrArgs, Godot.NativeInterop.godot_variant&) (/root/godot/modules/mono/glue/GodotSharp/GodotSharp/Generated/GodotObjects/CanvasItem.cs:1758)
       [5] bool Godot.Node2D.InvokeGodotClassMethod(Godot.NativeInterop.godot_string_name&, Godot.NativeInterop.NativeVariantPtrArgs, Godot.NativeInterop.godot_variant&) (/root/godot/modules/mono/glue/GodotSharp/GodotSharp/Generated/GodotObjects/Node2D.cs:557)
       [6] bool GameWorld.InvokeGodotClassMethod(Godot.NativeInterop.godot_string_name&, Godot.NativeInterop.NativeVariantPtrArgs, Godot.NativeInterop.godot_variant&) (/Users/famoco/Desktop/fatal-attraction/.godot/mono/temp/obj/Debug/Godot.SourceGenerators/Godot.SourceGenerators.ScriptMethodsGenerator/GameWorld_ScriptMethods.generated.cs:308)
       [7] Godot.NativeInterop.godot_bool Godot.Bridge.CSharpInstanceBridge.Call(nint, Godot.NativeInterop.godot_string_name*, Godot.NativeInterop.godot_variant**, int, Godot.NativeInterop.godot_variant_call_error*, Godot.NativeInterop.godot_variant*) (/root/godot/modules/mono/glue/GodotSharp/GodotSharp/Core/Bridge/CSharpInstanceBridge.cs:24)
ERROR: No multiplayer peer is assigned. Unable to get unique ID.
   at: get_unique_id (modules/multiplayer/scene_multiplayer.cpp:532)
   C# backtrace (most recent call first):
       [0] Godot.NativeInterop.godot_bool Godot.NativeCalls.godot_icall_0_15(nint, nint) (/root/godot/modules/mono/glue/GodotSharp/GodotSharp/Generated/NativeCalls.cs:147)
       [1] bool Godot.MultiplayerApi.IsServer() (/root/godot/modules/mono/glue/GodotSharp/GodotSharp/Generated/GodotObjects/MultiplayerApi.cs:120)
       [2] void GameWorld._Process(double) (/Users/famoco/Desktop/fatal-attraction/scripts/GameWorld.cs:406)
       [3] bool Godot.Node.InvokeGodotClassMethod(Godot.NativeInterop.godot_string_name&, Godot.NativeInterop.NativeVariantPtrArgs, Godot.NativeInterop.godot_variant&) (/root/godot/modules/mono/glue/GodotSharp/GodotSharp/Generated/GodotObjects/Node.cs:2654)
       [4] bool Godot.CanvasItem.InvokeGodotClassMethod(Godot.NativeInterop.godot_string_name&, Godot.NativeInterop.NativeVariantPtrArgs, Godot.NativeInterop.godot_variant&) (/root/godot/modules/mono/glue/GodotSharp/GodotSharp/Generated/GodotObjects/CanvasItem.cs:1758)
       [5] bool Godot.Node2D.InvokeGodotClassMethod(Godot.NativeInterop.godot_string_name&, Godot.NativeInterop.NativeVariantPtrArgs, Godot.NativeInterop.godot_variant&) (/root/godot/modules/mono/glue/GodotSharp/GodotSharp/Generated/GodotObjects/Node2D.cs:557)
       [6] bool GameWorld.InvokeGodotClassMethod(Godot.NativeInterop.godot_string_name&, Godot.NativeInterop.NativeVariantPtrArgs, Godot.NativeInterop.godot_variant&) (/Users/famoco/Desktop/fatal-attraction/.godot/mono/temp/obj/Debug/Godot.SourceGenerators/Godot.SourceGenerators.ScriptMethodsGenerator/GameWorld_ScriptMethods.generated.cs:308)
       [7] Godot.NativeInterop.godot_bool Godot.Bridge.CSharpInstanceBridge.Call(nint, Godot.NativeInterop.godot_string_name*, Godot.NativeInterop.godot_variant**, int, Godot.NativeInterop.godot_variant_call_error*, Godot.NativeInterop.godot_variant*) (/root/godot/modules/mono/glue/GodotSharp/GodotSharp/Core/Bridge/CSharpInstanceBridge.cs:24)
ERROR: No multiplayer peer is assigned. Unable to get unique ID.
   at: get_unique_id (modules/multiplayer/scene_multiplayer.cpp:532)
   C# backtrace (most recent call first):
       [0] Godot.NativeInterop.godot_bool Godot.NativeCalls.godot_icall_0_15(nint, nint) (/root/godot/modules/mono/glue/GodotSharp/GodotSharp/Generated/NativeCalls.cs:147)
       [1] bool Godot.MultiplayerApi.IsServer() (/root/godot/modules/mono/glue/GodotSharp/GodotSharp/Generated/GodotObjects/MultiplayerApi.cs:120)
       [2] void GameWorld._Process(double) (/Users/famoco/Desktop/fatal-attraction/scripts/GameWorld.cs:406)
       [3] bool Godot.Node.InvokeGodotClassMethod(Godot.NativeInterop.godot_string_name&, Godot.NativeInterop.NativeVariantPtrArgs, Godot.NativeInterop.godot_variant&) (/root/godot/modules/mono/glue/GodotSharp/GodotSharp/Generated/GodotObjects/Node.cs:2654)
       [4] bool Godot.CanvasItem.InvokeGodotClassMethod(Godot.NativeInterop.godot_string_name&, Godot.NativeInterop.NativeVariantPtrArgs, Godot.NativeInterop.godot_variant&) (/root/godot/modules/mono/glue/GodotSharp/GodotSharp/Generated/GodotObjects/CanvasItem.cs:1758)
       [5] bool Godot.Node2D.InvokeGodotClassMethod(Godot.NativeInterop.godot_string_name&, Godot.NativeInterop.NativeVariantPtrArgs, Godot.NativeInterop.godot_variant&) (/root/godot/modules/mono/glue/GodotSharp/GodotSharp/Generated/GodotObjects/Node2D.cs:557)
       [6] bool GameWorld.InvokeGodotClassMethod(Godot.NativeInterop.godot_string_name&, Godot.NativeInterop.NativeVariantPtrArgs, Godot.NativeInterop.godot_variant&) (/Users/famoco/Desktop/fatal-attraction/.godot/mono/temp/obj/Debug/Godot.SourceGenerators/Godot.SourceGenerators.ScriptMethodsGenerator/GameWorld_ScriptMethods.generated.cs:308)
       [7] Godot.NativeInterop.godot_bool Godot.Bridge.CSharpInstanceBridge.Call(nint, Godot.NativeInterop.godot_string_name*, Godot.NativeInterop.godot_variant**, int, Godot.NativeInterop.godot_variant_call_error*, Godot.NativeInterop.godot_variant*) (/root/godot/modules/mono/glue/GodotSharp/GodotSharp/Core/Bridge/CSharpInstanceBridge.cs:24)
ERROR: No multiplayer peer is assigned. Unable to get unique ID.
   at: get_unique_id (modules/multiplayer/scene_multiplayer.cpp:532)
   C# backtrace (most recent call first):
       [0] Godot.NativeInterop.godot_bool Godot.NativeCalls.godot_icall_0_15(nint, nint) (/root/godot/modules/mono/glue/GodotSharp/GodotSharp/Generated/NativeCalls.cs:147)
       [1] bool Godot.MultiplayerApi.IsServer() (/root/godot/modules/mono/glue/GodotSharp/GodotSharp/Generated/GodotObjects/MultiplayerApi.cs:120)
       [2] void GameWorld._Process(double) (/Users/famoco/Desktop/fatal-attraction/scripts/GameWorld.cs:406)
       [3] bool Godot.Node.InvokeGodotClassMethod(Godot.NativeInterop.godot_string_name&, Godot.NativeInterop.NativeVariantPtrArgs, Godot.NativeInterop.godot_variant&) (/root/godot/modules/mono/glue/GodotSharp/GodotSharp/Generated/GodotObjects/Node.cs:2654)
       [4] bool Godot.CanvasItem.InvokeGodotClassMethod(Godot.NativeInterop.godot_string_name&, Godot.NativeInterop.NativeVariantPtrArgs, Godot.NativeInterop.godot_variant&) (/root/godot/modules/mono/glue/GodotSharp/GodotSharp/Generated/GodotObjects/CanvasItem.cs:1758)
       [5] bool Godot.Node2D.InvokeGodotClassMethod(Godot.NativeInterop.godot_string_name&, Godot.NativeInterop.NativeVariantPtrArgs, Godot.NativeInterop.godot_variant&) (/root/godot/modules/mono/glue/GodotSharp/GodotSharp/Generated/GodotObjects/Node2D.cs:557)
       [6] bool GameWorld.InvokeGodotClassMethod(Godot.NativeInterop.godot_string_name&, Godot.NativeInterop.NativeVariantPtrArgs, Godot.NativeInterop.godot_variant&) (/Users/famoco/Desktop/fatal-attraction/.godot/mono/temp/obj/Debug/Godot.SourceGenerators/Godot.SourceGenerators.ScriptMethodsGenerator/GameWorld_ScriptMethods.generated.cs:308)
       [7] Godot.NativeInterop.godot_bool Godot.Bridge.CSharpInstanceBridge.Call(nint, Godot.NativeInterop.godot_string_name*, Godot.NativeInterop.godot_variant**, int, Godot.NativeInterop.godot_variant_call_error*, Godot.NativeInterop.godot_variant*) (/root/godot/modules/mono/glue/GodotSharp/GodotSharp/Core/Bridge/CSharpInstanceBridge.cs:24)
ERROR: No multiplayer peer is assigned. Unable to get unique ID.
   at: get_unique_id (modules/multiplayer/scene_multiplayer.cpp:532)
   C# backtrace (most recent call first):
       [0] Godot.NativeInterop.godot_bool Godot.NativeCalls.godot_icall_0_15(nint, nint) (/root/godot/modules/mono/glue/GodotSharp/GodotSharp/Generated/NativeCalls.cs:147)
       [1] bool Godot.MultiplayerApi.IsServer() (/root/godot/modules/mono/glue/GodotSharp/GodotSharp/Generated/GodotObjects/MultiplayerApi.cs:120)
       [2] void GameWorld._Process(double) (/Users/famoco/Desktop/fatal-attraction/scripts/GameWorld.cs:406)
       [3] bool Godot.Node.InvokeGodotClassMethod(Godot.NativeInterop.godot_string_name&, Godot.NativeInterop.NativeVariantPtrArgs, Godot.NativeInterop.godot_variant&) (/root/godot/modules/mono/glue/GodotSharp/GodotSharp/Generated/GodotObjects/Node.cs:2654)
       [4] bool Godot.CanvasItem.InvokeGodotClassMethod(Godot.NativeInterop.godot_string_name&, Godot.NativeInterop.NativeVariantPtrArgs, Godot.NativeInterop.godot_variant&) (/root/godot/modules/mono/glue/GodotSharp/GodotSharp/Generated/GodotObjects/CanvasItem.cs:1758)
       [5] bool Godot.Node2D.InvokeGodotClassMethod(Godot.NativeInterop.godot_string_name&, Godot.NativeInterop.NativeVariantPtrArgs, Godot.NativeInterop.godot_variant&) (/root/godot/modules/mono/glue/GodotSharp/GodotSharp/Generated/GodotObjects/Node2D.cs:557)
       [6] bool GameWorld.InvokeGodotClassMethod(Godot.NativeInterop.godot_string_name&, Godot.NativeInterop.NativeVariantPtrArgs, Godot.NativeInterop.godot_variant&) (/Users/famoco/Desktop/fatal-attraction/.godot/mono/temp/obj/Debug/Godot.SourceGenerators/Godot.SourceGenerators.ScriptMethodsGenerator/GameWorld_ScriptMethods.generated.cs:308)
       [7] Godot.NativeInterop.godot_bool Godot.Bridge.CSharpInstanceBridge.Call(nint, Godot.NativeInterop.godot_string_name*, Godot.NativeInterop.godot_variant**, int, Godot.NativeInterop.godot_variant_call_error*, Godot.NativeInterop.godot_variant*) (/root/godot/modules/mono/glue/GodotSharp/GodotSharp/Core/Bridge/CSharpInstanceBridge.cs:24)
ERROR: No multiplayer peer is assigned. Unable to get unique ID.
   at: get_unique_id (modules/multiplayer/scene_multiplayer.cpp:532)
   C# backtrace (most recent call first):
       [0] Godot.NativeInterop.godot_bool Godot.NativeCalls.godot_icall_0_15(nint, nint) (/root/godot/modules/mono/glue/GodotSharp/GodotSharp/Generated/NativeCalls.cs:147)
       [1] bool Godot.MultiplayerApi.IsServer() (/root/godot/modules/mono/glue/GodotSharp/GodotSharp/Generated/GodotObjects/MultiplayerApi.cs:120)
       [2] void GameWorld._Process(double) (/Users/famoco/Desktop/fatal-attraction/scripts/GameWorld.cs:406)
       [3] bool Godot.Node.InvokeGodotClassMethod(Godot.NativeInterop.godot_string_name&, Godot.NativeInterop.NativeVariantPtrArgs, Godot.NativeInterop.godot_variant&) (/root/godot/modules/mono/glue/GodotSharp/GodotSharp/Generated/GodotObjects/Node.cs:2654)
       [4] bool Godot.CanvasItem.InvokeGodotClassMethod(Godot.NativeInterop.godot_string_name&, Godot.NativeInterop.NativeVariantPtrArgs, Godot.NativeInterop.godot_variant&) (/root/godot/modules/mono/glue/GodotSharp/GodotSharp/Generated/GodotObjects/CanvasItem.cs:1758)
       [5] bool Godot.Node2D.InvokeGodotClassMethod(Godot.NativeInterop.godot_string_name&, Godot.NativeInterop.NativeVariantPtrArgs, Godot.NativeInterop.godot_variant&) (/root/godot/modules/mono/glue/GodotSharp/GodotSharp/Generated/GodotObjects/Node2D.cs:557)
       [6] bool GameWorld.InvokeGodotClassMethod(Godot.NativeInterop.godot_string_name&, Godot.NativeInterop.NativeVariantPtrArgs, Godot.NativeInterop.godot_variant&) (/Users/famoco/Desktop/fatal-attraction/.godot/mono/temp/obj/Debug/Godot.SourceGenerators/Godot.SourceGenerators.ScriptMethodsGenerator/GameWorld_ScriptMethods.generated.cs:308)
       [7] Godot.NativeInterop.godot_bool Godot.Bridge.CSharpInstanceBridge.Call(nint, Godot.NativeInterop.godot_string_name*, Godot.NativeInterop.godot_variant**, int, Godot.NativeInterop.godot_variant_call_error*, Godot.NativeInterop.godot_variant*) (/root/godot/modules/mono/glue/GodotSharp/GodotSharp/Core/Bridge/CSharpInstanceBridge.cs:24)
ERROR: No multiplayer peer is assigned. Unable to get unique ID.
   at: get_unique_id (modules/multiplayer/scene_multiplayer.cpp:532)
   C# backtrace (most recent call first):
       [0] Godot.NativeInterop.godot_bool Godot.NativeCalls.godot_icall_0_15(nint, nint) (/root/godot/modules/mono/glue/GodotSharp/GodotSharp/Generated/NativeCalls.cs:147)
       [1] bool Godot.MultiplayerApi.IsServer() (/root/godot/modules/mono/glue/GodotSharp/GodotSharp/Generated/GodotObjects/MultiplayerApi.cs:120)
       [2] void GameWorld._Process(double) (/Users/famoco/Desktop/fatal-attraction/scripts/GameWorld.cs:406)
       [3] bool Godot.Node.InvokeGodotClassMethod(Godot.NativeInterop.godot_string_name&, Godot.NativeInterop.NativeVariantPtrArgs, Godot.NativeInterop.godot_variant&) (/root/godot/modules/mono/glue/GodotSharp/GodotSharp/Generated/GodotObjects/Node.cs:2654)
       [4] bool Godot.CanvasItem.InvokeGodotClassMethod(Godot.NativeInterop.godot_string_name&, Godot.NativeInterop.NativeVariantPtrArgs, Godot.NativeInterop.godot_variant&) (/root/godot/modules/mono/glue/GodotSharp/GodotSharp/Generated/GodotObjects/CanvasItem.cs:1758)
       [5] bool Godot.Node2D.InvokeGodotClassMethod(Godot.NativeInterop.godot_string_name&, Godot.NativeInterop.NativeVariantPtrArgs, Godot.NativeInterop.godot_variant&) (/root/godot/modules/mono/glue/GodotSharp/GodotSharp/Generated/GodotObjects/Node2D.cs:557)
       [6] bool GameWorld.InvokeGodotClassMethod(Godot.NativeInterop.godot_string_name&, Godot.NativeInterop.NativeVariantPtrArgs, Godot.NativeInterop.godot_variant&) (/Users/famoco/Desktop/fatal-attraction/.godot/mono/temp/obj/Debug/Godot.SourceGenerators/Godot.SourceGenerators.ScriptMethodsGenerator/GameWorld_ScriptMethods.generated.cs:308)
       [7] Godot.NativeInterop.godot_bool Godot.Bridge.CSharpInstanceBridge.Call(nint, Godot.NativeInterop.godot_string_name*, Godot.NativeInterop.godot_variant**, int, Godot.NativeInterop.godot_variant_call_error*, Godot.NativeInterop.godot_variant*) (/root/godot/modules/mono/glue/GodotSharp/GodotSharp/Core/Bridge/CSharpInstanceBridge.cs:24)
ERROR: No multiplayer peer is assigned. Unable to get unique ID.
   at: get_unique_id (modules/multiplayer/scene_multiplayer.cpp:532)
   C# backtrace (most recent call first):
       [0] Godot.NativeInterop.godot_bool Godot.NativeCalls.godot_icall_0_15(nint, nint) (/root/godot/modules/mono/glue/GodotSharp/GodotSharp/Generated/NativeCalls.cs:147)
       [1] bool Godot.MultiplayerApi.IsServer() (/root/godot/modules/mono/glue/GodotSharp/GodotSharp/Generated/GodotObjects/MultiplayerApi.cs:120)
       [2] void GameWorld._Process(double) (/Users/famoco/Desktop/fatal-attraction/scripts/GameWorld.cs:406)
       [3] bool Godot.Node.InvokeGodotClassMethod(Godot.NativeInterop.godot_string_name&, Godot.NativeInterop.NativeVariantPtrArgs, Godot.NativeInterop.godot_variant&) (/root/godot/modules/mono/glue/GodotSharp/GodotSharp/Generated/GodotObjects/Node.cs:2654)
       [4] bool Godot.CanvasItem.InvokeGodotClassMethod(Godot.NativeInterop.godot_string_name&, Godot.NativeInterop.NativeVariantPtrArgs, Godot.NativeInterop.godot_variant&) (/root/godot/modules/mono/glue/GodotSharp/GodotSharp/Generated/GodotObjects/CanvasItem.cs:1758)
       [5] bool Godot.Node2D.InvokeGodotClassMethod(Godot.NativeInterop.godot_string_name&, Godot.NativeInterop.NativeVariantPtrArgs, Godot.NativeInterop.godot_variant&) (/root/godot/modules/mono/glue/GodotSharp/GodotSharp/Generated/GodotObjects/Node2D.cs:557)
       [6] bool GameWorld.InvokeGodotClassMethod(Godot.NativeInterop.godot_string_name&, Godot.NativeInterop.NativeVariantPtrArgs, Godot.NativeInterop.godot_variant&) (/Users/famoco/Desktop/fatal-attraction/.godot/mono/temp/obj/Debug/Godot.SourceGenerators/Godot.SourceGenerators.ScriptMethodsGenerator/GameWorld_ScriptMethods.generated.cs:308)
       [7] Godot.NativeInterop.godot_bool Godot.Bridge.CSharpInstanceBridge.Call(nint, Godot.NativeInterop.godot_string_name*, Godot.NativeInterop.godot_variant**, int, Godot.NativeInterop.godot_variant_call_error*, Godot.NativeInterop.godot_variant*) (/root/godot/modules/mono/glue/GodotSharp/GodotSharp/Core/Bridge/CSharpInstanceBridge.cs:24)
ERROR: No multiplayer peer is assigned. Unable to get unique ID.
   at: get_unique_id (modules/multiplayer/scene_multiplayer.cpp:532)
   C# backtrace (most recent call first):
       [0] Godot.NativeInterop.godot_bool Godot.NativeCalls.godot_icall_0_15(nint, nint) (/root/godot/modules/mono/glue/GodotSharp/GodotSharp/Generated/NativeCalls.cs:147)
       [1] bool Godot.MultiplayerApi.IsServer() (/root/godot/modules/mono/glue/GodotSharp/GodotSharp/Generated/GodotObjects/MultiplayerApi.cs:120)
       [2] void GameWorld._Process(double) (/Users/famoco/Desktop/fatal-attraction/scripts/GameWorld.cs:406)
       [3] bool Godot.Node.InvokeGodotClassMethod(Godot.NativeInterop.godot_string_name&, Godot.NativeInterop.NativeVariantPtrArgs, Godot.NativeInterop.godot_variant&) (/root/godot/modules/mono/glue/GodotSharp/GodotSharp/Generated/GodotObjects/Node.cs:2654)
       [4] bool Godot.CanvasItem.InvokeGodotClassMethod(Godot.NativeInterop.godot_string_name&, Godot.NativeInterop.NativeVariantPtrArgs, Godot.NativeInterop.godot_variant&) (/root/godot/modules/mono/glue/GodotSharp/GodotSharp/Generated/GodotObjects/CanvasItem.cs:1758)
       [5] bool Godot.Node2D.InvokeGodotClassMethod(Godot.NativeInterop.godot_string_name&, Godot.NativeInterop.NativeVariantPtrArgs, Godot.NativeInterop.godot_variant&) (/root/godot/modules/mono/glue/GodotSharp/GodotSharp/Generated/GodotObjects/Node2D.cs:557)
       [6] bool GameWorld.InvokeGodotClassMethod(Godot.NativeInterop.godot_string_name&, Godot.NativeInterop.NativeVariantPtrArgs, Godot.NativeInterop.godot_variant&) (/Users/famoco/Desktop/fatal-attraction/.godot/mono/temp/obj/Debug/Godot.SourceGenerators/Godot.SourceGenerators.ScriptMethodsGenerator/GameWorld_ScriptMethods.generated.cs:308)
       [7] Godot.NativeInterop.godot_bool Godot.Bridge.CSharpInstanceBridge.Call(nint, Godot.NativeInterop.godot_string_name*, Godot.NativeInterop.godot_variant**, int, Godot.NativeInterop.godot_variant_call_error*, Godot.NativeInterop.godot_variant*) (/root/godot/modules/mono/glue/GodotSharp/GodotSharp/Core/Bridge/CSharpInstanceBridge.cs:24)
ERROR: No multiplayer peer is assigned. Unable to get unique ID.
   at: get_unique_id (modules/multiplayer/scene_multiplayer.cpp:532)
   C# backtrace (most recent call first):
       [0] Godot.NativeInterop.godot_bool Godot.NativeCalls.godot_icall_0_15(nint, nint) (/root/godot/modules/mono/glue/GodotSharp/GodotSharp/Generated/NativeCalls.cs:147)
       [1] bool Godot.MultiplayerApi.IsServer() (/root/godot/modules/mono/glue/GodotSharp/GodotSharp/Generated/GodotObjects/MultiplayerApi.cs:120)
       [2] void GameWorld._Process(double) (/Users/famoco/Desktop/fatal-attraction/scripts/GameWorld.cs:406)
       [3] bool Godot.Node.InvokeGodotClassMethod(Godot.NativeInterop.godot_string_name&, Godot.NativeInterop.NativeVariantPtrArgs, Godot.NativeInterop.godot_variant&) (/root/godot/modules/mono/glue/GodotSharp/GodotSharp/Generated/GodotObjects/Node.cs:2654)
       [4] bool Godot.CanvasItem.InvokeGodotClassMethod(Godot.NativeInterop.godot_string_name&, Godot.NativeInterop.NativeVariantPtrArgs, Godot.NativeInterop.godot_variant&) (/root/godot/modules/mono/glue/GodotSharp/GodotSharp/Generated/GodotObjects/CanvasItem.cs:1758)
       [5] bool Godot.Node2D.InvokeGodotClassMethod(Godot.NativeInterop.godot_string_name&, Godot.NativeInterop.NativeVariantPtrArgs, Godot.NativeInterop.godot_variant&) (/root/godot/modules/mono/glue/GodotSharp/GodotSharp/Generated/GodotObjects/Node2D.cs:557)
       [6] bool GameWorld.InvokeGodotClassMethod(Godot.NativeInterop.godot_string_name&, Godot.NativeInterop.NativeVariantPtrArgs, Godot.NativeInterop.godot_variant&) (/Users/famoco/Desktop/fatal-attraction/.godot/mono/temp/obj/Debug/Godot.SourceGenerators/Godot.SourceGenerators.ScriptMethodsGenerator/GameWorld_ScriptMethods.generated.cs:308)
       [7] Godot.NativeInterop.godot_bool Godot.Bridge.CSharpInstanceBridge.Call(nint, Godot.NativeInterop.godot_string_name*, Godot.NativeInterop.godot_variant**, int, Godot.NativeInterop.godot_variant_call_error*, Godot.NativeInterop.godot_variant*) (/root/godot/modules/mono/glue/GodotSharp/GodotSharp/Core/Bridge/CSharpInstanceBridge.cs:24)
ERROR: No multiplayer peer is assigned. Unable to get unique ID.
   at: get_unique_id (modules/multiplayer/scene_multiplayer.cpp:532)
   C# backtrace (most recent call first):
       [0] Godot.NativeInterop.godot_bool Godot.NativeCalls.godot_icall_0_15(nint, nint) (/root/godot/modules/mono/glue/GodotSharp/GodotSharp/Generated/NativeCalls.cs:147)
       [1] bool Godot.MultiplayerApi.IsServer() (/root/godot/modules/mono/glue/GodotSharp/GodotSharp/Generated/GodotObjects/MultiplayerApi.cs:120)
       [2] void GameWorld._Process(double) (/Users/famoco/Desktop/fatal-attraction/scripts/GameWorld.cs:406)
       [3] bool Godot.Node.InvokeGodotClassMethod(Godot.NativeInterop.godot_string_name&, Godot.NativeInterop.NativeVariantPtrArgs, Godot.NativeInterop.godot_variant&) (/root/godot/modules/mono/glue/GodotSharp/GodotSharp/Generated/GodotObjects/Node.cs:2654)
       [4] bool Godot.CanvasItem.InvokeGodotClassMethod(Godot.NativeInterop.godot_string_name&, Godot.NativeInterop.NativeVariantPtrArgs, Godot.NativeInterop.godot_variant&) (/root/godot/modules/mono/glue/GodotSharp/GodotSharp/Generated/GodotObjects/CanvasItem.cs:1758)
       [5] bool Godot.Node2D.InvokeGodotClassMethod(Godot.NativeInterop.godot_string_name&, Godot.NativeInterop.NativeVariantPtrArgs, Godot.NativeInterop.godot_variant&) (/root/godot/modules/mono/glue/GodotSharp/GodotSharp/Generated/GodotObjects/Node2D.cs:557)
       [6] bool GameWorld.InvokeGodotClassMethod(Godot.NativeInterop.godot_string_name&, Godot.NativeInterop.NativeVariantPtrArgs, Godot.NativeInterop.godot_variant&) (/Users/famoco/Desktop/fatal-attraction/.godot/mono/temp/obj/Debug/Godot.SourceGenerators/Godot.SourceGenerators.ScriptMethodsGenerator/GameWorld_ScriptMethods.generated.cs:308)
       [7] Godot.NativeInterop.godot_bool Godot.Bridge.CSharpInstanceBridge.Call(nint, Godot.NativeInterop.godot_string_name*, Godot.NativeInterop.godot_variant**, int, Godot.NativeInterop.godot_variant_call_error*, Godot.NativeInterop.godot_variant*) (/root/godot/modules/mono/glue/GodotSharp/GodotSharp/Core/Bridge/CSharpInstanceBridge.cs:24)
ERROR: No multiplayer peer is assigned. Unable to get unique ID.
   at: get_unique_id (modules/multiplayer/scene_multiplayer.cpp:532)
   C# backtrace (most recent call first):
       [0] Godot.NativeInterop.godot_bool Godot.NativeCalls.godot_icall_0_15(nint, nint) (/root/godot/modules/mono/glue/GodotSharp/GodotSharp/Generated/NativeCalls.cs:147)
       [1] bool Godot.MultiplayerApi.IsServer() (/root/godot/modules/mono/glue/GodotSharp/GodotSharp/Generated/GodotObjects/MultiplayerApi.cs:120)
       [2] void GameWorld._Process(double) (/Users/famoco/Desktop/fatal-attraction/scripts/GameWorld.cs:406)
       [3] bool Godot.Node.InvokeGodotClassMethod(Godot.NativeInterop.godot_string_name&, Godot.NativeInterop.NativeVariantPtrArgs, Godot.NativeInterop.godot_variant&) (/root/godot/modules/mono/glue/GodotSharp/GodotSharp/Generated/GodotObjects/Node.cs:2654)
       [4] bool Godot.CanvasItem.InvokeGodotClassMethod(Godot.NativeInterop.godot_string_name&, Godot.NativeInterop.NativeVariantPtrArgs, Godot.NativeInterop.godot_variant&) (/root/godot/modules/mono/glue/GodotSharp/GodotSharp/Generated/GodotObjects/CanvasItem.cs:1758)
       [5] bool Godot.Node2D.InvokeGodotClassMethod(Godot.NativeInterop.godot_string_name&, Godot.NativeInterop.NativeVariantPtrArgs, Godot.NativeInterop.godot_variant&) (/root/godot/modules/mono/glue/GodotSharp/GodotSharp/Generated/GodotObjects/Node2D.cs:557)
       [6] bool GameWorld.InvokeGodotClassMethod(Godot.NativeInterop.godot_string_name&, Godot.NativeInterop.NativeVariantPtrArgs, Godot.NativeInterop.godot_variant&) (/Users/famoco/Desktop/fatal-attraction/.godot/mono/temp/obj/Debug/Godot.SourceGenerators/Godot.SourceGenerators.ScriptMethodsGenerator/GameWorld_ScriptMethods.generated.cs:308)
       [7] Godot.NativeInterop.godot_bool Godot.Bridge.CSharpInstanceBridge.Call(nint, Godot.NativeInterop.godot_string_name*, Godot.NativeInterop.godot_variant**, int, Godot.NativeInterop.godot_variant_call_error*, Godot.NativeInterop.godot_variant*) (/root/godot/modules/mono/glue/GodotSharp/GodotSharp/Core/Bridge/CSharpInstanceBridge.cs:24)
ERROR: No multiplayer peer is assigned. Unable to get unique ID.
   at: get_unique_id (modules/multiplayer/scene_multiplayer.cpp:532)
   C# backtrace (most recent call first):
       [0] Godot.NativeInterop.godot_bool Godot.NativeCalls.godot_icall_0_15(nint, nint) (/root/godot/modules/mono/glue/GodotSharp/GodotSharp/Generated/NativeCalls.cs:147)
       [1] bool Godot.MultiplayerApi.IsServer() (/root/godot/modules/mono/glue/GodotSharp/GodotSharp/Generated/GodotObjects/MultiplayerApi.cs:120)
       [2] void GameWorld._Process(double) (/Users/famoco/Desktop/fatal-attraction/scripts/GameWorld.cs:406)
       [3] bool Godot.Node.InvokeGodotClassMethod(Godot.NativeInterop.godot_string_name&, Godot.NativeInterop.NativeVariantPtrArgs, Godot.NativeInterop.godot_variant&) (/root/godot/modules/mono/glue/GodotSharp/GodotSharp/Generated/GodotObjects/Node.cs:2654)
       [4] bool Godot.CanvasItem.InvokeGodotClassMethod(Godot.NativeInterop.godot_string_name&, Godot.NativeInterop.NativeVariantPtrArgs, Godot.NativeInterop.godot_variant&) (/root/godot/modules/mono/glue/GodotSharp/GodotSharp/Generated/GodotObjects/CanvasItem.cs:1758)
       [5] bool Godot.Node2D.InvokeGodotClassMethod(Godot.NativeInterop.godot_string_name&, Godot.NativeInterop.NativeVariantPtrArgs, Godot.NativeInterop.godot_variant&) (/root/godot/modules/mono/glue/GodotSharp/GodotSharp/Generated/GodotObjects/Node2D.cs:557)
       [6] bool GameWorld.InvokeGodotClassMethod(Godot.NativeInterop.godot_string_name&, Godot.NativeInterop.NativeVariantPtrArgs, Godot.NativeInterop.godot_variant&) (/Users/famoco/Desktop/fatal-attraction/.godot/mono/temp/obj/Debug/Godot.SourceGenerators/Godot.SourceGenerators.ScriptMethodsGenerator/GameWorld_ScriptMethods.generated.cs:308)
       [7] Godot.NativeInterop.godot_bool Godot.Bridge.CSharpInstanceBridge.Call(nint, Godot.NativeInterop.godot_string_name*, Godot.NativeInterop.godot_variant**, int, Godot.NativeInterop.godot_variant_call_error*, Godot.NativeInterop.godot_variant*) (/root/godot/modules/mono/glue/GodotSharp/GodotSharp/Core/Bridge/CSharpInstanceBridge.cs:24)
ERROR: No multiplayer peer is assigned. Unable to get unique ID.
   at: get_unique_id (modules/multiplayer/scene_multiplayer.cpp:532)
   C# backtrace (most recent call first):
       [0] Godot.NativeInterop.godot_bool Godot.NativeCalls.godot_icall_0_15(nint, nint) (/root/godot/modules/mono/glue/GodotSharp/GodotSharp/Generated/NativeCalls.cs:147)
       [1] bool Godot.MultiplayerApi.IsServer() (/root/godot/modules/mono/glue/GodotSharp/GodotSharp/Generated/GodotObjects/MultiplayerApi.cs:120)
       [2] void GameWorld._Process(double) (/Users/famoco/Desktop/fatal-attraction/scripts/GameWorld.cs:406)
       [3] bool Godot.Node.InvokeGodotClassMethod(Godot.NativeInterop.godot_string_name&, Godot.NativeInterop.NativeVariantPtrArgs, Godot.NativeInterop.godot_variant&) (/root/godot/modules/mono/glue/GodotSharp/GodotSharp/Generated/GodotObjects/Node.cs:2654)
       [4] bool Godot.CanvasItem.InvokeGodotClassMethod(Godot.NativeInterop.godot_string_name&, Godot.NativeInterop.NativeVariantPtrArgs, Godot.NativeInterop.godot_variant&) (/root/godot/modules/mono/glue/GodotSharp/GodotSharp/Generated/GodotObjects/CanvasItem.cs:1758)
       [5] bool Godot.Node2D.InvokeGodotClassMethod(Godot.NativeInterop.godot_string_name&, Godot.NativeInterop.NativeVariantPtrArgs, Godot.NativeInterop.godot_variant&) (/root/godot/modules/mono/glue/GodotSharp/GodotSharp/Generated/GodotObjects/Node2D.cs:557)
       [6] bool GameWorld.InvokeGodotClassMethod(Godot.NativeInterop.godot_string_name&, Godot.NativeInterop.NativeVariantPtrArgs, Godot.NativeInterop.godot_variant&) (/Users/famoco/Desktop/fatal-attraction/.godot/mono/temp/obj/Debug/Godot.SourceGenerators/Godot.SourceGenerators.ScriptMethodsGenerator/GameWorld_ScriptMethods.generated.cs:308)
       [7] Godot.NativeInterop.godot_bool Godot.Bridge.CSharpInstanceBridge.Call(nint, Godot.NativeInterop.godot_string_name*, Godot.NativeInterop.godot_variant**, int, Godot.NativeInterop.godot_variant_call_error*, Godot.NativeInterop.godot_variant*) (/root/godot/modules/mono/glue/GodotSharp/GodotSharp/Core/Bridge/CSharpInstanceBridge.cs:24)
ERROR: No multiplayer peer is assigned. Unable to get unique ID.
   at: get_unique_id (modules/multiplayer/scene_multiplayer.cpp:532)
   C# backtrace (most recent call first):
       [0] Godot.NativeInterop.godot_bool Godot.NativeCalls.godot_icall_0_15(nint, nint) (/root/godot/modules/mono/glue/GodotSharp/GodotSharp/Generated/NativeCalls.cs:147)
       [1] bool Godot.MultiplayerApi.IsServer() (/root/godot/modules/mono/glue/GodotSharp/GodotSharp/Generated/GodotObjects/MultiplayerApi.cs:120)
       [2] void GameWorld._Process(double) (/Users/famoco/Desktop/fatal-attraction/scripts/GameWorld.cs:406)
       [3] bool Godot.Node.InvokeGodotClassMethod(Godot.NativeInterop.godot_string_name&, Godot.NativeInterop.NativeVariantPtrArgs, Godot.NativeInterop.godot_variant&) (/root/godot/modules/mono/glue/GodotSharp/GodotSharp/Generated/GodotObjects/Node.cs:2654)
       [4] bool Godot.CanvasItem.InvokeGodotClassMethod(Godot.NativeInterop.godot_string_name&, Godot.NativeInterop.NativeVariantPtrArgs, Godot.NativeInterop.godot_variant&) (/root/godot/modules/mono/glue/GodotSharp/GodotSharp/Generated/GodotObjects/CanvasItem.cs:1758)
       [5] bool Godot.Node2D.InvokeGodotClassMethod(Godot.NativeInterop.godot_string_name&, Godot.NativeInterop.NativeVariantPtrArgs, Godot.NativeInterop.godot_variant&) (/root/godot/modules/mono/glue/GodotSharp/GodotSharp/Generated/GodotObjects/Node2D.cs:557)
       [6] bool GameWorld.InvokeGodotClassMethod(Godot.NativeInterop.godot_string_name&, Godot.NativeInterop.NativeVariantPtrArgs, Godot.NativeInterop.godot_variant&) (/Users/famoco/Desktop/fatal-attraction/.godot/mono/temp/obj/Debug/Godot.SourceGenerators/Godot.SourceGenerators.ScriptMethodsGenerator/GameWorld_ScriptMethods.generated.cs:308)
       [7] Godot.NativeInterop.godot_bool Godot.Bridge.CSharpInstanceBridge.Call(nint, Godot.NativeInterop.godot_string_name*, Godot.NativeInterop.godot_variant**, int, Godot.NativeInterop.godot_variant_call_error*, Godot.NativeInterop.godot_variant*) (/root/godot/modules/mono/glue/GodotSharp/GodotSharp/Core/Bridge/CSharpInstanceBridge.cs:24)
ERROR: No multiplayer peer is assigned. Unable to get unique ID.
   at: get_unique_id (modules/multiplayer/scene_multiplayer.cpp:532)
   C# backtrace (most recent call first):
       [0] Godot.NativeInterop.godot_bool Godot.NativeCalls.godot_icall_0_15(nint, nint) (/root/godot/modules/mono/glue/GodotSharp/GodotSharp/Generated/NativeCalls.cs:147)
       [1] bool Godot.MultiplayerApi.IsServer() (/root/godot/modules/mono/glue/GodotSharp/GodotSharp/Generated/GodotObjects/MultiplayerApi.cs:120)
       [2] void GameWorld._Process(double) (/Users/famoco/Desktop/fatal-attraction/scripts/GameWorld.cs:406)
       [3] bool Godot.Node.InvokeGodotClassMethod(Godot.NativeInterop.godot_string_name&, Godot.NativeInterop.NativeVariantPtrArgs, Godot.NativeInterop.godot_variant&) (/root/godot/modules/mono/glue/GodotSharp/GodotSharp/Generated/GodotObjects/Node.cs:2654)
       [4] bool Godot.CanvasItem.InvokeGodotClassMethod(Godot.NativeInterop.godot_string_name&, Godot.NativeInterop.NativeVariantPtrArgs, Godot.NativeInterop.godot_variant&) (/root/godot/modules/mono/glue/GodotSharp/GodotSharp/Generated/GodotObjects/CanvasItem.cs:1758)
       [5] bool Godot.Node2D.InvokeGodotClassMethod(Godot.NativeInterop.godot_string_name&, Godot.NativeInterop.NativeVariantPtrArgs, Godot.NativeInterop.godot_variant&) (/root/godot/modules/mono/glue/GodotSharp/GodotSharp/Generated/GodotObjects/Node2D.cs:557)
       [6] bool GameWorld.InvokeGodotClassMethod(Godot.NativeInterop.godot_string_name&, Godot.NativeInterop.NativeVariantPtrArgs, Godot.NativeInterop.godot_variant&) (/Users/famoco/Desktop/fatal-attraction/.godot/mono/temp/obj/Debug/Godot.SourceGenerators/Godot.SourceGenerators.ScriptMethodsGenerator/GameWorld_ScriptMethods.generated.cs:308)
       [7] Godot.NativeInterop.godot_bool Godot.Bridge.CSharpInstanceBridge.Call(nint, Godot.NativeInterop.godot_string_name*, Godot.NativeInterop.godot_variant**, int, Godot.NativeInterop.godot_variant_call_error*, Godot.NativeInterop.godot_variant*) (/root/godot/modules/mono/glue/GodotSharp/GodotSharp/Core/Bridge/CSharpInstanceBridge.cs:24)
ERROR: No multiplayer peer is assigned. Unable to get unique ID.
   at: get_unique_id (modules/multiplayer/scene_multiplayer.cpp:532)
   C# backtrace (most recent call first):
       [0] Godot.NativeInterop.godot_bool Godot.NativeCalls.godot_icall_0_15(nint, nint) (/root/godot/modules/mono/glue/GodotSharp/GodotSharp/Generated/NativeCalls.cs:147)
       [1] bool Godot.MultiplayerApi.IsServer() (/root/godot/modules/mono/glue/GodotSharp/GodotSharp/Generated/GodotObjects/MultiplayerApi.cs:120)
       [2] void GameWorld._Process(double) (/Users/famoco/Desktop/fatal-attraction/scripts/GameWorld.cs:406)
       [3] bool Godot.Node.InvokeGodotClassMethod(Godot.NativeInterop.godot_string_name&, Godot.NativeInterop.NativeVariantPtrArgs, Godot.NativeInterop.godot_variant&) (/root/godot/modules/mono/glue/GodotSharp/GodotSharp/Generated/GodotObjects/Node.cs:2654)
       [4] bool Godot.CanvasItem.InvokeGodotClassMethod(Godot.NativeInterop.godot_string_name&, Godot.NativeInterop.NativeVariantPtrArgs, Godot.NativeInterop.godot_variant&) (/root/godot/modules/mono/glue/GodotSharp/GodotSharp/Generated/GodotObjects/CanvasItem.cs:1758)
       [5] bool Godot.Node2D.InvokeGodotClassMethod(Godot.NativeInterop.godot_string_name&, Godot.NativeInterop.NativeVariantPtrArgs, Godot.NativeInterop.godot_variant&) (/root/godot/modules/mono/glue/GodotSharp/GodotSharp/Generated/GodotObjects/Node2D.cs:557)
       [6] bool GameWorld.InvokeGodotClassMethod(Godot.NativeInterop.godot_string_name&, Godot.NativeInterop.NativeVariantPtrArgs, Godot.NativeInterop.godot_variant&) (/Users/famoco/Desktop/fatal-attraction/.godot/mono/temp/obj/Debug/Godot.SourceGenerators/Godot.SourceGenerators.ScriptMethodsGenerator/GameWorld_ScriptMethods.generated.cs:308)
       [7] Godot.NativeInterop.godot_bool Godot.Bridge.CSharpInstanceBridge.Call(nint, Godot.NativeInterop.godot_string_name*, Godot.NativeInterop.godot_variant**, int, Godot.NativeInterop.godot_variant_call_error*, Godot.NativeInterop.godot_variant*) (/root/godot/modules/mono/glue/GodotSharp/GodotSharp/Core/Bridge/CSharpInstanceBridge.cs:24)
ERROR: No multiplayer peer is assigned. Unable to get unique ID.
   at: get_unique_id (modules/multiplayer/scene_multiplayer.cpp:532)
   C# backtrace (most recent call first):
       [0] Godot.NativeInterop.godot_bool Godot.NativeCalls.godot_icall_0_15(nint, nint) (/root/godot/modules/mono/glue/GodotSharp/GodotSharp/Generated/NativeCalls.cs:147)
       [1] bool Godot.MultiplayerApi.IsServer() (/root/godot/modules/mono/glue/GodotSharp/GodotSharp/Generated/GodotObjects/MultiplayerApi.cs:120)
       [2] void GameWorld._Process(double) (/Users/famoco/Desktop/fatal-attraction/scripts/GameWorld.cs:406)
       [3] bool Godot.Node.InvokeGodotClassMethod(Godot.NativeInterop.godot_string_name&, Godot.NativeInterop.NativeVariantPtrArgs, Godot.NativeInterop.godot_variant&) (/root/godot/modules/mono/glue/GodotSharp/GodotSharp/Generated/GodotObjects/Node.cs:2654)
       [4] bool Godot.CanvasItem.InvokeGodotClassMethod(Godot.NativeInterop.godot_string_name&, Godot.NativeInterop.NativeVariantPtrArgs, Godot.NativeInterop.godot_variant&) (/root/godot/modules/mono/glue/GodotSharp/GodotSharp/Generated/GodotObjects/CanvasItem.cs:1758)
       [5] bool Godot.Node2D.InvokeGodotClassMethod(Godot.NativeInterop.godot_string_name&, Godot.NativeInterop.NativeVariantPtrArgs, Godot.NativeInterop.godot_variant&) (/root/godot/modules/mono/glue/GodotSharp/GodotSharp/Generated/GodotObjects/Node2D.cs:557)
       [6] bool GameWorld.InvokeGodotClassMethod(Godot.NativeInterop.godot_string_name&, Godot.NativeInterop.NativeVariantPtrArgs, Godot.NativeInterop.godot_variant&) (/Users/famoco/Desktop/fatal-attraction/.godot/mono/temp/obj/Debug/Godot.SourceGenerators/Godot.SourceGenerators.ScriptMethodsGenerator/GameWorld_ScriptMethods.generated.cs:308)
       [7] Godot.NativeInterop.godot_bool Godot.Bridge.CSharpInstanceBridge.Call(nint, Godot.NativeInterop.godot_string_name*, Godot.NativeInterop.godot_variant**, int, Godot.NativeInterop.godot_variant_call_error*, Godot.NativeInterop.godot_variant*) (/root/godot/modules/mono/glue/GodotSharp/GodotSharp/Core/Bridge/CSharpInstanceBridge.cs:24)
ERROR: No multiplayer peer is assigned. Unable to get unique ID.
   at: get_unique_id (modules/multiplayer/scene_multiplayer.cpp:532)
   C# backtrace (most recent call first):
       [0] Godot.NativeInterop.godot_bool Godot.NativeCalls.godot_icall_0_15(nint, nint) (/root/godot/modules/mono/glue/GodotSharp/GodotSharp/Generated/NativeCalls.cs:147)
       [1] bool Godot.MultiplayerApi.IsServer() (/root/godot/modules/mono/glue/GodotSharp/GodotSharp/Generated/GodotObjects/MultiplayerApi.cs:120)
       [2] void GameWorld._Process(double) (/Users/famoco/Desktop/fatal-attraction/scripts/GameWorld.cs:406)
       [3] bool Godot.Node.InvokeGodotClassMethod(Godot.NativeInterop.godot_string_name&, Godot.NativeInterop.NativeVariantPtrArgs, Godot.NativeInterop.godot_variant&) (/root/godot/modules/mono/glue/GodotSharp/GodotSharp/Generated/GodotObjects/Node.cs:2654)
       [4] bool Godot.CanvasItem.InvokeGodotClassMethod(Godot.NativeInterop.godot_string_name&, Godot.NativeInterop.NativeVariantPtrArgs, Godot.NativeInterop.godot_variant&) (/root/godot/modules/mono/glue/GodotSharp/GodotSharp/Generated/GodotObjects/CanvasItem.cs:1758)
       [5] bool Godot.Node2D.InvokeGodotClassMethod(Godot.NativeInterop.godot_string_name&, Godot.NativeInterop.NativeVariantPtrArgs, Godot.NativeInterop.godot_variant&) (/root/godot/modules/mono/glue/GodotSharp/GodotSharp/Generated/GodotObjects/Node2D.cs:557)
       [6] bool GameWorld.InvokeGodotClassMethod(Godot.NativeInterop.godot_string_name&, Godot.NativeInterop.NativeVariantPtrArgs, Godot.NativeInterop.godot_variant&) (/Users/famoco/Desktop/fatal-attraction/.godot/mono/temp/obj/Debug/Godot.SourceGenerators/Godot.SourceGenerators.ScriptMethodsGenerator/GameWorld_ScriptMethods.generated.cs:308)
       [7] Godot.NativeInterop.godot_bool Godot.Bridge.CSharpInstanceBridge.Call(nint, Godot.NativeInterop.godot_string_name*, Godot.NativeInterop.godot_variant**, int, Godot.NativeInterop.godot_variant_call_error*, Godot.NativeInterop.godot_variant*) (/root/godot/modules/mono/glue/GodotSharp/GodotSharp/Core/Bridge/CSharpInstanceBridge.cs:24)
ERROR: No multiplayer peer is assigned. Unable to get unique ID.
   at: get_unique_id (modules/multiplayer/scene_multiplayer.cpp:532)
   C# backtrace (most recent call first):
       [0] Godot.NativeInterop.godot_bool Godot.NativeCalls.godot_icall_0_15(nint, nint) (/root/godot/modules/mono/glue/GodotSharp/GodotSharp/Generated/NativeCalls.cs:147)
       [1] bool Godot.MultiplayerApi.IsServer() (/root/godot/modules/mono/glue/GodotSharp/GodotSharp/Generated/GodotObjects/MultiplayerApi.cs:120)
       [2] void GameWorld._Process(double) (/Users/famoco/Desktop/fatal-attraction/scripts/GameWorld.cs:406)
       [3] bool Godot.Node.InvokeGodotClassMethod(Godot.NativeInterop.godot_string_name&, Godot.NativeInterop.NativeVariantPtrArgs, Godot.NativeInterop.godot_variant&) (/root/godot/modules/mono/glue/GodotSharp/GodotSharp/Generated/GodotObjects/Node.cs:2654)
       [4] bool Godot.CanvasItem.InvokeGodotClassMethod(Godot.NativeInterop.godot_string_name&, Godot.NativeInterop.NativeVariantPtrArgs, Godot.NativeInterop.godot_variant&) (/root/godot/modules/mono/glue/GodotSharp/GodotSharp/Generated/GodotObjects/CanvasItem.cs:1758)
       [5] bool Godot.Node2D.InvokeGodotClassMethod(Godot.NativeInterop.godot_string_name&, Godot.NativeInterop.NativeVariantPtrArgs, Godot.NativeInterop.godot_variant&) (/root/godot/modules/mono/glue/GodotSharp/GodotSharp/Generated/GodotObjects/Node2D.cs:557)
       [6] bool GameWorld.InvokeGodotClassMethod(Godot.NativeInterop.godot_string_name&, Godot.NativeInterop.NativeVariantPtrArgs, Godot.NativeInterop.godot_variant&) (/Users/famoco/Desktop/fatal-attraction/.godot/mono/temp/obj/Debug/Godot.SourceGenerators/Godot.SourceGenerators.ScriptMethodsGenerator/GameWorld_ScriptMethods.generated.cs:308)
       [7] Godot.NativeInterop.godot_bool Godot.Bridge.CSharpInstanceBridge.Call(nint, Godot.NativeInterop.godot_string_name*, Godot.NativeInterop.godot_variant**, int, Godot.NativeInterop.godot_variant_call_error*, Godot.NativeInterop.godot_variant*) (/root/godot/modules/mono/glue/GodotSharp/GodotSharp/Core/Bridge/CSharpInstanceBridge.cs:24)
ERROR: No multiplayer peer is assigned. Unable to get unique ID.
   at: get_unique_id (modules/multiplayer/scene_multiplayer.cpp:532)
   C# backtrace (most recent call first):
       [0] Godot.NativeInterop.godot_bool Godot.NativeCalls.godot_icall_0_15(nint, nint) (/root/godot/modules/mono/glue/GodotSharp/GodotSharp/Generated/NativeCalls.cs:147)
       [1] bool Godot.MultiplayerApi.IsServer() (/root/godot/modules/mono/glue/GodotSharp/GodotSharp/Generated/GodotObjects/MultiplayerApi.cs:120)
       [2] void GameWorld._Process(double) (/Users/famoco/Desktop/fatal-attraction/scripts/GameWorld.cs:406)
       [3] bool Godot.Node.InvokeGodotClassMethod(Godot.NativeInterop.godot_string_name&, Godot.NativeInterop.NativeVariantPtrArgs, Godot.NativeInterop.godot_variant&) (/root/godot/modules/mono/glue/GodotSharp/GodotSharp/Generated/GodotObjects/Node.cs:2654)
       [4] bool Godot.CanvasItem.InvokeGodotClassMethod(Godot.NativeInterop.godot_string_name&, Godot.NativeInterop.NativeVariantPtrArgs, Godot.NativeInterop.godot_variant&) (/root/godot/modules/mono/glue/GodotSharp/GodotSharp/Generated/GodotObjects/CanvasItem.cs:1758)
       [5] bool Godot.Node2D.InvokeGodotClassMethod(Godot.NativeInterop.godot_string_name&, Godot.NativeInterop.NativeVariantPtrArgs, Godot.NativeInterop.godot_variant&) (/root/godot/modules/mono/glue/GodotSharp/GodotSharp/Generated/GodotObjects/Node2D.cs:557)
       [6] bool GameWorld.InvokeGodotClassMethod(Godot.NativeInterop.godot_string_name&, Godot.NativeInterop.NativeVariantPtrArgs, Godot.NativeInterop.godot_variant&) (/Users/famoco/Desktop/fatal-attraction/.godot/mono/temp/obj/Debug/Godot.SourceGenerators/Godot.SourceGenerators.ScriptMethodsGenerator/GameWorld_ScriptMethods.generated.cs:308)
       [7] Godot.NativeInterop.godot_bool Godot.Bridge.CSharpInstanceBridge.Call(nint, Godot.NativeInterop.godot_string_name*, Godot.NativeInterop.godot_variant**, int, Godot.NativeInterop.godot_variant_call_error*, Godot.NativeInterop.godot_variant*) (/root/godot/modules/mono/glue/GodotSharp/GodotSharp/Core/Bridge/CSharpInstanceBridge.cs:24)
ERROR: No multiplayer peer is assigned. Unable to get unique ID.
   at: get_unique_id (modules/multiplayer/scene_multiplayer.cpp:532)
   C# backtrace (most recent call first):
       [0] Godot.NativeInterop.godot_bool Godot.NativeCalls.godot_icall_0_15(nint, nint) (/root/godot/modules/mono/glue/GodotSharp/GodotSharp/Generated/NativeCalls.cs:147)
       [1] bool Godot.MultiplayerApi.IsServer() (/root/godot/modules/mono/glue/GodotSharp/GodotSharp/Generated/GodotObjects/MultiplayerApi.cs:120)
       [2] void GameWorld._Process(double) (/Users/famoco/Desktop/fatal-attraction/scripts/GameWorld.cs:406)
       [3] bool Godot.Node.InvokeGodotClassMethod(Godot.NativeInterop.godot_string_name&, Godot.NativeInterop.NativeVariantPtrArgs, Godot.NativeInterop.godot_variant&) (/root/godot/modules/mono/glue/GodotSharp/GodotSharp/Generated/GodotObjects/Node.cs:2654)
       [4] bool Godot.CanvasItem.InvokeGodotClassMethod(Godot.NativeInterop.godot_string_name&, Godot.NativeInterop.NativeVariantPtrArgs, Godot.NativeInterop.godot_variant&) (/root/godot/modules/mono/glue/GodotSharp/GodotSharp/Generated/GodotObjects/CanvasItem.cs:1758)
       [5] bool Godot.Node2D.InvokeGodotClassMethod(Godot.NativeInterop.godot_string_name&, Godot.NativeInterop.NativeVariantPtrArgs, Godot.NativeInterop.godot_variant&) (/root/godot/modules/mono/glue/GodotSharp/GodotSharp/Generated/GodotObjects/Node2D.cs:557)
       [6] bool GameWorld.InvokeGodotClassMethod(Godot.NativeInterop.godot_string_name&, Godot.NativeInterop.NativeVariantPtrArgs, Godot.NativeInterop.godot_variant&) (/Users/famoco/Desktop/fatal-attraction/.godot/mono/temp/obj/Debug/Godot.SourceGenerators/Godot.SourceGenerators.ScriptMethodsGenerator/GameWorld_ScriptMethods.generated.cs:308)
       [7] Godot.NativeInterop.godot_bool Godot.Bridge.CSharpInstanceBridge.Call(nint, Godot.NativeInterop.godot_string_name*, Godot.NativeInterop.godot_variant**, int, Godot.NativeInterop.godot_variant_call_error*, Godot.NativeInterop.godot_variant*) (/root/godot/modules/mono/glue/GodotSharp/GodotSharp/Core/Bridge/CSharpInstanceBridge.cs:24)
ERROR: No multiplayer peer is assigned. Unable to get unique ID.
   at: get_unique_id (modules/multiplayer/scene_multiplayer.cpp:532)
   C# backtrace (most recent call first):
       [0] Godot.NativeInterop.godot_bool Godot.NativeCalls.godot_icall_0_15(nint, nint) (/root/godot/modules/mono/glue/GodotSharp/GodotSharp/Generated/NativeCalls.cs:147)
       [1] bool Godot.MultiplayerApi.IsServer() (/root/godot/modules/mono/glue/GodotSharp/GodotSharp/Generated/GodotObjects/MultiplayerApi.cs:120)
       [2] void GameWorld._Process(double) (/Users/famoco/Desktop/fatal-attraction/scripts/GameWorld.cs:406)
       [3] bool Godot.Node.InvokeGodotClassMethod(Godot.NativeInterop.godot_string_name&, Godot.NativeInterop.NativeVariantPtrArgs, Godot.NativeInterop.godot_variant&) (/root/godot/modules/mono/glue/GodotSharp/GodotSharp/Generated/GodotObjects/Node.cs:2654)
       [4] bool Godot.CanvasItem.InvokeGodotClassMethod(Godot.NativeInterop.godot_string_name&, Godot.NativeInterop.NativeVariantPtrArgs, Godot.NativeInterop.godot_variant&) (/root/godot/modules/mono/glue/GodotSharp/GodotSharp/Generated/GodotObjects/CanvasItem.cs:1758)
       [5] bool Godot.Node2D.InvokeGodotClassMethod(Godot.NativeInterop.godot_string_name&, Godot.NativeInterop.NativeVariantPtrArgs, Godot.NativeInterop.godot_variant&) (/root/godot/modules/mono/glue/GodotSharp/GodotSharp/Generated/GodotObjects/Node2D.cs:557)
       [6] bool GameWorld.InvokeGodotClassMethod(Godot.NativeInterop.godot_string_name&, Godot.NativeInterop.NativeVariantPtrArgs, Godot.NativeInterop.godot_variant&) (/Users/famoco/Desktop/fatal-attraction/.godot/mono/temp/obj/Debug/Godot.SourceGenerators/Godot.SourceGenerators.ScriptMethodsGenerator/GameWorld_ScriptMethods.generated.cs:308)
       [7] Godot.NativeInterop.godot_bool Godot.Bridge.CSharpInstanceBridge.Call(nint, Godot.NativeInterop.godot_string_name*, Godot.NativeInterop.godot_variant**, int, Godot.NativeInterop.godot_variant_call_error*, Godot.NativeInterop.godot_variant*) (/root/godot/modules/mono/glue/GodotSharp/GodotSharp/Core/Bridge/CSharpInstanceBridge.cs:24)
ERROR: No multiplayer peer is assigned. Unable to get unique ID.
   at: get_unique_id (modules/multiplayer/scene_multiplayer.cpp:532)
   C# backtrace (most recent call first):
       [0] Godot.NativeInterop.godot_bool Godot.NativeCalls.godot_icall_0_15(nint, nint) (/root/godot/modules/mono/glue/GodotSharp/GodotSharp/Generated/NativeCalls.cs:147)
       [1] bool Godot.MultiplayerApi.IsServer() (/root/godot/modules/mono/glue/GodotSharp/GodotSharp/Generated/GodotObjects/MultiplayerApi.cs:120)
       [2] void GameWorld._Process(double) (/Users/famoco/Desktop/fatal-attraction/scripts/GameWorld.cs:406)
       [3] bool Godot.Node.InvokeGodotClassMethod(Godot.NativeInterop.godot_string_name&, Godot.NativeInterop.NativeVariantPtrArgs, Godot.NativeInterop.godot_variant&) (/root/godot/modules/mono/glue/GodotSharp/GodotSharp/Generated/GodotObjects/Node.cs:2654)
       [4] bool Godot.CanvasItem.InvokeGodotClassMethod(Godot.NativeInterop.godot_string_name&, Godot.NativeInterop.NativeVariantPtrArgs, Godot.NativeInterop.godot_variant&) (/root/godot/modules/mono/glue/GodotSharp/GodotSharp/Generated/GodotObjects/CanvasItem.cs:1758)
       [5] bool Godot.Node2D.InvokeGodotClassMethod(Godot.NativeInterop.godot_string_name&, Godot.NativeInterop.NativeVariantPtrArgs, Godot.NativeInterop.godot_variant&) (/root/godot/modules/mono/glue/GodotSharp/GodotSharp/Generated/GodotObjects/Node2D.cs:557)
       [6] bool GameWorld.InvokeGodotClassMethod(Godot.NativeInterop.godot_string_name&, Godot.NativeInterop.NativeVariantPtrArgs, Godot.NativeInterop.godot_variant&) (/Users/famoco/Desktop/fatal-attraction/.godot/mono/temp/obj/Debug/Godot.SourceGenerators/Godot.SourceGenerators.ScriptMethodsGenerator/GameWorld_ScriptMethods.generated.cs:308)
       [7] Godot.NativeInterop.godot_bool Godot.Bridge.CSharpInstanceBridge.Call(nint, Godot.NativeInterop.godot_string_name*, Godot.NativeInterop.godot_variant**, int, Godot.NativeInterop.godot_variant_call_error*, Godot.NativeInterop.godot_variant*) (/root/godot/modules/mono/glue/GodotSharp/GodotSharp/Core/Bridge/CSharpInstanceBridge.cs:24)
ERROR: No multiplayer peer is assigned. Unable to get unique ID.
   at: get_unique_id (modules/multiplayer/scene_multiplayer.cpp:532)
   C# backtrace (most recent call first):
       [0] Godot.NativeInterop.godot_bool Godot.NativeCalls.godot_icall_0_15(nint, nint) (/root/godot/modules/mono/glue/GodotSharp/GodotSharp/Generated/NativeCalls.cs:147)
       [1] bool Godot.MultiplayerApi.IsServer() (/root/godot/modules/mono/glue/GodotSharp/GodotSharp/Generated/GodotObjects/MultiplayerApi.cs:120)
       [2] void GameWorld._Process(double) (/Users/famoco/Desktop/fatal-attraction/scripts/GameWorld.cs:406)
       [3] bool Godot.Node.InvokeGodotClassMethod(Godot.NativeInterop.godot_string_name&, Godot.NativeInterop.NativeVariantPtrArgs, Godot.NativeInterop.godot_variant&) (/root/godot/modules/mono/glue/GodotSharp/GodotSharp/Generated/GodotObjects/Node.cs:2654)
       [4] bool Godot.CanvasItem.InvokeGodotClassMethod(Godot.NativeInterop.godot_string_name&, Godot.NativeInterop.NativeVariantPtrArgs, Godot.NativeInterop.godot_variant&) (/root/godot/modules/mono/glue/GodotSharp/GodotSharp/Generated/GodotObjects/CanvasItem.cs:1758)
       [5] bool Godot.Node2D.InvokeGodotClassMethod(Godot.NativeInterop.godot_string_name&, Godot.NativeInterop.NativeVariantPtrArgs, Godot.NativeInterop.godot_variant&) (/root/godot/modules/mono/glue/GodotSharp/GodotSharp/Generated/GodotObjects/Node2D.cs:557)
       [6] bool GameWorld.InvokeGodotClassMethod(Godot.NativeInterop.godot_string_name&, Godot.NativeInterop.NativeVariantPtrArgs, Godot.NativeInterop.godot_variant&) (/Users/famoco/Desktop/fatal-attraction/.godot/mono/temp/obj/Debug/Godot.SourceGenerators/Godot.SourceGenerators.ScriptMethodsGenerator/GameWorld_ScriptMethods.generated.cs:308)
       [7] Godot.NativeInterop.godot_bool Godot.Bridge.CSharpInstanceBridge.Call(nint, Godot.NativeInterop.godot_string_name*, Godot.NativeInterop.godot_variant**, int, Godot.NativeInterop.godot_variant_call_error*, Godot.NativeInterop.godot_variant*) (/root/godot/modules/mono/glue/GodotSharp/GodotSharp/Core/Bridge/CSharpInstanceBridge.cs:24)
ERROR: No multiplayer peer is assigned. Unable to get unique ID.
   at: get_unique_id (modules/multiplayer/scene_multiplayer.cpp:532)
   C# backtrace (most recent call first):
       [0] Godot.NativeInterop.godot_bool Godot.NativeCalls.godot_icall_0_15(nint, nint) (/root/godot/modules/mono/glue/GodotSharp/GodotSharp/Generated/NativeCalls.cs:147)
       [1] bool Godot.MultiplayerApi.IsServer() (/root/godot/modules/mono/glue/GodotSharp/GodotSharp/Generated/GodotObjects/MultiplayerApi.cs:120)
       [2] void GameWorld._Process(double) (/Users/famoco/Desktop/fatal-attraction/scripts/GameWorld.cs:406)
       [3] bool Godot.Node.InvokeGodotClassMethod(Godot.NativeInterop.godot_string_name&, Godot.NativeInterop.NativeVariantPtrArgs, Godot.NativeInterop.godot_variant&) (/root/godot/modules/mono/glue/GodotSharp/GodotSharp/Generated/GodotObjects/Node.cs:2654)
       [4] bool Godot.CanvasItem.InvokeGodotClassMethod(Godot.NativeInterop.godot_string_name&, Godot.NativeInterop.NativeVariantPtrArgs, Godot.NativeInterop.godot_variant&) (/root/godot/modules/mono/glue/GodotSharp/GodotSharp/Generated/GodotObjects/CanvasItem.cs:1758)
       [5] bool Godot.Node2D.InvokeGodotClassMethod(Godot.NativeInterop.godot_string_name&, Godot.NativeInterop.NativeVariantPtrArgs, Godot.NativeInterop.godot_variant&) (/root/godot/modules/mono/glue/GodotSharp/GodotSharp/Generated/GodotObjects/Node2D.cs:557)
       [6] bool GameWorld.InvokeGodotClassMethod(Godot.NativeInterop.godot_string_name&, Godot.NativeInterop.NativeVariantPtrArgs, Godot.NativeInterop.godot_variant&) (/Users/famoco/Desktop/fatal-attraction/.godot/mono/temp/obj/Debug/Godot.SourceGenerators/Godot.SourceGenerators.ScriptMethodsGenerator/GameWorld_ScriptMethods.generated.cs:308)
       [7] Godot.NativeInterop.godot_bool Godot.Bridge.CSharpInstanceBridge.Call(nint, Godot.NativeInterop.godot_string_name*, Godot.NativeInterop.godot_variant**, int, Godot.NativeInterop.godot_variant_call_error*, Godot.NativeInterop.godot_variant*) (/root/godot/modules/mono/glue/GodotSharp/GodotSharp/Core/Bridge/CSharpInstanceBridge.cs:24)
ERROR: No multiplayer peer is assigned. Unable to get unique ID.
   at: get_unique_id (modules/multiplayer/scene_multiplayer.cpp:532)
   C# backtrace (most recent call first):
       [0] Godot.NativeInterop.godot_bool Godot.NativeCalls.godot_icall_0_15(nint, nint) (/root/godot/modules/mono/glue/GodotSharp/GodotSharp/Generated/NativeCalls.cs:147)
       [1] bool Godot.MultiplayerApi.IsServer() (/root/godot/modules/mono/glue/GodotSharp/GodotSharp/Generated/GodotObjects/MultiplayerApi.cs:120)
       [2] void GameWorld._Process(double) (/Users/famoco/Desktop/fatal-attraction/scripts/GameWorld.cs:406)
       [3] bool Godot.Node.InvokeGodotClassMethod(Godot.NativeInterop.godot_string_name&, Godot.NativeInterop.NativeVariantPtrArgs, Godot.NativeInterop.godot_variant&) (/root/godot/modules/mono/glue/GodotSharp/GodotSharp/Generated/GodotObjects/Node.cs:2654)
       [4] bool Godot.CanvasItem.InvokeGodotClassMethod(Godot.NativeInterop.godot_string_name&, Godot.NativeInterop.NativeVariantPtrArgs, Godot.NativeInterop.godot_variant&) (/root/godot/modules/mono/glue/GodotSharp/GodotSharp/Generated/GodotObjects/CanvasItem.cs:1758)
       [5] bool Godot.Node2D.InvokeGodotClassMethod(Godot.NativeInterop.godot_string_name&, Godot.NativeInterop.NativeVariantPtrArgs, Godot.NativeInterop.godot_variant&) (/root/godot/modules/mono/glue/GodotSharp/GodotSharp/Generated/GodotObjects/Node2D.cs:557)
       [6] bool GameWorld.InvokeGodotClassMethod(Godot.NativeInterop.godot_string_name&, Godot.NativeInterop.NativeVariantPtrArgs, Godot.NativeInterop.godot_variant&) (/Users/famoco/Desktop/fatal-attraction/.godot/mono/temp/obj/Debug/Godot.SourceGenerators/Godot.SourceGenerators.ScriptMethodsGenerator/GameWorld_ScriptMethods.generated.cs:308)
       [7] Godot.NativeInterop.godot_bool Godot.Bridge.CSharpInstanceBridge.Call(nint, Godot.NativeInterop.godot_string_name*, Godot.NativeInterop.godot_variant**, int, Godot.NativeInterop.godot_variant_call_error*, Godot.NativeInterop.godot_variant*) (/root/godot/modules/mono/glue/GodotSharp/GodotSharp/Core/Bridge/CSharpInstanceBridge.cs:24)
ERROR: No multiplayer peer is assigned. Unable to get unique ID.
   at: get_unique_id (modules/multiplayer/scene_multiplayer.cpp:532)
   C# backtrace (most recent call first):
       [0] Godot.NativeInterop.godot_bool Godot.NativeCalls.godot_icall_0_15(nint, nint) (/root/godot/modules/mono/glue/GodotSharp/GodotSharp/Generated/NativeCalls.cs:147)
       [1] bool Godot.MultiplayerApi.IsServer() (/root/godot/modules/mono/glue/GodotSharp/GodotSharp/Generated/GodotObjects/MultiplayerApi.cs:120)
       [2] void GameWorld._Process(double) (/Users/famoco/Desktop/fatal-attraction/scripts/GameWorld.cs:406)
       [3] bool Godot.Node.InvokeGodotClassMethod(Godot.NativeInterop.godot_string_name&, Godot.NativeInterop.NativeVariantPtrArgs, Godot.NativeInterop.godot_variant&) (/root/godot/modules/mono/glue/GodotSharp/GodotSharp/Generated/GodotObjects/Node.cs:2654)
       [4] bool Godot.CanvasItem.InvokeGodotClassMethod(Godot.NativeInterop.godot_string_name&, Godot.NativeInterop.NativeVariantPtrArgs, Godot.NativeInterop.godot_variant&) (/root/godot/modules/mono/glue/GodotSharp/GodotSharp/Generated/GodotObjects/CanvasItem.cs:1758)
       [5] bool Godot.Node2D.InvokeGodotClassMethod(Godot.NativeInterop.godot_string_name&, Godot.NativeInterop.NativeVariantPtrArgs, Godot.NativeInterop.godot_variant&) (/root/godot/modules/mono/glue/GodotSharp/GodotSharp/Generated/GodotObjects/Node2D.cs:557)
       [6] bool GameWorld.InvokeGodotClassMethod(Godot.NativeInterop.godot_string_name&, Godot.NativeInterop.NativeVariantPtrArgs, Godot.NativeInterop.godot_variant&) (/Users/famoco/Desktop/fatal-attraction/.godot/mono/temp/obj/Debug/Godot.SourceGenerators/Godot.SourceGenerators.ScriptMethodsGenerator/GameWorld_ScriptMethods.generated.cs:308)
       [7] Godot.NativeInterop.godot_bool Godot.Bridge.CSharpInstanceBridge.Call(nint, Godot.NativeInterop.godot_string_name*, Godot.NativeInterop.godot_variant**, int, Godot.NativeInterop.godot_variant_call_error*, Godot.NativeInterop.godot_variant*) (/root/godot/modules/mono/glue/GodotSharp/GodotSharp/Core/Bridge/CSharpInstanceBridge.cs:24)
ERROR: No multiplayer peer is assigned. Unable to get unique ID.
   at: get_unique_id (modules/multiplayer/scene_multiplayer.cpp:532)
   C# backtrace (most recent call first):
       [0] Godot.NativeInterop.godot_bool Godot.NativeCalls.godot_icall_0_15(nint, nint) (/root/godot/modules/mono/glue/GodotSharp/GodotSharp/Generated/NativeCalls.cs:147)
       [1] bool Godot.MultiplayerApi.IsServer() (/root/godot/modules/mono/glue/GodotSharp/GodotSharp/Generated/GodotObjects/MultiplayerApi.cs:120)
       [2] void GameWorld._Process(double) (/Users/famoco/Desktop/fatal-attraction/scripts/GameWorld.cs:406)
       [3] bool Godot.Node.InvokeGodotClassMethod(Godot.NativeInterop.godot_string_name&, Godot.NativeInterop.NativeVariantPtrArgs, Godot.NativeInterop.godot_variant&) (/root/godot/modules/mono/glue/GodotSharp/GodotSharp/Generated/GodotObjects/Node.cs:2654)
       [4] bool Godot.CanvasItem.InvokeGodotClassMethod(Godot.NativeInterop.godot_string_name&, Godot.NativeInterop.NativeVariantPtrArgs, Godot.NativeInterop.godot_variant&) (/root/godot/modules/mono/glue/GodotSharp/GodotSharp/Generated/GodotObjects/CanvasItem.cs:1758)
       [5] bool Godot.Node2D.InvokeGodotClassMethod(Godot.NativeInterop.godot_string_name&, Godot.NativeInterop.NativeVariantPtrArgs, Godot.NativeInterop.godot_variant&) (/root/godot/modules/mono/glue/GodotSharp/GodotSharp/Generated/GodotObjects/Node2D.cs:557)
       [6] bool GameWorld.InvokeGodotClassMethod(Godot.NativeInterop.godot_string_name&, Godot.NativeInterop.NativeVariantPtrArgs, Godot.NativeInterop.godot_variant&) (/Users/famoco/Desktop/fatal-attraction/.godot/mono/temp/obj/Debug/Godot.SourceGenerators/Godot.SourceGenerators.ScriptMethodsGenerator/GameWorld_ScriptMethods.generated.cs:308)
       [7] Godot.NativeInterop.godot_bool Godot.Bridge.CSharpInstanceBridge.Call(nint, Godot.NativeInterop.godot_string_name*, Godot.NativeInterop.godot_variant**, int, Godot.NativeInterop.godot_variant_call_error*, Godot.NativeInterop.godot_variant*) (/root/godot/modules/mono/glue/GodotSharp/GodotSharp/Core/Bridge/CSharpInstanceBridge.cs:24)
ERROR: No multiplayer peer is assigned. Unable to get unique ID.
   at: get_unique_id (modules/multiplayer/scene_multiplayer.cpp:532)
   C# backtrace (most recent call first):
       [0] Godot.NativeInterop.godot_bool Godot.NativeCalls.godot_icall_0_15(nint, nint) (/root/godot/modules/mono/glue/GodotSharp/GodotSharp/Generated/NativeCalls.cs:147)
       [1] bool Godot.MultiplayerApi.IsServer() (/root/godot/modules/mono/glue/GodotSharp/GodotSharp/Generated/GodotObjects/MultiplayerApi.cs:120)
       [2] void GameWorld._Process(double) (/Users/famoco/Desktop/fatal-attraction/scripts/GameWorld.cs:406)
       [3] bool Godot.Node.InvokeGodotClassMethod(Godot.NativeInterop.godot_string_name&, Godot.NativeInterop.NativeVariantPtrArgs, Godot.NativeInterop.godot_variant&) (/root/godot/modules/mono/glue/GodotSharp/GodotSharp/Generated/GodotObjects/Node.cs:2654)
       [4] bool Godot.CanvasItem.InvokeGodotClassMethod(Godot.NativeInterop.godot_string_name&, Godot.NativeInterop.NativeVariantPtrArgs, Godot.NativeInterop.godot_variant&) (/root/godot/modules/mono/glue/GodotSharp/GodotSharp/Generated/GodotObjects/CanvasItem.cs:1758)
       [5] bool Godot.Node2D.InvokeGodotClassMethod(Godot.NativeInterop.godot_string_name&, Godot.NativeInterop.NativeVariantPtrArgs, Godot.NativeInterop.godot_variant&) (/root/godot/modules/mono/glue/GodotSharp/GodotSharp/Generated/GodotObjects/Node2D.cs:557)
       [6] bool GameWorld.InvokeGodotClassMethod(Godot.NativeInterop.godot_string_name&, Godot.NativeInterop.NativeVariantPtrArgs, Godot.NativeInterop.godot_variant&) (/Users/famoco/Desktop/fatal-attraction/.godot/mono/temp/obj/Debug/Godot.SourceGenerators/Godot.SourceGenerators.ScriptMethodsGenerator/GameWorld_ScriptMethods.generated.cs:308)
       [7] Godot.NativeInterop.godot_bool Godot.Bridge.CSharpInstanceBridge.Call(nint, Godot.NativeInterop.godot_string_name*, Godot.NativeInterop.godot_variant**, int, Godot.NativeInterop.godot_variant_call_error*, Godot.NativeInterop.godot_variant*) (/root/godot/modules/mono/glue/GodotSharp/GodotSharp/Core/Bridge/CSharpInstanceBridge.cs:24)
ERROR: No multiplayer peer is assigned. Unable to get unique ID.
   at: get_unique_id (modules/multiplayer/scene_multiplayer.cpp:532)
   C# backtrace (most recent call first):
       [0] Godot.NativeInterop.godot_bool Godot.NativeCalls.godot_icall_0_15(nint, nint) (/root/godot/modules/mono/glue/GodotSharp/GodotSharp/Generated/NativeCalls.cs:147)
       [1] bool Godot.MultiplayerApi.IsServer() (/root/godot/modules/mono/glue/GodotSharp/GodotSharp/Generated/GodotObjects/MultiplayerApi.cs:120)
       [2] void GameWorld._Process(double) (/Users/famoco/Desktop/fatal-attraction/scripts/GameWorld.cs:406)
       [3] bool Godot.Node.InvokeGodotClassMethod(Godot.NativeInterop.godot_string_name&, Godot.NativeInterop.NativeVariantPtrArgs, Godot.NativeInterop.godot_variant&) (/root/godot/modules/mono/glue/GodotSharp/GodotSharp/Generated/GodotObjects/Node.cs:2654)
       [4] bool Godot.CanvasItem.InvokeGodotClassMethod(Godot.NativeInterop.godot_string_name&, Godot.NativeInterop.NativeVariantPtrArgs, Godot.NativeInterop.godot_variant&) (/root/godot/modules/mono/glue/GodotSharp/GodotSharp/Generated/GodotObjects/CanvasItem.cs:1758)
       [5] bool Godot.Node2D.InvokeGodotClassMethod(Godot.NativeInterop.godot_string_name&, Godot.NativeInterop.NativeVariantPtrArgs, Godot.NativeInterop.godot_variant&) (/root/godot/modules/mono/glue/GodotSharp/GodotSharp/Generated/GodotObjects/Node2D.cs:557)
       [6] bool GameWorld.InvokeGodotClassMethod(Godot.NativeInterop.godot_string_name&, Godot.NativeInterop.NativeVariantPtrArgs, Godot.NativeInterop.godot_variant&) (/Users/famoco/Desktop/fatal-attraction/.godot/mono/temp/obj/Debug/Godot.SourceGenerators/Godot.SourceGenerators.ScriptMethodsGenerator/GameWorld_ScriptMethods.generated.cs:308)
       [7] Godot.NativeInterop.godot_bool Godot.Bridge.CSharpInstanceBridge.Call(nint, Godot.NativeInterop.godot_string_name*, Godot.NativeInterop.godot_variant**, int, Godot.NativeInterop.godot_variant_call_error*, Godot.NativeInterop.godot_variant*) (/root/godot/modules/mono/glue/GodotSharp/GodotSharp/Core/Bridge/CSharpInstanceBridge.cs:24)
ERROR: No multiplayer peer is assigned. Unable to get unique ID.
   at: get_unique_id (modules/multiplayer/scene_multiplayer.cpp:532)
   C# backtrace (most recent call first):
       [0] Godot.NativeInterop.godot_bool Godot.NativeCalls.godot_icall_0_15(nint, nint) (/root/godot/modules/mono/glue/GodotSharp/GodotSharp/Generated/NativeCalls.cs:147)
       [1] bool Godot.MultiplayerApi.IsServer() (/root/godot/modules/mono/glue/GodotSharp/GodotSharp/Generated/GodotObjects/MultiplayerApi.cs:120)
       [2] void GameWorld._Process(double) (/Users/famoco/Desktop/fatal-attraction/scripts/GameWorld.cs:406)
       [3] bool Godot.Node.InvokeGodotClassMethod(Godot.NativeInterop.godot_string_name&, Godot.NativeInterop.NativeVariantPtrArgs, Godot.NativeInterop.godot_variant&) (/root/godot/modules/mono/glue/GodotSharp/GodotSharp/Generated/GodotObjects/Node.cs:2654)
       [4] bool Godot.CanvasItem.InvokeGodotClassMethod(Godot.NativeInterop.godot_string_name&, Godot.NativeInterop.NativeVariantPtrArgs, Godot.NativeInterop.godot_variant&) (/root/godot/modules/mono/glue/GodotSharp/GodotSharp/Generated/GodotObjects/CanvasItem.cs:1758)
       [5] bool Godot.Node2D.InvokeGodotClassMethod(Godot.NativeInterop.godot_string_name&, Godot.NativeInterop.NativeVariantPtrArgs, Godot.NativeInterop.godot_variant&) (/root/godot/modules/mono/glue/GodotSharp/GodotSharp/Generated/GodotObjects/Node2D.cs:557)
       [6] bool GameWorld.InvokeGodotClassMethod(Godot.NativeInterop.godot_string_name&, Godot.NativeInterop.NativeVariantPtrArgs, Godot.NativeInterop.godot_variant&) (/Users/famoco/Desktop/fatal-attraction/.godot/mono/temp/obj/Debug/Godot.SourceGenerators/Godot.SourceGenerators.ScriptMethodsGenerator/GameWorld_ScriptMethods.generated.cs:308)
       [7] Godot.NativeInterop.godot_bool Godot.Bridge.CSharpInstanceBridge.Call(nint, Godot.NativeInterop.godot_string_name*, Godot.NativeInterop.godot_variant**, int, Godot.NativeInterop.godot_variant_call_error*, Godot.NativeInterop.godot_variant*) (/root/godot/modules/mono/glue/GodotSharp/GodotSharp/Core/Bridge/CSharpInstanceBridge.cs:24)
ERROR: No multiplayer peer is assigned. Unable to get unique ID.
   at: get_unique_id (modules/multiplayer/scene_multiplayer.cpp:532)
   C# backtrace (most recent call first):
       [0] Godot.NativeInterop.godot_bool Godot.NativeCalls.godot_icall_0_15(nint, nint) (/root/godot/modules/mono/glue/GodotSharp/GodotSharp/Generated/NativeCalls.cs:147)
       [1] bool Godot.MultiplayerApi.IsServer() (/root/godot/modules/mono/glue/GodotSharp/GodotSharp/Generated/GodotObjects/MultiplayerApi.cs:120)
       [2] void GameWorld._Process(double) (/Users/famoco/Desktop/fatal-attraction/scripts/GameWorld.cs:406)
       [3] bool Godot.Node.InvokeGodotClassMethod(Godot.NativeInterop.godot_string_name&, Godot.NativeInterop.NativeVariantPtrArgs, Godot.NativeInterop.godot_variant&) (/root/godot/modules/mono/glue/GodotSharp/GodotSharp/Generated/GodotObjects/Node.cs:2654)
       [4] bool Godot.CanvasItem.InvokeGodotClassMethod(Godot.NativeInterop.godot_string_name&, Godot.NativeInterop.NativeVariantPtrArgs, Godot.NativeInterop.godot_variant&) (/root/godot/modules/mono/glue/GodotSharp/GodotSharp/Generated/GodotObjects/CanvasItem.cs:1758)
       [5] bool Godot.Node2D.InvokeGodotClassMethod(Godot.NativeInterop.godot_string_name&, Godot.NativeInterop.NativeVariantPtrArgs, Godot.NativeInterop.godot_variant&) (/root/godot/modules/mono/glue/GodotSharp/GodotSharp/Generated/GodotObjects/Node2D.cs:557)
       [6] bool GameWorld.InvokeGodotClassMethod(Godot.NativeInterop.godot_string_name&, Godot.NativeInterop.NativeVariantPtrArgs, Godot.NativeInterop.godot_variant&) (/Users/famoco/Desktop/fatal-attraction/.godot/mono/temp/obj/Debug/Godot.SourceGenerators/Godot.SourceGenerators.ScriptMethodsGenerator/GameWorld_ScriptMethods.generated.cs:308)
       [7] Godot.NativeInterop.godot_bool Godot.Bridge.CSharpInstanceBridge.Call(nint, Godot.NativeInterop.godot_string_name*, Godot.NativeInterop.godot_variant**, int, Godot.NativeInterop.godot_variant_call_error*, Godot.NativeInterop.godot_variant*) (/root/godot/modules/mono/glue/GodotSharp/GodotSharp/Core/Bridge/CSharpInstanceBridge.cs:24)
ERROR: No multiplayer peer is assigned. Unable to get unique ID.
   at: get_unique_id (modules/multiplayer/scene_multiplayer.cpp:532)
   C# backtrace (most recent call first):
       [0] Godot.NativeInterop.godot_bool Godot.NativeCalls.godot_icall_0_15(nint, nint) (/root/godot/modules/mono/glue/GodotSharp/GodotSharp/Generated/NativeCalls.cs:147)
       [1] bool Godot.MultiplayerApi.IsServer() (/root/godot/modules/mono/glue/GodotSharp/GodotSharp/Generated/GodotObjects/MultiplayerApi.cs:120)
       [2] void GameWorld._Process(double) (/Users/famoco/Desktop/fatal-attraction/scripts/GameWorld.cs:406)
       [3] bool Godot.Node.InvokeGodotClassMethod(Godot.NativeInterop.godot_string_name&, Godot.NativeInterop.NativeVariantPtrArgs, Godot.NativeInterop.godot_variant&) (/root/godot/modules/mono/glue/GodotSharp/GodotSharp/Generated/GodotObjects/Node.cs:2654)
       [4] bool Godot.CanvasItem.InvokeGodotClassMethod(Godot.NativeInterop.godot_string_name&, Godot.NativeInterop.NativeVariantPtrArgs, Godot.NativeInterop.godot_variant&) (/root/godot/modules/mono/glue/GodotSharp/GodotSharp/Generated/GodotObjects/CanvasItem.cs:1758)
       [5] bool Godot.Node2D.InvokeGodotClassMethod(Godot.NativeInterop.godot_string_name&, Godot.NativeInterop.NativeVariantPtrArgs, Godot.NativeInterop.godot_variant&) (/root/godot/modules/mono/glue/GodotSharp/GodotSharp/Generated/GodotObjects/Node2D.cs:557)
       [6] bool GameWorld.InvokeGodotClassMethod(Godot.NativeInterop.godot_string_name&, Godot.NativeInterop.NativeVariantPtrArgs, Godot.NativeInterop.godot_variant&) (/Users/famoco/Desktop/fatal-attraction/.godot/mono/temp/obj/Debug/Godot.SourceGenerators/Godot.SourceGenerators.ScriptMethodsGenerator/GameWorld_ScriptMethods.generated.cs:308)
       [7] Godot.NativeInterop.godot_bool Godot.Bridge.CSharpInstanceBridge.Call(nint, Godot.NativeInterop.godot_string_name*, Godot.NativeInterop.godot_variant**, int, Godot.NativeInterop.godot_variant_call_error*, Godot.NativeInterop.godot_variant*) (/root/godot/modules/mono/glue/GodotSharp/GodotSharp/Core/Bridge/CSharpInstanceBridge.cs:24)
ERROR: No multiplayer peer is assigned. Unable to get unique ID.
   at: get_unique_id (modules/multiplayer/scene_multiplayer.cpp:532)
   C# backtrace (most recent call first):
       [0] Godot.NativeInterop.godot_bool Godot.NativeCalls.godot_icall_0_15(nint, nint) (/root/godot/modules/mono/glue/GodotSharp/GodotSharp/Generated/NativeCalls.cs:147)
       [1] bool Godot.MultiplayerApi.IsServer() (/root/godot/modules/mono/glue/GodotSharp/GodotSharp/Generated/GodotObjects/MultiplayerApi.cs:120)
       [2] void GameWorld._Process(double) (/Users/famoco/Desktop/fatal-attraction/scripts/GameWorld.cs:406)
       [3] bool Godot.Node.InvokeGodotClassMethod(Godot.NativeInterop.godot_string_name&, Godot.NativeInterop.NativeVariantPtrArgs, Godot.NativeInterop.godot_variant&) (/root/godot/modules/mono/glue/GodotSharp/GodotSharp/Generated/GodotObjects/Node.cs:2654)
       [4] bool Godot.CanvasItem.InvokeGodotClassMethod(Godot.NativeInterop.godot_string_name&, Godot.NativeInterop.NativeVariantPtrArgs, Godot.NativeInterop.godot_variant&) (/root/godot/modules/mono/glue/GodotSharp/GodotSharp/Generated/GodotObjects/CanvasItem.cs:1758)
       [5] bool Godot.Node2D.InvokeGodotClassMethod(Godot.NativeInterop.godot_string_name&, Godot.NativeInterop.NativeVariantPtrArgs, Godot.NativeInterop.godot_variant&) (/root/godot/modules/mono/glue/GodotSharp/GodotSharp/Generated/GodotObjects/Node2D.cs:557)
       [6] bool GameWorld.InvokeGodotClassMethod(Godot.NativeInterop.godot_string_name&, Godot.NativeInterop.NativeVariantPtrArgs, Godot.NativeInterop.godot_variant&) (/Users/famoco/Desktop/fatal-attraction/.godot/mono/temp/obj/Debug/Godot.SourceGenerators/Godot.SourceGenerators.ScriptMethodsGenerator/GameWorld_ScriptMethods.generated.cs:308)
       [7] Godot.NativeInterop.godot_bool Godot.Bridge.CSharpInstanceBridge.Call(nint, Godot.NativeInterop.godot_string_name*, Godot.NativeInterop.godot_variant**, int, Godot.NativeInterop.godot_variant_call_error*, Godot.NativeInterop.godot_variant*) (/root/godot/modules/mono/glue/GodotSharp/GodotSharp/Core/Bridge/CSharpInstanceBridge.cs:24)
ERROR: No multiplayer peer is assigned. Unable to get unique ID.
   at: get_unique_id (modules/multiplayer/scene_multiplayer.cpp:532)
   C# backtrace (most recent call first):
       [0] Godot.NativeInterop.godot_bool Godot.NativeCalls.godot_icall_0_15(nint, nint) (/root/godot/modules/mono/glue/GodotSharp/GodotSharp/Generated/NativeCalls.cs:147)
       [1] bool Godot.MultiplayerApi.IsServer() (/root/godot/modules/mono/glue/GodotSharp/GodotSharp/Generated/GodotObjects/MultiplayerApi.cs:120)
       [2] void GameWorld._Process(double) (/Users/famoco/Desktop/fatal-attraction/scripts/GameWorld.cs:406)
       [3] bool Godot.Node.InvokeGodotClassMethod(Godot.NativeInterop.godot_string_name&, Godot.NativeInterop.NativeVariantPtrArgs, Godot.NativeInterop.godot_variant&) (/root/godot/modules/mono/glue/GodotSharp/GodotSharp/Generated/GodotObjects/Node.cs:2654)
       [4] bool Godot.CanvasItem.InvokeGodotClassMethod(Godot.NativeInterop.godot_string_name&, Godot.NativeInterop.NativeVariantPtrArgs, Godot.NativeInterop.godot_variant&) (/root/godot/modules/mono/glue/GodotSharp/GodotSharp/Generated/GodotObjects/CanvasItem.cs:1758)
       [5] bool Godot.Node2D.InvokeGodotClassMethod(Godot.NativeInterop.godot_string_name&, Godot.NativeInterop.NativeVariantPtrArgs, Godot.NativeInterop.godot_variant&) (/root/godot/modules/mono/glue/GodotSharp/GodotSharp/Generated/GodotObjects/Node2D.cs:557)
       [6] bool GameWorld.InvokeGodotClassMethod(Godot.NativeInterop.godot_string_name&, Godot.NativeInterop.NativeVariantPtrArgs, Godot.NativeInterop.godot_variant&) (/Users/famoco/Desktop/fatal-attraction/.godot/mono/temp/obj/Debug/Godot.SourceGenerators/Godot.SourceGenerators.ScriptMethodsGenerator/GameWorld_ScriptMethods.generated.cs:308)
       [7] Godot.NativeInterop.godot_bool Godot.Bridge.CSharpInstanceBridge.Call(nint, Godot.NativeInterop.godot_string_name*, Godot.NativeInterop.godot_variant**, int, Godot.NativeInterop.godot_variant_call_error*, Godot.NativeInterop.godot_variant*) (/root/godot/modules/mono/glue/GodotSharp/GodotSharp/Core/Bridge/CSharpInstanceBridge.cs:24)
ERROR: No multiplayer peer is assigned. Unable to get unique ID.
   at: get_unique_id (modules/multiplayer/scene_multiplayer.cpp:532)
   C# backtrace (most recent call first):
       [0] Godot.NativeInterop.godot_bool Godot.NativeCalls.godot_icall_0_15(nint, nint) (/root/godot/modules/mono/glue/GodotSharp/GodotSharp/Generated/NativeCalls.cs:147)
       [1] bool Godot.MultiplayerApi.IsServer() (/root/godot/modules/mono/glue/GodotSharp/GodotSharp/Generated/GodotObjects/MultiplayerApi.cs:120)
       [2] void GameWorld._Process(double) (/Users/famoco/Desktop/fatal-attraction/scripts/GameWorld.cs:406)
       [3] bool Godot.Node.InvokeGodotClassMethod(Godot.NativeInterop.godot_string_name&, Godot.NativeInterop.NativeVariantPtrArgs, Godot.NativeInterop.godot_variant&) (/root/godot/modules/mono/glue/GodotSharp/GodotSharp/Generated/GodotObjects/Node.cs:2654)
       [4] bool Godot.CanvasItem.InvokeGodotClassMethod(Godot.NativeInterop.godot_string_name&, Godot.NativeInterop.NativeVariantPtrArgs, Godot.NativeInterop.godot_variant&) (/root/godot/modules/mono/glue/GodotSharp/GodotSharp/Generated/GodotObjects/CanvasItem.cs:1758)
       [5] bool Godot.Node2D.InvokeGodotClassMethod(Godot.NativeInterop.godot_string_name&, Godot.NativeInterop.NativeVariantPtrArgs, Godot.NativeInterop.godot_variant&) (/root/godot/modules/mono/glue/GodotSharp/GodotSharp/Generated/GodotObjects/Node2D.cs:557)
       [6] bool GameWorld.InvokeGodotClassMethod(Godot.NativeInterop.godot_string_name&, Godot.NativeInterop.NativeVariantPtrArgs, Godot.NativeInterop.godot_variant&) (/Users/famoco/Desktop/fatal-attraction/.godot/mono/temp/obj/Debug/Godot.SourceGenerators/Godot.SourceGenerators.ScriptMethodsGenerator/GameWorld_ScriptMethods.generated.cs:308)
       [7] Godot.NativeInterop.godot_bool Godot.Bridge.CSharpInstanceBridge.Call(nint, Godot.NativeInterop.godot_string_name*, Godot.NativeInterop.godot_variant**, int, Godot.NativeInterop.godot_variant_call_error*, Godot.NativeInterop.godot_variant*) (/root/godot/modules/mono/glue/GodotSharp/GodotSharp/Core/Bridge/CSharpInstanceBridge.cs:24)
ERROR: No multiplayer peer is assigned. Unable to get unique ID.
   at: get_unique_id (modules/multiplayer/scene_multiplayer.cpp:532)
   C# backtrace (most recent call first):
       [0] Godot.NativeInterop.godot_bool Godot.NativeCalls.godot_icall_0_15(nint, nint) (/root/godot/modules/mono/glue/GodotSharp/GodotSharp/Generated/NativeCalls.cs:147)
       [1] bool Godot.MultiplayerApi.IsServer() (/root/godot/modules/mono/glue/GodotSharp/GodotSharp/Generated/GodotObjects/MultiplayerApi.cs:120)
       [2] void GameWorld._Process(double) (/Users/famoco/Desktop/fatal-attraction/scripts/GameWorld.cs:406)
       [3] bool Godot.Node.InvokeGodotClassMethod(Godot.NativeInterop.godot_string_name&, Godot.NativeInterop.NativeVariantPtrArgs, Godot.NativeInterop.godot_variant&) (/root/godot/modules/mono/glue/GodotSharp/GodotSharp/Generated/GodotObjects/Node.cs:2654)
       [4] bool Godot.CanvasItem.InvokeGodotClassMethod(Godot.NativeInterop.godot_string_name&, Godot.NativeInterop.NativeVariantPtrArgs, Godot.NativeInterop.godot_variant&) (/root/godot/modules/mono/glue/GodotSharp/GodotSharp/Generated/GodotObjects/CanvasItem.cs:1758)
       [5] bool Godot.Node2D.InvokeGodotClassMethod(Godot.NativeInterop.godot_string_name&, Godot.NativeInterop.NativeVariantPtrArgs, Godot.NativeInterop.godot_variant&) (/root/godot/modules/mono/glue/GodotSharp/GodotSharp/Generated/GodotObjects/Node2D.cs:557)
       [6] bool GameWorld.InvokeGodotClassMethod(Godot.NativeInterop.godot_string_name&, Godot.NativeInterop.NativeVariantPtrArgs, Godot.NativeInterop.godot_variant&) (/Users/famoco/Desktop/fatal-attraction/.godot/mono/temp/obj/Debug/Godot.SourceGenerators/Godot.SourceGenerators.ScriptMethodsGenerator/GameWorld_ScriptMethods.generated.cs:308)
       [7] Godot.NativeInterop.godot_bool Godot.Bridge.CSharpInstanceBridge.Call(nint, Godot.NativeInterop.godot_string_name*, Godot.NativeInterop.godot_variant**, int, Godot.NativeInterop.godot_variant_call_error*, Godot.NativeInterop.godot_variant*) (/root/godot/modules/mono/glue/GodotSharp/GodotSharp/Core/Bridge/CSharpInstanceBridge.cs:24)
ERROR: No multiplayer peer is assigned. Unable to get unique ID.
   at: get_unique_id (modules/multiplayer/scene_multiplayer.cpp:532)
   C# backtrace (most recent call first):
       [0] Godot.NativeInterop.godot_bool Godot.NativeCalls.godot_icall_0_15(nint, nint) (/root/godot/modules/mono/glue/GodotSharp/GodotSharp/Generated/NativeCalls.cs:147)
       [1] bool Godot.MultiplayerApi.IsServer() (/root/godot/modules/mono/glue/GodotSharp/GodotSharp/Generated/GodotObjects/MultiplayerApi.cs:120)
       [2] void GameWorld._Process(double) (/Users/famoco/Desktop/fatal-attraction/scripts/GameWorld.cs:406)
       [3] bool Godot.Node.InvokeGodotClassMethod(Godot.NativeInterop.godot_string_name&, Godot.NativeInterop.NativeVariantPtrArgs, Godot.NativeInterop.godot_variant&) (/root/godot/modules/mono/glue/GodotSharp/GodotSharp/Generated/GodotObjects/Node.cs:2654)
       [4] bool Godot.CanvasItem.InvokeGodotClassMethod(Godot.NativeInterop.godot_string_name&, Godot.NativeInterop.NativeVariantPtrArgs, Godot.NativeInterop.godot_variant&) (/root/godot/modules/mono/glue/GodotSharp/GodotSharp/Generated/GodotObjects/CanvasItem.cs:1758)
       [5] bool Godot.Node2D.InvokeGodotClassMethod(Godot.NativeInterop.godot_string_name&, Godot.NativeInterop.NativeVariantPtrArgs, Godot.NativeInterop.godot_variant&) (/root/godot/modules/mono/glue/GodotSharp/GodotSharp/Generated/GodotObjects/Node2D.cs:557)
       [6] bool GameWorld.InvokeGodotClassMethod(Godot.NativeInterop.godot_string_name&, Godot.NativeInterop.NativeVariantPtrArgs, Godot.NativeInterop.godot_variant&) (/Users/famoco/Desktop/fatal-attraction/.godot/mono/temp/obj/Debug/Godot.SourceGenerators/Godot.SourceGenerators.ScriptMethodsGenerator/GameWorld_ScriptMethods.generated.cs:308)
       [7] Godot.NativeInterop.godot_bool Godot.Bridge.CSharpInstanceBridge.Call(nint, Godot.NativeInterop.godot_string_name*, Godot.NativeInterop.godot_variant**, int, Godot.NativeInterop.godot_variant_call_error*, Godot.NativeInterop.godot_variant*) (/root/godot/modules/mono/glue/GodotSharp/GodotSharp/Core/Bridge/CSharpInstanceBridge.cs:24)
ERROR: No multiplayer peer is assigned. Unable to get unique ID.
   at: get_unique_id (modules/multiplayer/scene_multiplayer.cpp:532)
   C# backtrace (most recent call first):
       [0] Godot.NativeInterop.godot_bool Godot.NativeCalls.godot_icall_0_15(nint, nint) (/root/godot/modules/mono/glue/GodotSharp/GodotSharp/Generated/NativeCalls.cs:147)
       [1] bool Godot.MultiplayerApi.IsServer() (/root/godot/modules/mono/glue/GodotSharp/GodotSharp/Generated/GodotObjects/MultiplayerApi.cs:120)
       [2] void GameWorld._Process(double) (/Users/famoco/Desktop/fatal-attraction/scripts/GameWorld.cs:406)
       [3] bool Godot.Node.InvokeGodotClassMethod(Godot.NativeInterop.godot_string_name&, Godot.NativeInterop.NativeVariantPtrArgs, Godot.NativeInterop.godot_variant&) (/root/godot/modules/mono/glue/GodotSharp/GodotSharp/Generated/GodotObjects/Node.cs:2654)
       [4] bool Godot.CanvasItem.InvokeGodotClassMethod(Godot.NativeInterop.godot_string_name&, Godot.NativeInterop.NativeVariantPtrArgs, Godot.NativeInterop.godot_variant&) (/root/godot/modules/mono/glue/GodotSharp/GodotSharp/Generated/GodotObjects/CanvasItem.cs:1758)
       [5] bool Godot.Node2D.InvokeGodotClassMethod(Godot.NativeInterop.godot_string_name&, Godot.NativeInterop.NativeVariantPtrArgs, Godot.NativeInterop.godot_variant&) (/root/godot/modules/mono/glue/GodotSharp/GodotSharp/Generated/GodotObjects/Node2D.cs:557)
       [6] bool GameWorld.InvokeGodotClassMethod(Godot.NativeInterop.godot_string_name&, Godot.NativeInterop.NativeVariantPtrArgs, Godot.NativeInterop.godot_variant&) (/Users/famoco/Desktop/fatal-attraction/.godot/mono/temp/obj/Debug/Godot.SourceGenerators/Godot.SourceGenerators.ScriptMethodsGenerator/GameWorld_ScriptMethods.generated.cs:308)
       [7] Godot.NativeInterop.godot_bool Godot.Bridge.CSharpInstanceBridge.Call(nint, Godot.NativeInterop.godot_string_name*, Godot.NativeInterop.godot_variant**, int, Godot.NativeInterop.godot_variant_call_error*, Godot.NativeInterop.godot_variant*) (/root/godot/modules/mono/glue/GodotSharp/GodotSharp/Core/Bridge/CSharpInstanceBridge.cs:24)
ERROR: No multiplayer peer is assigned. Unable to get unique ID.
   at: get_unique_id (modules/multiplayer/scene_multiplayer.cpp:532)
   C# backtrace (most recent call first):
       [0] Godot.NativeInterop.godot_bool Godot.NativeCalls.godot_icall_0_15(nint, nint) (/root/godot/modules/mono/glue/GodotSharp/GodotSharp/Generated/NativeCalls.cs:147)
       [1] bool Godot.MultiplayerApi.IsServer() (/root/godot/modules/mono/glue/GodotSharp/GodotSharp/Generated/GodotObjects/MultiplayerApi.cs:120)
       [2] void GameWorld._Process(double) (/Users/famoco/Desktop/fatal-attraction/scripts/GameWorld.cs:406)
       [3] bool Godot.Node.InvokeGodotClassMethod(Godot.NativeInterop.godot_string_name&, Godot.NativeInterop.NativeVariantPtrArgs, Godot.NativeInterop.godot_variant&) (/root/godot/modules/mono/glue/GodotSharp/GodotSharp/Generated/GodotObjects/Node.cs:2654)
       [4] bool Godot.CanvasItem.InvokeGodotClassMethod(Godot.NativeInterop.godot_string_name&, Godot.NativeInterop.NativeVariantPtrArgs, Godot.NativeInterop.godot_variant&) (/root/godot/modules/mono/glue/GodotSharp/GodotSharp/Generated/GodotObjects/CanvasItem.cs:1758)
       [5] bool Godot.Node2D.InvokeGodotClassMethod(Godot.NativeInterop.godot_string_name&, Godot.NativeInterop.NativeVariantPtrArgs, Godot.NativeInterop.godot_variant&) (/root/godot/modules/mono/glue/GodotSharp/GodotSharp/Generated/GodotObjects/Node2D.cs:557)
       [6] bool GameWorld.InvokeGodotClassMethod(Godot.NativeInterop.godot_string_name&, Godot.NativeInterop.NativeVariantPtrArgs, Godot.NativeInterop.godot_variant&) (/Users/famoco/Desktop/fatal-attraction/.godot/mono/temp/obj/Debug/Godot.SourceGenerators/Godot.SourceGenerators.ScriptMethodsGenerator/GameWorld_ScriptMethods.generated.cs:308)
       [7] Godot.NativeInterop.godot_bool Godot.Bridge.CSharpInstanceBridge.Call(nint, Godot.NativeInterop.godot_string_name*, Godot.NativeInterop.godot_variant**, int, Godot.NativeInterop.godot_variant_call_error*, Godot.NativeInterop.godot_variant*) (/root/godot/modules/mono/glue/GodotSharp/GodotSharp/Core/Bridge/CSharpInstanceBridge.cs:24)
ERROR: No multiplayer peer is assigned. Unable to get unique ID.
   at: get_unique_id (modules/multiplayer/scene_multiplayer.cpp:532)
   C# backtrace (most recent call first):
       [0] Godot.NativeInterop.godot_bool Godot.NativeCalls.godot_icall_0_15(nint, nint) (/root/godot/modules/mono/glue/GodotSharp/GodotSharp/Generated/NativeCalls.cs:147)
       [1] bool Godot.MultiplayerApi.IsServer() (/root/godot/modules/mono/glue/GodotSharp/GodotSharp/Generated/GodotObjects/MultiplayerApi.cs:120)
       [2] void GameWorld._Process(double) (/Users/famoco/Desktop/fatal-attraction/scripts/GameWorld.cs:406)
       [3] bool Godot.Node.InvokeGodotClassMethod(Godot.NativeInterop.godot_string_name&, Godot.NativeInterop.NativeVariantPtrArgs, Godot.NativeInterop.godot_variant&) (/root/godot/modules/mono/glue/GodotSharp/GodotSharp/Generated/GodotObjects/Node.cs:2654)
       [4] bool Godot.CanvasItem.InvokeGodotClassMethod(Godot.NativeInterop.godot_string_name&, Godot.NativeInterop.NativeVariantPtrArgs, Godot.NativeInterop.godot_variant&) (/root/godot/modules/mono/glue/GodotSharp/GodotSharp/Generated/GodotObjects/CanvasItem.cs:1758)
       [5] bool Godot.Node2D.InvokeGodotClassMethod(Godot.NativeInterop.godot_string_name&, Godot.NativeInterop.NativeVariantPtrArgs, Godot.NativeInterop.godot_variant&) (/root/godot/modules/mono/glue/GodotSharp/GodotSharp/Generated/GodotObjects/Node2D.cs:557)
       [6] bool GameWorld.InvokeGodotClassMethod(Godot.NativeInterop.godot_string_name&, Godot.NativeInterop.NativeVariantPtrArgs, Godot.NativeInterop.godot_variant&) (/Users/famoco/Desktop/fatal-attraction/.godot/mono/temp/obj/Debug/Godot.SourceGenerators/Godot.SourceGenerators.ScriptMethodsGenerator/GameWorld_ScriptMethods.generated.cs:308)
       [7] Godot.NativeInterop.godot_bool Godot.Bridge.CSharpInstanceBridge.Call(nint, Godot.NativeInterop.godot_string_name*, Godot.NativeInterop.godot_variant**, int, Godot.NativeInterop.godot_variant_call_error*, Godot.NativeInterop.godot_variant*) (/root/godot/modules/mono/glue/GodotSharp/GodotSharp/Core/Bridge/CSharpInstanceBridge.cs:24)
ERROR: No multiplayer peer is assigned. Unable to get unique ID.
   at: get_unique_id (modules/multiplayer/scene_multiplayer.cpp:532)
   C# backtrace (most recent call first):
       [0] Godot.NativeInterop.godot_bool Godot.NativeCalls.godot_icall_0_15(nint, nint) (/root/godot/modules/mono/glue/GodotSharp/GodotSharp/Generated/NativeCalls.cs:147)
       [1] bool Godot.MultiplayerApi.IsServer() (/root/godot/modules/mono/glue/GodotSharp/GodotSharp/Generated/GodotObjects/MultiplayerApi.cs:120)
       [2] void GameWorld._Process(double) (/Users/famoco/Desktop/fatal-attraction/scripts/GameWorld.cs:406)
       [3] bool Godot.Node.InvokeGodotClassMethod(Godot.NativeInterop.godot_string_name&, Godot.NativeInterop.NativeVariantPtrArgs, Godot.NativeInterop.godot_variant&) (/root/godot/modules/mono/glue/GodotSharp/GodotSharp/Generated/GodotObjects/Node.cs:2654)
       [4] bool Godot.CanvasItem.InvokeGodotClassMethod(Godot.NativeInterop.godot_string_name&, Godot.NativeInterop.NativeVariantPtrArgs, Godot.NativeInterop.godot_variant&) (/root/godot/modules/mono/glue/GodotSharp/GodotSharp/Generated/GodotObjects/CanvasItem.cs:1758)
       [5] bool Godot.Node2D.InvokeGodotClassMethod(Godot.NativeInterop.godot_string_name&, Godot.NativeInterop.NativeVariantPtrArgs, Godot.NativeInterop.godot_variant&) (/root/godot/modules/mono/glue/GodotSharp/GodotSharp/Generated/GodotObjects/Node2D.cs:557)
       [6] bool GameWorld.InvokeGodotClassMethod(Godot.NativeInterop.godot_string_name&, Godot.NativeInterop.NativeVariantPtrArgs, Godot.NativeInterop.godot_variant&) (/Users/famoco/Desktop/fatal-attraction/.godot/mono/temp/obj/Debug/Godot.SourceGenerators/Godot.SourceGenerators.ScriptMethodsGenerator/GameWorld_ScriptMethods.generated.cs:308)
       [7] Godot.NativeInterop.godot_bool Godot.Bridge.CSharpInstanceBridge.Call(nint, Godot.NativeInterop.godot_string_name*, Godot.NativeInterop.godot_variant**, int, Godot.NativeInterop.godot_variant_call_error*, Godot.NativeInterop.godot_variant*) (/root/godot/modules/mono/glue/GodotSharp/GodotSharp/Core/Bridge/CSharpInstanceBridge.cs:24)
ERROR: No multiplayer peer is assigned. Unable to get unique ID.
   at: get_unique_id (modules/multiplayer/scene_multiplayer.cpp:532)
   C# backtrace (most recent call first):
       [0] Godot.NativeInterop.godot_bool Godot.NativeCalls.godot_icall_0_15(nint, nint) (/root/godot/modules/mono/glue/GodotSharp/GodotSharp/Generated/NativeCalls.cs:147)
       [1] bool Godot.MultiplayerApi.IsServer() (/root/godot/modules/mono/glue/GodotSharp/GodotSharp/Generated/GodotObjects/MultiplayerApi.cs:120)
       [2] void GameWorld._Process(double) (/Users/famoco/Desktop/fatal-attraction/scripts/GameWorld.cs:406)
       [3] bool Godot.Node.InvokeGodotClassMethod(Godot.NativeInterop.godot_string_name&, Godot.NativeInterop.NativeVariantPtrArgs, Godot.NativeInterop.godot_variant&) (/root/godot/modules/mono/glue/GodotSharp/GodotSharp/Generated/GodotObjects/Node.cs:2654)
       [4] bool Godot.CanvasItem.InvokeGodotClassMethod(Godot.NativeInterop.godot_string_name&, Godot.NativeInterop.NativeVariantPtrArgs, Godot.NativeInterop.godot_variant&) (/root/godot/modules/mono/glue/GodotSharp/GodotSharp/Generated/GodotObjects/CanvasItem.cs:1758)
       [5] bool Godot.Node2D.InvokeGodotClassMethod(Godot.NativeInterop.godot_string_name&, Godot.NativeInterop.NativeVariantPtrArgs, Godot.NativeInterop.godot_variant&) (/root/godot/modules/mono/glue/GodotSharp/GodotSharp/Generated/GodotObjects/Node2D.cs:557)
       [6] bool GameWorld.InvokeGodotClassMethod(Godot.NativeInterop.godot_string_name&, Godot.NativeInterop.NativeVariantPtrArgs, Godot.NativeInterop.godot_variant&) (/Users/famoco/Desktop/fatal-attraction/.godot/mono/temp/obj/Debug/Godot.SourceGenerators/Godot.SourceGenerators.ScriptMethodsGenerator/GameWorld_ScriptMethods.generated.cs:308)
       [7] Godot.NativeInterop.godot_bool Godot.Bridge.CSharpInstanceBridge.Call(nint, Godot.NativeInterop.godot_string_name*, Godot.NativeInterop.godot_variant**, int, Godot.NativeInterop.godot_variant_call_error*, Godot.NativeInterop.godot_variant*) (/root/godot/modules/mono/glue/GodotSharp/GodotSharp/Core/Bridge/CSharpInstanceBridge.cs:24)
ERROR: No multiplayer peer is assigned. Unable to get unique ID.
   at: get_unique_id (modules/multiplayer/scene_multiplayer.cpp:532)
   C# backtrace (most recent call first):
       [0] Godot.NativeInterop.godot_bool Godot.NativeCalls.godot_icall_0_15(nint, nint) (/root/godot/modules/mono/glue/GodotSharp/GodotSharp/Generated/NativeCalls.cs:147)
       [1] bool Godot.MultiplayerApi.IsServer() (/root/godot/modules/mono/glue/GodotSharp/GodotSharp/Generated/GodotObjects/MultiplayerApi.cs:120)
       [2] void GameWorld._Process(double) (/Users/famoco/Desktop/fatal-attraction/scripts/GameWorld.cs:406)
       [3] bool Godot.Node.InvokeGodotClassMethod(Godot.NativeInterop.godot_string_name&, Godot.NativeInterop.NativeVariantPtrArgs, Godot.NativeInterop.godot_variant&) (/root/godot/modules/mono/glue/GodotSharp/GodotSharp/Generated/GodotObjects/Node.cs:2654)
       [4] bool Godot.CanvasItem.InvokeGodotClassMethod(Godot.NativeInterop.godot_string_name&, Godot.NativeInterop.NativeVariantPtrArgs, Godot.NativeInterop.godot_variant&) (/root/godot/modules/mono/glue/GodotSharp/GodotSharp/Generated/GodotObjects/CanvasItem.cs:1758)
       [5] bool Godot.Node2D.InvokeGodotClassMethod(Godot.NativeInterop.godot_string_name&, Godot.NativeInterop.NativeVariantPtrArgs, Godot.NativeInterop.godot_variant&) (/root/godot/modules/mono/glue/GodotSharp/GodotSharp/Generated/GodotObjects/Node2D.cs:557)
       [6] bool GameWorld.InvokeGodotClassMethod(Godot.NativeInterop.godot_string_name&, Godot.NativeInterop.NativeVariantPtrArgs, Godot.NativeInterop.godot_variant&) (/Users/famoco/Desktop/fatal-attraction/.godot/mono/temp/obj/Debug/Godot.SourceGenerators/Godot.SourceGenerators.ScriptMethodsGenerator/GameWorld_ScriptMethods.generated.cs:308)
       [7] Godot.NativeInterop.godot_bool Godot.Bridge.CSharpInstanceBridge.Call(nint, Godot.NativeInterop.godot_string_name*, Godot.NativeInterop.godot_variant**, int, Godot.NativeInterop.godot_variant_call_error*, Godot.NativeInterop.godot_variant*) (/root/godot/modules/mono/glue/GodotSharp/GodotSharp/Core/Bridge/CSharpInstanceBridge.cs:24)
ERROR: No multiplayer peer is assigned. Unable to get unique ID.
   at: get_unique_id (modules/multiplayer/scene_multiplayer.cpp:532)
   C# backtrace (most recent call first):
       [0] Godot.NativeInterop.godot_bool Godot.NativeCalls.godot_icall_0_15(nint, nint) (/root/godot/modules/mono/glue/GodotSharp/GodotSharp/Generated/NativeCalls.cs:147)
       [1] bool Godot.MultiplayerApi.IsServer() (/root/godot/modules/mono/glue/GodotSharp/GodotSharp/Generated/GodotObjects/MultiplayerApi.cs:120)
       [2] void GameWorld._Process(double) (/Users/famoco/Desktop/fatal-attraction/scripts/GameWorld.cs:406)
       [3] bool Godot.Node.InvokeGodotClassMethod(Godot.NativeInterop.godot_string_name&, Godot.NativeInterop.NativeVariantPtrArgs, Godot.NativeInterop.godot_variant&) (/root/godot/modules/mono/glue/GodotSharp/GodotSharp/Generated/GodotObjects/Node.cs:2654)
       [4] bool Godot.CanvasItem.InvokeGodotClassMethod(Godot.NativeInterop.godot_string_name&, Godot.NativeInterop.NativeVariantPtrArgs, Godot.NativeInterop.godot_variant&) (/root/godot/modules/mono/glue/GodotSharp/GodotSharp/Generated/GodotObjects/CanvasItem.cs:1758)
       [5] bool Godot.Node2D.InvokeGodotClassMethod(Godot.NativeInterop.godot_string_name&, Godot.NativeInterop.NativeVariantPtrArgs, Godot.NativeInterop.godot_variant&) (/root/godot/modules/mono/glue/GodotSharp/GodotSharp/Generated/GodotObjects/Node2D.cs:557)
       [6] bool GameWorld.InvokeGodotClassMethod(Godot.NativeInterop.godot_string_name&, Godot.NativeInterop.NativeVariantPtrArgs, Godot.NativeInterop.godot_variant&) (/Users/famoco/Desktop/fatal-attraction/.godot/mono/temp/obj/Debug/Godot.SourceGenerators/Godot.SourceGenerators.ScriptMethodsGenerator/GameWorld_ScriptMethods.generated.cs:308)
       [7] Godot.NativeInterop.godot_bool Godot.Bridge.CSharpInstanceBridge.Call(nint, Godot.NativeInterop.godot_string_name*, Godot.NativeInterop.godot_variant**, int, Godot.NativeInterop.godot_variant_call_error*, Godot.NativeInterop.godot_variant*) (/root/godot/modules/mono/glue/GodotSharp/GodotSharp/Core/Bridge/CSharpInstanceBridge.cs:24)
ERROR: No multiplayer peer is assigned. Unable to get unique ID.
   at: get_unique_id (modules/multiplayer/scene_multiplayer.cpp:532)
   C# backtrace (most recent call first):
       [0] Godot.NativeInterop.godot_bool Godot.NativeCalls.godot_icall_0_15(nint, nint) (/root/godot/modules/mono/glue/GodotSharp/GodotSharp/Generated/NativeCalls.cs:147)
       [1] bool Godot.MultiplayerApi.IsServer() (/root/godot/modules/mono/glue/GodotSharp/GodotSharp/Generated/GodotObjects/MultiplayerApi.cs:120)
       [2] void GameWorld._Process(double) (/Users/famoco/Desktop/fatal-attraction/scripts/GameWorld.cs:406)
       [3] bool Godot.Node.InvokeGodotClassMethod(Godot.NativeInterop.godot_string_name&, Godot.NativeInterop.NativeVariantPtrArgs, Godot.NativeInterop.godot_variant&) (/root/godot/modules/mono/glue/GodotSharp/GodotSharp/Generated/GodotObjects/Node.cs:2654)
       [4] bool Godot.CanvasItem.InvokeGodotClassMethod(Godot.NativeInterop.godot_string_name&, Godot.NativeInterop.NativeVariantPtrArgs, Godot.NativeInterop.godot_variant&) (/root/godot/modules/mono/glue/GodotSharp/GodotSharp/Generated/GodotObjects/CanvasItem.cs:1758)
       [5] bool Godot.Node2D.InvokeGodotClassMethod(Godot.NativeInterop.godot_string_name&, Godot.NativeInterop.NativeVariantPtrArgs, Godot.NativeInterop.godot_variant&) (/root/godot/modules/mono/glue/GodotSharp/GodotSharp/Generated/GodotObjects/Node2D.cs:557)
       [6] bool GameWorld.InvokeGodotClassMethod(Godot.NativeInterop.godot_string_name&, Godot.NativeInterop.NativeVariantPtrArgs, Godot.NativeInterop.godot_variant&) (/Users/famoco/Desktop/fatal-attraction/.godot/mono/temp/obj/Debug/Godot.SourceGenerators/Godot.SourceGenerators.ScriptMethodsGenerator/GameWorld_ScriptMethods.generated.cs:308)
       [7] Godot.NativeInterop.godot_bool Godot.Bridge.CSharpInstanceBridge.Call(nint, Godot.NativeInterop.godot_string_name*, Godot.NativeInterop.godot_variant**, int, Godot.NativeInterop.godot_variant_call_error*, Godot.NativeInterop.godot_variant*) (/root/godot/modules/mono/glue/GodotSharp/GodotSharp/Core/Bridge/CSharpInstanceBridge.cs:24)
ERROR: No multiplayer peer is assigned. Unable to get unique ID.
   at: get_unique_id (modules/multiplayer/scene_multiplayer.cpp:532)
   C# backtrace (most recent call first):
       [0] Godot.NativeInterop.godot_bool Godot.NativeCalls.godot_icall_0_15(nint, nint) (/root/godot/modules/mono/glue/GodotSharp/GodotSharp/Generated/NativeCalls.cs:147)
       [1] bool Godot.MultiplayerApi.IsServer() (/root/godot/modules/mono/glue/GodotSharp/GodotSharp/Generated/GodotObjects/MultiplayerApi.cs:120)
       [2] void GameWorld._Process(double) (/Users/famoco/Desktop/fatal-attraction/scripts/GameWorld.cs:406)
       [3] bool Godot.Node.InvokeGodotClassMethod(Godot.NativeInterop.godot_string_name&, Godot.NativeInterop.NativeVariantPtrArgs, Godot.NativeInterop.godot_variant&) (/root/godot/modules/mono/glue/GodotSharp/GodotSharp/Generated/GodotObjects/Node.cs:2654)
       [4] bool Godot.CanvasItem.InvokeGodotClassMethod(Godot.NativeInterop.godot_string_name&, Godot.NativeInterop.NativeVariantPtrArgs, Godot.NativeInterop.godot_variant&) (/root/godot/modules/mono/glue/GodotSharp/GodotSharp/Generated/GodotObjects/CanvasItem.cs:1758)
       [5] bool Godot.Node2D.InvokeGodotClassMethod(Godot.NativeInterop.godot_string_name&, Godot.NativeInterop.NativeVariantPtrArgs, Godot.NativeInterop.godot_variant&) (/root/godot/modules/mono/glue/GodotSharp/GodotSharp/Generated/GodotObjects/Node2D.cs:557)
       [6] bool GameWorld.InvokeGodotClassMethod(Godot.NativeInterop.godot_string_name&, Godot.NativeInterop.NativeVariantPtrArgs, Godot.NativeInterop.godot_variant&) (/Users/famoco/Desktop/fatal-attraction/.godot/mono/temp/obj/Debug/Godot.SourceGenerators/Godot.SourceGenerators.ScriptMethodsGenerator/GameWorld_ScriptMethods.generated.cs:308)
       [7] Godot.NativeInterop.godot_bool Godot.Bridge.CSharpInstanceBridge.Call(nint, Godot.NativeInterop.godot_string_name*, Godot.NativeInterop.godot_variant**, int, Godot.NativeInterop.godot_variant_call_error*, Godot.NativeInterop.godot_variant*) (/root/godot/modules/mono/glue/GodotSharp/GodotSharp/Core/Bridge/CSharpInstanceBridge.cs:24)
ERROR: No multiplayer peer is assigned. Unable to get unique ID.
   at: get_unique_id (modules/multiplayer/scene_multiplayer.cpp:532)
   C# backtrace (most recent call first):
       [0] Godot.NativeInterop.godot_bool Godot.NativeCalls.godot_icall_0_15(nint, nint) (/root/godot/modules/mono/glue/GodotSharp/GodotSharp/Generated/NativeCalls.cs:147)
       [1] bool Godot.MultiplayerApi.IsServer() (/root/godot/modules/mono/glue/GodotSharp/GodotSharp/Generated/GodotObjects/MultiplayerApi.cs:120)
       [2] void GameWorld._Process(double) (/Users/famoco/Desktop/fatal-attraction/scripts/GameWorld.cs:406)
       [3] bool Godot.Node.InvokeGodotClassMethod(Godot.NativeInterop.godot_string_name&, Godot.NativeInterop.NativeVariantPtrArgs, Godot.NativeInterop.godot_variant&) (/root/godot/modules/mono/glue/GodotSharp/GodotSharp/Generated/GodotObjects/Node.cs:2654)
       [4] bool Godot.CanvasItem.InvokeGodotClassMethod(Godot.NativeInterop.godot_string_name&, Godot.NativeInterop.NativeVariantPtrArgs, Godot.NativeInterop.godot_variant&) (/root/godot/modules/mono/glue/GodotSharp/GodotSharp/Generated/GodotObjects/CanvasItem.cs:1758)
       [5] bool Godot.Node2D.InvokeGodotClassMethod(Godot.NativeInterop.godot_string_name&, Godot.NativeInterop.NativeVariantPtrArgs, Godot.NativeInterop.godot_variant&) (/root/godot/modules/mono/glue/GodotSharp/GodotSharp/Generated/GodotObjects/Node2D.cs:557)
       [6] bool GameWorld.InvokeGodotClassMethod(Godot.NativeInterop.godot_string_name&, Godot.NativeInterop.NativeVariantPtrArgs, Godot.NativeInterop.godot_variant&) (/Users/famoco/Desktop/fatal-attraction/.godot/mono/temp/obj/Debug/Godot.SourceGenerators/Godot.SourceGenerators.ScriptMethodsGenerator/GameWorld_ScriptMethods.generated.cs:308)
       [7] Godot.NativeInterop.godot_bool Godot.Bridge.CSharpInstanceBridge.Call(nint, Godot.NativeInterop.godot_string_name*, Godot.NativeInterop.godot_variant**, int, Godot.NativeInterop.godot_variant_call_error*, Godot.NativeInterop.godot_variant*) (/root/godot/modules/mono/glue/GodotSharp/GodotSharp/Core/Bridge/CSharpInstanceBridge.cs:24)
ERROR: No multiplayer peer is assigned. Unable to get unique ID.
   at: get_unique_id (modules/multiplayer/scene_multiplayer.cpp:532)
   C# backtrace (most recent call first):
       [0] Godot.NativeInterop.godot_bool Godot.NativeCalls.godot_icall_0_15(nint, nint) (/root/godot/modules/mono/glue/GodotSharp/GodotSharp/Generated/NativeCalls.cs:147)
       [1] bool Godot.MultiplayerApi.IsServer() (/root/godot/modules/mono/glue/GodotSharp/GodotSharp/Generated/GodotObjects/MultiplayerApi.cs:120)
       [2] void GameWorld._Process(double) (/Users/famoco/Desktop/fatal-attraction/scripts/GameWorld.cs:406)
       [3] bool Godot.Node.InvokeGodotClassMethod(Godot.NativeInterop.godot_string_name&, Godot.NativeInterop.NativeVariantPtrArgs, Godot.NativeInterop.godot_variant&) (/root/godot/modules/mono/glue/GodotSharp/GodotSharp/Generated/GodotObjects/Node.cs:2654)
       [4] bool Godot.CanvasItem.InvokeGodotClassMethod(Godot.NativeInterop.godot_string_name&, Godot.NativeInterop.NativeVariantPtrArgs, Godot.NativeInterop.godot_variant&) (/root/godot/modules/mono/glue/GodotSharp/GodotSharp/Generated/GodotObjects/CanvasItem.cs:1758)
       [5] bool Godot.Node2D.InvokeGodotClassMethod(Godot.NativeInterop.godot_string_name&, Godot.NativeInterop.NativeVariantPtrArgs, Godot.NativeInterop.godot_variant&) (/root/godot/modules/mono/glue/GodotSharp/GodotSharp/Generated/GodotObjects/Node2D.cs:557)
       [6] bool GameWorld.InvokeGodotClassMethod(Godot.NativeInterop.godot_string_name&, Godot.NativeInterop.NativeVariantPtrArgs, Godot.NativeInterop.godot_variant&) (/Users/famoco/Desktop/fatal-attraction/.godot/mono/temp/obj/Debug/Godot.SourceGenerators/Godot.SourceGenerators.ScriptMethodsGenerator/GameWorld_ScriptMethods.generated.cs:308)
       [7] Godot.NativeInterop.godot_bool Godot.Bridge.CSharpInstanceBridge.Call(nint, Godot.NativeInterop.godot_string_name*, Godot.NativeInterop.godot_variant**, int, Godot.NativeInterop.godot_variant_call_error*, Godot.NativeInterop.godot_variant*) (/root/godot/modules/mono/glue/GodotSharp/GodotSharp/Core/Bridge/CSharpInstanceBridge.cs:24)
ERROR: No multiplayer peer is assigned. Unable to get unique ID.
   at: get_unique_id (modules/multiplayer/scene_multiplayer.cpp:532)
   C# backtrace (most recent call first):
       [0] Godot.NativeInterop.godot_bool Godot.NativeCalls.godot_icall_0_15(nint, nint) (/root/godot/modules/mono/glue/GodotSharp/GodotSharp/Generated/NativeCalls.cs:147)
       [1] bool Godot.MultiplayerApi.IsServer() (/root/godot/modules/mono/glue/GodotSharp/GodotSharp/Generated/GodotObjects/MultiplayerApi.cs:120)
       [2] void GameWorld._Process(double) (/Users/famoco/Desktop/fatal-attraction/scripts/GameWorld.cs:406)
       [3] bool Godot.Node.InvokeGodotClassMethod(Godot.NativeInterop.godot_string_name&, Godot.NativeInterop.NativeVariantPtrArgs, Godot.NativeInterop.godot_variant&) (/root/godot/modules/mono/glue/GodotSharp/GodotSharp/Generated/GodotObjects/Node.cs:2654)
       [4] bool Godot.CanvasItem.InvokeGodotClassMethod(Godot.NativeInterop.godot_string_name&, Godot.NativeInterop.NativeVariantPtrArgs, Godot.NativeInterop.godot_variant&) (/root/godot/modules/mono/glue/GodotSharp/GodotSharp/Generated/GodotObjects/CanvasItem.cs:1758)
       [5] bool Godot.Node2D.InvokeGodotClassMethod(Godot.NativeInterop.godot_string_name&, Godot.NativeInterop.NativeVariantPtrArgs, Godot.NativeInterop.godot_variant&) (/root/godot/modules/mono/glue/GodotSharp/GodotSharp/Generated/GodotObjects/Node2D.cs:557)
       [6] bool GameWorld.InvokeGodotClassMethod(Godot.NativeInterop.godot_string_name&, Godot.NativeInterop.NativeVariantPtrArgs, Godot.NativeInterop.godot_variant&) (/Users/famoco/Desktop/fatal-attraction/.godot/mono/temp/obj/Debug/Godot.SourceGenerators/Godot.SourceGenerators.ScriptMethodsGenerator/GameWorld_ScriptMethods.generated.cs:308)
       [7] Godot.NativeInterop.godot_bool Godot.Bridge.CSharpInstanceBridge.Call(nint, Godot.NativeInterop.godot_string_name*, Godot.NativeInterop.godot_variant**, int, Godot.NativeInterop.godot_variant_call_error*, Godot.NativeInterop.godot_variant*) (/root/godot/modules/mono/glue/GodotSharp/GodotSharp/Core/Bridge/CSharpInstanceBridge.cs:24)
ERROR: No multiplayer peer is assigned. Unable to get unique ID.
   at: get_unique_id (modules/multiplayer/scene_multiplayer.cpp:532)
   C# backtrace (most recent call first):
       [0] Godot.NativeInterop.godot_bool Godot.NativeCalls.godot_icall_0_15(nint, nint) (/root/godot/modules/mono/glue/GodotSharp/GodotSharp/Generated/NativeCalls.cs:147)
       [1] bool Godot.MultiplayerApi.IsServer() (/root/godot/modules/mono/glue/GodotSharp/GodotSharp/Generated/GodotObjects/MultiplayerApi.cs:120)
       [2] void GameWorld._Process(double) (/Users/famoco/Desktop/fatal-attraction/scripts/GameWorld.cs:406)
       [3] bool Godot.Node.InvokeGodotClassMethod(Godot.NativeInterop.godot_string_name&, Godot.NativeInterop.NativeVariantPtrArgs, Godot.NativeInterop.godot_variant&) (/root/godot/modules/mono/glue/GodotSharp/GodotSharp/Generated/GodotObjects/Node.cs:2654)
       [4] bool Godot.CanvasItem.InvokeGodotClassMethod(Godot.NativeInterop.godot_string_name&, Godot.NativeInterop.NativeVariantPtrArgs, Godot.NativeInterop.godot_variant&) (/root/godot/modules/mono/glue/GodotSharp/GodotSharp/Generated/GodotObjects/CanvasItem.cs:1758)
       [5] bool Godot.Node2D.InvokeGodotClassMethod(Godot.NativeInterop.godot_string_name&, Godot.NativeInterop.NativeVariantPtrArgs, Godot.NativeInterop.godot_variant&) (/root/godot/modules/mono/glue/GodotSharp/GodotSharp/Generated/GodotObjects/Node2D.cs:557)
       [6] bool GameWorld.InvokeGodotClassMethod(Godot.NativeInterop.godot_string_name&, Godot.NativeInterop.NativeVariantPtrArgs, Godot.NativeInterop.godot_variant&) (/Users/famoco/Desktop/fatal-attraction/.godot/mono/temp/obj/Debug/Godot.SourceGenerators/Godot.SourceGenerators.ScriptMethodsGenerator/GameWorld_ScriptMethods.generated.cs:308)
       [7] Godot.NativeInterop.godot_bool Godot.Bridge.CSharpInstanceBridge.Call(nint, Godot.NativeInterop.godot_string_name*, Godot.NativeInterop.godot_variant**, int, Godot.NativeInterop.godot_variant_call_error*, Godot.NativeInterop.godot_variant*) (/root/godot/modules/mono/glue/GodotSharp/GodotSharp/Core/Bridge/CSharpInstanceBridge.cs:24)
ERROR: No multiplayer peer is assigned. Unable to get unique ID.
   at: get_unique_id (modules/multiplayer/scene_multiplayer.cpp:532)
   C# backtrace (most recent call first):
       [0] Godot.NativeInterop.godot_bool Godot.NativeCalls.godot_icall_0_15(nint, nint) (/root/godot/modules/mono/glue/GodotSharp/GodotSharp/Generated/NativeCalls.cs:147)
       [1] bool Godot.MultiplayerApi.IsServer() (/root/godot/modules/mono/glue/GodotSharp/GodotSharp/Generated/GodotObjects/MultiplayerApi.cs:120)
       [2] void GameWorld._Process(double) (/Users/famoco/Desktop/fatal-attraction/scripts/GameWorld.cs:406)
       [3] bool Godot.Node.InvokeGodotClassMethod(Godot.NativeInterop.godot_string_name&, Godot.NativeInterop.NativeVariantPtrArgs, Godot.NativeInterop.godot_variant&) (/root/godot/modules/mono/glue/GodotSharp/GodotSharp/Generated/GodotObjects/Node.cs:2654)
       [4] bool Godot.CanvasItem.InvokeGodotClassMethod(Godot.NativeInterop.godot_string_name&, Godot.NativeInterop.NativeVariantPtrArgs, Godot.NativeInterop.godot_variant&) (/root/godot/modules/mono/glue/GodotSharp/GodotSharp/Generated/GodotObjects/CanvasItem.cs:1758)
       [5] bool Godot.Node2D.InvokeGodotClassMethod(Godot.NativeInterop.godot_string_name&, Godot.NativeInterop.NativeVariantPtrArgs, Godot.NativeInterop.godot_variant&) (/root/godot/modules/mono/glue/GodotSharp/GodotSharp/Generated/GodotObjects/Node2D.cs:557)
       [6] bool GameWorld.InvokeGodotClassMethod(Godot.NativeInterop.godot_string_name&, Godot.NativeInterop.NativeVariantPtrArgs, Godot.NativeInterop.godot_variant&) (/Users/famoco/Desktop/fatal-attraction/.godot/mono/temp/obj/Debug/Godot.SourceGenerators/Godot.SourceGenerators.ScriptMethodsGenerator/GameWorld_ScriptMethods.generated.cs:308)
       [7] Godot.NativeInterop.godot_bool Godot.Bridge.CSharpInstanceBridge.Call(nint, Godot.NativeInterop.godot_string_name*, Godot.NativeInterop.godot_variant**, int, Godot.NativeInterop.godot_variant_call_error*, Godot.NativeInterop.godot_variant*) (/root/godot/modules/mono/glue/GodotSharp/GodotSharp/Core/Bridge/CSharpInstanceBridge.cs:24)
ERROR: No multiplayer peer is assigned. Unable to get unique ID.
   at: get_unique_id (modules/multiplayer/scene_multiplayer.cpp:532)
   C# backtrace (most recent call first):
       [0] Godot.NativeInterop.godot_bool Godot.NativeCalls.godot_icall_0_15(nint, nint) (/root/godot/modules/mono/glue/GodotSharp/GodotSharp/Generated/NativeCalls.cs:147)
       [1] bool Godot.MultiplayerApi.IsServer() (/root/godot/modules/mono/glue/GodotSharp/GodotSharp/Generated/GodotObjects/MultiplayerApi.cs:120)
       [2] void GameWorld._Process(double) (/Users/famoco/Desktop/fatal-attraction/scripts/GameWorld.cs:406)
       [3] bool Godot.Node.InvokeGodotClassMethod(Godot.NativeInterop.godot_string_name&, Godot.NativeInterop.NativeVariantPtrArgs, Godot.NativeInterop.godot_variant&) (/root/godot/modules/mono/glue/GodotSharp/GodotSharp/Generated/GodotObjects/Node.cs:2654)
       [4] bool Godot.CanvasItem.InvokeGodotClassMethod(Godot.NativeInterop.godot_string_name&, Godot.NativeInterop.NativeVariantPtrArgs, Godot.NativeInterop.godot_variant&) (/root/godot/modules/mono/glue/GodotSharp/GodotSharp/Generated/GodotObjects/CanvasItem.cs:1758)
       [5] bool Godot.Node2D.InvokeGodotClassMethod(Godot.NativeInterop.godot_string_name&, Godot.NativeInterop.NativeVariantPtrArgs, Godot.NativeInterop.godot_variant&) (/root/godot/modules/mono/glue/GodotSharp/GodotSharp/Generated/GodotObjects/Node2D.cs:557)
       [6] bool GameWorld.InvokeGodotClassMethod(Godot.NativeInterop.godot_string_name&, Godot.NativeInterop.NativeVariantPtrArgs, Godot.NativeInterop.godot_variant&) (/Users/famoco/Desktop/fatal-attraction/.godot/mono/temp/obj/Debug/Godot.SourceGenerators/Godot.SourceGenerators.ScriptMethodsGenerator/GameWorld_ScriptMethods.generated.cs:308)
       [7] Godot.NativeInterop.godot_bool Godot.Bridge.CSharpInstanceBridge.Call(nint, Godot.NativeInterop.godot_string_name*, Godot.NativeInterop.godot_variant**, int, Godot.NativeInterop.godot_variant_call_error*, Godot.NativeInterop.godot_variant*) (/root/godot/modules/mono/glue/GodotSharp/GodotSharp/Core/Bridge/CSharpInstanceBridge.cs:24)
ERROR: No multiplayer peer is assigned. Unable to get unique ID.
   at: get_unique_id (modules/multiplayer/scene_multiplayer.cpp:532)
   C# backtrace (most recent call first):
       [0] Godot.NativeInterop.godot_bool Godot.NativeCalls.godot_icall_0_15(nint, nint) (/root/godot/modules/mono/glue/GodotSharp/GodotSharp/Generated/NativeCalls.cs:147)
       [1] bool Godot.MultiplayerApi.IsServer() (/root/godot/modules/mono/glue/GodotSharp/GodotSharp/Generated/GodotObjects/MultiplayerApi.cs:120)
       [2] void GameWorld._Process(double) (/Users/famoco/Desktop/fatal-attraction/scripts/GameWorld.cs:406)
       [3] bool Godot.Node.InvokeGodotClassMethod(Godot.NativeInterop.godot_string_name&, Godot.NativeInterop.NativeVariantPtrArgs, Godot.NativeInterop.godot_variant&) (/root/godot/modules/mono/glue/GodotSharp/GodotSharp/Generated/GodotObjects/Node.cs:2654)
       [4] bool Godot.CanvasItem.InvokeGodotClassMethod(Godot.NativeInterop.godot_string_name&, Godot.NativeInterop.NativeVariantPtrArgs, Godot.NativeInterop.godot_variant&) (/root/godot/modules/mono/glue/GodotSharp/GodotSharp/Generated/GodotObjects/CanvasItem.cs:1758)
       [5] bool Godot.Node2D.InvokeGodotClassMethod(Godot.NativeInterop.godot_string_name&, Godot.NativeInterop.NativeVariantPtrArgs, Godot.NativeInterop.godot_variant&) (/root/godot/modules/mono/glue/GodotSharp/GodotSharp/Generated/GodotObjects/Node2D.cs:557)
       [6] bool GameWorld.InvokeGodotClassMethod(Godot.NativeInterop.godot_string_name&, Godot.NativeInterop.NativeVariantPtrArgs, Godot.NativeInterop.godot_variant&) (/Users/famoco/Desktop/fatal-attraction/.godot/mono/temp/obj/Debug/Godot.SourceGenerators/Godot.SourceGenerators.ScriptMethodsGenerator/GameWorld_ScriptMethods.generated.cs:308)
       [7] Godot.NativeInterop.godot_bool Godot.Bridge.CSharpInstanceBridge.Call(nint, Godot.NativeInterop.godot_string_name*, Godot.NativeInterop.godot_variant**, int, Godot.NativeInterop.godot_variant_call_error*, Godot.NativeInterop.godot_variant*) (/root/godot/modules/mono/glue/GodotSharp/GodotSharp/Core/Bridge/CSharpInstanceBridge.cs:24)
ERROR: No multiplayer peer is assigned. Unable to get unique ID.
   at: get_unique_id (modules/multiplayer/scene_multiplayer.cpp:532)
   C# backtrace (most recent call first):
       [0] Godot.NativeInterop.godot_bool Godot.NativeCalls.godot_icall_0_15(nint, nint) (/root/godot/modules/mono/glue/GodotSharp/GodotSharp/Generated/NativeCalls.cs:147)
       [1] bool Godot.MultiplayerApi.IsServer() (/root/godot/modules/mono/glue/GodotSharp/GodotSharp/Generated/GodotObjects/MultiplayerApi.cs:120)
       [2] void GameWorld._Process(double) (/Users/famoco/Desktop/fatal-attraction/scripts/GameWorld.cs:406)
       [3] bool Godot.Node.InvokeGodotClassMethod(Godot.NativeInterop.godot_string_name&, Godot.NativeInterop.NativeVariantPtrArgs, Godot.NativeInterop.godot_variant&) (/root/godot/modules/mono/glue/GodotSharp/GodotSharp/Generated/GodotObjects/Node.cs:2654)
       [4] bool Godot.CanvasItem.InvokeGodotClassMethod(Godot.NativeInterop.godot_string_name&, Godot.NativeInterop.NativeVariantPtrArgs, Godot.NativeInterop.godot_variant&) (/root/godot/modules/mono/glue/GodotSharp/GodotSharp/Generated/GodotObjects/CanvasItem.cs:1758)
       [5] bool Godot.Node2D.InvokeGodotClassMethod(Godot.NativeInterop.godot_string_name&, Godot.NativeInterop.NativeVariantPtrArgs, Godot.NativeInterop.godot_variant&) (/root/godot/modules/mono/glue/GodotSharp/GodotSharp/Generated/GodotObjects/Node2D.cs:557)
       [6] bool GameWorld.InvokeGodotClassMethod(Godot.NativeInterop.godot_string_name&, Godot.NativeInterop.NativeVariantPtrArgs, Godot.NativeInterop.godot_variant&) (/Users/famoco/Desktop/fatal-attraction/.godot/mono/temp/obj/Debug/Godot.SourceGenerators/Godot.SourceGenerators.ScriptMethodsGenerator/GameWorld_ScriptMethods.generated.cs:308)
       [7] Godot.NativeInterop.godot_bool Godot.Bridge.CSharpInstanceBridge.Call(nint, Godot.NativeInterop.godot_string_name*, Godot.NativeInterop.godot_variant**, int, Godot.NativeInterop.godot_variant_call_error*, Godot.NativeInterop.godot_variant*) (/root/godot/modules/mono/glue/GodotSharp/GodotSharp/Core/Bridge/CSharpInstanceBridge.cs:24)
ERROR: No multiplayer peer is assigned. Unable to get unique ID.
   at: get_unique_id (modules/multiplayer/scene_multiplayer.cpp:532)
   C# backtrace (most recent call first):
       [0] Godot.NativeInterop.godot_bool Godot.NativeCalls.godot_icall_0_15(nint, nint) (/root/godot/modules/mono/glue/GodotSharp/GodotSharp/Generated/NativeCalls.cs:147)
       [1] bool Godot.MultiplayerApi.IsServer() (/root/godot/modules/mono/glue/GodotSharp/GodotSharp/Generated/GodotObjects/MultiplayerApi.cs:120)
       [2] void GameWorld._Process(double) (/Users/famoco/Desktop/fatal-attraction/scripts/GameWorld.cs:406)
       [3] bool Godot.Node.InvokeGodotClassMethod(Godot.NativeInterop.godot_string_name&, Godot.NativeInterop.NativeVariantPtrArgs, Godot.NativeInterop.godot_variant&) (/root/godot/modules/mono/glue/GodotSharp/GodotSharp/Generated/GodotObjects/Node.cs:2654)
       [4] bool Godot.CanvasItem.InvokeGodotClassMethod(Godot.NativeInterop.godot_string_name&, Godot.NativeInterop.NativeVariantPtrArgs, Godot.NativeInterop.godot_variant&) (/root/godot/modules/mono/glue/GodotSharp/GodotSharp/Generated/GodotObjects/CanvasItem.cs:1758)
       [5] bool Godot.Node2D.InvokeGodotClassMethod(Godot.NativeInterop.godot_string_name&, Godot.NativeInterop.NativeVariantPtrArgs, Godot.NativeInterop.godot_variant&) (/root/godot/modules/mono/glue/GodotSharp/GodotSharp/Generated/GodotObjects/Node2D.cs:557)
       [6] bool GameWorld.InvokeGodotClassMethod(Godot.NativeInterop.godot_string_name&, Godot.NativeInterop.NativeVariantPtrArgs, Godot.NativeInterop.godot_variant&) (/Users/famoco/Desktop/fatal-attraction/.godot/mono/temp/obj/Debug/Godot.SourceGenerators/Godot.SourceGenerators.ScriptMethodsGenerator/GameWorld_ScriptMethods.generated.cs:308)
       [7] Godot.NativeInterop.godot_bool Godot.Bridge.CSharpInstanceBridge.Call(nint, Godot.NativeInterop.godot_string_name*, Godot.NativeInterop.godot_variant**, int, Godot.NativeInterop.godot_variant_call_error*, Godot.NativeInterop.godot_variant*) (/root/godot/modules/mono/glue/GodotSharp/GodotSharp/Core/Bridge/CSharpInstanceBridge.cs:24)
ERROR: No multiplayer peer is assigned. Unable to get unique ID.
   at: get_unique_id (modules/multiplayer/scene_multiplayer.cpp:532)
   C# backtrace (most recent call first):
       [0] Godot.NativeInterop.godot_bool Godot.NativeCalls.godot_icall_0_15(nint, nint) (/root/godot/modules/mono/glue/GodotSharp/GodotSharp/Generated/NativeCalls.cs:147)
       [1] bool Godot.MultiplayerApi.IsServer() (/root/godot/modules/mono/glue/GodotSharp/GodotSharp/Generated/GodotObjects/MultiplayerApi.cs:120)
       [2] void GameWorld._Process(double) (/Users/famoco/Desktop/fatal-attraction/scripts/GameWorld.cs:406)
       [3] bool Godot.Node.InvokeGodotClassMethod(Godot.NativeInterop.godot_string_name&, Godot.NativeInterop.NativeVariantPtrArgs, Godot.NativeInterop.godot_variant&) (/root/godot/modules/mono/glue/GodotSharp/GodotSharp/Generated/GodotObjects/Node.cs:2654)
       [4] bool Godot.CanvasItem.InvokeGodotClassMethod(Godot.NativeInterop.godot_string_name&, Godot.NativeInterop.NativeVariantPtrArgs, Godot.NativeInterop.godot_variant&) (/root/godot/modules/mono/glue/GodotSharp/GodotSharp/Generated/GodotObjects/CanvasItem.cs:1758)
       [5] bool Godot.Node2D.InvokeGodotClassMethod(Godot.NativeInterop.godot_string_name&, Godot.NativeInterop.NativeVariantPtrArgs, Godot.NativeInterop.godot_variant&) (/root/godot/modules/mono/glue/GodotSharp/GodotSharp/Generated/GodotObjects/Node2D.cs:557)
       [6] bool GameWorld.InvokeGodotClassMethod(Godot.NativeInterop.godot_string_name&, Godot.NativeInterop.NativeVariantPtrArgs, Godot.NativeInterop.godot_variant&) (/Users/famoco/Desktop/fatal-attraction/.godot/mono/temp/obj/Debug/Godot.SourceGenerators/Godot.SourceGenerators.ScriptMethodsGenerator/GameWorld_ScriptMethods.generated.cs:308)
       [7] Godot.NativeInterop.godot_bool Godot.Bridge.CSharpInstanceBridge.Call(nint, Godot.NativeInterop.godot_string_name*, Godot.NativeInterop.godot_variant**, int, Godot.NativeInterop.godot_variant_call_error*, Godot.NativeInterop.godot_variant*) (/root/godot/modules/mono/glue/GodotSharp/GodotSharp/Core/Bridge/CSharpInstanceBridge.cs:24)
ERROR: No multiplayer peer is assigned. Unable to get unique ID.
   at: get_unique_id (modules/multiplayer/scene_multiplayer.cpp:532)
   C# backtrace (most recent call first):
       [0] Godot.NativeInterop.godot_bool Godot.NativeCalls.godot_icall_0_15(nint, nint) (/root/godot/modules/mono/glue/GodotSharp/GodotSharp/Generated/NativeCalls.cs:147)
       [1] bool Godot.MultiplayerApi.IsServer() (/root/godot/modules/mono/glue/GodotSharp/GodotSharp/Generated/GodotObjects/MultiplayerApi.cs:120)
       [2] void GameWorld._Process(double) (/Users/famoco/Desktop/fatal-attraction/scripts/GameWorld.cs:406)
       [3] bool Godot.Node.InvokeGodotClassMethod(Godot.NativeInterop.godot_string_name&, Godot.NativeInterop.NativeVariantPtrArgs, Godot.NativeInterop.godot_variant&) (/root/godot/modules/mono/glue/GodotSharp/GodotSharp/Generated/GodotObjects/Node.cs:2654)
       [4] bool Godot.CanvasItem.InvokeGodotClassMethod(Godot.NativeInterop.godot_string_name&, Godot.NativeInterop.NativeVariantPtrArgs, Godot.NativeInterop.godot_variant&) (/root/godot/modules/mono/glue/GodotSharp/GodotSharp/Generated/GodotObjects/CanvasItem.cs:1758)
       [5] bool Godot.Node2D.InvokeGodotClassMethod(Godot.NativeInterop.godot_string_name&, Godot.NativeInterop.NativeVariantPtrArgs, Godot.NativeInterop.godot_variant&) (/root/godot/modules/mono/glue/GodotSharp/GodotSharp/Generated/GodotObjects/Node2D.cs:557)
       [6] bool GameWorld.InvokeGodotClassMethod(Godot.NativeInterop.godot_string_name&, Godot.NativeInterop.NativeVariantPtrArgs, Godot.NativeInterop.godot_variant&) (/Users/famoco/Desktop/fatal-attraction/.godot/mono/temp/obj/Debug/Godot.SourceGenerators/Godot.SourceGenerators.ScriptMethodsGenerator/GameWorld_ScriptMethods.generated.cs:308)
       [7] Godot.NativeInterop.godot_bool Godot.Bridge.CSharpInstanceBridge.Call(nint, Godot.NativeInterop.godot_string_name*, Godot.NativeInterop.godot_variant**, int, Godot.NativeInterop.godot_variant_call_error*, Godot.NativeInterop.godot_variant*) (/root/godot/modules/mono/glue/GodotSharp/GodotSharp/Core/Bridge/CSharpInstanceBridge.cs:24)
ERROR: No multiplayer peer is assigned. Unable to get unique ID.
   at: get_unique_id (modules/multiplayer/scene_multiplayer.cpp:532)
   C# backtrace (most recent call first):
       [0] Godot.NativeInterop.godot_bool Godot.NativeCalls.godot_icall_0_15(nint, nint) (/root/godot/modules/mono/glue/GodotSharp/GodotSharp/Generated/NativeCalls.cs:147)
       [1] bool Godot.MultiplayerApi.IsServer() (/root/godot/modules/mono/glue/GodotSharp/GodotSharp/Generated/GodotObjects/MultiplayerApi.cs:120)
       [2] void GameWorld._Process(double) (/Users/famoco/Desktop/fatal-attraction/scripts/GameWorld.cs:406)
       [3] bool Godot.Node.InvokeGodotClassMethod(Godot.NativeInterop.godot_string_name&, Godot.NativeInterop.NativeVariantPtrArgs, Godot.NativeInterop.godot_variant&) (/root/godot/modules/mono/glue/GodotSharp/GodotSharp/Generated/GodotObjects/Node.cs:2654)
       [4] bool Godot.CanvasItem.InvokeGodotClassMethod(Godot.NativeInterop.godot_string_name&, Godot.NativeInterop.NativeVariantPtrArgs, Godot.NativeInterop.godot_variant&) (/root/godot/modules/mono/glue/GodotSharp/GodotSharp/Generated/GodotObjects/CanvasItem.cs:1758)
       [5] bool Godot.Node2D.InvokeGodotClassMethod(Godot.NativeInterop.godot_string_name&, Godot.NativeInterop.NativeVariantPtrArgs, Godot.NativeInterop.godot_variant&) (/root/godot/modules/mono/glue/GodotSharp/GodotSharp/Generated/GodotObjects/Node2D.cs:557)
       [6] bool GameWorld.InvokeGodotClassMethod(Godot.NativeInterop.godot_string_name&, Godot.NativeInterop.NativeVariantPtrArgs, Godot.NativeInterop.godot_variant&) (/Users/famoco/Desktop/fatal-attraction/.godot/mono/temp/obj/Debug/Godot.SourceGenerators/Godot.SourceGenerators.ScriptMethodsGenerator/GameWorld_ScriptMethods.generated.cs:308)
       [7] Godot.NativeInterop.godot_bool Godot.Bridge.CSharpInstanceBridge.Call(nint, Godot.NativeInterop.godot_string_name*, Godot.NativeInterop.godot_variant**, int, Godot.NativeInterop.godot_variant_call_error*, Godot.NativeInterop.godot_variant*) (/root/godot/modules/mono/glue/GodotSharp/GodotSharp/Core/Bridge/CSharpInstanceBridge.cs:24)
ERROR: No multiplayer peer is assigned. Unable to get unique ID.
   at: get_unique_id (modules/multiplayer/scene_multiplayer.cpp:532)
   C# backtrace (most recent call first):
       [0] Godot.NativeInterop.godot_bool Godot.NativeCalls.godot_icall_0_15(nint, nint) (/root/godot/modules/mono/glue/GodotSharp/GodotSharp/Generated/NativeCalls.cs:147)
       [1] bool Godot.MultiplayerApi.IsServer() (/root/godot/modules/mono/glue/GodotSharp/GodotSharp/Generated/GodotObjects/MultiplayerApi.cs:120)
       [2] void GameWorld._Process(double) (/Users/famoco/Desktop/fatal-attraction/scripts/GameWorld.cs:406)
       [3] bool Godot.Node.InvokeGodotClassMethod(Godot.NativeInterop.godot_string_name&, Godot.NativeInterop.NativeVariantPtrArgs, Godot.NativeInterop.godot_variant&) (/root/godot/modules/mono/glue/GodotSharp/GodotSharp/Generated/GodotObjects/Node.cs:2654)
       [4] bool Godot.CanvasItem.InvokeGodotClassMethod(Godot.NativeInterop.godot_string_name&, Godot.NativeInterop.NativeVariantPtrArgs, Godot.NativeInterop.godot_variant&) (/root/godot/modules/mono/glue/GodotSharp/GodotSharp/Generated/GodotObjects/CanvasItem.cs:1758)
       [5] bool Godot.Node2D.InvokeGodotClassMethod(Godot.NativeInterop.godot_string_name&, Godot.NativeInterop.NativeVariantPtrArgs, Godot.NativeInterop.godot_variant&) (/root/godot/modules/mono/glue/GodotSharp/GodotSharp/Generated/GodotObjects/Node2D.cs:557)
       [6] bool GameWorld.InvokeGodotClassMethod(Godot.NativeInterop.godot_string_name&, Godot.NativeInterop.NativeVariantPtrArgs, Godot.NativeInterop.godot_variant&) (/Users/famoco/Desktop/fatal-attraction/.godot/mono/temp/obj/Debug/Godot.SourceGenerators/Godot.SourceGenerators.ScriptMethodsGenerator/GameWorld_ScriptMethods.generated.cs:308)
       [7] Godot.NativeInterop.godot_bool Godot.Bridge.CSharpInstanceBridge.Call(nint, Godot.NativeInterop.godot_string_name*, Godot.NativeInterop.godot_variant**, int, Godot.NativeInterop.godot_variant_call_error*, Godot.NativeInterop.godot_variant*) (/root/godot/modules/mono/glue/GodotSharp/GodotSharp/Core/Bridge/CSharpInstanceBridge.cs:24)
ERROR: No multiplayer peer is assigned. Unable to get unique ID.
   at: get_unique_id (modules/multiplayer/scene_multiplayer.cpp:532)
   C# backtrace (most recent call first):
       [0] Godot.NativeInterop.godot_bool Godot.NativeCalls.godot_icall_0_15(nint, nint) (/root/godot/modules/mono/glue/GodotSharp/GodotSharp/Generated/NativeCalls.cs:147)
       [1] bool Godot.MultiplayerApi.IsServer() (/root/godot/modules/mono/glue/GodotSharp/GodotSharp/Generated/GodotObjects/MultiplayerApi.cs:120)
       [2] void GameWorld._Process(double) (/Users/famoco/Desktop/fatal-attraction/scripts/GameWorld.cs:406)
       [3] bool Godot.Node.InvokeGodotClassMethod(Godot.NativeInterop.godot_string_name&, Godot.NativeInterop.NativeVariantPtrArgs, Godot.NativeInterop.godot_variant&) (/root/godot/modules/mono/glue/GodotSharp/GodotSharp/Generated/GodotObjects/Node.cs:2654)
       [4] bool Godot.CanvasItem.InvokeGodotClassMethod(Godot.NativeInterop.godot_string_name&, Godot.NativeInterop.NativeVariantPtrArgs, Godot.NativeInterop.godot_variant&) (/root/godot/modules/mono/glue/GodotSharp/GodotSharp/Generated/GodotObjects/CanvasItem.cs:1758)
       [5] bool Godot.Node2D.InvokeGodotClassMethod(Godot.NativeInterop.godot_string_name&, Godot.NativeInterop.NativeVariantPtrArgs, Godot.NativeInterop.godot_variant&) (/root/godot/modules/mono/glue/GodotSharp/GodotSharp/Generated/GodotObjects/Node2D.cs:557)
       [6] bool GameWorld.InvokeGodotClassMethod(Godot.NativeInterop.godot_string_name&, Godot.NativeInterop.NativeVariantPtrArgs, Godot.NativeInterop.godot_variant&) (/Users/famoco/Desktop/fatal-attraction/.godot/mono/temp/obj/Debug/Godot.SourceGenerators/Godot.SourceGenerators.ScriptMethodsGenerator/GameWorld_ScriptMethods.generated.cs:308)
       [7] Godot.NativeInterop.godot_bool Godot.Bridge.CSharpInstanceBridge.Call(nint, Godot.NativeInterop.godot_string_name*, Godot.NativeInterop.godot_variant**, int, Godot.NativeInterop.godot_variant_call_error*, Godot.NativeInterop.godot_variant*) (/root/godot/modules/mono/glue/GodotSharp/GodotSharp/Core/Bridge/CSharpInstanceBridge.cs:24)
ERROR: No multiplayer peer is assigned. Unable to get unique ID.
   at: get_unique_id (modules/multiplayer/scene_multiplayer.cpp:532)
   C# backtrace (most recent call first):
       [0] Godot.NativeInterop.godot_bool Godot.NativeCalls.godot_icall_0_15(nint, nint) (/root/godot/modules/mono/glue/GodotSharp/GodotSharp/Generated/NativeCalls.cs:147)
       [1] bool Godot.MultiplayerApi.IsServer() (/root/godot/modules/mono/glue/GodotSharp/GodotSharp/Generated/GodotObjects/MultiplayerApi.cs:120)
       [2] void GameWorld._Process(double) (/Users/famoco/Desktop/fatal-attraction/scripts/GameWorld.cs:406)
       [3] bool Godot.Node.InvokeGodotClassMethod(Godot.NativeInterop.godot_string_name&, Godot.NativeInterop.NativeVariantPtrArgs, Godot.NativeInterop.godot_variant&) (/root/godot/modules/mono/glue/GodotSharp/GodotSharp/Generated/GodotObjects/Node.cs:2654)
       [4] bool Godot.CanvasItem.InvokeGodotClassMethod(Godot.NativeInterop.godot_string_name&, Godot.NativeInterop.NativeVariantPtrArgs, Godot.NativeInterop.godot_variant&) (/root/godot/modules/mono/glue/GodotSharp/GodotSharp/Generated/GodotObjects/CanvasItem.cs:1758)
       [5] bool Godot.Node2D.InvokeGodotClassMethod(Godot.NativeInterop.godot_string_name&, Godot.NativeInterop.NativeVariantPtrArgs, Godot.NativeInterop.godot_variant&) (/root/godot/modules/mono/glue/GodotSharp/GodotSharp/Generated/GodotObjects/Node2D.cs:557)
       [6] bool GameWorld.InvokeGodotClassMethod(Godot.NativeInterop.godot_string_name&, Godot.NativeInterop.NativeVariantPtrArgs, Godot.NativeInterop.godot_variant&) (/Users/famoco/Desktop/fatal-attraction/.godot/mono/temp/obj/Debug/Godot.SourceGenerators/Godot.SourceGenerators.ScriptMethodsGenerator/GameWorld_ScriptMethods.generated.cs:308)
       [7] Godot.NativeInterop.godot_bool Godot.Bridge.CSharpInstanceBridge.Call(nint, Godot.NativeInterop.godot_string_name*, Godot.NativeInterop.godot_variant**, int, Godot.NativeInterop.godot_variant_call_error*, Godot.NativeInterop.godot_variant*) (/root/godot/modules/mono/glue/GodotSharp/GodotSharp/Core/Bridge/CSharpInstanceBridge.cs:24)
ERROR: No multiplayer peer is assigned. Unable to get unique ID.
   at: get_unique_id (modules/multiplayer/scene_multiplayer.cpp:532)
   C# backtrace (most recent call first):
       [0] Godot.NativeInterop.godot_bool Godot.NativeCalls.godot_icall_0_15(nint, nint) (/root/godot/modules/mono/glue/GodotSharp/GodotSharp/Generated/NativeCalls.cs:147)
       [1] bool Godot.MultiplayerApi.IsServer() (/root/godot/modules/mono/glue/GodotSharp/GodotSharp/Generated/GodotObjects/MultiplayerApi.cs:120)
       [2] void GameWorld._Process(double) (/Users/famoco/Desktop/fatal-attraction/scripts/GameWorld.cs:406)
       [3] bool Godot.Node.InvokeGodotClassMethod(Godot.NativeInterop.godot_string_name&, Godot.NativeInterop.NativeVariantPtrArgs, Godot.NativeInterop.godot_variant&) (/root/godot/modules/mono/glue/GodotSharp/GodotSharp/Generated/GodotObjects/Node.cs:2654)
       [4] bool Godot.CanvasItem.InvokeGodotClassMethod(Godot.NativeInterop.godot_string_name&, Godot.NativeInterop.NativeVariantPtrArgs, Godot.NativeInterop.godot_variant&) (/root/godot/modules/mono/glue/GodotSharp/GodotSharp/Generated/GodotObjects/CanvasItem.cs:1758)
       [5] bool Godot.Node2D.InvokeGodotClassMethod(Godot.NativeInterop.godot_string_name&, Godot.NativeInterop.NativeVariantPtrArgs, Godot.NativeInterop.godot_variant&) (/root/godot/modules/mono/glue/GodotSharp/GodotSharp/Generated/GodotObjects/Node2D.cs:557)
       [6] bool GameWorld.InvokeGodotClassMethod(Godot.NativeInterop.godot_string_name&, Godot.NativeInterop.NativeVariantPtrArgs, Godot.NativeInterop.godot_variant&) (/Users/famoco/Desktop/fatal-attraction/.godot/mono/temp/obj/Debug/Godot.SourceGenerators/Godot.SourceGenerators.ScriptMethodsGenerator/GameWorld_ScriptMethods.generated.cs:308)
       [7] Godot.NativeInterop.godot_bool Godot.Bridge.CSharpInstanceBridge.Call(nint, Godot.NativeInterop.godot_string_name*, Godot.NativeInterop.godot_variant**, int, Godot.NativeInterop.godot_variant_call_error*, Godot.NativeInterop.godot_variant*) (/root/godot/modules/mono/glue/GodotSharp/GodotSharp/Core/Bridge/CSharpInstanceBridge.cs:24)
ERROR: No multiplayer peer is assigned. Unable to get unique ID.
   at: get_unique_id (modules/multiplayer/scene_multiplayer.cpp:532)
   C# backtrace (most recent call first):
       [0] Godot.NativeInterop.godot_bool Godot.NativeCalls.godot_icall_0_15(nint, nint) (/root/godot/modules/mono/glue/GodotSharp/GodotSharp/Generated/NativeCalls.cs:147)
       [1] bool Godot.MultiplayerApi.IsServer() (/root/godot/modules/mono/glue/GodotSharp/GodotSharp/Generated/GodotObjects/MultiplayerApi.cs:120)
       [2] void GameWorld._Process(double) (/Users/famoco/Desktop/fatal-attraction/scripts/GameWorld.cs:406)
       [3] bool Godot.Node.InvokeGodotClassMethod(Godot.NativeInterop.godot_string_name&, Godot.NativeInterop.NativeVariantPtrArgs, Godot.NativeInterop.godot_variant&) (/root/godot/modules/mono/glue/GodotSharp/GodotSharp/Generated/GodotObjects/Node.cs:2654)
       [4] bool Godot.CanvasItem.InvokeGodotClassMethod(Godot.NativeInterop.godot_string_name&, Godot.NativeInterop.NativeVariantPtrArgs, Godot.NativeInterop.godot_variant&) (/root/godot/modules/mono/glue/GodotSharp/GodotSharp/Generated/GodotObjects/CanvasItem.cs:1758)
       [5] bool Godot.Node2D.InvokeGodotClassMethod(Godot.NativeInterop.godot_string_name&, Godot.NativeInterop.NativeVariantPtrArgs, Godot.NativeInterop.godot_variant&) (/root/godot/modules/mono/glue/GodotSharp/GodotSharp/Generated/GodotObjects/Node2D.cs:557)
       [6] bool GameWorld.InvokeGodotClassMethod(Godot.NativeInterop.godot_string_name&, Godot.NativeInterop.NativeVariantPtrArgs, Godot.NativeInterop.godot_variant&) (/Users/famoco/Desktop/fatal-attraction/.godot/mono/temp/obj/Debug/Godot.SourceGenerators/Godot.SourceGenerators.ScriptMethodsGenerator/GameWorld_ScriptMethods.generated.cs:308)
       [7] Godot.NativeInterop.godot_bool Godot.Bridge.CSharpInstanceBridge.Call(nint, Godot.NativeInterop.godot_string_name*, Godot.NativeInterop.godot_variant**, int, Godot.NativeInterop.godot_variant_call_error*, Godot.NativeInterop.godot_variant*) (/root/godot/modules/mono/glue/GodotSharp/GodotSharp/Core/Bridge/CSharpInstanceBridge.cs:24)
ERROR: No multiplayer peer is assigned. Unable to get unique ID.
   at: get_unique_id (modules/multiplayer/scene_multiplayer.cpp:532)
   C# backtrace (most recent call first):
       [0] Godot.NativeInterop.godot_bool Godot.NativeCalls.godot_icall_0_15(nint, nint) (/root/godot/modules/mono/glue/GodotSharp/GodotSharp/Generated/NativeCalls.cs:147)
       [1] bool Godot.MultiplayerApi.IsServer() (/root/godot/modules/mono/glue/GodotSharp/GodotSharp/Generated/GodotObjects/MultiplayerApi.cs:120)
       [2] void GameWorld._Process(double) (/Users/famoco/Desktop/fatal-attraction/scripts/GameWorld.cs:406)
       [3] bool Godot.Node.InvokeGodotClassMethod(Godot.NativeInterop.godot_string_name&, Godot.NativeInterop.NativeVariantPtrArgs, Godot.NativeInterop.godot_variant&) (/root/godot/modules/mono/glue/GodotSharp/GodotSharp/Generated/GodotObjects/Node.cs:2654)
       [4] bool Godot.CanvasItem.InvokeGodotClassMethod(Godot.NativeInterop.godot_string_name&, Godot.NativeInterop.NativeVariantPtrArgs, Godot.NativeInterop.godot_variant&) (/root/godot/modules/mono/glue/GodotSharp/GodotSharp/Generated/GodotObjects/CanvasItem.cs:1758)
       [5] bool Godot.Node2D.InvokeGodotClassMethod(Godot.NativeInterop.godot_string_name&, Godot.NativeInterop.NativeVariantPtrArgs, Godot.NativeInterop.godot_variant&) (/root/godot/modules/mono/glue/GodotSharp/GodotSharp/Generated/GodotObjects/Node2D.cs:557)
       [6] bool GameWorld.InvokeGodotClassMethod(Godot.NativeInterop.godot_string_name&, Godot.NativeInterop.NativeVariantPtrArgs, Godot.NativeInterop.godot_variant&) (/Users/famoco/Desktop/fatal-attraction/.godot/mono/temp/obj/Debug/Godot.SourceGenerators/Godot.SourceGenerators.ScriptMethodsGenerator/GameWorld_ScriptMethods.generated.cs:308)
       [7] Godot.NativeInterop.godot_bool Godot.Bridge.CSharpInstanceBridge.Call(nint, Godot.NativeInterop.godot_string_name*, Godot.NativeInterop.godot_variant**, int, Godot.NativeInterop.godot_variant_call_error*, Godot.NativeInterop.godot_variant*) (/root/godot/modules/mono/glue/GodotSharp/GodotSharp/Core/Bridge/CSharpInstanceBridge.cs:24)
ERROR: No multiplayer peer is assigned. Unable to get unique ID.
   at: get_unique_id (modules/multiplayer/scene_multiplayer.cpp:532)
   C# backtrace (most recent call first):
       [0] Godot.NativeInterop.godot_bool Godot.NativeCalls.godot_icall_0_15(nint, nint) (/root/godot/modules/mono/glue/GodotSharp/GodotSharp/Generated/NativeCalls.cs:147)
       [1] bool Godot.MultiplayerApi.IsServer() (/root/godot/modules/mono/glue/GodotSharp/GodotSharp/Generated/GodotObjects/MultiplayerApi.cs:120)
       [2] void GameWorld._Process(double) (/Users/famoco/Desktop/fatal-attraction/scripts/GameWorld.cs:406)
       [3] bool Godot.Node.InvokeGodotClassMethod(Godot.NativeInterop.godot_string_name&, Godot.NativeInterop.NativeVariantPtrArgs, Godot.NativeInterop.godot_variant&) (/root/godot/modules/mono/glue/GodotSharp/GodotSharp/Generated/GodotObjects/Node.cs:2654)
       [4] bool Godot.CanvasItem.InvokeGodotClassMethod(Godot.NativeInterop.godot_string_name&, Godot.NativeInterop.NativeVariantPtrArgs, Godot.NativeInterop.godot_variant&) (/root/godot/modules/mono/glue/GodotSharp/GodotSharp/Generated/GodotObjects/CanvasItem.cs:1758)
       [5] bool Godot.Node2D.InvokeGodotClassMethod(Godot.NativeInterop.godot_string_name&, Godot.NativeInterop.NativeVariantPtrArgs, Godot.NativeInterop.godot_variant&) (/root/godot/modules/mono/glue/GodotSharp/GodotSharp/Generated/GodotObjects/Node2D.cs:557)
       [6] bool GameWorld.InvokeGodotClassMethod(Godot.NativeInterop.godot_string_name&, Godot.NativeInterop.NativeVariantPtrArgs, Godot.NativeInterop.godot_variant&) (/Users/famoco/Desktop/fatal-attraction/.godot/mono/temp/obj/Debug/Godot.SourceGenerators/Godot.SourceGenerators.ScriptMethodsGenerator/GameWorld_ScriptMethods.generated.cs:308)
       [7] Godot.NativeInterop.godot_bool Godot.Bridge.CSharpInstanceBridge.Call(nint, Godot.NativeInterop.godot_string_name*, Godot.NativeInterop.godot_variant**, int, Godot.NativeInterop.godot_variant_call_error*, Godot.NativeInterop.godot_variant*) (/root/godot/modules/mono/glue/GodotSharp/GodotSharp/Core/Bridge/CSharpInstanceBridge.cs:24)
ERROR: No multiplayer peer is assigned. Unable to get unique ID.
   at: get_unique_id (modules/multiplayer/scene_multiplayer.cpp:532)
   C# backtrace (most recent call first):
       [0] Godot.NativeInterop.godot_bool Godot.NativeCalls.godot_icall_0_15(nint, nint) (/root/godot/modules/mono/glue/GodotSharp/GodotSharp/Generated/NativeCalls.cs:147)
       [1] bool Godot.MultiplayerApi.IsServer() (/root/godot/modules/mono/glue/GodotSharp/GodotSharp/Generated/GodotObjects/MultiplayerApi.cs:120)
       [2] void GameWorld._Process(double) (/Users/famoco/Desktop/fatal-attraction/scripts/GameWorld.cs:406)
       [3] bool Godot.Node.InvokeGodotClassMethod(Godot.NativeInterop.godot_string_name&, Godot.NativeInterop.NativeVariantPtrArgs, Godot.NativeInterop.godot_variant&) (/root/godot/modules/mono/glue/GodotSharp/GodotSharp/Generated/GodotObjects/Node.cs:2654)
       [4] bool Godot.CanvasItem.InvokeGodotClassMethod(Godot.NativeInterop.godot_string_name&, Godot.NativeInterop.NativeVariantPtrArgs, Godot.NativeInterop.godot_variant&) (/root/godot/modules/mono/glue/GodotSharp/GodotSharp/Generated/GodotObjects/CanvasItem.cs:1758)
       [5] bool Godot.Node2D.InvokeGodotClassMethod(Godot.NativeInterop.godot_string_name&, Godot.NativeInterop.NativeVariantPtrArgs, Godot.NativeInterop.godot_variant&) (/root/godot/modules/mono/glue/GodotSharp/GodotSharp/Generated/GodotObjects/Node2D.cs:557)
       [6] bool GameWorld.InvokeGodotClassMethod(Godot.NativeInterop.godot_string_name&, Godot.NativeInterop.NativeVariantPtrArgs, Godot.NativeInterop.godot_variant&) (/Users/famoco/Desktop/fatal-attraction/.godot/mono/temp/obj/Debug/Godot.SourceGenerators/Godot.SourceGenerators.ScriptMethodsGenerator/GameWorld_ScriptMethods.generated.cs:308)
       [7] Godot.NativeInterop.godot_bool Godot.Bridge.CSharpInstanceBridge.Call(nint, Godot.NativeInterop.godot_string_name*, Godot.NativeInterop.godot_variant**, int, Godot.NativeInterop.godot_variant_call_error*, Godot.NativeInterop.godot_variant*) (/root/godot/modules/mono/glue/GodotSharp/GodotSharp/Core/Bridge/CSharpInstanceBridge.cs:24)
ERROR: No multiplayer peer is assigned. Unable to get unique ID.
   at: get_unique_id (modules/multiplayer/scene_multiplayer.cpp:532)
   C# backtrace (most recent call first):
       [0] Godot.NativeInterop.godot_bool Godot.NativeCalls.godot_icall_0_15(nint, nint) (/root/godot/modules/mono/glue/GodotSharp/GodotSharp/Generated/NativeCalls.cs:147)
       [1] bool Godot.MultiplayerApi.IsServer() (/root/godot/modules/mono/glue/GodotSharp/GodotSharp/Generated/GodotObjects/MultiplayerApi.cs:120)
       [2] void GameWorld._Process(double) (/Users/famoco/Desktop/fatal-attraction/scripts/GameWorld.cs:406)
       [3] bool Godot.Node.InvokeGodotClassMethod(Godot.NativeInterop.godot_string_name&, Godot.NativeInterop.NativeVariantPtrArgs, Godot.NativeInterop.godot_variant&) (/root/godot/modules/mono/glue/GodotSharp/GodotSharp/Generated/GodotObjects/Node.cs:2654)
       [4] bool Godot.CanvasItem.InvokeGodotClassMethod(Godot.NativeInterop.godot_string_name&, Godot.NativeInterop.NativeVariantPtrArgs, Godot.NativeInterop.godot_variant&) (/root/godot/modules/mono/glue/GodotSharp/GodotSharp/Generated/GodotObjects/CanvasItem.cs:1758)
       [5] bool Godot.Node2D.InvokeGodotClassMethod(Godot.NativeInterop.godot_string_name&, Godot.NativeInterop.NativeVariantPtrArgs, Godot.NativeInterop.godot_variant&) (/root/godot/modules/mono/glue/GodotSharp/GodotSharp/Generated/GodotObjects/Node2D.cs:557)
       [6] bool GameWorld.InvokeGodotClassMethod(Godot.NativeInterop.godot_string_name&, Godot.NativeInterop.NativeVariantPtrArgs, Godot.NativeInterop.godot_variant&) (/Users/famoco/Desktop/fatal-attraction/.godot/mono/temp/obj/Debug/Godot.SourceGenerators/Godot.SourceGenerators.ScriptMethodsGenerator/GameWorld_ScriptMethods.generated.cs:308)
       [7] Godot.NativeInterop.godot_bool Godot.Bridge.CSharpInstanceBridge.Call(nint, Godot.NativeInterop.godot_string_name*, Godot.NativeInterop.godot_variant**, int, Godot.NativeInterop.godot_variant_call_error*, Godot.NativeInterop.godot_variant*) (/root/godot/modules/mono/glue/GodotSharp/GodotSharp/Core/Bridge/CSharpInstanceBridge.cs:24)
ERROR: No multiplayer peer is assigned. Unable to get unique ID.
   at: get_unique_id (modules/multiplayer/scene_multiplayer.cpp:532)
   C# backtrace (most recent call first):
       [0] Godot.NativeInterop.godot_bool Godot.NativeCalls.godot_icall_0_15(nint, nint) (/root/godot/modules/mono/glue/GodotSharp/GodotSharp/Generated/NativeCalls.cs:147)
       [1] bool Godot.MultiplayerApi.IsServer() (/root/godot/modules/mono/glue/GodotSharp/GodotSharp/Generated/GodotObjects/MultiplayerApi.cs:120)
       [2] void GameWorld._Process(double) (/Users/famoco/Desktop/fatal-attraction/scripts/GameWorld.cs:406)
       [3] bool Godot.Node.InvokeGodotClassMethod(Godot.NativeInterop.godot_string_name&, Godot.NativeInterop.NativeVariantPtrArgs, Godot.NativeInterop.godot_variant&) (/root/godot/modules/mono/glue/GodotSharp/GodotSharp/Generated/GodotObjects/Node.cs:2654)
       [4] bool Godot.CanvasItem.InvokeGodotClassMethod(Godot.NativeInterop.godot_string_name&, Godot.NativeInterop.NativeVariantPtrArgs, Godot.NativeInterop.godot_variant&) (/root/godot/modules/mono/glue/GodotSharp/GodotSharp/Generated/GodotObjects/CanvasItem.cs:1758)
       [5] bool Godot.Node2D.InvokeGodotClassMethod(Godot.NativeInterop.godot_string_name&, Godot.NativeInterop.NativeVariantPtrArgs, Godot.NativeInterop.godot_variant&) (/root/godot/modules/mono/glue/GodotSharp/GodotSharp/Generated/GodotObjects/Node2D.cs:557)
       [6] bool GameWorld.InvokeGodotClassMethod(Godot.NativeInterop.godot_string_name&, Godot.NativeInterop.NativeVariantPtrArgs, Godot.NativeInterop.godot_variant&) (/Users/famoco/Desktop/fatal-attraction/.godot/mono/temp/obj/Debug/Godot.SourceGenerators/Godot.SourceGenerators.ScriptMethodsGenerator/GameWorld_ScriptMethods.generated.cs:308)
       [7] Godot.NativeInterop.godot_bool Godot.Bridge.CSharpInstanceBridge.Call(nint, Godot.NativeInterop.godot_string_name*, Godot.NativeInterop.godot_variant**, int, Godot.NativeInterop.godot_variant_call_error*, Godot.NativeInterop.godot_variant*) (/root/godot/modules/mono/glue/GodotSharp/GodotSharp/Core/Bridge/CSharpInstanceBridge.cs:24)
ERROR: No multiplayer peer is assigned. Unable to get unique ID.
   at: get_unique_id (modules/multiplayer/scene_multiplayer.cpp:532)
   C# backtrace (most recent call first):
       [0] Godot.NativeInterop.godot_bool Godot.NativeCalls.godot_icall_0_15(nint, nint) (/root/godot/modules/mono/glue/GodotSharp/GodotSharp/Generated/NativeCalls.cs:147)
       [1] bool Godot.MultiplayerApi.IsServer() (/root/godot/modules/mono/glue/GodotSharp/GodotSharp/Generated/GodotObjects/MultiplayerApi.cs:120)
       [2] void GameWorld._Process(double) (/Users/famoco/Desktop/fatal-attraction/scripts/GameWorld.cs:406)
       [3] bool Godot.Node.InvokeGodotClassMethod(Godot.NativeInterop.godot_string_name&, Godot.NativeInterop.NativeVariantPtrArgs, Godot.NativeInterop.godot_variant&) (/root/godot/modules/mono/glue/GodotSharp/GodotSharp/Generated/GodotObjects/Node.cs:2654)
       [4] bool Godot.CanvasItem.InvokeGodotClassMethod(Godot.NativeInterop.godot_string_name&, Godot.NativeInterop.NativeVariantPtrArgs, Godot.NativeInterop.godot_variant&) (/root/godot/modules/mono/glue/GodotSharp/GodotSharp/Generated/GodotObjects/CanvasItem.cs:1758)
       [5] bool Godot.Node2D.InvokeGodotClassMethod(Godot.NativeInterop.godot_string_name&, Godot.NativeInterop.NativeVariantPtrArgs, Godot.NativeInterop.godot_variant&) (/root/godot/modules/mono/glue/GodotSharp/GodotSharp/Generated/GodotObjects/Node2D.cs:557)
       [6] bool GameWorld.InvokeGodotClassMethod(Godot.NativeInterop.godot_string_name&, Godot.NativeInterop.NativeVariantPtrArgs, Godot.NativeInterop.godot_variant&) (/Users/famoco/Desktop/fatal-attraction/.godot/mono/temp/obj/Debug/Godot.SourceGenerators/Godot.SourceGenerators.ScriptMethodsGenerator/GameWorld_ScriptMethods.generated.cs:308)
       [7] Godot.NativeInterop.godot_bool Godot.Bridge.CSharpInstanceBridge.Call(nint, Godot.NativeInterop.godot_string_name*, Godot.NativeInterop.godot_variant**, int, Godot.NativeInterop.godot_variant_call_error*, Godot.NativeInterop.godot_variant*) (/root/godot/modules/mono/glue/GodotSharp/GodotSharp/Core/Bridge/CSharpInstanceBridge.cs:24)
ERROR: No multiplayer peer is assigned. Unable to get unique ID.
   at: get_unique_id (modules/multiplayer/scene_multiplayer.cpp:532)
   C# backtrace (most recent call first):
       [0] Godot.NativeInterop.godot_bool Godot.NativeCalls.godot_icall_0_15(nint, nint) (/root/godot/modules/mono/glue/GodotSharp/GodotSharp/Generated/NativeCalls.cs:147)
       [1] bool Godot.MultiplayerApi.IsServer() (/root/godot/modules/mono/glue/GodotSharp/GodotSharp/Generated/GodotObjects/MultiplayerApi.cs:120)
       [2] void GameWorld._Process(double) (/Users/famoco/Desktop/fatal-attraction/scripts/GameWorld.cs:406)
       [3] bool Godot.Node.InvokeGodotClassMethod(Godot.NativeInterop.godot_string_name&, Godot.NativeInterop.NativeVariantPtrArgs, Godot.NativeInterop.godot_variant&) (/root/godot/modules/mono/glue/GodotSharp/GodotSharp/Generated/GodotObjects/Node.cs:2654)
       [4] bool Godot.CanvasItem.InvokeGodotClassMethod(Godot.NativeInterop.godot_string_name&, Godot.NativeInterop.NativeVariantPtrArgs, Godot.NativeInterop.godot_variant&) (/root/godot/modules/mono/glue/GodotSharp/GodotSharp/Generated/GodotObjects/CanvasItem.cs:1758)
       [5] bool Godot.Node2D.InvokeGodotClassMethod(Godot.NativeInterop.godot_string_name&, Godot.NativeInterop.NativeVariantPtrArgs, Godot.NativeInterop.godot_variant&) (/root/godot/modules/mono/glue/GodotSharp/GodotSharp/Generated/GodotObjects/Node2D.cs:557)
       [6] bool GameWorld.InvokeGodotClassMethod(Godot.NativeInterop.godot_string_name&, Godot.NativeInterop.NativeVariantPtrArgs, Godot.NativeInterop.godot_variant&) (/Users/famoco/Desktop/fatal-attraction/.godot/mono/temp/obj/Debug/Godot.SourceGenerators/Godot.SourceGenerators.ScriptMethodsGenerator/GameWorld_ScriptMethods.generated.cs:308)
       [7] Godot.NativeInterop.godot_bool Godot.Bridge.CSharpInstanceBridge.Call(nint, Godot.NativeInterop.godot_string_name*, Godot.NativeInterop.godot_variant**, int, Godot.NativeInterop.godot_variant_call_error*, Godot.NativeInterop.godot_variant*) (/root/godot/modules/mono/glue/GodotSharp/GodotSharp/Core/Bridge/CSharpInstanceBridge.cs:24)
ERROR: No multiplayer peer is assigned. Unable to get unique ID.
   at: get_unique_id (modules/multiplayer/scene_multiplayer.cpp:532)
   C# backtrace (most recent call first):
       [0] Godot.NativeInterop.godot_bool Godot.NativeCalls.godot_icall_0_15(nint, nint) (/root/godot/modules/mono/glue/GodotSharp/GodotSharp/Generated/NativeCalls.cs:147)
       [1] bool Godot.MultiplayerApi.IsServer() (/root/godot/modules/mono/glue/GodotSharp/GodotSharp/Generated/GodotObjects/MultiplayerApi.cs:120)
       [2] void GameWorld._Process(double) (/Users/famoco/Desktop/fatal-attraction/scripts/GameWorld.cs:406)
       [3] bool Godot.Node.InvokeGodotClassMethod(Godot.NativeInterop.godot_string_name&, Godot.NativeInterop.NativeVariantPtrArgs, Godot.NativeInterop.godot_variant&) (/root/godot/modules/mono/glue/GodotSharp/GodotSharp/Generated/GodotObjects/Node.cs:2654)
       [4] bool Godot.CanvasItem.InvokeGodotClassMethod(Godot.NativeInterop.godot_string_name&, Godot.NativeInterop.NativeVariantPtrArgs, Godot.NativeInterop.godot_variant&) (/root/godot/modules/mono/glue/GodotSharp/GodotSharp/Generated/GodotObjects/CanvasItem.cs:1758)
       [5] bool Godot.Node2D.InvokeGodotClassMethod(Godot.NativeInterop.godot_string_name&, Godot.NativeInterop.NativeVariantPtrArgs, Godot.NativeInterop.godot_variant&) (/root/godot/modules/mono/glue/GodotSharp/GodotSharp/Generated/GodotObjects/Node2D.cs:557)
       [6] bool GameWorld.InvokeGodotClassMethod(Godot.NativeInterop.godot_string_name&, Godot.NativeInterop.NativeVariantPtrArgs, Godot.NativeInterop.godot_variant&) (/Users/famoco/Desktop/fatal-attraction/.godot/mono/temp/obj/Debug/Godot.SourceGenerators/Godot.SourceGenerators.ScriptMethodsGenerator/GameWorld_ScriptMethods.generated.cs:308)
       [7] Godot.NativeInterop.godot_bool Godot.Bridge.CSharpInstanceBridge.Call(nint, Godot.NativeInterop.godot_string_name*, Godot.NativeInterop.godot_variant**, int, Godot.NativeInterop.godot_variant_call_error*, Godot.NativeInterop.godot_variant*) (/root/godot/modules/mono/glue/GodotSharp/GodotSharp/Core/Bridge/CSharpInstanceBridge.cs:24)
ERROR: No multiplayer peer is assigned. Unable to get unique ID.
   at: get_unique_id (modules/multiplayer/scene_multiplayer.cpp:532)
   C# backtrace (most recent call first):
       [0] Godot.NativeInterop.godot_bool Godot.NativeCalls.godot_icall_0_15(nint, nint) (/root/godot/modules/mono/glue/GodotSharp/GodotSharp/Generated/NativeCalls.cs:147)
       [1] bool Godot.MultiplayerApi.IsServer() (/root/godot/modules/mono/glue/GodotSharp/GodotSharp/Generated/GodotObjects/MultiplayerApi.cs:120)
       [2] void GameWorld._Process(double) (/Users/famoco/Desktop/fatal-attraction/scripts/GameWorld.cs:406)
       [3] bool Godot.Node.InvokeGodotClassMethod(Godot.NativeInterop.godot_string_name&, Godot.NativeInterop.NativeVariantPtrArgs, Godot.NativeInterop.godot_variant&) (/root/godot/modules/mono/glue/GodotSharp/GodotSharp/Generated/GodotObjects/Node.cs:2654)
       [4] bool Godot.CanvasItem.InvokeGodotClassMethod(Godot.NativeInterop.godot_string_name&, Godot.NativeInterop.NativeVariantPtrArgs, Godot.NativeInterop.godot_variant&) (/root/godot/modules/mono/glue/GodotSharp/GodotSharp/Generated/GodotObjects/CanvasItem.cs:1758)
       [5] bool Godot.Node2D.InvokeGodotClassMethod(Godot.NativeInterop.godot_string_name&, Godot.NativeInterop.NativeVariantPtrArgs, Godot.NativeInterop.godot_variant&) (/root/godot/modules/mono/glue/GodotSharp/GodotSharp/Generated/GodotObjects/Node2D.cs:557)
       [6] bool GameWorld.InvokeGodotClassMethod(Godot.NativeInterop.godot_string_name&, Godot.NativeInterop.NativeVariantPtrArgs, Godot.NativeInterop.godot_variant&) (/Users/famoco/Desktop/fatal-attraction/.godot/mono/temp/obj/Debug/Godot.SourceGenerators/Godot.SourceGenerators.ScriptMethodsGenerator/GameWorld_ScriptMethods.generated.cs:308)
       [7] Godot.NativeInterop.godot_bool Godot.Bridge.CSharpInstanceBridge.Call(nint, Godot.NativeInterop.godot_string_name*, Godot.NativeInterop.godot_variant**, int, Godot.NativeInterop.godot_variant_call_error*, Godot.NativeInterop.godot_variant*) (/root/godot/modules/mono/glue/GodotSharp/GodotSharp/Core/Bridge/CSharpInstanceBridge.cs:24)
ERROR: No multiplayer peer is assigned. Unable to get unique ID.
   at: get_unique_id (modules/multiplayer/scene_multiplayer.cpp:532)
   C# backtrace (most recent call first):
       [0] Godot.NativeInterop.godot_bool Godot.NativeCalls.godot_icall_0_15(nint, nint) (/root/godot/modules/mono/glue/GodotSharp/GodotSharp/Generated/NativeCalls.cs:147)
       [1] bool Godot.MultiplayerApi.IsServer() (/root/godot/modules/mono/glue/GodotSharp/GodotSharp/Generated/GodotObjects/MultiplayerApi.cs:120)
       [2] void GameWorld._Process(double) (/Users/famoco/Desktop/fatal-attraction/scripts/GameWorld.cs:406)
       [3] bool Godot.Node.InvokeGodotClassMethod(Godot.NativeInterop.godot_string_name&, Godot.NativeInterop.NativeVariantPtrArgs, Godot.NativeInterop.godot_variant&) (/root/godot/modules/mono/glue/GodotSharp/GodotSharp/Generated/GodotObjects/Node.cs:2654)
       [4] bool Godot.CanvasItem.InvokeGodotClassMethod(Godot.NativeInterop.godot_string_name&, Godot.NativeInterop.NativeVariantPtrArgs, Godot.NativeInterop.godot_variant&) (/root/godot/modules/mono/glue/GodotSharp/GodotSharp/Generated/GodotObjects/CanvasItem.cs:1758)
       [5] bool Godot.Node2D.InvokeGodotClassMethod(Godot.NativeInterop.godot_string_name&, Godot.NativeInterop.NativeVariantPtrArgs, Godot.NativeInterop.godot_variant&) (/root/godot/modules/mono/glue/GodotSharp/GodotSharp/Generated/GodotObjects/Node2D.cs:557)
       [6] bool GameWorld.InvokeGodotClassMethod(Godot.NativeInterop.godot_string_name&, Godot.NativeInterop.NativeVariantPtrArgs, Godot.NativeInterop.godot_variant&) (/Users/famoco/Desktop/fatal-attraction/.godot/mono/temp/obj/Debug/Godot.SourceGenerators/Godot.SourceGenerators.ScriptMethodsGenerator/GameWorld_ScriptMethods.generated.cs:308)
       [7] Godot.NativeInterop.godot_bool Godot.Bridge.CSharpInstanceBridge.Call(nint, Godot.NativeInterop.godot_string_name*, Godot.NativeInterop.godot_variant**, int, Godot.NativeInterop.godot_variant_call_error*, Godot.NativeInterop.godot_variant*) (/root/godot/modules/mono/glue/GodotSharp/GodotSharp/Core/Bridge/CSharpInstanceBridge.cs:24)
ERROR: No multiplayer peer is assigned. Unable to get unique ID.
   at: get_unique_id (modules/multiplayer/scene_multiplayer.cpp:532)
   C# backtrace (most recent call first):
       [0] Godot.NativeInterop.godot_bool Godot.NativeCalls.godot_icall_0_15(nint, nint) (/root/godot/modules/mono/glue/GodotSharp/GodotSharp/Generated/NativeCalls.cs:147)
       [1] bool Godot.MultiplayerApi.IsServer() (/root/godot/modules/mono/glue/GodotSharp/GodotSharp/Generated/GodotObjects/MultiplayerApi.cs:120)
       [2] void GameWorld._Process(double) (/Users/famoco/Desktop/fatal-attraction/scripts/GameWorld.cs:406)
       [3] bool Godot.Node.InvokeGodotClassMethod(Godot.NativeInterop.godot_string_name&, Godot.NativeInterop.NativeVariantPtrArgs, Godot.NativeInterop.godot_variant&) (/root/godot/modules/mono/glue/GodotSharp/GodotSharp/Generated/GodotObjects/Node.cs:2654)
       [4] bool Godot.CanvasItem.InvokeGodotClassMethod(Godot.NativeInterop.godot_string_name&, Godot.NativeInterop.NativeVariantPtrArgs, Godot.NativeInterop.godot_variant&) (/root/godot/modules/mono/glue/GodotSharp/GodotSharp/Generated/GodotObjects/CanvasItem.cs:1758)
       [5] bool Godot.Node2D.InvokeGodotClassMethod(Godot.NativeInterop.godot_string_name&, Godot.NativeInterop.NativeVariantPtrArgs, Godot.NativeInterop.godot_variant&) (/root/godot/modules/mono/glue/GodotSharp/GodotSharp/Generated/GodotObjects/Node2D.cs:557)
       [6] bool GameWorld.InvokeGodotClassMethod(Godot.NativeInterop.godot_string_name&, Godot.NativeInterop.NativeVariantPtrArgs, Godot.NativeInterop.godot_variant&) (/Users/famoco/Desktop/fatal-attraction/.godot/mono/temp/obj/Debug/Godot.SourceGenerators/Godot.SourceGenerators.ScriptMethodsGenerator/GameWorld_ScriptMethods.generated.cs:308)
       [7] Godot.NativeInterop.godot_bool Godot.Bridge.CSharpInstanceBridge.Call(nint, Godot.NativeInterop.godot_string_name*, Godot.NativeInterop.godot_variant**, int, Godot.NativeInterop.godot_variant_call_error*, Godot.NativeInterop.godot_variant*) (/root/godot/modules/mono/glue/GodotSharp/GodotSharp/Core/Bridge/CSharpInstanceBridge.cs:24)
Body exited Rebecca: Player_446469990
