Godot Engine v4.5.1.stable.mono.official.f62fdbde1 - https://godotengine.org
Metal 3.1 - Forward+ - Using Device #0: Apple - Apple M3 (Apple9)

Connecting to 127.0.0.1...
Connected to server with ID: 446469990
Registering player g (senderId=446469990, actualId=446469990)
Peer connected: 1
Peer connected: 1125268556
Synced player join: 446469990 (g)
Synced player join: 1 (a)
Player 1 assigned role Admirer
Synced player join: 1125268556 (p)
Player 1125268556 assigned role Prophet
Synced player join: 446469990 (g)
Player 446469990 assigned role Observer
Player 446469990 assigned role Producer
StartGame RPC received from 1 on peer 446469990
Lobby: GameStarted signal received. Transitioning scene...
[GameWorld] _Ready called on peer 446469990, IsServer=False
Background map loaded: 128x128, scaled to (1200, 800)
[GameWorld] Initializing as CLIENT
[GameWorld] Client requesting game state from server
[GameWorld] UpdateGameState called on peer 446469990, players before: 0
SetRole called: role=Producer
PlayerController: Set player ID 446469990 at position (100, 700)
SetLocalPlayer called: isLocal=True, _sprite exists=False
[GameWorld] Connected PositionChanged signal for local player 446469990
[GameWorld] Spawning player 446469990 as Producer, sprite=1, isLocal=True, pos=(100, 700)
Loaded player sprite for Producer: res://assets/sprite-0003.png
SetRole called: role=Admirer
PlayerController: Set player ID 1 at position (600, 700)
SetLocalPlayer called: isLocal=False, _sprite exists=False
[GameWorld] Spawning player 1 as Admirer, sprite=2, isLocal=False, pos=(600, 700)
Loaded player sprite for Admirer: res://assets/sprite-0001.png
SetRole called: role=Prophet
PlayerController: Set player ID 1125268556 at position (1100, 700)
SetLocalPlayer called: isLocal=False, _sprite exists=False
[GameWorld] Spawning player 1125268556 as Prophet, sprite=3, isLocal=False, pos=(1100, 700)
Loaded player sprite for Prophet: res://assets/sprite-0002.png
[GameWorld] UpdateGameState called on peer 446469990, players before: 3
[GameWorld] SyncPlayerPosition RPC received on peer 446469990: Player 1 at (103.333336, 700)
[GameWorld] Current player controllers: 3, Keys: [446469990, 1, 1125268556]
[GameWorld] Client updating remote player 1, isLocal=Player_1
[PlayerController] Updating remote player 1 position from (600, 700) to (103.333336, 700)
[GameWorld] SyncPlayerPosition RPC received on peer 446469990: Player 1 at (106.66667, 700)
[GameWorld] Current player controllers: 3, Keys: [446469990, 1, 1125268556]
[GameWorld] Client updating remote player 1, isLocal=Player_1
[PlayerController] Updating remote player 1 position from (103.333336, 700) to (106.66667, 700)
[GameWorld] SyncPlayerPosition RPC received on peer 446469990: Player 1 at (110.00001, 700)
[GameWorld] Current player controllers: 3, Keys: [446469990, 1, 1125268556]
[GameWorld] Client updating remote player 1, isLocal=Player_1
[PlayerController] Updating remote player 1 position from (106.66667, 700) to (110.00001, 700)
[GameWorld] SyncPlayerPosition RPC received on peer 446469990: Player 1 at (113.33334, 700)
[GameWorld] Current player controllers: 3, Keys: [446469990, 1, 1125268556]
[GameWorld] Client updating remote player 1, isLocal=Player_1
[PlayerController] Updating remote player 1 position from (110.00001, 700) to (113.33334, 700)
[GameWorld] SyncPlayerPosition RPC received on peer 446469990: Player 1 at (116.66668, 700)
[GameWorld] Current player controllers: 3, Keys: [446469990, 1, 1125268556]
[GameWorld] Client updating remote player 1, isLocal=Player_1
[PlayerController] Updating remote player 1 position from (113.33334, 700) to (116.66668, 700)
[GameWorld] SyncPlayerPosition RPC received on peer 446469990: Player 1 at (120.000015, 700)
[GameWorld] Current player controllers: 3, Keys: [446469990, 1, 1125268556]
[GameWorld] Client updating remote player 1, isLocal=Player_1
[PlayerController] Updating remote player 1 position from (116.66668, 700) to (120.000015, 700)
[PlayerController] Player 446469990 emitting PositionChanged signal at (89.48906, 700)
[GameWorld] OnPlayerPositionChanged: Player 446469990 at (89.48906, 700), IsServer=False
[GameWorld] Client sending position to server
[GameWorld] SyncPlayerPosition RPC received on peer 446469990: Player 1 at (123.33335, 700)
[GameWorld] Current player controllers: 3, Keys: [446469990, 1, 1125268556]
[GameWorld] Client updating remote player 1, isLocal=Player_1
[PlayerController] Updating remote player 1 position from (120.000015, 700) to (123.33335, 700)
[GameWorld] SyncPlayerPosition RPC received on peer 446469990: Player 1 at (126.66669, 700)
[GameWorld] Current player controllers: 3, Keys: [446469990, 1, 1125268556]
[GameWorld] Client updating remote player 1, isLocal=Player_1
[PlayerController] Updating remote player 1 position from (123.33335, 700) to (126.66669, 700)
[GameWorld] SyncPlayerPosition RPC received on peer 446469990: Player 1125268556 at (89.48906, 700)
[GameWorld] Current player controllers: 3, Keys: [446469990, 1, 1125268556]
[GameWorld] Client updating remote player 1125268556, isLocal=Player_1125268556
[PlayerController] Updating remote player 1125268556 position from (1100, 700) to (89.48906, 700)
[GameWorld] SyncPlayerPosition RPC received on peer 446469990: Player 446469990 at (89.48906, 700)
[GameWorld] Current player controllers: 3, Keys: [446469990, 1, 1125268556]
[GameWorld] Client updating remote player 446469990, isLocal=Player_446469990
[PlayerController] Ignoring UpdateRemotePosition for local player 446469990
[GameWorld] SyncPlayerPosition RPC received on peer 446469990: Player 1 at (130.00002, 700)
[GameWorld] Current player controllers: 3, Keys: [446469990, 1, 1125268556]
[GameWorld] Client updating remote player 1, isLocal=Player_1
[PlayerController] Updating remote player 1 position from (126.66669, 700) to (130.00002, 700)
[PlayerController] Player 446469990 emitting PositionChanged signal at (61.393566, 700)
[GameWorld] OnPlayerPositionChanged: Player 446469990 at (61.393566, 700), IsServer=False
[GameWorld] Client sending position to server
[GameWorld] SyncPlayerPosition RPC received on peer 446469990: Player 1 at (133.33334, 700)
[GameWorld] Current player controllers: 3, Keys: [446469990, 1, 1125268556]
[GameWorld] Client updating remote player 1, isLocal=Player_1
[PlayerController] Updating remote player 1 position from (130.00002, 700) to (133.33334, 700)
[PlayerController] Player 446469990 emitting PositionChanged signal at (57.928932, 700)
[GameWorld] OnPlayerPositionChanged: Player 446469990 at (57.928932, 700), IsServer=False
[GameWorld] Client sending position to server
[GameWorld] SyncPlayerPosition RPC received on peer 446469990: Player 1 at (136.66667, 700)
[GameWorld] Current player controllers: 3, Keys: [446469990, 1, 1125268556]
[GameWorld] Client updating remote player 1, isLocal=Player_1
[PlayerController] Updating remote player 1 position from (133.33334, 700) to (136.66667, 700)
[GameWorld] SyncPlayerPosition RPC received on peer 446469990: Player 1125268556 at (61.393566, 700)
[GameWorld] Current player controllers: 3, Keys: [446469990, 1, 1125268556]
[GameWorld] Client updating remote player 1125268556, isLocal=Player_1125268556
[PlayerController] Updating remote player 1125268556 position from (89.48906, 700) to (61.393566, 700)
[GameWorld] SyncPlayerPosition RPC received on peer 446469990: Player 1 at (140, 700)
[GameWorld] Current player controllers: 3, Keys: [446469990, 1, 1125268556]
[GameWorld] Client updating remote player 1, isLocal=Player_1
[PlayerController] Updating remote player 1 position from (136.66667, 700) to (140, 700)
[GameWorld] SyncPlayerPosition RPC received on peer 446469990: Player 1125268556 at (57.928932, 700)
[GameWorld] Current player controllers: 3, Keys: [446469990, 1, 1125268556]
[GameWorld] Client updating remote player 1125268556, isLocal=Player_1125268556
[PlayerController] Updating remote player 1125268556 position from (61.393566, 700) to (57.928932, 700)
[PlayerController] Player 446469990 emitting PositionChanged signal at (32.967403, 700)
[GameWorld] OnPlayerPositionChanged: Player 446469990 at (32.967403, 700), IsServer=False
[GameWorld] Client sending position to server
[GameWorld] SyncPlayerPosition RPC received on peer 446469990: Player 1 at (143.33333, 700)
[GameWorld] Current player controllers: 3, Keys: [446469990, 1, 1125268556]
[GameWorld] Client updating remote player 1, isLocal=Player_1
[PlayerController] Updating remote player 1 position from (140, 700) to (143.33333, 700)
[PlayerController] Player 446469990 emitting PositionChanged signal at (26.774967, 700)
[GameWorld] OnPlayerPositionChanged: Player 446469990 at (26.774967, 700), IsServer=False
[GameWorld] Client sending position to server
[GameWorld] SyncPlayerPosition RPC received on peer 446469990: Player 1 at (146.66666, 700)
[GameWorld] Current player controllers: 3, Keys: [446469990, 1, 1125268556]
[GameWorld] Client updating remote player 1, isLocal=Player_1
[PlayerController] Updating remote player 1 position from (143.33333, 700) to (146.66666, 700)
[GameWorld] SyncPlayerPosition RPC received on peer 446469990: Player 1 at (149.99998, 700)
[GameWorld] Current player controllers: 3, Keys: [446469990, 1, 1125268556]
[GameWorld] Client updating remote player 1, isLocal=Player_1
[PlayerController] Updating remote player 1 position from (146.66666, 700) to (149.99998, 700)
[GameWorld] SyncPlayerPosition RPC received on peer 446469990: Player 446469990 at (26.774967, 700)
[GameWorld] Current player controllers: 3, Keys: [446469990, 1, 1125268556]
[GameWorld] Client updating remote player 446469990, isLocal=Player_446469990
[PlayerController] Ignoring UpdateRemotePosition for local player 446469990
[GameWorld] SyncPlayerPosition RPC received on peer 446469990: Player 1 at (153.33331, 700)
[GameWorld] Current player controllers: 3, Keys: [446469990, 1, 1125268556]
[GameWorld] Client updating remote player 1, isLocal=Player_1
[PlayerController] Updating remote player 1 position from (149.99998, 700) to (153.33331, 700)
[GameWorld] SyncPlayerPosition RPC received on peer 446469990: Player 1 at (156.66664, 700)
[GameWorld] Current player controllers: 3, Keys: [446469990, 1, 1125268556]
[GameWorld] Client updating remote player 1, isLocal=Player_1
[PlayerController] Updating remote player 1 position from (153.33331, 700) to (156.66664, 700)
[GameWorld] SyncPlayerPosition RPC received on peer 446469990: Player 1 at (159.99997, 700)
[GameWorld] Current player controllers: 3, Keys: [446469990, 1, 1125268556]
[GameWorld] Client updating remote player 1, isLocal=Player_1
[PlayerController] Updating remote player 1 position from (156.66664, 700) to (159.99997, 700)
[GameWorld] SyncPlayerPosition RPC received on peer 446469990: Player 1 at (163.3333, 700)
[GameWorld] Current player controllers: 3, Keys: [446469990, 1, 1125268556]
[GameWorld] Client updating remote player 1, isLocal=Player_1
[PlayerController] Updating remote player 1 position from (159.99997, 700) to (163.3333, 700)
[GameWorld] SyncPlayerPosition RPC received on peer 446469990: Player 1 at (166.66663, 700)
[GameWorld] Current player controllers: 3, Keys: [446469990, 1, 1125268556]
[GameWorld] Client updating remote player 1, isLocal=Player_1
[PlayerController] Updating remote player 1 position from (163.3333, 700) to (166.66663, 700)
[GameWorld] SyncPlayerPosition RPC received on peer 446469990: Player 1 at (169.99995, 700)
[GameWorld] Current player controllers: 3, Keys: [446469990, 1, 1125268556]
[GameWorld] Client updating remote player 1, isLocal=Player_1
[PlayerController] Updating remote player 1 position from (166.66663, 700) to (169.99995, 700)
[GameWorld] SyncPlayerPosition RPC received on peer 446469990: Player 1 at (173.33328, 700)
[GameWorld] Current player controllers: 3, Keys: [446469990, 1, 1125268556]
[GameWorld] Client updating remote player 1, isLocal=Player_1
[PlayerController] Updating remote player 1 position from (169.99995, 700) to (173.33328, 700)
[GameWorld] SyncPlayerPosition RPC received on peer 446469990: Player 1 at (176.66661, 700)
[GameWorld] Current player controllers: 3, Keys: [446469990, 1, 1125268556]
[GameWorld] Client updating remote player 1, isLocal=Player_1
[PlayerController] Updating remote player 1 position from (173.33328, 700) to (176.66661, 700)
[GameWorld] SyncPlayerPosition RPC received on peer 446469990: Player 1 at (179.99994, 700)
[GameWorld] Current player controllers: 3, Keys: [446469990, 1, 1125268556]
[GameWorld] Client updating remote player 1, isLocal=Player_1
[PlayerController] Updating remote player 1 position from (176.66661, 700) to (179.99994, 700)
[GameWorld] SyncPlayerPosition RPC received on peer 446469990: Player 1 at (183.33327, 700)
[GameWorld] Current player controllers: 3, Keys: [446469990, 1, 1125268556]
[GameWorld] Client updating remote player 1, isLocal=Player_1
[PlayerController] Updating remote player 1 position from (179.99994, 700) to (183.33327, 700)
[GameWorld] SyncPlayerPosition RPC received on peer 446469990: Player 1 at (186.6666, 700)
[GameWorld] Current player controllers: 3, Keys: [446469990, 1, 1125268556]
[GameWorld] Client updating remote player 1, isLocal=Player_1
[PlayerController] Updating remote player 1 position from (183.33327, 700) to (186.6666, 700)
[GameWorld] SyncPlayerPosition RPC received on peer 446469990: Player 1 at (189.99992, 700)
[GameWorld] Current player controllers: 3, Keys: [446469990, 1, 1125268556]
[GameWorld] Client updating remote player 1, isLocal=Player_1
[PlayerController] Updating remote player 1 position from (186.6666, 700) to (189.99992, 700)
[GameWorld] SyncPlayerPosition RPC received on peer 446469990: Player 1 at (193.33325, 700)
[GameWorld] Current player controllers: 3, Keys: [446469990, 1, 1125268556]
[GameWorld] Client updating remote player 1, isLocal=Player_1
[PlayerController] Updating remote player 1 position from (189.99992, 700) to (193.33325, 700)
[GameWorld] SyncPlayerPosition RPC received on peer 446469990: Player 1 at (196.66658, 700)
[GameWorld] Current player controllers: 3, Keys: [446469990, 1, 1125268556]
[GameWorld] Client updating remote player 1, isLocal=Player_1
[PlayerController] Updating remote player 1 position from (193.33325, 700) to (196.66658, 700)
[GameWorld] SyncPlayerPosition RPC received on peer 446469990: Player 1 at (199.99991, 700)
[GameWorld] Current player controllers: 3, Keys: [446469990, 1, 1125268556]
[GameWorld] Client updating remote player 1, isLocal=Player_1
[PlayerController] Updating remote player 1 position from (196.66658, 700) to (199.99991, 700)
[GameWorld] SyncPlayerPosition RPC received on peer 446469990: Player 1 at (203.33324, 700)
[GameWorld] Current player controllers: 3, Keys: [446469990, 1, 1125268556]
[GameWorld] Client updating remote player 1, isLocal=Player_1
[PlayerController] Updating remote player 1 position from (199.99991, 700) to (203.33324, 700)
[GameWorld] SyncPlayerPosition RPC received on peer 446469990: Player 1 at (206.66656, 700)
[GameWorld] Current player controllers: 3, Keys: [446469990, 1, 1125268556]
[GameWorld] Client updating remote player 1, isLocal=Player_1
[PlayerController] Updating remote player 1 position from (203.33324, 700) to (206.66656, 700)
[GameWorld] SyncPlayerPosition RPC received on peer 446469990: Player 1 at (209.9999, 700)
[GameWorld] Current player controllers: 3, Keys: [446469990, 1, 1125268556]
[GameWorld] Client updating remote player 1, isLocal=Player_1
[PlayerController] Updating remote player 1 position from (206.66656, 700) to (209.9999, 700)
[GameWorld] SyncPlayerPosition RPC received on peer 446469990: Player 1 at (213.33322, 700)
[GameWorld] Current player controllers: 3, Keys: [446469990, 1, 1125268556]
[GameWorld] Client updating remote player 1, isLocal=Player_1
[PlayerController] Updating remote player 1 position from (209.9999, 700) to (213.33322, 700)
[GameWorld] SyncPlayerPosition RPC received on peer 446469990: Player 1 at (216.66655, 700)
[GameWorld] Current player controllers: 3, Keys: [446469990, 1, 1125268556]
[GameWorld] Client updating remote player 1, isLocal=Player_1
[PlayerController] Updating remote player 1 position from (213.33322, 700) to (216.66655, 700)
[GameWorld] SyncPlayerPosition RPC received on peer 446469990: Player 1 at (219.99988, 700)
[GameWorld] Current player controllers: 3, Keys: [446469990, 1, 1125268556]
[GameWorld] Client updating remote player 1, isLocal=Player_1
[PlayerController] Updating remote player 1 position from (216.66655, 700) to (219.99988, 700)
[GameWorld] SyncPlayerPosition RPC received on peer 446469990: Player 1 at (223.3332, 700)
[GameWorld] Current player controllers: 3, Keys: [446469990, 1, 1125268556]
[GameWorld] Client updating remote player 1, isLocal=Player_1
[PlayerController] Updating remote player 1 position from (219.99988, 700) to (223.3332, 700)
[PlayerController] Player 446469990 emitting PositionChanged signal at (25.868418, 696.6667)
[GameWorld] OnPlayerPositionChanged: Player 446469990 at (25.868418, 696.6667), IsServer=False
[GameWorld] Client sending position to server
[PlayerController] Player 446469990 emitting PositionChanged signal at (25.868418, 693.3334)
[GameWorld] OnPlayerPositionChanged: Player 446469990 at (25.868418, 693.3334), IsServer=False
[GameWorld] Client sending position to server
[PlayerController] Player 446469990 emitting PositionChanged signal at (25.868418, 690.00006)
[GameWorld] OnPlayerPositionChanged: Player 446469990 at (25.868418, 690.00006), IsServer=False
[GameWorld] Client sending position to server
[PlayerController] Player 446469990 emitting PositionChanged signal at (25.868418, 686.66675)
[GameWorld] OnPlayerPositionChanged: Player 446469990 at (25.868418, 686.66675), IsServer=False
[GameWorld] Client sending position to server
[GameWorld] SyncPlayerPosition RPC received on peer 446469990: Player 446469990 at (25.868418, 696.6667)
[GameWorld] Current player controllers: 3, Keys: [446469990, 1, 1125268556]
[GameWorld] Client updating remote player 446469990, isLocal=Player_446469990
[PlayerController] Ignoring UpdateRemotePosition for local player 446469990
[GameWorld] SyncPlayerPosition RPC received on peer 446469990: Player 446469990 at (25.868418, 693.3334)
[GameWorld] Current player controllers: 3, Keys: [446469990, 1, 1125268556]
[GameWorld] Client updating remote player 446469990, isLocal=Player_446469990
[PlayerController] Ignoring UpdateRemotePosition for local player 446469990
[GameWorld] SyncPlayerPosition RPC received on peer 446469990: Player 446469990 at (25.868418, 690.00006)
[GameWorld] Current player controllers: 3, Keys: [446469990, 1, 1125268556]
[GameWorld] Client updating remote player 446469990, isLocal=Player_446469990
[PlayerController] Ignoring UpdateRemotePosition for local player 446469990
[PlayerController] Player 446469990 emitting PositionChanged signal at (25.868418, 683.33344)
[GameWorld] OnPlayerPositionChanged: Player 446469990 at (25.868418, 683.33344), IsServer=False
[GameWorld] Client sending position to server
[GameWorld] SyncPlayerPosition RPC received on peer 446469990: Player 446469990 at (25.868418, 686.66675)
[GameWorld] Current player controllers: 3, Keys: [446469990, 1, 1125268556]
[GameWorld] Client updating remote player 446469990, isLocal=Player_446469990
[PlayerController] Ignoring UpdateRemotePosition for local player 446469990
[PlayerController] Player 446469990 emitting PositionChanged signal at (25.868418, 680.0001)
[GameWorld] OnPlayerPositionChanged: Player 446469990 at (25.868418, 680.0001), IsServer=False
[GameWorld] Client sending position to server
[GameWorld] SyncPlayerPosition RPC received on peer 446469990: Player 446469990 at (25.868418, 683.33344)
[GameWorld] Current player controllers: 3, Keys: [446469990, 1, 1125268556]
[GameWorld] Client updating remote player 446469990, isLocal=Player_446469990
[PlayerController] Ignoring UpdateRemotePosition for local player 446469990
[PlayerController] Player 446469990 emitting PositionChanged signal at (25.868418, 676.6668)
[GameWorld] OnPlayerPositionChanged: Player 446469990 at (25.868418, 676.6668), IsServer=False
[GameWorld] Client sending position to server
[GameWorld] SyncPlayerPosition RPC received on peer 446469990: Player 446469990 at (25.868418, 680.0001)
[GameWorld] Current player controllers: 3, Keys: [446469990, 1, 1125268556]
[GameWorld] Client updating remote player 446469990, isLocal=Player_446469990
[PlayerController] Ignoring UpdateRemotePosition for local player 446469990
[PlayerController] Player 446469990 emitting PositionChanged signal at (25.868418, 673.3335)
[GameWorld] OnPlayerPositionChanged: Player 446469990 at (25.868418, 673.3335), IsServer=False
[GameWorld] Client sending position to server
[GameWorld] SyncPlayerPosition RPC received on peer 446469990: Player 446469990 at (25.868418, 676.6668)
[GameWorld] Current player controllers: 3, Keys: [446469990, 1, 1125268556]
[GameWorld] Client updating remote player 446469990, isLocal=Player_446469990
[PlayerController] Ignoring UpdateRemotePosition for local player 446469990
[PlayerController] Player 446469990 emitting PositionChanged signal at (25.868418, 670.0002)
[GameWorld] OnPlayerPositionChanged: Player 446469990 at (25.868418, 670.0002), IsServer=False
[GameWorld] Client sending position to server
[PlayerController] Player 446469990 emitting PositionChanged signal at (25.868418, 666.6669)
[GameWorld] OnPlayerPositionChanged: Player 446469990 at (25.868418, 666.6669), IsServer=False
[GameWorld] Client sending position to server
[GameWorld] SyncPlayerPosition RPC received on peer 446469990: Player 446469990 at (25.868418, 673.3335)
[GameWorld] Current player controllers: 3, Keys: [446469990, 1, 1125268556]
[GameWorld] Client updating remote player 446469990, isLocal=Player_446469990
[PlayerController] Ignoring UpdateRemotePosition for local player 446469990
[GameWorld] SyncPlayerPosition RPC received on peer 446469990: Player 446469990 at (25.868418, 670.0002)
[GameWorld] Current player controllers: 3, Keys: [446469990, 1, 1125268556]
[GameWorld] Client updating remote player 446469990, isLocal=Player_446469990
[PlayerController] Ignoring UpdateRemotePosition for local player 446469990
[PlayerController] Player 446469990 emitting PositionChanged signal at (25.868418, 663.33356)
[GameWorld] OnPlayerPositionChanged: Player 446469990 at (25.868418, 663.33356), IsServer=False
[GameWorld] Client sending position to server
[PlayerController] Player 446469990 emitting PositionChanged signal at (25.868418, 660.00024)
[GameWorld] OnPlayerPositionChanged: Player 446469990 at (25.868418, 660.00024), IsServer=False
[GameWorld] Client sending position to server
[GameWorld] SyncPlayerPosition RPC received on peer 446469990: Player 446469990 at (25.868418, 666.6669)
[GameWorld] Current player controllers: 3, Keys: [446469990, 1, 1125268556]
[GameWorld] Client updating remote player 446469990, isLocal=Player_446469990
[PlayerController] Ignoring UpdateRemotePosition for local player 446469990
[GameWorld] SyncPlayerPosition RPC received on peer 446469990: Player 446469990 at (25.868418, 663.33356)
[GameWorld] Current player controllers: 3, Keys: [446469990, 1, 1125268556]
[GameWorld] Client updating remote player 446469990, isLocal=Player_446469990
[PlayerController] Ignoring UpdateRemotePosition for local player 446469990
[PlayerController] Player 446469990 emitting PositionChanged signal at (25.868418, 656.66693)
[GameWorld] OnPlayerPositionChanged: Player 446469990 at (25.868418, 656.66693), IsServer=False
[GameWorld] Client sending position to server
[PlayerController] Player 446469990 emitting PositionChanged signal at (25.868418, 653.3336)
[GameWorld] OnPlayerPositionChanged: Player 446469990 at (25.868418, 653.3336), IsServer=False
[GameWorld] Client sending position to server
[GameWorld] SyncPlayerPosition RPC received on peer 446469990: Player 446469990 at (25.868418, 660.00024)
[GameWorld] Current player controllers: 3, Keys: [446469990, 1, 1125268556]
[GameWorld] Client updating remote player 446469990, isLocal=Player_446469990
[PlayerController] Ignoring UpdateRemotePosition for local player 446469990
[GameWorld] SyncPlayerPosition RPC received on peer 446469990: Player 446469990 at (25.868418, 656.66693)
[GameWorld] Current player controllers: 3, Keys: [446469990, 1, 1125268556]
[GameWorld] Client updating remote player 446469990, isLocal=Player_446469990
[PlayerController] Ignoring UpdateRemotePosition for local player 446469990
[PlayerController] Player 446469990 emitting PositionChanged signal at (25.868418, 650.0003)
[GameWorld] OnPlayerPositionChanged: Player 446469990 at (25.868418, 650.0003), IsServer=False
[GameWorld] Client sending position to server
[GameWorld] SyncPlayerPosition RPC received on peer 446469990: Player 446469990 at (25.868418, 653.3336)
[GameWorld] Current player controllers: 3, Keys: [446469990, 1, 1125268556]
[GameWorld] Client updating remote player 446469990, isLocal=Player_446469990
[PlayerController] Ignoring UpdateRemotePosition for local player 446469990
[PlayerController] Player 446469990 emitting PositionChanged signal at (25.868418, 646.667)
[GameWorld] OnPlayerPositionChanged: Player 446469990 at (25.868418, 646.667), IsServer=False
[GameWorld] Client sending position to server
[GameWorld] SyncPlayerPosition RPC received on peer 446469990: Player 446469990 at (25.868418, 650.0003)
[GameWorld] Current player controllers: 3, Keys: [446469990, 1, 1125268556]
[GameWorld] Client updating remote player 446469990, isLocal=Player_446469990
[PlayerController] Ignoring UpdateRemotePosition for local player 446469990
[PlayerController] Player 446469990 emitting PositionChanged signal at (25.868418, 643.3337)
[GameWorld] OnPlayerPositionChanged: Player 446469990 at (25.868418, 643.3337), IsServer=False
[GameWorld] Client sending position to server
[GameWorld] SyncPlayerPosition RPC received on peer 446469990: Player 446469990 at (25.868418, 646.667)
[GameWorld] Current player controllers: 3, Keys: [446469990, 1, 1125268556]
[GameWorld] Client updating remote player 446469990, isLocal=Player_446469990
[PlayerController] Ignoring UpdateRemotePosition for local player 446469990
[PlayerController] Player 446469990 emitting PositionChanged signal at (25.868418, 640.00037)
[GameWorld] OnPlayerPositionChanged: Player 446469990 at (25.868418, 640.00037), IsServer=False
[GameWorld] Client sending position to server
[GameWorld] SyncPlayerPosition RPC received on peer 446469990: Player 446469990 at (25.868418, 643.3337)
[GameWorld] Current player controllers: 3, Keys: [446469990, 1, 1125268556]
[GameWorld] Client updating remote player 446469990, isLocal=Player_446469990
[PlayerController] Ignoring UpdateRemotePosition for local player 446469990
[PlayerController] Player 446469990 emitting PositionChanged signal at (25.868418, 636.66705)
[GameWorld] OnPlayerPositionChanged: Player 446469990 at (25.868418, 636.66705), IsServer=False
[GameWorld] Client sending position to server
[GameWorld] SyncPlayerPosition RPC received on peer 446469990: Player 446469990 at (25.868418, 640.00037)
[GameWorld] Current player controllers: 3, Keys: [446469990, 1, 1125268556]
[GameWorld] Client updating remote player 446469990, isLocal=Player_446469990
[PlayerController] Ignoring UpdateRemotePosition for local player 446469990
[PlayerController] Player 446469990 emitting PositionChanged signal at (25.868418, 633.33374)
[GameWorld] OnPlayerPositionChanged: Player 446469990 at (25.868418, 633.33374), IsServer=False
[GameWorld] Client sending position to server
[GameWorld] SyncPlayerPosition RPC received on peer 446469990: Player 446469990 at (25.868418, 636.66705)
[GameWorld] Current player controllers: 3, Keys: [446469990, 1, 1125268556]
[GameWorld] Client updating remote player 446469990, isLocal=Player_446469990
[PlayerController] Ignoring UpdateRemotePosition for local player 446469990
[PlayerController] Player 446469990 emitting PositionChanged signal at (25.868418, 630.0004)
[GameWorld] OnPlayerPositionChanged: Player 446469990 at (25.868418, 630.0004), IsServer=False
[GameWorld] Client sending position to server
[GameWorld] SyncPlayerPosition RPC received on peer 446469990: Player 446469990 at (25.868418, 633.33374)
[GameWorld] Current player controllers: 3, Keys: [446469990, 1, 1125268556]
[GameWorld] Client updating remote player 446469990, isLocal=Player_446469990
[PlayerController] Ignoring UpdateRemotePosition for local player 446469990
[PlayerController] Player 446469990 emitting PositionChanged signal at (25.868418, 626.6671)
[GameWorld] OnPlayerPositionChanged: Player 446469990 at (25.868418, 626.6671), IsServer=False
[GameWorld] Client sending position to server
[GameWorld] SyncPlayerPosition RPC received on peer 446469990: Player 446469990 at (25.868418, 630.0004)
[GameWorld] Current player controllers: 3, Keys: [446469990, 1, 1125268556]
[GameWorld] Client updating remote player 446469990, isLocal=Player_446469990
[PlayerController] Ignoring UpdateRemotePosition for local player 446469990
[PlayerController] Player 446469990 emitting PositionChanged signal at (25.868418, 623.3338)
[GameWorld] OnPlayerPositionChanged: Player 446469990 at (25.868418, 623.3338), IsServer=False
[GameWorld] Client sending position to server
[GameWorld] SyncPlayerPosition RPC received on peer 446469990: Player 446469990 at (25.868418, 626.6671)
[GameWorld] Current player controllers: 3, Keys: [446469990, 1, 1125268556]
[GameWorld] Client updating remote player 446469990, isLocal=Player_446469990
[PlayerController] Ignoring UpdateRemotePosition for local player 446469990
[PlayerController] Player 446469990 emitting PositionChanged signal at (25.868418, 620.0005)
[GameWorld] OnPlayerPositionChanged: Player 446469990 at (25.868418, 620.0005), IsServer=False
[GameWorld] Client sending position to server
[GameWorld] SyncPlayerPosition RPC received on peer 446469990: Player 446469990 at (25.868418, 623.3338)
[GameWorld] Current player controllers: 3, Keys: [446469990, 1, 1125268556]
[GameWorld] Client updating remote player 446469990, isLocal=Player_446469990
[PlayerController] Ignoring UpdateRemotePosition for local player 446469990
[PlayerController] Player 446469990 emitting PositionChanged signal at (25.868418, 616.6672)
[GameWorld] OnPlayerPositionChanged: Player 446469990 at (25.868418, 616.6672), IsServer=False
[GameWorld] Client sending position to server
[GameWorld] SyncPlayerPosition RPC received on peer 446469990: Player 446469990 at (25.868418, 620.0005)
[GameWorld] Current player controllers: 3, Keys: [446469990, 1, 1125268556]
[GameWorld] Client updating remote player 446469990, isLocal=Player_446469990
[PlayerController] Ignoring UpdateRemotePosition for local player 446469990
[PlayerController] Player 446469990 emitting PositionChanged signal at (25.868418, 613.33386)
[GameWorld] OnPlayerPositionChanged: Player 446469990 at (25.868418, 613.33386), IsServer=False
[GameWorld] Client sending position to server
[GameWorld] SyncPlayerPosition RPC received on peer 446469990: Player 446469990 at (25.868418, 616.6672)
[GameWorld] Current player controllers: 3, Keys: [446469990, 1, 1125268556]
[GameWorld] Client updating remote player 446469990, isLocal=Player_446469990
[PlayerController] Ignoring UpdateRemotePosition for local player 446469990
[PlayerController] Player 446469990 emitting PositionChanged signal at (25.868418, 610.00055)
[GameWorld] OnPlayerPositionChanged: Player 446469990 at (25.868418, 610.00055), IsServer=False
[GameWorld] Client sending position to server
[GameWorld] SyncPlayerPosition RPC received on peer 446469990: Player 446469990 at (25.868418, 613.33386)
[GameWorld] Current player controllers: 3, Keys: [446469990, 1, 1125268556]
[GameWorld] Client updating remote player 446469990, isLocal=Player_446469990
[PlayerController] Ignoring UpdateRemotePosition for local player 446469990
[PlayerController] Player 446469990 emitting PositionChanged signal at (25.868418, 606.66724)
[GameWorld] OnPlayerPositionChanged: Player 446469990 at (25.868418, 606.66724), IsServer=False
[GameWorld] Client sending position to server
[GameWorld] SyncPlayerPosition RPC received on peer 446469990: Player 446469990 at (25.868418, 610.00055)
[GameWorld] Current player controllers: 3, Keys: [446469990, 1, 1125268556]
[GameWorld] Client updating remote player 446469990, isLocal=Player_446469990
[PlayerController] Ignoring UpdateRemotePosition for local player 446469990
[PlayerController] Player 446469990 emitting PositionChanged signal at (25.868418, 603.3339)
[GameWorld] OnPlayerPositionChanged: Player 446469990 at (25.868418, 603.3339), IsServer=False
[GameWorld] Client sending position to server
[PlayerController] Player 446469990 emitting PositionChanged signal at (25.868418, 600.0006)
[GameWorld] OnPlayerPositionChanged: Player 446469990 at (25.868418, 600.0006), IsServer=False
[GameWorld] Client sending position to server
[GameWorld] SyncPlayerPosition RPC received on peer 446469990: Player 446469990 at (25.868418, 606.66724)
[GameWorld] Current player controllers: 3, Keys: [446469990, 1, 1125268556]
[GameWorld] Client updating remote player 446469990, isLocal=Player_446469990
[PlayerController] Ignoring UpdateRemotePosition for local player 446469990
[GameWorld] SyncPlayerPosition RPC received on peer 446469990: Player 446469990 at (25.868418, 603.3339)
[GameWorld] Current player controllers: 3, Keys: [446469990, 1, 1125268556]
[GameWorld] Client updating remote player 446469990, isLocal=Player_446469990
[PlayerController] Ignoring UpdateRemotePosition for local player 446469990
[PlayerController] Player 446469990 emitting PositionChanged signal at (25.868418, 596.6673)
[GameWorld] OnPlayerPositionChanged: Player 446469990 at (25.868418, 596.6673), IsServer=False
[GameWorld] Client sending position to server
[GameWorld] SyncPlayerPosition RPC received on peer 446469990: Player 446469990 at (25.868418, 600.0006)
[GameWorld] Current player controllers: 3, Keys: [446469990, 1, 1125268556]
[GameWorld] Client updating remote player 446469990, isLocal=Player_446469990
[PlayerController] Ignoring UpdateRemotePosition for local player 446469990
[PlayerController] Player 446469990 emitting PositionChanged signal at (25.868418, 593.334)
[GameWorld] OnPlayerPositionChanged: Player 446469990 at (25.868418, 593.334), IsServer=False
[GameWorld] Client sending position to server
[GameWorld] SyncPlayerPosition RPC received on peer 446469990: Player 446469990 at (25.868418, 596.6673)
[GameWorld] Current player controllers: 3, Keys: [446469990, 1, 1125268556]
[GameWorld] Client updating remote player 446469990, isLocal=Player_446469990
[PlayerController] Ignoring UpdateRemotePosition for local player 446469990
[PlayerController] Player 446469990 emitting PositionChanged signal at (25.868418, 590.0007)
[GameWorld] OnPlayerPositionChanged: Player 446469990 at (25.868418, 590.0007), IsServer=False
[GameWorld] Client sending position to server
[GameWorld] SyncPlayerPosition RPC received on peer 446469990: Player 446469990 at (25.868418, 593.334)
[GameWorld] Current player controllers: 3, Keys: [446469990, 1, 1125268556]
[GameWorld] Client updating remote player 446469990, isLocal=Player_446469990
[PlayerController] Ignoring UpdateRemotePosition for local player 446469990
[PlayerController] Player 446469990 emitting PositionChanged signal at (25.868418, 586.66736)
[GameWorld] OnPlayerPositionChanged: Player 446469990 at (25.868418, 586.66736), IsServer=False
[GameWorld] Client sending position to server
[PlayerController] Player 446469990 emitting PositionChanged signal at (28.225441, 584.31036)
[GameWorld] OnPlayerPositionChanged: Player 446469990 at (28.225441, 584.31036), IsServer=False
[GameWorld] Client sending position to server
[GameWorld] SyncPlayerPosition RPC received on peer 446469990: Player 446469990 at (25.868418, 590.0007)
[GameWorld] Current player controllers: 3, Keys: [446469990, 1, 1125268556]
[GameWorld] Client updating remote player 446469990, isLocal=Player_446469990
[PlayerController] Ignoring UpdateRemotePosition for local player 446469990
[GameWorld] SyncPlayerPosition RPC received on peer 446469990: Player 446469990 at (25.868418, 586.66736)
[GameWorld] Current player controllers: 3, Keys: [446469990, 1, 1125268556]
[GameWorld] Client updating remote player 446469990, isLocal=Player_446469990
[PlayerController] Ignoring UpdateRemotePosition for local player 446469990
[PlayerController] Player 446469990 emitting PositionChanged signal at (30.582464, 581.95337)
[GameWorld] OnPlayerPositionChanged: Player 446469990 at (30.582464, 581.95337), IsServer=False
[GameWorld] Client sending position to server
[GameWorld] SyncPlayerPosition RPC received on peer 446469990: Player 446469990 at (28.225441, 584.31036)
[GameWorld] Current player controllers: 3, Keys: [446469990, 1, 1125268556]
[GameWorld] Client updating remote player 446469990, isLocal=Player_446469990
[PlayerController] Ignoring UpdateRemotePosition for local player 446469990
[PlayerController] Player 446469990 emitting PositionChanged signal at (32.939487, 579.5964)
[GameWorld] OnPlayerPositionChanged: Player 446469990 at (32.939487, 579.5964), IsServer=False
[GameWorld] Client sending position to server
[GameWorld] SyncPlayerPosition RPC received on peer 446469990: Player 446469990 at (30.582464, 581.95337)
[GameWorld] Current player controllers: 3, Keys: [446469990, 1, 1125268556]
[GameWorld] Client updating remote player 446469990, isLocal=Player_446469990
[PlayerController] Ignoring UpdateRemotePosition for local player 446469990
[PlayerController] Player 446469990 emitting PositionChanged signal at (35.29651, 577.2394)
[GameWorld] OnPlayerPositionChanged: Player 446469990 at (35.29651, 577.2394), IsServer=False
[GameWorld] Client sending position to server
[GameWorld] SyncPlayerPosition RPC received on peer 446469990: Player 446469990 at (32.939487, 579.5964)
[GameWorld] Current player controllers: 3, Keys: [446469990, 1, 1125268556]
[GameWorld] Client updating remote player 446469990, isLocal=Player_446469990
[PlayerController] Ignoring UpdateRemotePosition for local player 446469990
[PlayerController] Player 446469990 emitting PositionChanged signal at (37.65353, 574.8824)
[GameWorld] OnPlayerPositionChanged: Player 446469990 at (37.65353, 574.8824), IsServer=False
[GameWorld] Client sending position to server
[GameWorld] SyncPlayerPosition RPC received on peer 446469990: Player 446469990 at (35.29651, 577.2394)
[GameWorld] Current player controllers: 3, Keys: [446469990, 1, 1125268556]
[GameWorld] Client updating remote player 446469990, isLocal=Player_446469990
[PlayerController] Ignoring UpdateRemotePosition for local player 446469990
[PlayerController] Player 446469990 emitting PositionChanged signal at (40.01055, 572.5254)
[GameWorld] OnPlayerPositionChanged: Player 446469990 at (40.01055, 572.5254), IsServer=False
[GameWorld] Client sending position to server
[GameWorld] SyncPlayerPosition RPC received on peer 446469990: Player 446469990 at (37.65353, 574.8824)
[GameWorld] Current player controllers: 3, Keys: [446469990, 1, 1125268556]
[GameWorld] Client updating remote player 446469990, isLocal=Player_446469990
[PlayerController] Ignoring UpdateRemotePosition for local player 446469990
[PlayerController] Player 446469990 emitting PositionChanged signal at (42.367573, 570.1684)
[GameWorld] OnPlayerPositionChanged: Player 446469990 at (42.367573, 570.1684), IsServer=False
[GameWorld] Client sending position to server
[GameWorld] SyncPlayerPosition RPC received on peer 446469990: Player 446469990 at (40.01055, 572.5254)
[GameWorld] Current player controllers: 3, Keys: [446469990, 1, 1125268556]
[GameWorld] Client updating remote player 446469990, isLocal=Player_446469990
[PlayerController] Ignoring UpdateRemotePosition for local player 446469990
[PlayerController] Player 446469990 emitting PositionChanged signal at (44.724594, 567.8114)
[GameWorld] OnPlayerPositionChanged: Player 446469990 at (44.724594, 567.8114), IsServer=False
[GameWorld] Client sending position to server
[GameWorld] SyncPlayerPosition RPC received on peer 446469990: Player 446469990 at (42.367573, 570.1684)
[GameWorld] Current player controllers: 3, Keys: [446469990, 1, 1125268556]
[GameWorld] Client updating remote player 446469990, isLocal=Player_446469990
[PlayerController] Ignoring UpdateRemotePosition for local player 446469990
[PlayerController] Player 446469990 emitting PositionChanged signal at (47.081615, 565.4544)
[GameWorld] OnPlayerPositionChanged: Player 446469990 at (47.081615, 565.4544), IsServer=False
[GameWorld] Client sending position to server
[GameWorld] SyncPlayerPosition RPC received on peer 446469990: Player 446469990 at (44.724594, 567.8114)
[GameWorld] Current player controllers: 3, Keys: [446469990, 1, 1125268556]
[GameWorld] Client updating remote player 446469990, isLocal=Player_446469990
[PlayerController] Ignoring UpdateRemotePosition for local player 446469990
[PlayerController] Player 446469990 emitting PositionChanged signal at (49.438637, 563.0974)
[GameWorld] OnPlayerPositionChanged: Player 446469990 at (49.438637, 563.0974), IsServer=False
[GameWorld] Client sending position to server
[GameWorld] SyncPlayerPosition RPC received on peer 446469990: Player 446469990 at (47.081615, 565.4544)
[GameWorld] Current player controllers: 3, Keys: [446469990, 1, 1125268556]
[GameWorld] Client updating remote player 446469990, isLocal=Player_446469990
[PlayerController] Ignoring UpdateRemotePosition for local player 446469990
[PlayerController] Player 446469990 emitting PositionChanged signal at (52.77197, 563.0974)
[GameWorld] OnPlayerPositionChanged: Player 446469990 at (52.77197, 563.0974), IsServer=False
[GameWorld] Client sending position to server
[GameWorld] SyncPlayerPosition RPC received on peer 446469990: Player 446469990 at (49.438637, 563.0974)
[GameWorld] Current player controllers: 3, Keys: [446469990, 1, 1125268556]
[GameWorld] Client updating remote player 446469990, isLocal=Player_446469990
[PlayerController] Ignoring UpdateRemotePosition for local player 446469990
[PlayerController] Player 446469990 emitting PositionChanged signal at (56.1053, 563.0974)
[GameWorld] OnPlayerPositionChanged: Player 446469990 at (56.1053, 563.0974), IsServer=False
[GameWorld] Client sending position to server
[GameWorld] SyncPlayerPosition RPC received on peer 446469990: Player 446469990 at (52.77197, 563.0974)
[GameWorld] Current player controllers: 3, Keys: [446469990, 1, 1125268556]
[GameWorld] Client updating remote player 446469990, isLocal=Player_446469990
[PlayerController] Ignoring UpdateRemotePosition for local player 446469990
[PlayerController] Player 446469990 emitting PositionChanged signal at (59.438633, 563.0974)
[GameWorld] OnPlayerPositionChanged: Player 446469990 at (59.438633, 563.0974), IsServer=False
[GameWorld] Client sending position to server
[GameWorld] SyncPlayerPosition RPC received on peer 446469990: Player 446469990 at (56.1053, 563.0974)
[GameWorld] Current player controllers: 3, Keys: [446469990, 1, 1125268556]
[GameWorld] Client updating remote player 446469990, isLocal=Player_446469990
[PlayerController] Ignoring UpdateRemotePosition for local player 446469990
[PlayerController] Player 446469990 emitting PositionChanged signal at (62.771965, 563.0974)
[GameWorld] OnPlayerPositionChanged: Player 446469990 at (62.771965, 563.0974), IsServer=False
[GameWorld] Client sending position to server
[GameWorld] SyncPlayerPosition RPC received on peer 446469990: Player 446469990 at (59.438633, 563.0974)
[GameWorld] Current player controllers: 3, Keys: [446469990, 1, 1125268556]
[GameWorld] Client updating remote player 446469990, isLocal=Player_446469990
[PlayerController] Ignoring UpdateRemotePosition for local player 446469990
[PlayerController] Player 446469990 emitting PositionChanged signal at (66.1053, 563.0974)
[GameWorld] OnPlayerPositionChanged: Player 446469990 at (66.1053, 563.0974), IsServer=False
[GameWorld] Client sending position to server
[GameWorld] SyncPlayerPosition RPC received on peer 446469990: Player 446469990 at (62.771965, 563.0974)
[GameWorld] Current player controllers: 3, Keys: [446469990, 1, 1125268556]
[GameWorld] Client updating remote player 446469990, isLocal=Player_446469990
[PlayerController] Ignoring UpdateRemotePosition for local player 446469990
[PlayerController] Player 446469990 emitting PositionChanged signal at (69.43864, 563.0974)
[GameWorld] OnPlayerPositionChanged: Player 446469990 at (69.43864, 563.0974), IsServer=False
[GameWorld] Client sending position to server
[GameWorld] SyncPlayerPosition RPC received on peer 446469990: Player 446469990 at (66.1053, 563.0974)
[GameWorld] Current player controllers: 3, Keys: [446469990, 1, 1125268556]
[GameWorld] Client updating remote player 446469990, isLocal=Player_446469990
[PlayerController] Ignoring UpdateRemotePosition for local player 446469990
[PlayerController] Player 446469990 emitting PositionChanged signal at (72.77197, 563.0974)
[GameWorld] OnPlayerPositionChanged: Player 446469990 at (72.77197, 563.0974), IsServer=False
[GameWorld] Client sending position to server
[GameWorld] SyncPlayerPosition RPC received on peer 446469990: Player 446469990 at (69.43864, 563.0974)
[GameWorld] Current player controllers: 3, Keys: [446469990, 1, 1125268556]
[GameWorld] Client updating remote player 446469990, isLocal=Player_446469990
[PlayerController] Ignoring UpdateRemotePosition for local player 446469990
[PlayerController] Player 446469990 emitting PositionChanged signal at (76.10531, 563.0974)
[GameWorld] OnPlayerPositionChanged: Player 446469990 at (76.10531, 563.0974), IsServer=False
[GameWorld] Client sending position to server
[GameWorld] SyncPlayerPosition RPC received on peer 446469990: Player 446469990 at (72.77197, 563.0974)
[GameWorld] Current player controllers: 3, Keys: [446469990, 1, 1125268556]
[GameWorld] Client updating remote player 446469990, isLocal=Player_446469990
[PlayerController] Ignoring UpdateRemotePosition for local player 446469990
[PlayerController] Player 446469990 emitting PositionChanged signal at (79.438644, 563.0974)
[GameWorld] OnPlayerPositionChanged: Player 446469990 at (79.438644, 563.0974), IsServer=False
[GameWorld] Client sending position to server
[GameWorld] SyncPlayerPosition RPC received on peer 446469990: Player 446469990 at (76.10531, 563.0974)
[GameWorld] Current player controllers: 3, Keys: [446469990, 1, 1125268556]
[GameWorld] Client updating remote player 446469990, isLocal=Player_446469990
[PlayerController] Ignoring UpdateRemotePosition for local player 446469990
[PlayerController] Player 446469990 emitting PositionChanged signal at (82.77198, 563.0974)
[GameWorld] OnPlayerPositionChanged: Player 446469990 at (82.77198, 563.0974), IsServer=False
[GameWorld] Client sending position to server
[GameWorld] SyncPlayerPosition RPC received on peer 446469990: Player 446469990 at (79.438644, 563.0974)
[GameWorld] Current player controllers: 3, Keys: [446469990, 1, 1125268556]
[GameWorld] Client updating remote player 446469990, isLocal=Player_446469990
[PlayerController] Ignoring UpdateRemotePosition for local player 446469990
[PlayerController] Player 446469990 emitting PositionChanged signal at (86.105316, 563.0974)
[GameWorld] OnPlayerPositionChanged: Player 446469990 at (86.105316, 563.0974), IsServer=False
[GameWorld] Client sending position to server
[GameWorld] SyncPlayerPosition RPC received on peer 446469990: Player 446469990 at (82.77198, 563.0974)
[GameWorld] Current player controllers: 3, Keys: [446469990, 1, 1125268556]
[GameWorld] Client updating remote player 446469990, isLocal=Player_446469990
[PlayerController] Ignoring UpdateRemotePosition for local player 446469990
[PlayerController] Player 446469990 emitting PositionChanged signal at (89.43865, 563.0974)
[GameWorld] OnPlayerPositionChanged: Player 446469990 at (89.43865, 563.0974), IsServer=False
[GameWorld] Client sending position to server
[GameWorld] SyncPlayerPosition RPC received on peer 446469990: Player 446469990 at (86.105316, 563.0974)
[GameWorld] Current player controllers: 3, Keys: [446469990, 1, 1125268556]
[GameWorld] Client updating remote player 446469990, isLocal=Player_446469990
[PlayerController] Ignoring UpdateRemotePosition for local player 446469990
[PlayerController] Player 446469990 emitting PositionChanged signal at (92.77199, 563.0974)
[GameWorld] OnPlayerPositionChanged: Player 446469990 at (92.77199, 563.0974), IsServer=False
[GameWorld] Client sending position to server
[GameWorld] SyncPlayerPosition RPC received on peer 446469990: Player 446469990 at (89.43865, 563.0974)
[GameWorld] Current player controllers: 3, Keys: [446469990, 1, 1125268556]
[GameWorld] Client updating remote player 446469990, isLocal=Player_446469990
[PlayerController] Ignoring UpdateRemotePosition for local player 446469990
[PlayerController] Player 446469990 emitting PositionChanged signal at (95.12901, 560.7404)
[GameWorld] OnPlayerPositionChanged: Player 446469990 at (95.12901, 560.7404), IsServer=False
[GameWorld] Client sending position to server
[GameWorld] SyncPlayerPosition RPC received on peer 446469990: Player 446469990 at (92.77199, 563.0974)
[GameWorld] Current player controllers: 3, Keys: [446469990, 1, 1125268556]
[GameWorld] Client updating remote player 446469990, isLocal=Player_446469990
[PlayerController] Ignoring UpdateRemotePosition for local player 446469990
[PlayerController] Player 446469990 emitting PositionChanged signal at (97.48604, 558.3834)
[GameWorld] OnPlayerPositionChanged: Player 446469990 at (97.48604, 558.3834), IsServer=False
[GameWorld] Client sending position to server
[GameWorld] SyncPlayerPosition RPC received on peer 446469990: Player 446469990 at (95.12901, 560.7404)
[GameWorld] Current player controllers: 3, Keys: [446469990, 1, 1125268556]
[GameWorld] Client updating remote player 446469990, isLocal=Player_446469990
[PlayerController] Ignoring UpdateRemotePosition for local player 446469990
[PlayerController] Player 446469990 emitting PositionChanged signal at (99.84306, 556.0264)
[GameWorld] OnPlayerPositionChanged: Player 446469990 at (99.84306, 556.0264), IsServer=False
[GameWorld] Client sending position to server
[GameWorld] SyncPlayerPosition RPC received on peer 446469990: Player 446469990 at (97.48604, 558.3834)
[GameWorld] Current player controllers: 3, Keys: [446469990, 1, 1125268556]
[GameWorld] Client updating remote player 446469990, isLocal=Player_446469990
[PlayerController] Ignoring UpdateRemotePosition for local player 446469990
[PlayerController] Player 446469990 emitting PositionChanged signal at (102.20009, 553.66943)
[GameWorld] OnPlayerPositionChanged: Player 446469990 at (102.20009, 553.66943), IsServer=False
[GameWorld] Client sending position to server
[GameWorld] SyncPlayerPosition RPC received on peer 446469990: Player 446469990 at (99.84306, 556.0264)
[GameWorld] Current player controllers: 3, Keys: [446469990, 1, 1125268556]
[GameWorld] Client updating remote player 446469990, isLocal=Player_446469990
[PlayerController] Ignoring UpdateRemotePosition for local player 446469990
[PlayerController] Player 446469990 emitting PositionChanged signal at (104.55711, 551.31244)
[GameWorld] OnPlayerPositionChanged: Player 446469990 at (104.55711, 551.31244), IsServer=False
[GameWorld] Client sending position to server
[GameWorld] SyncPlayerPosition RPC received on peer 446469990: Player 446469990 at (102.20009, 553.66943)
[GameWorld] Current player controllers: 3, Keys: [446469990, 1, 1125268556]
[GameWorld] Client updating remote player 446469990, isLocal=Player_446469990
[PlayerController] Ignoring UpdateRemotePosition for local player 446469990
[PlayerController] Player 446469990 emitting PositionChanged signal at (106.91414, 548.95544)
[GameWorld] OnPlayerPositionChanged: Player 446469990 at (106.91414, 548.95544), IsServer=False
[GameWorld] Client sending position to server
[GameWorld] SyncPlayerPosition RPC received on peer 446469990: Player 446469990 at (104.55711, 551.31244)
[GameWorld] Current player controllers: 3, Keys: [446469990, 1, 1125268556]
[GameWorld] Client updating remote player 446469990, isLocal=Player_446469990
[PlayerController] Ignoring UpdateRemotePosition for local player 446469990
[PlayerController] Player 446469990 emitting PositionChanged signal at (109.271164, 546.59845)
[GameWorld] OnPlayerPositionChanged: Player 446469990 at (109.271164, 546.59845), IsServer=False
[GameWorld] Client sending position to server
[GameWorld] SyncPlayerPosition RPC received on peer 446469990: Player 446469990 at (106.91414, 548.95544)
[GameWorld] Current player controllers: 3, Keys: [446469990, 1, 1125268556]
[GameWorld] Client updating remote player 446469990, isLocal=Player_446469990
[PlayerController] Ignoring UpdateRemotePosition for local player 446469990
[PlayerController] Player 446469990 emitting PositionChanged signal at (111.62819, 544.24146)
[GameWorld] OnPlayerPositionChanged: Player 446469990 at (111.62819, 544.24146), IsServer=False
[GameWorld] Client sending position to server
[GameWorld] SyncPlayerPosition RPC received on peer 446469990: Player 446469990 at (109.271164, 546.59845)
[GameWorld] Current player controllers: 3, Keys: [446469990, 1, 1125268556]
[GameWorld] Client updating remote player 446469990, isLocal=Player_446469990
[PlayerController] Ignoring UpdateRemotePosition for local player 446469990
[PlayerController] Player 446469990 emitting PositionChanged signal at (113.985214, 541.88446)
[GameWorld] OnPlayerPositionChanged: Player 446469990 at (113.985214, 541.88446), IsServer=False
[GameWorld] Client sending position to server
[GameWorld] SyncPlayerPosition RPC received on peer 446469990: Player 446469990 at (111.62819, 544.24146)
[GameWorld] Current player controllers: 3, Keys: [446469990, 1, 1125268556]
[GameWorld] Client updating remote player 446469990, isLocal=Player_446469990
[PlayerController] Ignoring UpdateRemotePosition for local player 446469990
[PlayerController] Player 446469990 emitting PositionChanged signal at (116.34224, 539.52747)
[GameWorld] OnPlayerPositionChanged: Player 446469990 at (116.34224, 539.52747), IsServer=False
[GameWorld] Client sending position to server
[GameWorld] SyncPlayerPosition RPC received on peer 446469990: Player 446469990 at (113.985214, 541.88446)
[GameWorld] Current player controllers: 3, Keys: [446469990, 1, 1125268556]
[GameWorld] Client updating remote player 446469990, isLocal=Player_446469990
[PlayerController] Ignoring UpdateRemotePosition for local player 446469990
[PlayerController] Player 446469990 emitting PositionChanged signal at (118.699265, 537.1705)
[GameWorld] OnPlayerPositionChanged: Player 446469990 at (118.699265, 537.1705), IsServer=False
[GameWorld] Client sending position to server
[GameWorld] SyncPlayerPosition RPC received on peer 446469990: Player 446469990 at (116.34224, 539.52747)
[GameWorld] Current player controllers: 3, Keys: [446469990, 1, 1125268556]
[GameWorld] Client updating remote player 446469990, isLocal=Player_446469990
[PlayerController] Ignoring UpdateRemotePosition for local player 446469990
[PlayerController] Player 446469990 emitting PositionChanged signal at (121.05629, 534.8135)
[GameWorld] OnPlayerPositionChanged: Player 446469990 at (121.05629, 534.8135), IsServer=False
[GameWorld] Client sending position to server
[GameWorld] SyncPlayerPosition RPC received on peer 446469990: Player 446469990 at (118.699265, 537.1705)
[GameWorld] Current player controllers: 3, Keys: [446469990, 1, 1125268556]
[GameWorld] Client updating remote player 446469990, isLocal=Player_446469990
[PlayerController] Ignoring UpdateRemotePosition for local player 446469990
[PlayerController] Player 446469990 emitting PositionChanged signal at (123.413315, 532.4565)
[GameWorld] OnPlayerPositionChanged: Player 446469990 at (123.413315, 532.4565), IsServer=False
[GameWorld] Client sending position to server
[GameWorld] SyncPlayerPosition RPC received on peer 446469990: Player 446469990 at (121.05629, 534.8135)
[GameWorld] Current player controllers: 3, Keys: [446469990, 1, 1125268556]
[GameWorld] Client updating remote player 446469990, isLocal=Player_446469990
[PlayerController] Ignoring UpdateRemotePosition for local player 446469990
[PlayerController] Player 446469990 emitting PositionChanged signal at (125.77034, 530.0995)
[GameWorld] OnPlayerPositionChanged: Player 446469990 at (125.77034, 530.0995), IsServer=False
[GameWorld] Client sending position to server
[GameWorld] SyncPlayerPosition RPC received on peer 446469990: Player 446469990 at (123.413315, 532.4565)
[GameWorld] Current player controllers: 3, Keys: [446469990, 1, 1125268556]
[GameWorld] Client updating remote player 446469990, isLocal=Player_446469990
[PlayerController] Ignoring UpdateRemotePosition for local player 446469990
[PlayerController] Player 446469990 emitting PositionChanged signal at (128.12737, 527.7425)
[GameWorld] OnPlayerPositionChanged: Player 446469990 at (128.12737, 527.7425), IsServer=False
[GameWorld] Client sending position to server
[GameWorld] SyncPlayerPosition RPC received on peer 446469990: Player 446469990 at (125.77034, 530.0995)
[GameWorld] Current player controllers: 3, Keys: [446469990, 1, 1125268556]
[GameWorld] Client updating remote player 446469990, isLocal=Player_446469990
[PlayerController] Ignoring UpdateRemotePosition for local player 446469990
[PlayerController] Player 446469990 emitting PositionChanged signal at (130.48439, 525.3855)
[GameWorld] OnPlayerPositionChanged: Player 446469990 at (130.48439, 525.3855), IsServer=False
[GameWorld] Client sending position to server
[GameWorld] SyncPlayerPosition RPC received on peer 446469990: Player 446469990 at (128.12737, 527.7425)
[GameWorld] Current player controllers: 3, Keys: [446469990, 1, 1125268556]
[GameWorld] Client updating remote player 446469990, isLocal=Player_446469990
[PlayerController] Ignoring UpdateRemotePosition for local player 446469990
[PlayerController] Player 446469990 emitting PositionChanged signal at (132.84142, 523.0285)
[GameWorld] OnPlayerPositionChanged: Player 446469990 at (132.84142, 523.0285), IsServer=False
[GameWorld] Client sending position to server
[PlayerController] Player 446469990 emitting PositionChanged signal at (135.19844, 520.6715)
[GameWorld] OnPlayerPositionChanged: Player 446469990 at (135.19844, 520.6715), IsServer=False
[GameWorld] Client sending position to server
[GameWorld] SyncPlayerPosition RPC received on peer 446469990: Player 446469990 at (130.48439, 525.3855)
[GameWorld] Current player controllers: 3, Keys: [446469990, 1, 1125268556]
[GameWorld] Client updating remote player 446469990, isLocal=Player_446469990
[PlayerController] Ignoring UpdateRemotePosition for local player 446469990
[GameWorld] SyncPlayerPosition RPC received on peer 446469990: Player 446469990 at (132.84142, 523.0285)
[GameWorld] Current player controllers: 3, Keys: [446469990, 1, 1125268556]
[GameWorld] Client updating remote player 446469990, isLocal=Player_446469990
[PlayerController] Ignoring UpdateRemotePosition for local player 446469990
[PlayerController] Player 446469990 emitting PositionChanged signal at (137.55547, 518.3145)
[GameWorld] OnPlayerPositionChanged: Player 446469990 at (137.55547, 518.3145), IsServer=False
[GameWorld] Client sending position to server
[GameWorld] SyncPlayerPosition RPC received on peer 446469990: Player 446469990 at (135.19844, 520.6715)
[GameWorld] Current player controllers: 3, Keys: [446469990, 1, 1125268556]
[GameWorld] Client updating remote player 446469990, isLocal=Player_446469990
[PlayerController] Ignoring UpdateRemotePosition for local player 446469990
[PlayerController] Player 446469990 emitting PositionChanged signal at (139.91249, 515.9575)
[GameWorld] OnPlayerPositionChanged: Player 446469990 at (139.91249, 515.9575), IsServer=False
[GameWorld] Client sending position to server
[GameWorld] SyncPlayerPosition RPC received on peer 446469990: Player 446469990 at (137.55547, 518.3145)
[GameWorld] Current player controllers: 3, Keys: [446469990, 1, 1125268556]
[GameWorld] Client updating remote player 446469990, isLocal=Player_446469990
[PlayerController] Ignoring UpdateRemotePosition for local player 446469990
[PlayerController] Player 446469990 emitting PositionChanged signal at (142.26952, 513.6005)
[GameWorld] OnPlayerPositionChanged: Player 446469990 at (142.26952, 513.6005), IsServer=False
[GameWorld] Client sending position to server
[GameWorld] SyncPlayerPosition RPC received on peer 446469990: Player 446469990 at (139.91249, 515.9575)
[GameWorld] Current player controllers: 3, Keys: [446469990, 1, 1125268556]
[GameWorld] Client updating remote player 446469990, isLocal=Player_446469990
[PlayerController] Ignoring UpdateRemotePosition for local player 446469990
[PlayerController] Player 446469990 emitting PositionChanged signal at (144.62654, 511.2435)
[GameWorld] OnPlayerPositionChanged: Player 446469990 at (144.62654, 511.2435), IsServer=False
[GameWorld] Client sending position to server
[GameWorld] SyncPlayerPosition RPC received on peer 446469990: Player 446469990 at (142.26952, 513.6005)
[GameWorld] Current player controllers: 3, Keys: [446469990, 1, 1125268556]
[GameWorld] Client updating remote player 446469990, isLocal=Player_446469990
[PlayerController] Ignoring UpdateRemotePosition for local player 446469990
[PlayerController] Player 446469990 emitting PositionChanged signal at (146.98357, 508.88647)
[GameWorld] OnPlayerPositionChanged: Player 446469990 at (146.98357, 508.88647), IsServer=False
[GameWorld] Client sending position to server
[GameWorld] SyncPlayerPosition RPC received on peer 446469990: Player 446469990 at (144.62654, 511.2435)
[GameWorld] Current player controllers: 3, Keys: [446469990, 1, 1125268556]
[GameWorld] Client updating remote player 446469990, isLocal=Player_446469990
[PlayerController] Ignoring UpdateRemotePosition for local player 446469990
[PlayerController] Player 446469990 emitting PositionChanged signal at (149.34059, 506.52945)
[GameWorld] OnPlayerPositionChanged: Player 446469990 at (149.34059, 506.52945), IsServer=False
[GameWorld] Client sending position to server
[PlayerController] Player 446469990 emitting PositionChanged signal at (151.69762, 504.17242)
[GameWorld] OnPlayerPositionChanged: Player 446469990 at (151.69762, 504.17242), IsServer=False
[GameWorld] Client sending position to server
[GameWorld] SyncPlayerPosition RPC received on peer 446469990: Player 446469990 at (146.98357, 508.88647)
[GameWorld] Current player controllers: 3, Keys: [446469990, 1, 1125268556]
[GameWorld] Client updating remote player 446469990, isLocal=Player_446469990
[PlayerController] Ignoring UpdateRemotePosition for local player 446469990
[GameWorld] SyncPlayerPosition RPC received on peer 446469990: Player 446469990 at (149.34059, 506.52945)
[GameWorld] Current player controllers: 3, Keys: [446469990, 1, 1125268556]
[GameWorld] Client updating remote player 446469990, isLocal=Player_446469990
[PlayerController] Ignoring UpdateRemotePosition for local player 446469990
[PlayerController] Player 446469990 emitting PositionChanged signal at (154.05464, 501.8154)
[GameWorld] OnPlayerPositionChanged: Player 446469990 at (154.05464, 501.8154), IsServer=False
[GameWorld] Client sending position to server
[GameWorld] SyncPlayerPosition RPC received on peer 446469990: Player 446469990 at (151.69762, 504.17242)
[GameWorld] Current player controllers: 3, Keys: [446469990, 1, 1125268556]
[GameWorld] Client updating remote player 446469990, isLocal=Player_446469990
[PlayerController] Ignoring UpdateRemotePosition for local player 446469990
[PlayerController] Player 446469990 emitting PositionChanged signal at (156.41167, 499.45837)
[GameWorld] OnPlayerPositionChanged: Player 446469990 at (156.41167, 499.45837), IsServer=False
[GameWorld] Client sending position to server
[GameWorld] SyncPlayerPosition RPC received on peer 446469990: Player 446469990 at (154.05464, 501.8154)
[GameWorld] Current player controllers: 3, Keys: [446469990, 1, 1125268556]
[GameWorld] Client updating remote player 446469990, isLocal=Player_446469990
[PlayerController] Ignoring UpdateRemotePosition for local player 446469990
[PlayerController] Player 446469990 emitting PositionChanged signal at (158.76869, 497.10135)
[GameWorld] OnPlayerPositionChanged: Player 446469990 at (158.76869, 497.10135), IsServer=False
[GameWorld] Client sending position to server
[GameWorld] SyncPlayerPosition RPC received on peer 446469990: Player 446469990 at (156.41167, 499.45837)
[GameWorld] Current player controllers: 3, Keys: [446469990, 1, 1125268556]
[GameWorld] Client updating remote player 446469990, isLocal=Player_446469990
[PlayerController] Ignoring UpdateRemotePosition for local player 446469990
[PlayerController] Player 446469990 emitting PositionChanged signal at (161.12572, 494.74432)
[GameWorld] OnPlayerPositionChanged: Player 446469990 at (161.12572, 494.74432), IsServer=False
[GameWorld] Client sending position to server
[GameWorld] SyncPlayerPosition RPC received on peer 446469990: Player 446469990 at (158.76869, 497.10135)
[GameWorld] Current player controllers: 3, Keys: [446469990, 1, 1125268556]
[GameWorld] Client updating remote player 446469990, isLocal=Player_446469990
[PlayerController] Ignoring UpdateRemotePosition for local player 446469990
[PlayerController] Player 446469990 emitting PositionChanged signal at (163.48274, 492.3873)
[GameWorld] OnPlayerPositionChanged: Player 446469990 at (163.48274, 492.3873), IsServer=False
[GameWorld] Client sending position to server
[GameWorld] SyncPlayerPosition RPC received on peer 446469990: Player 446469990 at (161.12572, 494.74432)
[GameWorld] Current player controllers: 3, Keys: [446469990, 1, 1125268556]
[GameWorld] Client updating remote player 446469990, isLocal=Player_446469990
[PlayerController] Ignoring UpdateRemotePosition for local player 446469990
[PlayerController] Player 446469990 emitting PositionChanged signal at (165.83977, 490.03027)
[GameWorld] OnPlayerPositionChanged: Player 446469990 at (165.83977, 490.03027), IsServer=False
[GameWorld] Client sending position to server
[GameWorld] SyncPlayerPosition RPC received on peer 446469990: Player 446469990 at (163.48274, 492.3873)
[GameWorld] Current player controllers: 3, Keys: [446469990, 1, 1125268556]
[GameWorld] Client updating remote player 446469990, isLocal=Player_446469990
[PlayerController] Ignoring UpdateRemotePosition for local player 446469990
[PlayerController] Player 446469990 emitting PositionChanged signal at (168.1968, 487.67325)
[GameWorld] OnPlayerPositionChanged: Player 446469990 at (168.1968, 487.67325), IsServer=False
[GameWorld] Client sending position to server
[GameWorld] SyncPlayerPosition RPC received on peer 446469990: Player 446469990 at (165.83977, 490.03027)
[GameWorld] Current player controllers: 3, Keys: [446469990, 1, 1125268556]
[GameWorld] Client updating remote player 446469990, isLocal=Player_446469990
[PlayerController] Ignoring UpdateRemotePosition for local player 446469990
[PlayerController] Player 446469990 emitting PositionChanged signal at (170.55382, 485.31622)
[GameWorld] OnPlayerPositionChanged: Player 446469990 at (170.55382, 485.31622), IsServer=False
[GameWorld] Client sending position to server
[GameWorld] SyncPlayerPosition RPC received on peer 446469990: Player 446469990 at (168.1968, 487.67325)
[GameWorld] Current player controllers: 3, Keys: [446469990, 1, 1125268556]
[GameWorld] Client updating remote player 446469990, isLocal=Player_446469990
[PlayerController] Ignoring UpdateRemotePosition for local player 446469990
[PlayerController] Player 446469990 emitting PositionChanged signal at (172.91084, 482.9592)
[GameWorld] OnPlayerPositionChanged: Player 446469990 at (172.91084, 482.9592), IsServer=False
[GameWorld] Client sending position to server
[GameWorld] SyncPlayerPosition RPC received on peer 446469990: Player 446469990 at (170.55382, 485.31622)
[GameWorld] Current player controllers: 3, Keys: [446469990, 1, 1125268556]
[GameWorld] Client updating remote player 446469990, isLocal=Player_446469990
[PlayerController] Ignoring UpdateRemotePosition for local player 446469990
[PlayerController] Player 446469990 emitting PositionChanged signal at (175.26787, 480.60217)
[GameWorld] OnPlayerPositionChanged: Player 446469990 at (175.26787, 480.60217), IsServer=False
[GameWorld] Client sending position to server
[GameWorld] SyncPlayerPosition RPC received on peer 446469990: Player 446469990 at (172.91084, 482.9592)
[GameWorld] Current player controllers: 3, Keys: [446469990, 1, 1125268556]
[GameWorld] Client updating remote player 446469990, isLocal=Player_446469990
[PlayerController] Ignoring UpdateRemotePosition for local player 446469990
[PlayerController] Player 446469990 emitting PositionChanged signal at (177.6249, 478.24515)
[GameWorld] OnPlayerPositionChanged: Player 446469990 at (177.6249, 478.24515), IsServer=False
[GameWorld] Client sending position to server
[GameWorld] SyncPlayerPosition RPC received on peer 446469990: Player 446469990 at (175.26787, 480.60217)
[GameWorld] Current player controllers: 3, Keys: [446469990, 1, 1125268556]
[GameWorld] Client updating remote player 446469990, isLocal=Player_446469990
[PlayerController] Ignoring UpdateRemotePosition for local player 446469990
[PlayerController] Player 446469990 emitting PositionChanged signal at (179.98192, 475.88812)
[GameWorld] OnPlayerPositionChanged: Player 446469990 at (179.98192, 475.88812), IsServer=False
[GameWorld] Client sending position to server
[GameWorld] SyncPlayerPosition RPC received on peer 446469990: Player 446469990 at (177.6249, 478.24515)
[GameWorld] Current player controllers: 3, Keys: [446469990, 1, 1125268556]
[GameWorld] Client updating remote player 446469990, isLocal=Player_446469990
[PlayerController] Ignoring UpdateRemotePosition for local player 446469990
[PlayerController] Player 446469990 emitting PositionChanged signal at (182.33894, 473.5311)
[GameWorld] OnPlayerPositionChanged: Player 446469990 at (182.33894, 473.5311), IsServer=False
[GameWorld] Client sending position to server
[GameWorld] SyncPlayerPosition RPC received on peer 446469990: Player 446469990 at (179.98192, 475.88812)
[GameWorld] Current player controllers: 3, Keys: [446469990, 1, 1125268556]
[GameWorld] Client updating remote player 446469990, isLocal=Player_446469990
[PlayerController] Ignoring UpdateRemotePosition for local player 446469990
[PlayerController] Player 446469990 emitting PositionChanged signal at (184.69597, 471.17407)
[GameWorld] OnPlayerPositionChanged: Player 446469990 at (184.69597, 471.17407), IsServer=False
[GameWorld] Client sending position to server
[GameWorld] SyncPlayerPosition RPC received on peer 446469990: Player 446469990 at (182.33894, 473.5311)
[GameWorld] Current player controllers: 3, Keys: [446469990, 1, 1125268556]
[GameWorld] Client updating remote player 446469990, isLocal=Player_446469990
[PlayerController] Ignoring UpdateRemotePosition for local player 446469990
[PlayerController] Player 446469990 emitting PositionChanged signal at (188.0293, 471.17407)
[GameWorld] OnPlayerPositionChanged: Player 446469990 at (188.0293, 471.17407), IsServer=False
[GameWorld] Client sending position to server
[GameWorld] SyncPlayerPosition RPC received on peer 446469990: Player 446469990 at (184.69597, 471.17407)
[GameWorld] Current player controllers: 3, Keys: [446469990, 1, 1125268556]
[GameWorld] Client updating remote player 446469990, isLocal=Player_446469990
[PlayerController] Ignoring UpdateRemotePosition for local player 446469990
[PlayerController] Player 446469990 emitting PositionChanged signal at (191.36263, 471.17407)
[GameWorld] OnPlayerPositionChanged: Player 446469990 at (191.36263, 471.17407), IsServer=False
[GameWorld] Client sending position to server
[GameWorld] SyncPlayerPosition RPC received on peer 446469990: Player 446469990 at (188.0293, 471.17407)
[GameWorld] Current player controllers: 3, Keys: [446469990, 1, 1125268556]
[GameWorld] Client updating remote player 446469990, isLocal=Player_446469990
[PlayerController] Ignoring UpdateRemotePosition for local player 446469990
[PlayerController] Player 446469990 emitting PositionChanged signal at (194.69595, 471.17407)
[GameWorld] OnPlayerPositionChanged: Player 446469990 at (194.69595, 471.17407), IsServer=False
[GameWorld] Client sending position to server
[GameWorld] SyncPlayerPosition RPC received on peer 446469990: Player 446469990 at (191.36263, 471.17407)
[GameWorld] Current player controllers: 3, Keys: [446469990, 1, 1125268556]
[GameWorld] Client updating remote player 446469990, isLocal=Player_446469990
[PlayerController] Ignoring UpdateRemotePosition for local player 446469990
[PlayerController] Player 446469990 emitting PositionChanged signal at (198.02928, 471.17407)
[GameWorld] OnPlayerPositionChanged: Player 446469990 at (198.02928, 471.17407), IsServer=False
[GameWorld] Client sending position to server
[GameWorld] SyncPlayerPosition RPC received on peer 446469990: Player 446469990 at (194.69595, 471.17407)
[GameWorld] Current player controllers: 3, Keys: [446469990, 1, 1125268556]
[GameWorld] Client updating remote player 446469990, isLocal=Player_446469990
[PlayerController] Ignoring UpdateRemotePosition for local player 446469990
[GameWorld] SyncPlayerPosition RPC received on peer 446469990: Player 446469990 at (198.02928, 471.17407)
[GameWorld] Current player controllers: 3, Keys: [446469990, 1, 1125268556]
[GameWorld] Client updating remote player 446469990, isLocal=Player_446469990
[PlayerController] Ignoring UpdateRemotePosition for local player 446469990
[PlayerController] Player 446469990 emitting PositionChanged signal at (201.36261, 471.17407)
[GameWorld] OnPlayerPositionChanged: Player 446469990 at (201.36261, 471.17407), IsServer=False
[GameWorld] Client sending position to server
[PlayerController] Player 446469990 emitting PositionChanged signal at (204.69594, 471.17407)
[GameWorld] OnPlayerPositionChanged: Player 446469990 at (204.69594, 471.17407), IsServer=False
[GameWorld] Client sending position to server
[GameWorld] SyncPlayerPosition RPC received on peer 446469990: Player 446469990 at (201.36261, 471.17407)
[GameWorld] Current player controllers: 3, Keys: [446469990, 1, 1125268556]
[GameWorld] Client updating remote player 446469990, isLocal=Player_446469990
[PlayerController] Ignoring UpdateRemotePosition for local player 446469990
[PlayerController] Player 446469990 emitting PositionChanged signal at (208.02927, 471.17407)
[GameWorld] OnPlayerPositionChanged: Player 446469990 at (208.02927, 471.17407), IsServer=False
[GameWorld] Client sending position to server
[GameWorld] SyncPlayerPosition RPC received on peer 446469990: Player 446469990 at (204.69594, 471.17407)
[GameWorld] Current player controllers: 3, Keys: [446469990, 1, 1125268556]
[GameWorld] Client updating remote player 446469990, isLocal=Player_446469990
[PlayerController] Ignoring UpdateRemotePosition for local player 446469990
[PlayerController] Player 446469990 emitting PositionChanged signal at (211.3626, 471.17407)
[GameWorld] OnPlayerPositionChanged: Player 446469990 at (211.3626, 471.17407), IsServer=False
[GameWorld] Client sending position to server
[GameWorld] SyncPlayerPosition RPC received on peer 446469990: Player 446469990 at (208.02927, 471.17407)
[GameWorld] Current player controllers: 3, Keys: [446469990, 1, 1125268556]
[GameWorld] Client updating remote player 446469990, isLocal=Player_446469990
[PlayerController] Ignoring UpdateRemotePosition for local player 446469990
[PlayerController] Player 446469990 emitting PositionChanged signal at (214.69592, 471.17407)
[GameWorld] OnPlayerPositionChanged: Player 446469990 at (214.69592, 471.17407), IsServer=False
[GameWorld] Client sending position to server
[GameWorld] SyncPlayerPosition RPC received on peer 446469990: Player 446469990 at (211.3626, 471.17407)
[GameWorld] Current player controllers: 3, Keys: [446469990, 1, 1125268556]
[GameWorld] Client updating remote player 446469990, isLocal=Player_446469990
[PlayerController] Ignoring UpdateRemotePosition for local player 446469990
[PlayerController] Player 446469990 emitting PositionChanged signal at (218.02925, 471.17407)
[GameWorld] OnPlayerPositionChanged: Player 446469990 at (218.02925, 471.17407), IsServer=False
[GameWorld] Client sending position to server
[GameWorld] SyncPlayerPosition RPC received on peer 446469990: Player 446469990 at (214.69592, 471.17407)
[GameWorld] Current player controllers: 3, Keys: [446469990, 1, 1125268556]
[GameWorld] Client updating remote player 446469990, isLocal=Player_446469990
[PlayerController] Ignoring UpdateRemotePosition for local player 446469990
[PlayerController] Player 446469990 emitting PositionChanged signal at (221.36258, 471.17407)
[GameWorld] OnPlayerPositionChanged: Player 446469990 at (221.36258, 471.17407), IsServer=False
[GameWorld] Client sending position to server
[PlayerController] Player 446469990 emitting PositionChanged signal at (224.6959, 471.17407)
[GameWorld] OnPlayerPositionChanged: Player 446469990 at (224.6959, 471.17407), IsServer=False
[GameWorld] Client sending position to server
[GameWorld] SyncPlayerPosition RPC received on peer 446469990: Player 446469990 at (218.02925, 471.17407)
[GameWorld] Current player controllers: 3, Keys: [446469990, 1, 1125268556]
[GameWorld] Client updating remote player 446469990, isLocal=Player_446469990
[PlayerController] Ignoring UpdateRemotePosition for local player 446469990
[GameWorld] SyncPlayerPosition RPC received on peer 446469990: Player 446469990 at (221.36258, 471.17407)
[GameWorld] Current player controllers: 3, Keys: [446469990, 1, 1125268556]
[GameWorld] Client updating remote player 446469990, isLocal=Player_446469990
[PlayerController] Ignoring UpdateRemotePosition for local player 446469990
[PlayerController] Player 446469990 emitting PositionChanged signal at (228.02924, 471.17407)
[GameWorld] OnPlayerPositionChanged: Player 446469990 at (228.02924, 471.17407), IsServer=False
[GameWorld] Client sending position to server
[GameWorld] SyncPlayerPosition RPC received on peer 446469990: Player 446469990 at (224.6959, 471.17407)
[GameWorld] Current player controllers: 3, Keys: [446469990, 1, 1125268556]
[GameWorld] Client updating remote player 446469990, isLocal=Player_446469990
[PlayerController] Ignoring UpdateRemotePosition for local player 446469990
[PlayerController] Player 446469990 emitting PositionChanged signal at (231.36256, 471.17407)
[GameWorld] OnPlayerPositionChanged: Player 446469990 at (231.36256, 471.17407), IsServer=False
[GameWorld] Client sending position to server
[GameWorld] SyncPlayerPosition RPC received on peer 446469990: Player 446469990 at (228.02924, 471.17407)
[GameWorld] Current player controllers: 3, Keys: [446469990, 1, 1125268556]
[GameWorld] Client updating remote player 446469990, isLocal=Player_446469990
[PlayerController] Ignoring UpdateRemotePosition for local player 446469990
[PlayerController] Player 446469990 emitting PositionChanged signal at (234.69589, 471.17407)
[GameWorld] OnPlayerPositionChanged: Player 446469990 at (234.69589, 471.17407), IsServer=False
[GameWorld] Client sending position to server
[GameWorld] SyncPlayerPosition RPC received on peer 446469990: Player 446469990 at (231.36256, 471.17407)
[GameWorld] Current player controllers: 3, Keys: [446469990, 1, 1125268556]
[GameWorld] Client updating remote player 446469990, isLocal=Player_446469990
[PlayerController] Ignoring UpdateRemotePosition for local player 446469990
[PlayerController] Player 446469990 emitting PositionChanged signal at (238.02922, 471.17407)
[GameWorld] OnPlayerPositionChanged: Player 446469990 at (238.02922, 471.17407), IsServer=False
[GameWorld] Client sending position to server
[GameWorld] SyncPlayerPosition RPC received on peer 446469990: Player 446469990 at (234.69589, 471.17407)
[GameWorld] Current player controllers: 3, Keys: [446469990, 1, 1125268556]
[GameWorld] Client updating remote player 446469990, isLocal=Player_446469990
[PlayerController] Ignoring UpdateRemotePosition for local player 446469990
[PlayerController] Player 446469990 emitting PositionChanged signal at (241.36255, 471.17407)
[GameWorld] OnPlayerPositionChanged: Player 446469990 at (241.36255, 471.17407), IsServer=False
[GameWorld] Client sending position to server
[PlayerController] Player 446469990 emitting PositionChanged signal at (244.69588, 471.17407)
[GameWorld] OnPlayerPositionChanged: Player 446469990 at (244.69588, 471.17407), IsServer=False
[GameWorld] Client sending position to server
[GameWorld] SyncPlayerPosition RPC received on peer 446469990: Player 446469990 at (238.02922, 471.17407)
[GameWorld] Current player controllers: 3, Keys: [446469990, 1, 1125268556]
[GameWorld] Client updating remote player 446469990, isLocal=Player_446469990
[PlayerController] Ignoring UpdateRemotePosition for local player 446469990
[PlayerController] Player 446469990 emitting PositionChanged signal at (248.0292, 471.17407)
[GameWorld] OnPlayerPositionChanged: Player 446469990 at (248.0292, 471.17407), IsServer=False
[GameWorld] Client sending position to server
[GameWorld] SyncPlayerPosition RPC received on peer 446469990: Player 446469990 at (241.36255, 471.17407)
[GameWorld] Current player controllers: 3, Keys: [446469990, 1, 1125268556]
[GameWorld] Client updating remote player 446469990, isLocal=Player_446469990
[PlayerController] Ignoring UpdateRemotePosition for local player 446469990
[GameWorld] SyncPlayerPosition RPC received on peer 446469990: Player 446469990 at (244.69588, 471.17407)
[GameWorld] Current player controllers: 3, Keys: [446469990, 1, 1125268556]
[GameWorld] Client updating remote player 446469990, isLocal=Player_446469990
[PlayerController] Ignoring UpdateRemotePosition for local player 446469990
[PlayerController] Player 446469990 emitting PositionChanged signal at (251.36253, 471.17407)
[GameWorld] OnPlayerPositionChanged: Player 446469990 at (251.36253, 471.17407), IsServer=False
[GameWorld] Client sending position to server
[GameWorld] SyncPlayerPosition RPC received on peer 446469990: Player 446469990 at (248.0292, 471.17407)
[GameWorld] Current player controllers: 3, Keys: [446469990, 1, 1125268556]
[GameWorld] Client updating remote player 446469990, isLocal=Player_446469990
[PlayerController] Ignoring UpdateRemotePosition for local player 446469990
[PlayerController] Player 446469990 emitting PositionChanged signal at (254.69586, 471.17407)
[GameWorld] OnPlayerPositionChanged: Player 446469990 at (254.69586, 471.17407), IsServer=False
[GameWorld] Client sending position to server
[GameWorld] SyncPlayerPosition RPC received on peer 446469990: Player 446469990 at (251.36253, 471.17407)
[GameWorld] Current player controllers: 3, Keys: [446469990, 1, 1125268556]
[GameWorld] Client updating remote player 446469990, isLocal=Player_446469990
[PlayerController] Ignoring UpdateRemotePosition for local player 446469990
[PlayerController] Player 446469990 emitting PositionChanged signal at (258.0292, 471.17407)
[GameWorld] OnPlayerPositionChanged: Player 446469990 at (258.0292, 471.17407), IsServer=False
[GameWorld] Client sending position to server
[GameWorld] SyncPlayerPosition RPC received on peer 446469990: Player 446469990 at (254.69586, 471.17407)
[GameWorld] Current player controllers: 3, Keys: [446469990, 1, 1125268556]
[GameWorld] Client updating remote player 446469990, isLocal=Player_446469990
[PlayerController] Ignoring UpdateRemotePosition for local player 446469990
[PlayerController] Player 446469990 emitting PositionChanged signal at (261.36255, 471.17407)
[GameWorld] OnPlayerPositionChanged: Player 446469990 at (261.36255, 471.17407), IsServer=False
[GameWorld] Client sending position to server
[GameWorld] SyncPlayerPosition RPC received on peer 446469990: Player 446469990 at (258.0292, 471.17407)
[GameWorld] Current player controllers: 3, Keys: [446469990, 1, 1125268556]
[GameWorld] Client updating remote player 446469990, isLocal=Player_446469990
[PlayerController] Ignoring UpdateRemotePosition for local player 446469990
[PlayerController] Player 446469990 emitting PositionChanged signal at (264.6959, 471.17407)
[GameWorld] OnPlayerPositionChanged: Player 446469990 at (264.6959, 471.17407), IsServer=False
[GameWorld] Client sending position to server
[GameWorld] SyncPlayerPosition RPC received on peer 446469990: Player 446469990 at (261.36255, 471.17407)
[GameWorld] Current player controllers: 3, Keys: [446469990, 1, 1125268556]
[GameWorld] Client updating remote player 446469990, isLocal=Player_446469990
[PlayerController] Ignoring UpdateRemotePosition for local player 446469990
[PlayerController] Player 446469990 emitting PositionChanged signal at (268.02924, 471.17407)
[GameWorld] OnPlayerPositionChanged: Player 446469990 at (268.02924, 471.17407), IsServer=False
[GameWorld] Client sending position to server
[GameWorld] SyncPlayerPosition RPC received on peer 446469990: Player 446469990 at (264.6959, 471.17407)
[GameWorld] Current player controllers: 3, Keys: [446469990, 1, 1125268556]
[GameWorld] Client updating remote player 446469990, isLocal=Player_446469990
[PlayerController] Ignoring UpdateRemotePosition for local player 446469990
[PlayerController] Player 446469990 emitting PositionChanged signal at (271.36258, 471.17407)
[GameWorld] OnPlayerPositionChanged: Player 446469990 at (271.36258, 471.17407), IsServer=False
[GameWorld] Client sending position to server
[GameWorld] SyncPlayerPosition RPC received on peer 446469990: Player 446469990 at (268.02924, 471.17407)
[GameWorld] Current player controllers: 3, Keys: [446469990, 1, 1125268556]
[GameWorld] Client updating remote player 446469990, isLocal=Player_446469990
[PlayerController] Ignoring UpdateRemotePosition for local player 446469990
Body entered Marcus: Player_446469990
Local player entered Marcus range. Auto-interacting.
GameWorld received OnNPCClicked for marcus. Current Role: 'Producer'
[PlayerController] Player 446469990 emitting PositionChanged signal at (274.69592, 471.17407)
[GameWorld] OnPlayerPositionChanged: Player 446469990 at (274.69592, 471.17407), IsServer=False
[GameWorld] Client sending position to server
[GameWorld] SyncPlayerPosition RPC received on peer 446469990: Player 446469990 at (271.36258, 471.17407)
[GameWorld] Current player controllers: 3, Keys: [446469990, 1, 1125268556]
[GameWorld] Client updating remote player 446469990, isLocal=Player_446469990
[PlayerController] Ignoring UpdateRemotePosition for local player 446469990
[PlayerController] Player 446469990 emitting PositionChanged signal at (278.02927, 471.17407)
[GameWorld] OnPlayerPositionChanged: Player 446469990 at (278.02927, 471.17407), IsServer=False
[GameWorld] Client sending position to server
[PlayerController] Player 446469990 emitting PositionChanged signal at (281.3626, 471.17407)
[GameWorld] OnPlayerPositionChanged: Player 446469990 at (281.3626, 471.17407), IsServer=False
[GameWorld] Client sending position to server
[PlayerController] Player 446469990 emitting PositionChanged signal at (284.69595, 471.17407)
[GameWorld] OnPlayerPositionChanged: Player 446469990 at (284.69595, 471.17407), IsServer=False
[GameWorld] Client sending position to server
[GameWorld] SyncPlayerPosition RPC received on peer 446469990: Player 446469990 at (274.69592, 471.17407)
[GameWorld] Current player controllers: 3, Keys: [446469990, 1, 1125268556]
[GameWorld] Client updating remote player 446469990, isLocal=Player_446469990
[PlayerController] Ignoring UpdateRemotePosition for local player 446469990
[GameWorld] SyncPlayerPosition RPC received on peer 446469990: Player 446469990 at (278.02927, 471.17407)
[GameWorld] Current player controllers: 3, Keys: [446469990, 1, 1125268556]
[GameWorld] Client updating remote player 446469990, isLocal=Player_446469990
[PlayerController] Ignoring UpdateRemotePosition for local player 446469990
[GameWorld] SyncPlayerPosition RPC received on peer 446469990: Player 446469990 at (281.3626, 471.17407)
[GameWorld] Current player controllers: 3, Keys: [446469990, 1, 1125268556]
[GameWorld] Client updating remote player 446469990, isLocal=Player_446469990
[PlayerController] Ignoring UpdateRemotePosition for local player 446469990
[PlayerController] Player 446469990 emitting PositionChanged signal at (288.0293, 471.17407)
[GameWorld] OnPlayerPositionChanged: Player 446469990 at (288.0293, 471.17407), IsServer=False
[GameWorld] Client sending position to server
[GameWorld] SyncPlayerPosition RPC received on peer 446469990: Player 446469990 at (284.69595, 471.17407)
[GameWorld] Current player controllers: 3, Keys: [446469990, 1, 1125268556]
[GameWorld] Client updating remote player 446469990, isLocal=Player_446469990
[PlayerController] Ignoring UpdateRemotePosition for local player 446469990
[PlayerController] Player 446469990 emitting PositionChanged signal at (291.36264, 471.17407)
[GameWorld] OnPlayerPositionChanged: Player 446469990 at (291.36264, 471.17407), IsServer=False
[GameWorld] Client sending position to server
[GameWorld] SyncPlayerPosition RPC received on peer 446469990: Player 446469990 at (288.0293, 471.17407)
[GameWorld] Current player controllers: 3, Keys: [446469990, 1, 1125268556]
[GameWorld] Client updating remote player 446469990, isLocal=Player_446469990
[PlayerController] Ignoring UpdateRemotePosition for local player 446469990
[PlayerController] Player 446469990 emitting PositionChanged signal at (294.69598, 471.17407)
[GameWorld] OnPlayerPositionChanged: Player 446469990 at (294.69598, 471.17407), IsServer=False
[GameWorld] Client sending position to server
[GameWorld] SyncPlayerPosition RPC received on peer 446469990: Player 446469990 at (291.36264, 471.17407)
[GameWorld] Current player controllers: 3, Keys: [446469990, 1, 1125268556]
[GameWorld] Client updating remote player 446469990, isLocal=Player_446469990
[PlayerController] Ignoring UpdateRemotePosition for local player 446469990
[PlayerController] Player 446469990 emitting PositionChanged signal at (298.02933, 471.17407)
[GameWorld] OnPlayerPositionChanged: Player 446469990 at (298.02933, 471.17407), IsServer=False
[GameWorld] Client sending position to server
[GameWorld] SyncPlayerPosition RPC received on peer 446469990: Player 446469990 at (294.69598, 471.17407)
[GameWorld] Current player controllers: 3, Keys: [446469990, 1, 1125268556]
[GameWorld] Client updating remote player 446469990, isLocal=Player_446469990
[PlayerController] Ignoring UpdateRemotePosition for local player 446469990
[PlayerController] Player 446469990 emitting PositionChanged signal at (301.36267, 471.17407)
[GameWorld] OnPlayerPositionChanged: Player 446469990 at (301.36267, 471.17407), IsServer=False
[GameWorld] Client sending position to server
[GameWorld] SyncPlayerPosition RPC received on peer 446469990: Player 446469990 at (298.02933, 471.17407)
[GameWorld] Current player controllers: 3, Keys: [446469990, 1, 1125268556]
[GameWorld] Client updating remote player 446469990, isLocal=Player_446469990
[PlayerController] Ignoring UpdateRemotePosition for local player 446469990
[PlayerController] Player 446469990 emitting PositionChanged signal at (304.696, 471.17407)
[GameWorld] OnPlayerPositionChanged: Player 446469990 at (304.696, 471.17407), IsServer=False
[GameWorld] Client sending position to server
[GameWorld] SyncPlayerPosition RPC received on peer 446469990: Player 446469990 at (301.36267, 471.17407)
[GameWorld] Current player controllers: 3, Keys: [446469990, 1, 1125268556]
[GameWorld] Client updating remote player 446469990, isLocal=Player_446469990
[PlayerController] Ignoring UpdateRemotePosition for local player 446469990
[PlayerController] Player 446469990 emitting PositionChanged signal at (308.02936, 471.17407)
[GameWorld] OnPlayerPositionChanged: Player 446469990 at (308.02936, 471.17407), IsServer=False
[GameWorld] Client sending position to server
[GameWorld] SyncPlayerPosition RPC received on peer 446469990: Player 446469990 at (304.696, 471.17407)
[GameWorld] Current player controllers: 3, Keys: [446469990, 1, 1125268556]
[GameWorld] Client updating remote player 446469990, isLocal=Player_446469990
[PlayerController] Ignoring UpdateRemotePosition for local player 446469990
[PlayerController] Player 446469990 emitting PositionChanged signal at (311.3627, 471.17407)
[GameWorld] OnPlayerPositionChanged: Player 446469990 at (311.3627, 471.17407), IsServer=False
[GameWorld] Client sending position to server
[GameWorld] SyncPlayerPosition RPC received on peer 446469990: Player 446469990 at (308.02936, 471.17407)
[GameWorld] Current player controllers: 3, Keys: [446469990, 1, 1125268556]
[GameWorld] Client updating remote player 446469990, isLocal=Player_446469990
[PlayerController] Ignoring UpdateRemotePosition for local player 446469990
[PlayerController] Player 446469990 emitting PositionChanged signal at (314.69604, 471.17407)
[GameWorld] OnPlayerPositionChanged: Player 446469990 at (314.69604, 471.17407), IsServer=False
[GameWorld] Client sending position to server
[GameWorld] SyncPlayerPosition RPC received on peer 446469990: Player 446469990 at (311.3627, 471.17407)
[GameWorld] Current player controllers: 3, Keys: [446469990, 1, 1125268556]
[GameWorld] Client updating remote player 446469990, isLocal=Player_446469990
[PlayerController] Ignoring UpdateRemotePosition for local player 446469990
[PlayerController] Player 446469990 emitting PositionChanged signal at (318.0294, 471.17407)
[GameWorld] OnPlayerPositionChanged: Player 446469990 at (318.0294, 471.17407), IsServer=False
[GameWorld] Client sending position to server
[GameWorld] SyncPlayerPosition RPC received on peer 446469990: Player 446469990 at (314.69604, 471.17407)
[GameWorld] Current player controllers: 3, Keys: [446469990, 1, 1125268556]
[GameWorld] Client updating remote player 446469990, isLocal=Player_446469990
[PlayerController] Ignoring UpdateRemotePosition for local player 446469990
[PlayerController] Player 446469990 emitting PositionChanged signal at (321.36273, 471.17407)
[GameWorld] OnPlayerPositionChanged: Player 446469990 at (321.36273, 471.17407), IsServer=False
[GameWorld] Client sending position to server
[GameWorld] SyncPlayerPosition RPC received on peer 446469990: Player 446469990 at (318.0294, 471.17407)
[GameWorld] Current player controllers: 3, Keys: [446469990, 1, 1125268556]
[GameWorld] Client updating remote player 446469990, isLocal=Player_446469990
[PlayerController] Ignoring UpdateRemotePosition for local player 446469990
[PlayerController] Player 446469990 emitting PositionChanged signal at (324.69608, 471.17407)
[GameWorld] OnPlayerPositionChanged: Player 446469990 at (324.69608, 471.17407), IsServer=False
[GameWorld] Client sending position to server
[GameWorld] SyncPlayerPosition RPC received on peer 446469990: Player 446469990 at (321.36273, 471.17407)
[GameWorld] Current player controllers: 3, Keys: [446469990, 1, 1125268556]
[GameWorld] Client updating remote player 446469990, isLocal=Player_446469990
[PlayerController] Ignoring UpdateRemotePosition for local player 446469990
[PlayerController] Player 446469990 emitting PositionChanged signal at (328.02942, 471.17407)
[GameWorld] OnPlayerPositionChanged: Player 446469990 at (328.02942, 471.17407), IsServer=False
[GameWorld] Client sending position to server
[GameWorld] SyncPlayerPosition RPC received on peer 446469990: Player 446469990 at (324.69608, 471.17407)
[GameWorld] Current player controllers: 3, Keys: [446469990, 1, 1125268556]
[GameWorld] Client updating remote player 446469990, isLocal=Player_446469990
[PlayerController] Ignoring UpdateRemotePosition for local player 446469990
[PlayerController] Player 446469990 emitting PositionChanged signal at (331.36276, 471.17407)
[GameWorld] OnPlayerPositionChanged: Player 446469990 at (331.36276, 471.17407), IsServer=False
[GameWorld] Client sending position to server
[GameWorld] SyncPlayerPosition RPC received on peer 446469990: Player 446469990 at (328.02942, 471.17407)
[GameWorld] Current player controllers: 3, Keys: [446469990, 1, 1125268556]
[GameWorld] Client updating remote player 446469990, isLocal=Player_446469990
[PlayerController] Ignoring UpdateRemotePosition for local player 446469990
[PlayerController] Player 446469990 emitting PositionChanged signal at (334.6961, 471.17407)
[GameWorld] OnPlayerPositionChanged: Player 446469990 at (334.6961, 471.17407), IsServer=False
[GameWorld] Client sending position to server
[GameWorld] SyncPlayerPosition RPC received on peer 446469990: Player 446469990 at (331.36276, 471.17407)
[GameWorld] Current player controllers: 3, Keys: [446469990, 1, 1125268556]
[GameWorld] Client updating remote player 446469990, isLocal=Player_446469990
[PlayerController] Ignoring UpdateRemotePosition for local player 446469990
[PlayerController] Player 446469990 emitting PositionChanged signal at (338.02945, 471.17407)
[GameWorld] OnPlayerPositionChanged: Player 446469990 at (338.02945, 471.17407), IsServer=False
[GameWorld] Client sending position to server
[GameWorld] SyncPlayerPosition RPC received on peer 446469990: Player 446469990 at (334.6961, 471.17407)
[GameWorld] Current player controllers: 3, Keys: [446469990, 1, 1125268556]
[GameWorld] Client updating remote player 446469990, isLocal=Player_446469990
[PlayerController] Ignoring UpdateRemotePosition for local player 446469990
[PlayerController] Player 446469990 emitting PositionChanged signal at (341.3628, 471.17407)
[GameWorld] OnPlayerPositionChanged: Player 446469990 at (341.3628, 471.17407), IsServer=False
[GameWorld] Client sending position to server
[GameWorld] SyncPlayerPosition RPC received on peer 446469990: Player 446469990 at (338.02945, 471.17407)
[GameWorld] Current player controllers: 3, Keys: [446469990, 1, 1125268556]
[GameWorld] Client updating remote player 446469990, isLocal=Player_446469990
[PlayerController] Ignoring UpdateRemotePosition for local player 446469990
[PlayerController] Player 446469990 emitting PositionChanged signal at (344.69614, 471.17407)
[GameWorld] OnPlayerPositionChanged: Player 446469990 at (344.69614, 471.17407), IsServer=False
[GameWorld] Client sending position to server
[GameWorld] SyncPlayerPosition RPC received on peer 446469990: Player 446469990 at (341.3628, 471.17407)
[GameWorld] Current player controllers: 3, Keys: [446469990, 1, 1125268556]
[GameWorld] Client updating remote player 446469990, isLocal=Player_446469990
[PlayerController] Ignoring UpdateRemotePosition for local player 446469990
[PlayerController] Player 446469990 emitting PositionChanged signal at (348.02948, 471.17407)
[GameWorld] OnPlayerPositionChanged: Player 446469990 at (348.02948, 471.17407), IsServer=False
[GameWorld] Client sending position to server
[GameWorld] SyncPlayerPosition RPC received on peer 446469990: Player 446469990 at (344.69614, 471.17407)
[GameWorld] Current player controllers: 3, Keys: [446469990, 1, 1125268556]
[GameWorld] Client updating remote player 446469990, isLocal=Player_446469990
[PlayerController] Ignoring UpdateRemotePosition for local player 446469990
[PlayerController] Player 446469990 emitting PositionChanged signal at (351.36282, 471.17407)
[GameWorld] OnPlayerPositionChanged: Player 446469990 at (351.36282, 471.17407), IsServer=False
[GameWorld] Client sending position to server
[GameWorld] SyncPlayerPosition RPC received on peer 446469990: Player 446469990 at (348.02948, 471.17407)
[GameWorld] Current player controllers: 3, Keys: [446469990, 1, 1125268556]
[GameWorld] Client updating remote player 446469990, isLocal=Player_446469990
[PlayerController] Ignoring UpdateRemotePosition for local player 446469990
[PlayerController] Player 446469990 emitting PositionChanged signal at (354.69617, 471.17407)
[GameWorld] OnPlayerPositionChanged: Player 446469990 at (354.69617, 471.17407), IsServer=False
[GameWorld] Client sending position to server
[GameWorld] SyncPlayerPosition RPC received on peer 446469990: Player 446469990 at (351.36282, 471.17407)
[GameWorld] Current player controllers: 3, Keys: [446469990, 1, 1125268556]
[GameWorld] Client updating remote player 446469990, isLocal=Player_446469990
[PlayerController] Ignoring UpdateRemotePosition for local player 446469990
[PlayerController] Player 446469990 emitting PositionChanged signal at (358.0295, 471.17407)
[GameWorld] OnPlayerPositionChanged: Player 446469990 at (358.0295, 471.17407), IsServer=False
[GameWorld] Client sending position to server
[GameWorld] SyncPlayerPosition RPC received on peer 446469990: Player 446469990 at (354.69617, 471.17407)
[GameWorld] Current player controllers: 3, Keys: [446469990, 1, 1125268556]
[GameWorld] Client updating remote player 446469990, isLocal=Player_446469990
[PlayerController] Ignoring UpdateRemotePosition for local player 446469990
[PlayerController] Player 446469990 emitting PositionChanged signal at (361.36285, 471.17407)
[GameWorld] OnPlayerPositionChanged: Player 446469990 at (361.36285, 471.17407), IsServer=False
[GameWorld] Client sending position to server
[GameWorld] SyncPlayerPosition RPC received on peer 446469990: Player 446469990 at (358.0295, 471.17407)
[GameWorld] Current player controllers: 3, Keys: [446469990, 1, 1125268556]
[GameWorld] Client updating remote player 446469990, isLocal=Player_446469990
[PlayerController] Ignoring UpdateRemotePosition for local player 446469990
[PlayerController] Player 446469990 emitting PositionChanged signal at (364.6962, 471.17407)
[GameWorld] OnPlayerPositionChanged: Player 446469990 at (364.6962, 471.17407), IsServer=False
[GameWorld] Client sending position to server
[GameWorld] SyncPlayerPosition RPC received on peer 446469990: Player 446469990 at (361.36285, 471.17407)
[GameWorld] Current player controllers: 3, Keys: [446469990, 1, 1125268556]
[GameWorld] Client updating remote player 446469990, isLocal=Player_446469990
[PlayerController] Ignoring UpdateRemotePosition for local player 446469990
[PlayerController] Player 446469990 emitting PositionChanged signal at (368.02954, 471.17407)
[GameWorld] OnPlayerPositionChanged: Player 446469990 at (368.02954, 471.17407), IsServer=False
[GameWorld] Client sending position to server
[GameWorld] SyncPlayerPosition RPC received on peer 446469990: Player 446469990 at (364.6962, 471.17407)
[GameWorld] Current player controllers: 3, Keys: [446469990, 1, 1125268556]
[GameWorld] Client updating remote player 446469990, isLocal=Player_446469990
[PlayerController] Ignoring UpdateRemotePosition for local player 446469990
[GameWorld] SyncPlayerPosition RPC received on peer 446469990: Player 446469990 at (368.02954, 471.17407)
[GameWorld] Current player controllers: 3, Keys: [446469990, 1, 1125268556]
[GameWorld] Client updating remote player 446469990, isLocal=Player_446469990
[PlayerController] Ignoring UpdateRemotePosition for local player 446469990
Action selected: interview_marcus for NPC marcus
[GameWorld] UpdateGameState called on peer 446469990, players before: 3
[PlayerController] Player 446469990 emitting PositionChanged signal at (371.36288, 471.17407)
[GameWorld] OnPlayerPositionChanged: Player 446469990 at (371.36288, 471.17407), IsServer=False
[GameWorld] Client sending position to server
[PlayerController] Player 446469990 emitting PositionChanged signal at (374.69623, 471.17407)
[GameWorld] OnPlayerPositionChanged: Player 446469990 at (374.69623, 471.17407), IsServer=False
[GameWorld] Client sending position to server
[GameWorld] SyncPlayerPosition RPC received on peer 446469990: Player 446469990 at (371.36288, 471.17407)
[GameWorld] Current player controllers: 3, Keys: [446469990, 1, 1125268556]
[GameWorld] Client updating remote player 446469990, isLocal=Player_446469990
[PlayerController] Ignoring UpdateRemotePosition for local player 446469990
[PlayerController] Player 446469990 emitting PositionChanged signal at (378.02957, 471.17407)
[GameWorld] OnPlayerPositionChanged: Player 446469990 at (378.02957, 471.17407), IsServer=False
[GameWorld] Client sending position to server
[GameWorld] SyncPlayerPosition RPC received on peer 446469990: Player 446469990 at (374.69623, 471.17407)
[GameWorld] Current player controllers: 3, Keys: [446469990, 1, 1125268556]
[GameWorld] Client updating remote player 446469990, isLocal=Player_446469990
[PlayerController] Ignoring UpdateRemotePosition for local player 446469990
[PlayerController] Player 446469990 emitting PositionChanged signal at (381.3629, 471.17407)
[GameWorld] OnPlayerPositionChanged: Player 446469990 at (381.3629, 471.17407), IsServer=False
[GameWorld] Client sending position to server
[GameWorld] SyncPlayerPosition RPC received on peer 446469990: Player 446469990 at (378.02957, 471.17407)
[GameWorld] Current player controllers: 3, Keys: [446469990, 1, 1125268556]
[GameWorld] Client updating remote player 446469990, isLocal=Player_446469990
[PlayerController] Ignoring UpdateRemotePosition for local player 446469990
[PlayerController] Player 446469990 emitting PositionChanged signal at (384.69626, 471.17407)
[GameWorld] OnPlayerPositionChanged: Player 446469990 at (384.69626, 471.17407), IsServer=False
[GameWorld] Client sending position to server
[GameWorld] SyncPlayerPosition RPC received on peer 446469990: Player 446469990 at (381.3629, 471.17407)
[GameWorld] Current player controllers: 3, Keys: [446469990, 1, 1125268556]
[GameWorld] Client updating remote player 446469990, isLocal=Player_446469990
[PlayerController] Ignoring UpdateRemotePosition for local player 446469990
[PlayerController] Player 446469990 emitting PositionChanged signal at (388.0296, 471.17407)
[GameWorld] OnPlayerPositionChanged: Player 446469990 at (388.0296, 471.17407), IsServer=False
[GameWorld] Client sending position to server
[GameWorld] SyncPlayerPosition RPC received on peer 446469990: Player 446469990 at (384.69626, 471.17407)
[GameWorld] Current player controllers: 3, Keys: [446469990, 1, 1125268556]
[GameWorld] Client updating remote player 446469990, isLocal=Player_446469990
[PlayerController] Ignoring UpdateRemotePosition for local player 446469990
[PlayerController] Player 446469990 emitting PositionChanged signal at (391.36295, 471.17407)
[GameWorld] OnPlayerPositionChanged: Player 446469990 at (391.36295, 471.17407), IsServer=False
[GameWorld] Client sending position to server
[GameWorld] SyncPlayerPosition RPC received on peer 446469990: Player 446469990 at (388.0296, 471.17407)
[GameWorld] Current player controllers: 3, Keys: [446469990, 1, 1125268556]
[GameWorld] Client updating remote player 446469990, isLocal=Player_446469990
[PlayerController] Ignoring UpdateRemotePosition for local player 446469990
[PlayerController] Player 446469990 emitting PositionChanged signal at (394.6963, 471.17407)
[GameWorld] OnPlayerPositionChanged: Player 446469990 at (394.6963, 471.17407), IsServer=False
[GameWorld] Client sending position to server
[GameWorld] SyncPlayerPosition RPC received on peer 446469990: Player 446469990 at (391.36295, 471.17407)
[GameWorld] Current player controllers: 3, Keys: [446469990, 1, 1125268556]
[GameWorld] Client updating remote player 446469990, isLocal=Player_446469990
[PlayerController] Ignoring UpdateRemotePosition for local player 446469990
[PlayerController] Player 446469990 emitting PositionChanged signal at (398.02963, 471.17407)
[GameWorld] OnPlayerPositionChanged: Player 446469990 at (398.02963, 471.17407), IsServer=False
[GameWorld] Client sending position to server
[GameWorld] SyncPlayerPosition RPC received on peer 446469990: Player 446469990 at (394.6963, 471.17407)
[GameWorld] Current player controllers: 3, Keys: [446469990, 1, 1125268556]
[GameWorld] Client updating remote player 446469990, isLocal=Player_446469990
[PlayerController] Ignoring UpdateRemotePosition for local player 446469990
[PlayerController] Player 446469990 emitting PositionChanged signal at (401.36298, 471.17407)
[GameWorld] OnPlayerPositionChanged: Player 446469990 at (401.36298, 471.17407), IsServer=False
[GameWorld] Client sending position to server
[GameWorld] SyncPlayerPosition RPC received on peer 446469990: Player 446469990 at (398.02963, 471.17407)
[GameWorld] Current player controllers: 3, Keys: [446469990, 1, 1125268556]
[GameWorld] Client updating remote player 446469990, isLocal=Player_446469990
[PlayerController] Ignoring UpdateRemotePosition for local player 446469990
[PlayerController] Player 446469990 emitting PositionChanged signal at (404.69632, 471.17407)
[GameWorld] OnPlayerPositionChanged: Player 446469990 at (404.69632, 471.17407), IsServer=False
[GameWorld] Client sending position to server
[GameWorld] SyncPlayerPosition RPC received on peer 446469990: Player 446469990 at (401.36298, 471.17407)
[GameWorld] Current player controllers: 3, Keys: [446469990, 1, 1125268556]
[GameWorld] Client updating remote player 446469990, isLocal=Player_446469990
[PlayerController] Ignoring UpdateRemotePosition for local player 446469990
[PlayerController] Player 446469990 emitting PositionChanged signal at (407.05334, 468.81705)
[GameWorld] OnPlayerPositionChanged: Player 446469990 at (407.05334, 468.81705), IsServer=False
[GameWorld] Client sending position to server
[GameWorld] SyncPlayerPosition RPC received on peer 446469990: Player 446469990 at (404.69632, 471.17407)
[GameWorld] Current player controllers: 3, Keys: [446469990, 1, 1125268556]
[GameWorld] Client updating remote player 446469990, isLocal=Player_446469990
[PlayerController] Ignoring UpdateRemotePosition for local player 446469990
[PlayerController] Player 446469990 emitting PositionChanged signal at (409.41037, 466.46002)
[GameWorld] OnPlayerPositionChanged: Player 446469990 at (409.41037, 466.46002), IsServer=False
[GameWorld] Client sending position to server
[GameWorld] SyncPlayerPosition RPC received on peer 446469990: Player 446469990 at (407.05334, 468.81705)
[GameWorld] Current player controllers: 3, Keys: [446469990, 1, 1125268556]
[GameWorld] Client updating remote player 446469990, isLocal=Player_446469990
[PlayerController] Ignoring UpdateRemotePosition for local player 446469990
[PlayerController] Player 446469990 emitting PositionChanged signal at (411.7674, 464.103)
[GameWorld] OnPlayerPositionChanged: Player 446469990 at (411.7674, 464.103), IsServer=False
[GameWorld] Client sending position to server
[GameWorld] SyncPlayerPosition RPC received on peer 446469990: Player 446469990 at (409.41037, 466.46002)
[GameWorld] Current player controllers: 3, Keys: [446469990, 1, 1125268556]
[GameWorld] Client updating remote player 446469990, isLocal=Player_446469990
[PlayerController] Ignoring UpdateRemotePosition for local player 446469990
[PlayerController] Player 446469990 emitting PositionChanged signal at (414.12442, 461.74597)
[GameWorld] OnPlayerPositionChanged: Player 446469990 at (414.12442, 461.74597), IsServer=False
[GameWorld] Client sending position to server
[GameWorld] SyncPlayerPosition RPC received on peer 446469990: Player 446469990 at (411.7674, 464.103)
[GameWorld] Current player controllers: 3, Keys: [446469990, 1, 1125268556]
[GameWorld] Client updating remote player 446469990, isLocal=Player_446469990
[PlayerController] Ignoring UpdateRemotePosition for local player 446469990
[PlayerController] Player 446469990 emitting PositionChanged signal at (416.48145, 459.38895)
[GameWorld] OnPlayerPositionChanged: Player 446469990 at (416.48145, 459.38895), IsServer=False
[GameWorld] Client sending position to server
[GameWorld] SyncPlayerPosition RPC received on peer 446469990: Player 446469990 at (414.12442, 461.74597)
[GameWorld] Current player controllers: 3, Keys: [446469990, 1, 1125268556]
[GameWorld] Client updating remote player 446469990, isLocal=Player_446469990
[PlayerController] Ignoring UpdateRemotePosition for local player 446469990
[PlayerController] Player 446469990 emitting PositionChanged signal at (418.83847, 457.03192)
[GameWorld] OnPlayerPositionChanged: Player 446469990 at (418.83847, 457.03192), IsServer=False
[GameWorld] Client sending position to server
[GameWorld] SyncPlayerPosition RPC received on peer 446469990: Player 446469990 at (416.48145, 459.38895)
[GameWorld] Current player controllers: 3, Keys: [446469990, 1, 1125268556]
[GameWorld] Client updating remote player 446469990, isLocal=Player_446469990
[PlayerController] Ignoring UpdateRemotePosition for local player 446469990
[PlayerController] Player 446469990 emitting PositionChanged signal at (421.1955, 454.6749)
[GameWorld] OnPlayerPositionChanged: Player 446469990 at (421.1955, 454.6749), IsServer=False
[GameWorld] Client sending position to server
[GameWorld] SyncPlayerPosition RPC received on peer 446469990: Player 446469990 at (418.83847, 457.03192)
[GameWorld] Current player controllers: 3, Keys: [446469990, 1, 1125268556]
[GameWorld] Client updating remote player 446469990, isLocal=Player_446469990
[PlayerController] Ignoring UpdateRemotePosition for local player 446469990
[PlayerController] Player 446469990 emitting PositionChanged signal at (423.55252, 452.31787)
[GameWorld] OnPlayerPositionChanged: Player 446469990 at (423.55252, 452.31787), IsServer=False
[GameWorld] Client sending position to server
[GameWorld] SyncPlayerPosition RPC received on peer 446469990: Player 446469990 at (421.1955, 454.6749)
[GameWorld] Current player controllers: 3, Keys: [446469990, 1, 1125268556]
[GameWorld] Client updating remote player 446469990, isLocal=Player_446469990
[PlayerController] Ignoring UpdateRemotePosition for local player 446469990
[PlayerController] Player 446469990 emitting PositionChanged signal at (423.55252, 448.98453)
[GameWorld] OnPlayerPositionChanged: Player 446469990 at (423.55252, 448.98453), IsServer=False
[GameWorld] Client sending position to server
[GameWorld] SyncPlayerPosition RPC received on peer 446469990: Player 446469990 at (423.55252, 452.31787)
[GameWorld] Current player controllers: 3, Keys: [446469990, 1, 1125268556]
[GameWorld] Client updating remote player 446469990, isLocal=Player_446469990
[PlayerController] Ignoring UpdateRemotePosition for local player 446469990
[PlayerController] Player 446469990 emitting PositionChanged signal at (423.55252, 445.65118)
[GameWorld] OnPlayerPositionChanged: Player 446469990 at (423.55252, 445.65118), IsServer=False
[GameWorld] Client sending position to server
[GameWorld] SyncPlayerPosition RPC received on peer 446469990: Player 446469990 at (423.55252, 448.98453)
[GameWorld] Current player controllers: 3, Keys: [446469990, 1, 1125268556]
[GameWorld] Client updating remote player 446469990, isLocal=Player_446469990
[PlayerController] Ignoring UpdateRemotePosition for local player 446469990
[PlayerController] Player 446469990 emitting PositionChanged signal at (423.55252, 442.31784)
[GameWorld] OnPlayerPositionChanged: Player 446469990 at (423.55252, 442.31784), IsServer=False
[GameWorld] Client sending position to server
[GameWorld] SyncPlayerPosition RPC received on peer 446469990: Player 446469990 at (423.55252, 445.65118)
[GameWorld] Current player controllers: 3, Keys: [446469990, 1, 1125268556]
[GameWorld] Client updating remote player 446469990, isLocal=Player_446469990
[PlayerController] Ignoring UpdateRemotePosition for local player 446469990
[PlayerController] Player 446469990 emitting PositionChanged signal at (423.55252, 438.9845)
[GameWorld] OnPlayerPositionChanged: Player 446469990 at (423.55252, 438.9845), IsServer=False
[GameWorld] Client sending position to server
[GameWorld] SyncPlayerPosition RPC received on peer 446469990: Player 446469990 at (423.55252, 442.31784)
[GameWorld] Current player controllers: 3, Keys: [446469990, 1, 1125268556]
[GameWorld] Client updating remote player 446469990, isLocal=Player_446469990
[PlayerController] Ignoring UpdateRemotePosition for local player 446469990
[PlayerController] Player 446469990 emitting PositionChanged signal at (423.55252, 435.65115)
[GameWorld] OnPlayerPositionChanged: Player 446469990 at (423.55252, 435.65115), IsServer=False
[GameWorld] Client sending position to server
[GameWorld] SyncPlayerPosition RPC received on peer 446469990: Player 446469990 at (423.55252, 438.9845)
[GameWorld] Current player controllers: 3, Keys: [446469990, 1, 1125268556]
[GameWorld] Client updating remote player 446469990, isLocal=Player_446469990
[PlayerController] Ignoring UpdateRemotePosition for local player 446469990
[PlayerController] Player 446469990 emitting PositionChanged signal at (423.55252, 432.3178)
[GameWorld] OnPlayerPositionChanged: Player 446469990 at (423.55252, 432.3178), IsServer=False
[GameWorld] Client sending position to server
[GameWorld] SyncPlayerPosition RPC received on peer 446469990: Player 446469990 at (423.55252, 435.65115)
[GameWorld] Current player controllers: 3, Keys: [446469990, 1, 1125268556]
[GameWorld] Client updating remote player 446469990, isLocal=Player_446469990
[PlayerController] Ignoring UpdateRemotePosition for local player 446469990
[PlayerController] Player 446469990 emitting PositionChanged signal at (423.55252, 428.98447)
[GameWorld] OnPlayerPositionChanged: Player 446469990 at (423.55252, 428.98447), IsServer=False
[GameWorld] Client sending position to server
[GameWorld] SyncPlayerPosition RPC received on peer 446469990: Player 446469990 at (423.55252, 432.3178)
[GameWorld] Current player controllers: 3, Keys: [446469990, 1, 1125268556]
[GameWorld] Client updating remote player 446469990, isLocal=Player_446469990
[PlayerController] Ignoring UpdateRemotePosition for local player 446469990
[PlayerController] Player 446469990 emitting PositionChanged signal at (423.55252, 425.65112)
[GameWorld] OnPlayerPositionChanged: Player 446469990 at (423.55252, 425.65112), IsServer=False
[GameWorld] Client sending position to server
[GameWorld] SyncPlayerPosition RPC received on peer 446469990: Player 446469990 at (423.55252, 428.98447)
[GameWorld] Current player controllers: 3, Keys: [446469990, 1, 1125268556]
[GameWorld] Client updating remote player 446469990, isLocal=Player_446469990
[PlayerController] Ignoring UpdateRemotePosition for local player 446469990
[PlayerController] Player 446469990 emitting PositionChanged signal at (423.55252, 422.31778)
[GameWorld] OnPlayerPositionChanged: Player 446469990 at (423.55252, 422.31778), IsServer=False
[GameWorld] Client sending position to server
[GameWorld] SyncPlayerPosition RPC received on peer 446469990: Player 446469990 at (423.55252, 425.65112)
[GameWorld] Current player controllers: 3, Keys: [446469990, 1, 1125268556]
[GameWorld] Client updating remote player 446469990, isLocal=Player_446469990
[PlayerController] Ignoring UpdateRemotePosition for local player 446469990
[PlayerController] Player 446469990 emitting PositionChanged signal at (423.55252, 418.98444)
[GameWorld] OnPlayerPositionChanged: Player 446469990 at (423.55252, 418.98444), IsServer=False
[GameWorld] Client sending position to server
[GameWorld] SyncPlayerPosition RPC received on peer 446469990: Player 446469990 at (423.55252, 422.31778)
[GameWorld] Current player controllers: 3, Keys: [446469990, 1, 1125268556]
[GameWorld] Client updating remote player 446469990, isLocal=Player_446469990
[PlayerController] Ignoring UpdateRemotePosition for local player 446469990
[PlayerController] Player 446469990 emitting PositionChanged signal at (423.55252, 415.6511)
[GameWorld] OnPlayerPositionChanged: Player 446469990 at (423.55252, 415.6511), IsServer=False
[GameWorld] Client sending position to server
[PlayerController] Player 446469990 emitting PositionChanged signal at (423.55252, 412.31775)
[GameWorld] OnPlayerPositionChanged: Player 446469990 at (423.55252, 412.31775), IsServer=False
[GameWorld] Client sending position to server
[GameWorld] SyncPlayerPosition RPC received on peer 446469990: Player 446469990 at (423.55252, 418.98444)
[GameWorld] Current player controllers: 3, Keys: [446469990, 1, 1125268556]
[GameWorld] Client updating remote player 446469990, isLocal=Player_446469990
[PlayerController] Ignoring UpdateRemotePosition for local player 446469990
[GameWorld] SyncPlayerPosition RPC received on peer 446469990: Player 446469990 at (423.55252, 415.6511)
[GameWorld] Current player controllers: 3, Keys: [446469990, 1, 1125268556]
[GameWorld] Client updating remote player 446469990, isLocal=Player_446469990
[PlayerController] Ignoring UpdateRemotePosition for local player 446469990
[PlayerController] Player 446469990 emitting PositionChanged signal at (423.55252, 408.9844)
[GameWorld] OnPlayerPositionChanged: Player 446469990 at (423.55252, 408.9844), IsServer=False
[GameWorld] Client sending position to server
[GameWorld] SyncPlayerPosition RPC received on peer 446469990: Player 446469990 at (423.55252, 412.31775)
[GameWorld] Current player controllers: 3, Keys: [446469990, 1, 1125268556]
[GameWorld] Client updating remote player 446469990, isLocal=Player_446469990
[PlayerController] Ignoring UpdateRemotePosition for local player 446469990
[PlayerController] Player 446469990 emitting PositionChanged signal at (423.55252, 405.65106)
[GameWorld] OnPlayerPositionChanged: Player 446469990 at (423.55252, 405.65106), IsServer=False
[GameWorld] Client sending position to server
[GameWorld] SyncPlayerPosition RPC received on peer 446469990: Player 446469990 at (423.55252, 408.9844)
[GameWorld] Current player controllers: 3, Keys: [446469990, 1, 1125268556]
[GameWorld] Client updating remote player 446469990, isLocal=Player_446469990
[PlayerController] Ignoring UpdateRemotePosition for local player 446469990
[PlayerController] Player 446469990 emitting PositionChanged signal at (423.55252, 402.31772)
[GameWorld] OnPlayerPositionChanged: Player 446469990 at (423.55252, 402.31772), IsServer=False
[GameWorld] Client sending position to server
[GameWorld] SyncPlayerPosition RPC received on peer 446469990: Player 446469990 at (423.55252, 405.65106)
[GameWorld] Current player controllers: 3, Keys: [446469990, 1, 1125268556]
[GameWorld] Client updating remote player 446469990, isLocal=Player_446469990
[PlayerController] Ignoring UpdateRemotePosition for local player 446469990
[PlayerController] Player 446469990 emitting PositionChanged signal at (423.55252, 398.98438)
[GameWorld] OnPlayerPositionChanged: Player 446469990 at (423.55252, 398.98438), IsServer=False
[GameWorld] Client sending position to server
[GameWorld] SyncPlayerPosition RPC received on peer 446469990: Player 446469990 at (423.55252, 402.31772)
[GameWorld] Current player controllers: 3, Keys: [446469990, 1, 1125268556]
[GameWorld] Client updating remote player 446469990, isLocal=Player_446469990
[PlayerController] Ignoring UpdateRemotePosition for local player 446469990
[PlayerController] Player 446469990 emitting PositionChanged signal at (423.55252, 395.65103)
[GameWorld] OnPlayerPositionChanged: Player 446469990 at (423.55252, 395.65103), IsServer=False
[GameWorld] Client sending position to server
[GameWorld] SyncPlayerPosition RPC received on peer 446469990: Player 446469990 at (423.55252, 398.98438)
[GameWorld] Current player controllers: 3, Keys: [446469990, 1, 1125268556]
[GameWorld] Client updating remote player 446469990, isLocal=Player_446469990
[PlayerController] Ignoring UpdateRemotePosition for local player 446469990
[PlayerController] Player 446469990 emitting PositionChanged signal at (423.55252, 392.3177)
[GameWorld] OnPlayerPositionChanged: Player 446469990 at (423.55252, 392.3177), IsServer=False
[GameWorld] Client sending position to server
[PlayerController] Player 446469990 emitting PositionChanged signal at (423.55252, 388.98434)
[GameWorld] OnPlayerPositionChanged: Player 446469990 at (423.55252, 388.98434), IsServer=False
[GameWorld] Client sending position to server
[GameWorld] SyncPlayerPosition RPC received on peer 446469990: Player 446469990 at (423.55252, 395.65103)
[GameWorld] Current player controllers: 3, Keys: [446469990, 1, 1125268556]
[GameWorld] Client updating remote player 446469990, isLocal=Player_446469990
[PlayerController] Ignoring UpdateRemotePosition for local player 446469990
[GameWorld] SyncPlayerPosition RPC received on peer 446469990: Player 446469990 at (423.55252, 392.3177)
[GameWorld] Current player controllers: 3, Keys: [446469990, 1, 1125268556]
[GameWorld] Client updating remote player 446469990, isLocal=Player_446469990
[PlayerController] Ignoring UpdateRemotePosition for local player 446469990
[PlayerController] Player 446469990 emitting PositionChanged signal at (423.55252, 385.651)
[GameWorld] OnPlayerPositionChanged: Player 446469990 at (423.55252, 385.651), IsServer=False
[GameWorld] Client sending position to server
[GameWorld] SyncPlayerPosition RPC received on peer 446469990: Player 446469990 at (423.55252, 388.98434)
[GameWorld] Current player controllers: 3, Keys: [446469990, 1, 1125268556]
[GameWorld] Client updating remote player 446469990, isLocal=Player_446469990
[PlayerController] Ignoring UpdateRemotePosition for local player 446469990
[PlayerController] Player 446469990 emitting PositionChanged signal at (423.55252, 382.31766)
[GameWorld] OnPlayerPositionChanged: Player 446469990 at (423.55252, 382.31766), IsServer=False
[GameWorld] Client sending position to server
[GameWorld] SyncPlayerPosition RPC received on peer 446469990: Player 446469990 at (423.55252, 385.651)
[GameWorld] Current player controllers: 3, Keys: [446469990, 1, 1125268556]
[GameWorld] Client updating remote player 446469990, isLocal=Player_446469990
[PlayerController] Ignoring UpdateRemotePosition for local player 446469990
[PlayerController] Player 446469990 emitting PositionChanged signal at (423.55252, 378.9843)
[GameWorld] OnPlayerPositionChanged: Player 446469990 at (423.55252, 378.9843), IsServer=False
[GameWorld] Client sending position to server
[GameWorld] SyncPlayerPosition RPC received on peer 446469990: Player 446469990 at (423.55252, 382.31766)
[GameWorld] Current player controllers: 3, Keys: [446469990, 1, 1125268556]
[GameWorld] Client updating remote player 446469990, isLocal=Player_446469990
[PlayerController] Ignoring UpdateRemotePosition for local player 446469990
[PlayerController] Player 446469990 emitting PositionChanged signal at (423.55252, 375.65097)
[GameWorld] OnPlayerPositionChanged: Player 446469990 at (423.55252, 375.65097), IsServer=False
[GameWorld] Client sending position to server
[GameWorld] SyncPlayerPosition RPC received on peer 446469990: Player 446469990 at (423.55252, 378.9843)
[GameWorld] Current player controllers: 3, Keys: [446469990, 1, 1125268556]
[GameWorld] Client updating remote player 446469990, isLocal=Player_446469990
[PlayerController] Ignoring UpdateRemotePosition for local player 446469990
[PlayerController] Player 446469990 emitting PositionChanged signal at (423.55252, 372.31763)
[GameWorld] OnPlayerPositionChanged: Player 446469990 at (423.55252, 372.31763), IsServer=False
[GameWorld] Client sending position to server
[GameWorld] SyncPlayerPosition RPC received on peer 446469990: Player 446469990 at (423.55252, 375.65097)
[GameWorld] Current player controllers: 3, Keys: [446469990, 1, 1125268556]
[GameWorld] Client updating remote player 446469990, isLocal=Player_446469990
[PlayerController] Ignoring UpdateRemotePosition for local player 446469990
[PlayerController] Player 446469990 emitting PositionChanged signal at (423.55252, 368.98428)
[GameWorld] OnPlayerPositionChanged: Player 446469990 at (423.55252, 368.98428), IsServer=False
[GameWorld] Client sending position to server
[GameWorld] SyncPlayerPosition RPC received on peer 446469990: Player 446469990 at (423.55252, 372.31763)
[GameWorld] Current player controllers: 3, Keys: [446469990, 1, 1125268556]
[GameWorld] Client updating remote player 446469990, isLocal=Player_446469990
[PlayerController] Ignoring UpdateRemotePosition for local player 446469990
[PlayerController] Player 446469990 emitting PositionChanged signal at (423.55252, 365.65094)
[GameWorld] OnPlayerPositionChanged: Player 446469990 at (423.55252, 365.65094), IsServer=False
[GameWorld] Client sending position to server
[GameWorld] SyncPlayerPosition RPC received on peer 446469990: Player 446469990 at (423.55252, 368.98428)
[GameWorld] Current player controllers: 3, Keys: [446469990, 1, 1125268556]
[GameWorld] Client updating remote player 446469990, isLocal=Player_446469990
[PlayerController] Ignoring UpdateRemotePosition for local player 446469990
[PlayerController] Player 446469990 emitting PositionChanged signal at (423.55252, 362.3176)
[GameWorld] OnPlayerPositionChanged: Player 446469990 at (423.55252, 362.3176), IsServer=False
[GameWorld] Client sending position to server
[GameWorld] SyncPlayerPosition RPC received on peer 446469990: Player 446469990 at (423.55252, 365.65094)
[GameWorld] Current player controllers: 3, Keys: [446469990, 1, 1125268556]
[GameWorld] Client updating remote player 446469990, isLocal=Player_446469990
[PlayerController] Ignoring UpdateRemotePosition for local player 446469990
Body exited Marcus: Player_446469990
[PlayerController] Player 446469990 emitting PositionChanged signal at (423.55252, 358.98425)
[GameWorld] OnPlayerPositionChanged: Player 446469990 at (423.55252, 358.98425), IsServer=False
[GameWorld] Client sending position to server
[GameWorld] SyncPlayerPosition RPC received on peer 446469990: Player 446469990 at (423.55252, 362.3176)
[GameWorld] Current player controllers: 3, Keys: [446469990, 1, 1125268556]
[GameWorld] Client updating remote player 446469990, isLocal=Player_446469990
[PlayerController] Ignoring UpdateRemotePosition for local player 446469990
[PlayerController] Player 446469990 emitting PositionChanged signal at (423.55252, 355.6509)
[GameWorld] OnPlayerPositionChanged: Player 446469990 at (423.55252, 355.6509), IsServer=False
[GameWorld] Client sending position to server
[GameWorld] SyncPlayerPosition RPC received on peer 446469990: Player 446469990 at (423.55252, 358.98425)
[GameWorld] Current player controllers: 3, Keys: [446469990, 1, 1125268556]
[GameWorld] Client updating remote player 446469990, isLocal=Player_446469990
[PlayerController] Ignoring UpdateRemotePosition for local player 446469990
[PlayerController] Player 446469990 emitting PositionChanged signal at (423.55252, 352.31757)
[GameWorld] OnPlayerPositionChanged: Player 446469990 at (423.55252, 352.31757), IsServer=False
[GameWorld] Client sending position to server
[PlayerController] Player 446469990 emitting PositionChanged signal at (423.55252, 348.98422)
[GameWorld] OnPlayerPositionChanged: Player 446469990 at (423.55252, 348.98422), IsServer=False
[GameWorld] Client sending position to server
[GameWorld] SyncPlayerPosition RPC received on peer 446469990: Player 446469990 at (423.55252, 355.6509)
[GameWorld] Current player controllers: 3, Keys: [446469990, 1, 1125268556]
[GameWorld] Client updating remote player 446469990, isLocal=Player_446469990
[PlayerController] Ignoring UpdateRemotePosition for local player 446469990
[GameWorld] SyncPlayerPosition RPC received on peer 446469990: Player 446469990 at (423.55252, 352.31757)
[GameWorld] Current player controllers: 3, Keys: [446469990, 1, 1125268556]
[GameWorld] Client updating remote player 446469990, isLocal=Player_446469990
[PlayerController] Ignoring UpdateRemotePosition for local player 446469990
[PlayerController] Player 446469990 emitting PositionChanged signal at (425.90955, 346.6272)
[GameWorld] OnPlayerPositionChanged: Player 446469990 at (425.90955, 346.6272), IsServer=False
[GameWorld] Client sending position to server
[GameWorld] SyncPlayerPosition RPC received on peer 446469990: Player 446469990 at (423.55252, 348.98422)
[GameWorld] Current player controllers: 3, Keys: [446469990, 1, 1125268556]
[GameWorld] Client updating remote player 446469990, isLocal=Player_446469990
[PlayerController] Ignoring UpdateRemotePosition for local player 446469990
[PlayerController] Player 446469990 emitting PositionChanged signal at (428.26657, 344.27017)
[GameWorld] OnPlayerPositionChanged: Player 446469990 at (428.26657, 344.27017), IsServer=False
[GameWorld] Client sending position to server
[PlayerController] Player 446469990 emitting PositionChanged signal at (430.6236, 341.91315)
[GameWorld] OnPlayerPositionChanged: Player 446469990 at (430.6236, 341.91315), IsServer=False
[GameWorld] Client sending position to server
[GameWorld] SyncPlayerPosition RPC received on peer 446469990: Player 446469990 at (425.90955, 346.6272)
[GameWorld] Current player controllers: 3, Keys: [446469990, 1, 1125268556]
[GameWorld] Client updating remote player 446469990, isLocal=Player_446469990
[PlayerController] Ignoring UpdateRemotePosition for local player 446469990
[GameWorld] SyncPlayerPosition RPC received on peer 446469990: Player 446469990 at (428.26657, 344.27017)
[GameWorld] Current player controllers: 3, Keys: [446469990, 1, 1125268556]
[GameWorld] Client updating remote player 446469990, isLocal=Player_446469990
[PlayerController] Ignoring UpdateRemotePosition for local player 446469990
[PlayerController] Player 446469990 emitting PositionChanged signal at (432.98062, 339.55612)
[GameWorld] OnPlayerPositionChanged: Player 446469990 at (432.98062, 339.55612), IsServer=False
[GameWorld] Client sending position to server
[GameWorld] SyncPlayerPosition RPC received on peer 446469990: Player 446469990 at (430.6236, 341.91315)
[GameWorld] Current player controllers: 3, Keys: [446469990, 1, 1125268556]
[GameWorld] Client updating remote player 446469990, isLocal=Player_446469990
[PlayerController] Ignoring UpdateRemotePosition for local player 446469990
[PlayerController] Player 446469990 emitting PositionChanged signal at (435.33765, 337.1991)
[GameWorld] OnPlayerPositionChanged: Player 446469990 at (435.33765, 337.1991), IsServer=False
[GameWorld] Client sending position to server
[GameWorld] SyncPlayerPosition RPC received on peer 446469990: Player 446469990 at (432.98062, 339.55612)
[GameWorld] Current player controllers: 3, Keys: [446469990, 1, 1125268556]
[GameWorld] Client updating remote player 446469990, isLocal=Player_446469990
[PlayerController] Ignoring UpdateRemotePosition for local player 446469990
[PlayerController] Player 446469990 emitting PositionChanged signal at (437.69467, 334.84207)
[GameWorld] OnPlayerPositionChanged: Player 446469990 at (437.69467, 334.84207), IsServer=False
[GameWorld] Client sending position to server
[GameWorld] SyncPlayerPosition RPC received on peer 446469990: Player 446469990 at (435.33765, 337.1991)
[GameWorld] Current player controllers: 3, Keys: [446469990, 1, 1125268556]
[GameWorld] Client updating remote player 446469990, isLocal=Player_446469990
[PlayerController] Ignoring UpdateRemotePosition for local player 446469990
[PlayerController] Player 446469990 emitting PositionChanged signal at (440.0517, 332.48505)
[GameWorld] OnPlayerPositionChanged: Player 446469990 at (440.0517, 332.48505), IsServer=False
[GameWorld] Client sending position to server
[GameWorld] SyncPlayerPosition RPC received on peer 446469990: Player 446469990 at (437.69467, 334.84207)
[GameWorld] Current player controllers: 3, Keys: [446469990, 1, 1125268556]
[GameWorld] Client updating remote player 446469990, isLocal=Player_446469990
[PlayerController] Ignoring UpdateRemotePosition for local player 446469990
[PlayerController] Player 446469990 emitting PositionChanged signal at (442.40872, 330.12802)
[GameWorld] OnPlayerPositionChanged: Player 446469990 at (442.40872, 330.12802), IsServer=False
[GameWorld] Client sending position to server
[GameWorld] SyncPlayerPosition RPC received on peer 446469990: Player 446469990 at (440.0517, 332.48505)
[GameWorld] Current player controllers: 3, Keys: [446469990, 1, 1125268556]
[GameWorld] Client updating remote player 446469990, isLocal=Player_446469990
[PlayerController] Ignoring UpdateRemotePosition for local player 446469990
[PlayerController] Player 446469990 emitting PositionChanged signal at (444.76575, 327.771)
[GameWorld] OnPlayerPositionChanged: Player 446469990 at (444.76575, 327.771), IsServer=False
[GameWorld] Client sending position to server
[GameWorld] SyncPlayerPosition RPC received on peer 446469990: Player 446469990 at (442.40872, 330.12802)
[GameWorld] Current player controllers: 3, Keys: [446469990, 1, 1125268556]
[GameWorld] Client updating remote player 446469990, isLocal=Player_446469990
[PlayerController] Ignoring UpdateRemotePosition for local player 446469990
[PlayerController] Player 446469990 emitting PositionChanged signal at (447.12277, 325.41397)
[GameWorld] OnPlayerPositionChanged: Player 446469990 at (447.12277, 325.41397), IsServer=False
[GameWorld] Client sending position to server
[GameWorld] SyncPlayerPosition RPC received on peer 446469990: Player 446469990 at (444.76575, 327.771)
[GameWorld] Current player controllers: 3, Keys: [446469990, 1, 1125268556]
[GameWorld] Client updating remote player 446469990, isLocal=Player_446469990
[PlayerController] Ignoring UpdateRemotePosition for local player 446469990
[PlayerController] Player 446469990 emitting PositionChanged signal at (449.4798, 323.05695)
[GameWorld] OnPlayerPositionChanged: Player 446469990 at (449.4798, 323.05695), IsServer=False
[GameWorld] Client sending position to server
[GameWorld] SyncPlayerPosition RPC received on peer 446469990: Player 446469990 at (447.12277, 325.41397)
[GameWorld] Current player controllers: 3, Keys: [446469990, 1, 1125268556]
[GameWorld] Client updating remote player 446469990, isLocal=Player_446469990
[PlayerController] Ignoring UpdateRemotePosition for local player 446469990
[PlayerController] Player 446469990 emitting PositionChanged signal at (452.81314, 323.05695)
[GameWorld] OnPlayerPositionChanged: Player 446469990 at (452.81314, 323.05695), IsServer=False
[GameWorld] Client sending position to server
[GameWorld] SyncPlayerPosition RPC received on peer 446469990: Player 446469990 at (449.4798, 323.05695)
[GameWorld] Current player controllers: 3, Keys: [446469990, 1, 1125268556]
[GameWorld] Client updating remote player 446469990, isLocal=Player_446469990
[PlayerController] Ignoring UpdateRemotePosition for local player 446469990
[PlayerController] Player 446469990 emitting PositionChanged signal at (456.14648, 323.05695)
[GameWorld] OnPlayerPositionChanged: Player 446469990 at (456.14648, 323.05695), IsServer=False
[GameWorld] Client sending position to server
[GameWorld] SyncPlayerPosition RPC received on peer 446469990: Player 446469990 at (452.81314, 323.05695)
[GameWorld] Current player controllers: 3, Keys: [446469990, 1, 1125268556]
[GameWorld] Client updating remote player 446469990, isLocal=Player_446469990
[PlayerController] Ignoring UpdateRemotePosition for local player 446469990
[PlayerController] Player 446469990 emitting PositionChanged signal at (459.47983, 323.05695)
[GameWorld] OnPlayerPositionChanged: Player 446469990 at (459.47983, 323.05695), IsServer=False
[GameWorld] Client sending position to server
[GameWorld] SyncPlayerPosition RPC received on peer 446469990: Player 446469990 at (456.14648, 323.05695)
[GameWorld] Current player controllers: 3, Keys: [446469990, 1, 1125268556]
[GameWorld] Client updating remote player 446469990, isLocal=Player_446469990
[PlayerController] Ignoring UpdateRemotePosition for local player 446469990
[PlayerController] Player 446469990 emitting PositionChanged signal at (462.81317, 323.05695)
[GameWorld] OnPlayerPositionChanged: Player 446469990 at (462.81317, 323.05695), IsServer=False
[GameWorld] Client sending position to server
[GameWorld] SyncPlayerPosition RPC received on peer 446469990: Player 446469990 at (459.47983, 323.05695)
[GameWorld] Current player controllers: 3, Keys: [446469990, 1, 1125268556]
[GameWorld] Client updating remote player 446469990, isLocal=Player_446469990
[PlayerController] Ignoring UpdateRemotePosition for local player 446469990
[PlayerController] Player 446469990 emitting PositionChanged signal at (466.1465, 323.05695)
[GameWorld] OnPlayerPositionChanged: Player 446469990 at (466.1465, 323.05695), IsServer=False
[GameWorld] Client sending position to server
[GameWorld] SyncPlayerPosition RPC received on peer 446469990: Player 446469990 at (462.81317, 323.05695)
[GameWorld] Current player controllers: 3, Keys: [446469990, 1, 1125268556]
[GameWorld] Client updating remote player 446469990, isLocal=Player_446469990
[PlayerController] Ignoring UpdateRemotePosition for local player 446469990
[PlayerController] Player 446469990 emitting PositionChanged signal at (469.47986, 323.05695)
[GameWorld] OnPlayerPositionChanged: Player 446469990 at (469.47986, 323.05695), IsServer=False
[GameWorld] Client sending position to server
[GameWorld] SyncPlayerPosition RPC received on peer 446469990: Player 446469990 at (466.1465, 323.05695)
[GameWorld] Current player controllers: 3, Keys: [446469990, 1, 1125268556]
[GameWorld] Client updating remote player 446469990, isLocal=Player_446469990
[PlayerController] Ignoring UpdateRemotePosition for local player 446469990
[PlayerController] Player 446469990 emitting PositionChanged signal at (472.8132, 323.05695)
[GameWorld] OnPlayerPositionChanged: Player 446469990 at (472.8132, 323.05695), IsServer=False
[GameWorld] Client sending position to server
[GameWorld] SyncPlayerPosition RPC received on peer 446469990: Player 446469990 at (469.47986, 323.05695)
[GameWorld] Current player controllers: 3, Keys: [446469990, 1, 1125268556]
[GameWorld] Client updating remote player 446469990, isLocal=Player_446469990
[PlayerController] Ignoring UpdateRemotePosition for local player 446469990
[PlayerController] Player 446469990 emitting PositionChanged signal at (476.14655, 323.05695)
[GameWorld] OnPlayerPositionChanged: Player 446469990 at (476.14655, 323.05695), IsServer=False
[GameWorld] Client sending position to server
[GameWorld] SyncPlayerPosition RPC received on peer 446469990: Player 446469990 at (472.8132, 323.05695)
[GameWorld] Current player controllers: 3, Keys: [446469990, 1, 1125268556]
[GameWorld] Client updating remote player 446469990, isLocal=Player_446469990
[PlayerController] Ignoring UpdateRemotePosition for local player 446469990
[PlayerController] Player 446469990 emitting PositionChanged signal at (479.4799, 323.05695)
[GameWorld] OnPlayerPositionChanged: Player 446469990 at (479.4799, 323.05695), IsServer=False
[GameWorld] Client sending position to server
[GameWorld] SyncPlayerPosition RPC received on peer 446469990: Player 446469990 at (476.14655, 323.05695)
[GameWorld] Current player controllers: 3, Keys: [446469990, 1, 1125268556]
[GameWorld] Client updating remote player 446469990, isLocal=Player_446469990
[PlayerController] Ignoring UpdateRemotePosition for local player 446469990
[PlayerController] Player 446469990 emitting PositionChanged signal at (482.81323, 323.05695)
[GameWorld] OnPlayerPositionChanged: Player 446469990 at (482.81323, 323.05695), IsServer=False
[GameWorld] Client sending position to server
[GameWorld] SyncPlayerPosition RPC received on peer 446469990: Player 446469990 at (479.4799, 323.05695)
[GameWorld] Current player controllers: 3, Keys: [446469990, 1, 1125268556]
[GameWorld] Client updating remote player 446469990, isLocal=Player_446469990
[PlayerController] Ignoring UpdateRemotePosition for local player 446469990
[PlayerController] Player 446469990 emitting PositionChanged signal at (486.14658, 323.05695)
[GameWorld] OnPlayerPositionChanged: Player 446469990 at (486.14658, 323.05695), IsServer=False
[GameWorld] Client sending position to server
[GameWorld] SyncPlayerPosition RPC received on peer 446469990: Player 446469990 at (482.81323, 323.05695)
[GameWorld] Current player controllers: 3, Keys: [446469990, 1, 1125268556]
[GameWorld] Client updating remote player 446469990, isLocal=Player_446469990
[PlayerController] Ignoring UpdateRemotePosition for local player 446469990
[PlayerController] Player 446469990 emitting PositionChanged signal at (489.47992, 323.05695)
[GameWorld] OnPlayerPositionChanged: Player 446469990 at (489.47992, 323.05695), IsServer=False
[GameWorld] Client sending position to server
[GameWorld] SyncPlayerPosition RPC received on peer 446469990: Player 446469990 at (486.14658, 323.05695)
[GameWorld] Current player controllers: 3, Keys: [446469990, 1, 1125268556]
[GameWorld] Client updating remote player 446469990, isLocal=Player_446469990
[PlayerController] Ignoring UpdateRemotePosition for local player 446469990
[PlayerController] Player 446469990 emitting PositionChanged signal at (492.81326, 323.05695)
[GameWorld] OnPlayerPositionChanged: Player 446469990 at (492.81326, 323.05695), IsServer=False
[GameWorld] Client sending position to server
[GameWorld] SyncPlayerPosition RPC received on peer 446469990: Player 446469990 at (489.47992, 323.05695)
[GameWorld] Current player controllers: 3, Keys: [446469990, 1, 1125268556]
[GameWorld] Client updating remote player 446469990, isLocal=Player_446469990
[PlayerController] Ignoring UpdateRemotePosition for local player 446469990
[PlayerController] Player 446469990 emitting PositionChanged signal at (496.1466, 323.05695)
[GameWorld] OnPlayerPositionChanged: Player 446469990 at (496.1466, 323.05695), IsServer=False
[GameWorld] Client sending position to server
[GameWorld] SyncPlayerPosition RPC received on peer 446469990: Player 446469990 at (492.81326, 323.05695)
[GameWorld] Current player controllers: 3, Keys: [446469990, 1, 1125268556]
[GameWorld] Client updating remote player 446469990, isLocal=Player_446469990
[PlayerController] Ignoring UpdateRemotePosition for local player 446469990
[PlayerController] Player 446469990 emitting PositionChanged signal at (499.47995, 323.05695)
[GameWorld] OnPlayerPositionChanged: Player 446469990 at (499.47995, 323.05695), IsServer=False
[GameWorld] Client sending position to server
[GameWorld] SyncPlayerPosition RPC received on peer 446469990: Player 446469990 at (496.1466, 323.05695)
[GameWorld] Current player controllers: 3, Keys: [446469990, 1, 1125268556]
[GameWorld] Client updating remote player 446469990, isLocal=Player_446469990
[PlayerController] Ignoring UpdateRemotePosition for local player 446469990
[PlayerController] Player 446469990 emitting PositionChanged signal at (502.8133, 323.05695)
[GameWorld] OnPlayerPositionChanged: Player 446469990 at (502.8133, 323.05695), IsServer=False
[GameWorld] Client sending position to server
[GameWorld] SyncPlayerPosition RPC received on peer 446469990: Player 446469990 at (499.47995, 323.05695)
[GameWorld] Current player controllers: 3, Keys: [446469990, 1, 1125268556]
[GameWorld] Client updating remote player 446469990, isLocal=Player_446469990
[PlayerController] Ignoring UpdateRemotePosition for local player 446469990
[PlayerController] Player 446469990 emitting PositionChanged signal at (506.14664, 323.05695)
[GameWorld] OnPlayerPositionChanged: Player 446469990 at (506.14664, 323.05695), IsServer=False
[GameWorld] Client sending position to server
[GameWorld] SyncPlayerPosition RPC received on peer 446469990: Player 446469990 at (502.8133, 323.05695)
[GameWorld] Current player controllers: 3, Keys: [446469990, 1, 1125268556]
[GameWorld] Client updating remote player 446469990, isLocal=Player_446469990
[PlayerController] Ignoring UpdateRemotePosition for local player 446469990
[PlayerController] Player 446469990 emitting PositionChanged signal at (509.47998, 323.05695)
[GameWorld] OnPlayerPositionChanged: Player 446469990 at (509.47998, 323.05695), IsServer=False
[GameWorld] Client sending position to server
[GameWorld] SyncPlayerPosition RPC received on peer 446469990: Player 446469990 at (506.14664, 323.05695)
[GameWorld] Current player controllers: 3, Keys: [446469990, 1, 1125268556]
[GameWorld] Client updating remote player 446469990, isLocal=Player_446469990
[PlayerController] Ignoring UpdateRemotePosition for local player 446469990
[PlayerController] Player 446469990 emitting PositionChanged signal at (512.8133, 323.05695)
[GameWorld] OnPlayerPositionChanged: Player 446469990 at (512.8133, 323.05695), IsServer=False
[GameWorld] Client sending position to server
[GameWorld] SyncPlayerPosition RPC received on peer 446469990: Player 446469990 at (509.47998, 323.05695)
[GameWorld] Current player controllers: 3, Keys: [446469990, 1, 1125268556]
[GameWorld] Client updating remote player 446469990, isLocal=Player_446469990
[PlayerController] Ignoring UpdateRemotePosition for local player 446469990
[PlayerController] Player 446469990 emitting PositionChanged signal at (516.1466, 323.05695)
[GameWorld] OnPlayerPositionChanged: Player 446469990 at (516.1466, 323.05695), IsServer=False
[GameWorld] Client sending position to server
[GameWorld] SyncPlayerPosition RPC received on peer 446469990: Player 446469990 at (512.8133, 323.05695)
[GameWorld] Current player controllers: 3, Keys: [446469990, 1, 1125268556]
[GameWorld] Client updating remote player 446469990, isLocal=Player_446469990
[PlayerController] Ignoring UpdateRemotePosition for local player 446469990
[PlayerController] Player 446469990 emitting PositionChanged signal at (519.4799, 323.05695)
[GameWorld] OnPlayerPositionChanged: Player 446469990 at (519.4799, 323.05695), IsServer=False
[GameWorld] Client sending position to server
[GameWorld] SyncPlayerPosition RPC received on peer 446469990: Player 446469990 at (516.1466, 323.05695)
[GameWorld] Current player controllers: 3, Keys: [446469990, 1, 1125268556]
[GameWorld] Client updating remote player 446469990, isLocal=Player_446469990
[PlayerController] Ignoring UpdateRemotePosition for local player 446469990
[PlayerController] Player 446469990 emitting PositionChanged signal at (522.81323, 323.05695)
[GameWorld] OnPlayerPositionChanged: Player 446469990 at (522.81323, 323.05695), IsServer=False
[GameWorld] Client sending position to server
[GameWorld] SyncPlayerPosition RPC received on peer 446469990: Player 446469990 at (519.4799, 323.05695)
[GameWorld] Current player controllers: 3, Keys: [446469990, 1, 1125268556]
[GameWorld] Client updating remote player 446469990, isLocal=Player_446469990
[PlayerController] Ignoring UpdateRemotePosition for local player 446469990
[PlayerController] Player 446469990 emitting PositionChanged signal at (526.14655, 323.05695)
[GameWorld] OnPlayerPositionChanged: Player 446469990 at (526.14655, 323.05695), IsServer=False
[GameWorld] Client sending position to server
[GameWorld] SyncPlayerPosition RPC received on peer 446469990: Player 446469990 at (522.81323, 323.05695)
[GameWorld] Current player controllers: 3, Keys: [446469990, 1, 1125268556]
[GameWorld] Client updating remote player 446469990, isLocal=Player_446469990
[PlayerController] Ignoring UpdateRemotePosition for local player 446469990
[PlayerController] Player 446469990 emitting PositionChanged signal at (529.47986, 323.05695)
[GameWorld] OnPlayerPositionChanged: Player 446469990 at (529.47986, 323.05695), IsServer=False
[GameWorld] Client sending position to server
[GameWorld] SyncPlayerPosition RPC received on peer 446469990: Player 446469990 at (526.14655, 323.05695)
[GameWorld] Current player controllers: 3, Keys: [446469990, 1, 1125268556]
[GameWorld] Client updating remote player 446469990, isLocal=Player_446469990
[PlayerController] Ignoring UpdateRemotePosition for local player 446469990
[PlayerController] Player 446469990 emitting PositionChanged signal at (532.8132, 323.05695)
[GameWorld] OnPlayerPositionChanged: Player 446469990 at (532.8132, 323.05695), IsServer=False
[GameWorld] Client sending position to server
[GameWorld] SyncPlayerPosition RPC received on peer 446469990: Player 446469990 at (529.47986, 323.05695)
[GameWorld] Current player controllers: 3, Keys: [446469990, 1, 1125268556]
[GameWorld] Client updating remote player 446469990, isLocal=Player_446469990
[PlayerController] Ignoring UpdateRemotePosition for local player 446469990
[PlayerController] Player 446469990 emitting PositionChanged signal at (536.1465, 323.05695)
[GameWorld] OnPlayerPositionChanged: Player 446469990 at (536.1465, 323.05695), IsServer=False
[GameWorld] Client sending position to server
[GameWorld] SyncPlayerPosition RPC received on peer 446469990: Player 446469990 at (532.8132, 323.05695)
[GameWorld] Current player controllers: 3, Keys: [446469990, 1, 1125268556]
[GameWorld] Client updating remote player 446469990, isLocal=Player_446469990
[PlayerController] Ignoring UpdateRemotePosition for local player 446469990
[PlayerController] Player 446469990 emitting PositionChanged signal at (539.4798, 323.05695)
[GameWorld] OnPlayerPositionChanged: Player 446469990 at (539.4798, 323.05695), IsServer=False
[GameWorld] Client sending position to server
[GameWorld] SyncPlayerPosition RPC received on peer 446469990: Player 446469990 at (536.1465, 323.05695)
[GameWorld] Current player controllers: 3, Keys: [446469990, 1, 1125268556]
[GameWorld] Client updating remote player 446469990, isLocal=Player_446469990
[PlayerController] Ignoring UpdateRemotePosition for local player 446469990
[PlayerController] Player 446469990 emitting PositionChanged signal at (542.8131, 323.05695)
[GameWorld] OnPlayerPositionChanged: Player 446469990 at (542.8131, 323.05695), IsServer=False
[GameWorld] Client sending position to server
[GameWorld] SyncPlayerPosition RPC received on peer 446469990: Player 446469990 at (539.4798, 323.05695)
[GameWorld] Current player controllers: 3, Keys: [446469990, 1, 1125268556]
[GameWorld] Client updating remote player 446469990, isLocal=Player_446469990
[PlayerController] Ignoring UpdateRemotePosition for local player 446469990
[PlayerController] Player 446469990 emitting PositionChanged signal at (546.1464, 323.05695)
[GameWorld] OnPlayerPositionChanged: Player 446469990 at (546.1464, 323.05695), IsServer=False
[GameWorld] Client sending position to server
[GameWorld] SyncPlayerPosition RPC received on peer 446469990: Player 446469990 at (542.8131, 323.05695)
[GameWorld] Current player controllers: 3, Keys: [446469990, 1, 1125268556]
[GameWorld] Client updating remote player 446469990, isLocal=Player_446469990
[PlayerController] Ignoring UpdateRemotePosition for local player 446469990
Body entered John: Player_446469990
Local player entered John range. Auto-interacting.
GameWorld received OnNPCClicked for john. Current Role: 'Producer'
[PlayerController] Player 446469990 emitting PositionChanged signal at (549.47974, 323.05695)
[GameWorld] OnPlayerPositionChanged: Player 446469990 at (549.47974, 323.05695), IsServer=False
[GameWorld] Client sending position to server
[GameWorld] SyncPlayerPosition RPC received on peer 446469990: Player 446469990 at (546.1464, 323.05695)
[GameWorld] Current player controllers: 3, Keys: [446469990, 1, 1125268556]
[GameWorld] Client updating remote player 446469990, isLocal=Player_446469990
[PlayerController] Ignoring UpdateRemotePosition for local player 446469990
[PlayerController] Player 446469990 emitting PositionChanged signal at (552.81305, 323.05695)
[GameWorld] OnPlayerPositionChanged: Player 446469990 at (552.81305, 323.05695), IsServer=False
[GameWorld] Client sending position to server
[GameWorld] SyncPlayerPosition RPC received on peer 446469990: Player 446469990 at (549.47974, 323.05695)
[GameWorld] Current player controllers: 3, Keys: [446469990, 1, 1125268556]
[GameWorld] Client updating remote player 446469990, isLocal=Player_446469990
[PlayerController] Ignoring UpdateRemotePosition for local player 446469990
[PlayerController] Player 446469990 emitting PositionChanged signal at (556.14636, 323.05695)
[GameWorld] OnPlayerPositionChanged: Player 446469990 at (556.14636, 323.05695), IsServer=False
[GameWorld] Client sending position to server
[GameWorld] SyncPlayerPosition RPC received on peer 446469990: Player 446469990 at (552.81305, 323.05695)
[GameWorld] Current player controllers: 3, Keys: [446469990, 1, 1125268556]
[GameWorld] Client updating remote player 446469990, isLocal=Player_446469990
[PlayerController] Ignoring UpdateRemotePosition for local player 446469990
[PlayerController] Player 446469990 emitting PositionChanged signal at (559.4797, 323.05695)
[GameWorld] OnPlayerPositionChanged: Player 446469990 at (559.4797, 323.05695), IsServer=False
[GameWorld] Client sending position to server
[GameWorld] SyncPlayerPosition RPC received on peer 446469990: Player 446469990 at (556.14636, 323.05695)
[GameWorld] Current player controllers: 3, Keys: [446469990, 1, 1125268556]
[GameWorld] Client updating remote player 446469990, isLocal=Player_446469990
[PlayerController] Ignoring UpdateRemotePosition for local player 446469990
[PlayerController] Player 446469990 emitting PositionChanged signal at (562.813, 323.05695)
[GameWorld] OnPlayerPositionChanged: Player 446469990 at (562.813, 323.05695), IsServer=False
[GameWorld] Client sending position to server
[GameWorld] SyncPlayerPosition RPC received on peer 446469990: Player 446469990 at (559.4797, 323.05695)
[GameWorld] Current player controllers: 3, Keys: [446469990, 1, 1125268556]
[GameWorld] Client updating remote player 446469990, isLocal=Player_446469990
[PlayerController] Ignoring UpdateRemotePosition for local player 446469990
[PlayerController] Player 446469990 emitting PositionChanged signal at (566.1463, 323.05695)
[GameWorld] OnPlayerPositionChanged: Player 446469990 at (566.1463, 323.05695), IsServer=False
[GameWorld] Client sending position to server
[GameWorld] SyncPlayerPosition RPC received on peer 446469990: Player 446469990 at (562.813, 323.05695)
[GameWorld] Current player controllers: 3, Keys: [446469990, 1, 1125268556]
[GameWorld] Client updating remote player 446469990, isLocal=Player_446469990
[PlayerController] Ignoring UpdateRemotePosition for local player 446469990
[PlayerController] Player 446469990 emitting PositionChanged signal at (569.4796, 323.05695)
[GameWorld] OnPlayerPositionChanged: Player 446469990 at (569.4796, 323.05695), IsServer=False
[GameWorld] Client sending position to server
[GameWorld] SyncPlayerPosition RPC received on peer 446469990: Player 446469990 at (566.1463, 323.05695)
[GameWorld] Current player controllers: 3, Keys: [446469990, 1, 1125268556]
[GameWorld] Client updating remote player 446469990, isLocal=Player_446469990
[PlayerController] Ignoring UpdateRemotePosition for local player 446469990
[PlayerController] Player 446469990 emitting PositionChanged signal at (572.8129, 323.05695)
[GameWorld] OnPlayerPositionChanged: Player 446469990 at (572.8129, 323.05695), IsServer=False
[GameWorld] Client sending position to server
[GameWorld] SyncPlayerPosition RPC received on peer 446469990: Player 446469990 at (569.4796, 323.05695)
[GameWorld] Current player controllers: 3, Keys: [446469990, 1, 1125268556]
[GameWorld] Client updating remote player 446469990, isLocal=Player_446469990
[PlayerController] Ignoring UpdateRemotePosition for local player 446469990
[PlayerController] Player 446469990 emitting PositionChanged signal at (576.14624, 323.05695)
[GameWorld] OnPlayerPositionChanged: Player 446469990 at (576.14624, 323.05695), IsServer=False
[GameWorld] Client sending position to server
[GameWorld] SyncPlayerPosition RPC received on peer 446469990: Player 446469990 at (572.8129, 323.05695)
[GameWorld] Current player controllers: 3, Keys: [446469990, 1, 1125268556]
[GameWorld] Client updating remote player 446469990, isLocal=Player_446469990
[PlayerController] Ignoring UpdateRemotePosition for local player 446469990
[PlayerController] Player 446469990 emitting PositionChanged signal at (579.47955, 323.05695)
[GameWorld] OnPlayerPositionChanged: Player 446469990 at (579.47955, 323.05695), IsServer=False
[GameWorld] Client sending position to server
[GameWorld] SyncPlayerPosition RPC received on peer 446469990: Player 446469990 at (576.14624, 323.05695)
[GameWorld] Current player controllers: 3, Keys: [446469990, 1, 1125268556]
[GameWorld] Client updating remote player 446469990, isLocal=Player_446469990
[PlayerController] Ignoring UpdateRemotePosition for local player 446469990
[PlayerController] Player 446469990 emitting PositionChanged signal at (581.83655, 320.69992)
[GameWorld] OnPlayerPositionChanged: Player 446469990 at (581.83655, 320.69992), IsServer=False
[GameWorld] Client sending position to server
[GameWorld] SyncPlayerPosition RPC received on peer 446469990: Player 446469990 at (579.47955, 323.05695)
[GameWorld] Current player controllers: 3, Keys: [446469990, 1, 1125268556]
[GameWorld] Client updating remote player 446469990, isLocal=Player_446469990
[PlayerController] Ignoring UpdateRemotePosition for local player 446469990
[PlayerController] Player 446469990 emitting PositionChanged signal at (584.19354, 318.3429)
[GameWorld] OnPlayerPositionChanged: Player 446469990 at (584.19354, 318.3429), IsServer=False
[GameWorld] Client sending position to server
[GameWorld] SyncPlayerPosition RPC received on peer 446469990: Player 446469990 at (581.83655, 320.69992)
[GameWorld] Current player controllers: 3, Keys: [446469990, 1, 1125268556]
[GameWorld] Client updating remote player 446469990, isLocal=Player_446469990
[PlayerController] Ignoring UpdateRemotePosition for local player 446469990
[PlayerController] Player 446469990 emitting PositionChanged signal at (586.55054, 315.98587)
[GameWorld] OnPlayerPositionChanged: Player 446469990 at (586.55054, 315.98587), IsServer=False
[GameWorld] Client sending position to server
[PlayerController] Player 446469990 emitting PositionChanged signal at (588.90753, 313.62885)
[GameWorld] OnPlayerPositionChanged: Player 446469990 at (588.90753, 313.62885), IsServer=False
[GameWorld] Client sending position to server
[GameWorld] SyncPlayerPosition RPC received on peer 446469990: Player 446469990 at (584.19354, 318.3429)
[GameWorld] Current player controllers: 3, Keys: [446469990, 1, 1125268556]
[GameWorld] Client updating remote player 446469990, isLocal=Player_446469990
[PlayerController] Ignoring UpdateRemotePosition for local player 446469990
[GameWorld] SyncPlayerPosition RPC received on peer 446469990: Player 446469990 at (586.55054, 315.98587)
[GameWorld] Current player controllers: 3, Keys: [446469990, 1, 1125268556]
[GameWorld] Client updating remote player 446469990, isLocal=Player_446469990
[PlayerController] Ignoring UpdateRemotePosition for local player 446469990
[PlayerController] Player 446469990 emitting PositionChanged signal at (591.2645, 311.27182)
[GameWorld] OnPlayerPositionChanged: Player 446469990 at (591.2645, 311.27182), IsServer=False
[GameWorld] Client sending position to server
[GameWorld] SyncPlayerPosition RPC received on peer 446469990: Player 446469990 at (588.90753, 313.62885)
[GameWorld] Current player controllers: 3, Keys: [446469990, 1, 1125268556]
[GameWorld] Client updating remote player 446469990, isLocal=Player_446469990
[PlayerController] Ignoring UpdateRemotePosition for local player 446469990
[PlayerController] Player 446469990 emitting PositionChanged signal at (593.6215, 308.9148)
[GameWorld] OnPlayerPositionChanged: Player 446469990 at (593.6215, 308.9148), IsServer=False
[GameWorld] Client sending position to server
[GameWorld] SyncPlayerPosition RPC received on peer 446469990: Player 446469990 at (591.2645, 311.27182)
[GameWorld] Current player controllers: 3, Keys: [446469990, 1, 1125268556]
[GameWorld] Client updating remote player 446469990, isLocal=Player_446469990
[PlayerController] Ignoring UpdateRemotePosition for local player 446469990
[PlayerController] Player 446469990 emitting PositionChanged signal at (595.9785, 306.55777)
[GameWorld] OnPlayerPositionChanged: Player 446469990 at (595.9785, 306.55777), IsServer=False
[GameWorld] Client sending position to server
[GameWorld] SyncPlayerPosition RPC received on peer 446469990: Player 446469990 at (593.6215, 308.9148)
[GameWorld] Current player controllers: 3, Keys: [446469990, 1, 1125268556]
[GameWorld] Client updating remote player 446469990, isLocal=Player_446469990
[PlayerController] Ignoring UpdateRemotePosition for local player 446469990
[PlayerController] Player 446469990 emitting PositionChanged signal at (598.3355, 304.20074)
[GameWorld] OnPlayerPositionChanged: Player 446469990 at (598.3355, 304.20074), IsServer=False
[GameWorld] Client sending position to server
[GameWorld] SyncPlayerPosition RPC received on peer 446469990: Player 446469990 at (595.9785, 306.55777)
[GameWorld] Current player controllers: 3, Keys: [446469990, 1, 1125268556]
[GameWorld] Client updating remote player 446469990, isLocal=Player_446469990
[PlayerController] Ignoring UpdateRemotePosition for local player 446469990
[PlayerController] Player 446469990 emitting PositionChanged signal at (600.6925, 301.84372)
[GameWorld] OnPlayerPositionChanged: Player 446469990 at (600.6925, 301.84372), IsServer=False
[GameWorld] Client sending position to server
[GameWorld] SyncPlayerPosition RPC received on peer 446469990: Player 446469990 at (598.3355, 304.20074)
[GameWorld] Current player controllers: 3, Keys: [446469990, 1, 1125268556]
[GameWorld] Client updating remote player 446469990, isLocal=Player_446469990
[PlayerController] Ignoring UpdateRemotePosition for local player 446469990
[PlayerController] Player 446469990 emitting PositionChanged signal at (603.0495, 299.4867)
[GameWorld] OnPlayerPositionChanged: Player 446469990 at (603.0495, 299.4867), IsServer=False
[GameWorld] Client sending position to server
[GameWorld] SyncPlayerPosition RPC received on peer 446469990: Player 446469990 at (600.6925, 301.84372)
[GameWorld] Current player controllers: 3, Keys: [446469990, 1, 1125268556]
[GameWorld] Client updating remote player 446469990, isLocal=Player_446469990
[PlayerController] Ignoring UpdateRemotePosition for local player 446469990
[PlayerController] Player 446469990 emitting PositionChanged signal at (605.4065, 297.12967)
[GameWorld] OnPlayerPositionChanged: Player 446469990 at (605.4065, 297.12967), IsServer=False
[GameWorld] Client sending position to server
[GameWorld] SyncPlayerPosition RPC received on peer 446469990: Player 446469990 at (603.0495, 299.4867)
[GameWorld] Current player controllers: 3, Keys: [446469990, 1, 1125268556]
[GameWorld] Client updating remote player 446469990, isLocal=Player_446469990
[PlayerController] Ignoring UpdateRemotePosition for local player 446469990
[PlayerController] Player 446469990 emitting PositionChanged signal at (607.7635, 294.77264)
[GameWorld] OnPlayerPositionChanged: Player 446469990 at (607.7635, 294.77264), IsServer=False
[GameWorld] Client sending position to server
[GameWorld] SyncPlayerPosition RPC received on peer 446469990: Player 446469990 at (605.4065, 297.12967)
[GameWorld] Current player controllers: 3, Keys: [446469990, 1, 1125268556]
[GameWorld] Client updating remote player 446469990, isLocal=Player_446469990
[PlayerController] Ignoring UpdateRemotePosition for local player 446469990
[PlayerController] Player 446469990 emitting PositionChanged signal at (610.1205, 292.41562)
[GameWorld] OnPlayerPositionChanged: Player 446469990 at (610.1205, 292.41562), IsServer=False
[GameWorld] Client sending position to server
[GameWorld] SyncPlayerPosition RPC received on peer 446469990: Player 446469990 at (607.7635, 294.77264)
[GameWorld] Current player controllers: 3, Keys: [446469990, 1, 1125268556]
[GameWorld] Client updating remote player 446469990, isLocal=Player_446469990
[PlayerController] Ignoring UpdateRemotePosition for local player 446469990
[PlayerController] Player 446469990 emitting PositionChanged signal at (612.4775, 290.0586)
[GameWorld] OnPlayerPositionChanged: Player 446469990 at (612.4775, 290.0586), IsServer=False
[GameWorld] Client sending position to server
[GameWorld] SyncPlayerPosition RPC received on peer 446469990: Player 446469990 at (610.1205, 292.41562)
[GameWorld] Current player controllers: 3, Keys: [446469990, 1, 1125268556]
[GameWorld] Client updating remote player 446469990, isLocal=Player_446469990
[PlayerController] Ignoring UpdateRemotePosition for local player 446469990
[PlayerController] Player 446469990 emitting PositionChanged signal at (614.8345, 287.70157)
[GameWorld] OnPlayerPositionChanged: Player 446469990 at (614.8345, 287.70157), IsServer=False
[GameWorld] Client sending position to server
[GameWorld] SyncPlayerPosition RPC received on peer 446469990: Player 446469990 at (612.4775, 290.0586)
[GameWorld] Current player controllers: 3, Keys: [446469990, 1, 1125268556]
[GameWorld] Client updating remote player 446469990, isLocal=Player_446469990
[PlayerController] Ignoring UpdateRemotePosition for local player 446469990
[PlayerController] Player 446469990 emitting PositionChanged signal at (617.19147, 285.34454)
[GameWorld] OnPlayerPositionChanged: Player 446469990 at (617.19147, 285.34454), IsServer=False
[GameWorld] Client sending position to server
[GameWorld] SyncPlayerPosition RPC received on peer 446469990: Player 446469990 at (614.8345, 287.70157)
[GameWorld] Current player controllers: 3, Keys: [446469990, 1, 1125268556]
[GameWorld] Client updating remote player 446469990, isLocal=Player_446469990
[PlayerController] Ignoring UpdateRemotePosition for local player 446469990
[PlayerController] Player 446469990 emitting PositionChanged signal at (619.54846, 282.98752)
[GameWorld] OnPlayerPositionChanged: Player 446469990 at (619.54846, 282.98752), IsServer=False
[GameWorld] Client sending position to server
[GameWorld] SyncPlayerPosition RPC received on peer 446469990: Player 446469990 at (617.19147, 285.34454)
[GameWorld] Current player controllers: 3, Keys: [446469990, 1, 1125268556]
[GameWorld] Client updating remote player 446469990, isLocal=Player_446469990
[PlayerController] Ignoring UpdateRemotePosition for local player 446469990
[PlayerController] Player 446469990 emitting PositionChanged signal at (621.90546, 280.6305)
[GameWorld] OnPlayerPositionChanged: Player 446469990 at (621.90546, 280.6305), IsServer=False
[GameWorld] Client sending position to server
[GameWorld] SyncPlayerPosition RPC received on peer 446469990: Player 446469990 at (619.54846, 282.98752)
[GameWorld] Current player controllers: 3, Keys: [446469990, 1, 1125268556]
[GameWorld] Client updating remote player 446469990, isLocal=Player_446469990
[PlayerController] Ignoring UpdateRemotePosition for local player 446469990
[PlayerController] Player 446469990 emitting PositionChanged signal at (624.26245, 278.27347)
[GameWorld] OnPlayerPositionChanged: Player 446469990 at (624.26245, 278.27347), IsServer=False
[GameWorld] Client sending position to server
[GameWorld] SyncPlayerPosition RPC received on peer 446469990: Player 446469990 at (621.90546, 280.6305)
[GameWorld] Current player controllers: 3, Keys: [446469990, 1, 1125268556]
[GameWorld] Client updating remote player 446469990, isLocal=Player_446469990
[PlayerController] Ignoring UpdateRemotePosition for local player 446469990
[PlayerController] Player 446469990 emitting PositionChanged signal at (626.61945, 275.91644)
[GameWorld] OnPlayerPositionChanged: Player 446469990 at (626.61945, 275.91644), IsServer=False
[GameWorld] Client sending position to server
[GameWorld] SyncPlayerPosition RPC received on peer 446469990: Player 446469990 at (624.26245, 278.27347)
[GameWorld] Current player controllers: 3, Keys: [446469990, 1, 1125268556]
[GameWorld] Client updating remote player 446469990, isLocal=Player_446469990
[PlayerController] Ignoring UpdateRemotePosition for local player 446469990
[PlayerController] Player 446469990 emitting PositionChanged signal at (629.95276, 275.91644)
[GameWorld] OnPlayerPositionChanged: Player 446469990 at (629.95276, 275.91644), IsServer=False
[GameWorld] Client sending position to server
[GameWorld] SyncPlayerPosition RPC received on peer 446469990: Player 446469990 at (626.61945, 275.91644)
[GameWorld] Current player controllers: 3, Keys: [446469990, 1, 1125268556]
[GameWorld] Client updating remote player 446469990, isLocal=Player_446469990
[PlayerController] Ignoring UpdateRemotePosition for local player 446469990
[PlayerController] Player 446469990 emitting PositionChanged signal at (633.2861, 275.91644)
[GameWorld] OnPlayerPositionChanged: Player 446469990 at (633.2861, 275.91644), IsServer=False
[GameWorld] Client sending position to server
[GameWorld] SyncPlayerPosition RPC received on peer 446469990: Player 446469990 at (629.95276, 275.91644)
[GameWorld] Current player controllers: 3, Keys: [446469990, 1, 1125268556]
[GameWorld] Client updating remote player 446469990, isLocal=Player_446469990
[PlayerController] Ignoring UpdateRemotePosition for local player 446469990
[PlayerController] Player 446469990 emitting PositionChanged signal at (636.6194, 275.91644)
[GameWorld] OnPlayerPositionChanged: Player 446469990 at (636.6194, 275.91644), IsServer=False
[GameWorld] Client sending position to server
[GameWorld] SyncPlayerPosition RPC received on peer 446469990: Player 446469990 at (633.2861, 275.91644)
[GameWorld] Current player controllers: 3, Keys: [446469990, 1, 1125268556]
[GameWorld] Client updating remote player 446469990, isLocal=Player_446469990
[PlayerController] Ignoring UpdateRemotePosition for local player 446469990
[PlayerController] Player 446469990 emitting PositionChanged signal at (639.9527, 275.91644)
[GameWorld] OnPlayerPositionChanged: Player 446469990 at (639.9527, 275.91644), IsServer=False
[GameWorld] Client sending position to server
[GameWorld] SyncPlayerPosition RPC received on peer 446469990: Player 446469990 at (636.6194, 275.91644)
[GameWorld] Current player controllers: 3, Keys: [446469990, 1, 1125268556]
[GameWorld] Client updating remote player 446469990, isLocal=Player_446469990
[PlayerController] Ignoring UpdateRemotePosition for local player 446469990
[PlayerController] Player 446469990 emitting PositionChanged signal at (643.286, 275.91644)
[GameWorld] OnPlayerPositionChanged: Player 446469990 at (643.286, 275.91644), IsServer=False
[GameWorld] Client sending position to server
[GameWorld] SyncPlayerPosition RPC received on peer 446469990: Player 446469990 at (639.9527, 275.91644)
[GameWorld] Current player controllers: 3, Keys: [446469990, 1, 1125268556]
[GameWorld] Client updating remote player 446469990, isLocal=Player_446469990
[PlayerController] Ignoring UpdateRemotePosition for local player 446469990
[PlayerController] Player 446469990 emitting PositionChanged signal at (646.6193, 275.91644)
[GameWorld] OnPlayerPositionChanged: Player 446469990 at (646.6193, 275.91644), IsServer=False
[GameWorld] Client sending position to server
[GameWorld] SyncPlayerPosition RPC received on peer 446469990: Player 446469990 at (643.286, 275.91644)
[GameWorld] Current player controllers: 3, Keys: [446469990, 1, 1125268556]
[GameWorld] Client updating remote player 446469990, isLocal=Player_446469990
[PlayerController] Ignoring UpdateRemotePosition for local player 446469990
[PlayerController] Player 446469990 emitting PositionChanged signal at (649.95264, 275.91644)
[GameWorld] OnPlayerPositionChanged: Player 446469990 at (649.95264, 275.91644), IsServer=False
[GameWorld] Client sending position to server
[GameWorld] SyncPlayerPosition RPC received on peer 446469990: Player 446469990 at (646.6193, 275.91644)
[GameWorld] Current player controllers: 3, Keys: [446469990, 1, 1125268556]
[GameWorld] Client updating remote player 446469990, isLocal=Player_446469990
[PlayerController] Ignoring UpdateRemotePosition for local player 446469990
[PlayerController] Player 446469990 emitting PositionChanged signal at (653.28595, 275.91644)
[GameWorld] OnPlayerPositionChanged: Player 446469990 at (653.28595, 275.91644), IsServer=False
[GameWorld] Client sending position to server
[GameWorld] SyncPlayerPosition RPC received on peer 446469990: Player 446469990 at (649.95264, 275.91644)
[GameWorld] Current player controllers: 3, Keys: [446469990, 1, 1125268556]
[GameWorld] Client updating remote player 446469990, isLocal=Player_446469990
[PlayerController] Ignoring UpdateRemotePosition for local player 446469990
[PlayerController] Player 446469990 emitting PositionChanged signal at (656.61926, 275.91644)
[GameWorld] OnPlayerPositionChanged: Player 446469990 at (656.61926, 275.91644), IsServer=False
[GameWorld] Client sending position to server
[GameWorld] SyncPlayerPosition RPC received on peer 446469990: Player 446469990 at (653.28595, 275.91644)
[GameWorld] Current player controllers: 3, Keys: [446469990, 1, 1125268556]
[GameWorld] Client updating remote player 446469990, isLocal=Player_446469990
[PlayerController] Ignoring UpdateRemotePosition for local player 446469990
[PlayerController] Player 446469990 emitting PositionChanged signal at (659.9526, 275.91644)
[GameWorld] OnPlayerPositionChanged: Player 446469990 at (659.9526, 275.91644), IsServer=False
[GameWorld] Client sending position to server
[GameWorld] SyncPlayerPosition RPC received on peer 446469990: Player 446469990 at (656.61926, 275.91644)
[GameWorld] Current player controllers: 3, Keys: [446469990, 1, 1125268556]
[GameWorld] Client updating remote player 446469990, isLocal=Player_446469990
[PlayerController] Ignoring UpdateRemotePosition for local player 446469990
[PlayerController] Player 446469990 emitting PositionChanged signal at (663.2859, 275.91644)
[GameWorld] OnPlayerPositionChanged: Player 446469990 at (663.2859, 275.91644), IsServer=False
[GameWorld] Client sending position to server
[GameWorld] SyncPlayerPosition RPC received on peer 446469990: Player 446469990 at (659.9526, 275.91644)
[GameWorld] Current player controllers: 3, Keys: [446469990, 1, 1125268556]
[GameWorld] Client updating remote player 446469990, isLocal=Player_446469990
[PlayerController] Ignoring UpdateRemotePosition for local player 446469990
[PlayerController] Player 446469990 emitting PositionChanged signal at (666.6192, 275.91644)
[GameWorld] OnPlayerPositionChanged: Player 446469990 at (666.6192, 275.91644), IsServer=False
[GameWorld] Client sending position to server
[GameWorld] SyncPlayerPosition RPC received on peer 446469990: Player 446469990 at (663.2859, 275.91644)
[GameWorld] Current player controllers: 3, Keys: [446469990, 1, 1125268556]
[GameWorld] Client updating remote player 446469990, isLocal=Player_446469990
[PlayerController] Ignoring UpdateRemotePosition for local player 446469990
[PlayerController] Player 446469990 emitting PositionChanged signal at (669.9525, 275.91644)
[GameWorld] OnPlayerPositionChanged: Player 446469990 at (669.9525, 275.91644), IsServer=False
[GameWorld] Client sending position to server
[GameWorld] SyncPlayerPosition RPC received on peer 446469990: Player 446469990 at (666.6192, 275.91644)
[GameWorld] Current player controllers: 3, Keys: [446469990, 1, 1125268556]
[GameWorld] Client updating remote player 446469990, isLocal=Player_446469990
[PlayerController] Ignoring UpdateRemotePosition for local player 446469990
[PlayerController] Player 446469990 emitting PositionChanged signal at (673.2858, 275.91644)
[GameWorld] OnPlayerPositionChanged: Player 446469990 at (673.2858, 275.91644), IsServer=False
[GameWorld] Client sending position to server
[GameWorld] SyncPlayerPosition RPC received on peer 446469990: Player 446469990 at (669.9525, 275.91644)
[GameWorld] Current player controllers: 3, Keys: [446469990, 1, 1125268556]
[GameWorld] Client updating remote player 446469990, isLocal=Player_446469990
[PlayerController] Ignoring UpdateRemotePosition for local player 446469990
[PlayerController] Player 446469990 emitting PositionChanged signal at (676.61914, 275.91644)
[GameWorld] OnPlayerPositionChanged: Player 446469990 at (676.61914, 275.91644), IsServer=False
[GameWorld] Client sending position to server
[GameWorld] SyncPlayerPosition RPC received on peer 446469990: Player 446469990 at (673.2858, 275.91644)
[GameWorld] Current player controllers: 3, Keys: [446469990, 1, 1125268556]
[GameWorld] Client updating remote player 446469990, isLocal=Player_446469990
[PlayerController] Ignoring UpdateRemotePosition for local player 446469990
[PlayerController] Player 446469990 emitting PositionChanged signal at (679.95245, 275.91644)
[GameWorld] OnPlayerPositionChanged: Player 446469990 at (679.95245, 275.91644), IsServer=False
[GameWorld] Client sending position to server
[GameWorld] SyncPlayerPosition RPC received on peer 446469990: Player 446469990 at (676.61914, 275.91644)
[GameWorld] Current player controllers: 3, Keys: [446469990, 1, 1125268556]
[GameWorld] Client updating remote player 446469990, isLocal=Player_446469990
[PlayerController] Ignoring UpdateRemotePosition for local player 446469990
[PlayerController] Player 446469990 emitting PositionChanged signal at (683.28577, 275.91644)
[GameWorld] OnPlayerPositionChanged: Player 446469990 at (683.28577, 275.91644), IsServer=False
[GameWorld] Client sending position to server
[GameWorld] SyncPlayerPosition RPC received on peer 446469990: Player 446469990 at (679.95245, 275.91644)
[GameWorld] Current player controllers: 3, Keys: [446469990, 1, 1125268556]
[GameWorld] Client updating remote player 446469990, isLocal=Player_446469990
[PlayerController] Ignoring UpdateRemotePosition for local player 446469990
[PlayerController] Player 446469990 emitting PositionChanged signal at (686.6191, 275.91644)
[GameWorld] OnPlayerPositionChanged: Player 446469990 at (686.6191, 275.91644), IsServer=False
[GameWorld] Client sending position to server
[GameWorld] SyncPlayerPosition RPC received on peer 446469990: Player 446469990 at (683.28577, 275.91644)
[GameWorld] Current player controllers: 3, Keys: [446469990, 1, 1125268556]
[GameWorld] Client updating remote player 446469990, isLocal=Player_446469990
[PlayerController] Ignoring UpdateRemotePosition for local player 446469990
[PlayerController] Player 446469990 emitting PositionChanged signal at (689.9524, 275.91644)
[GameWorld] OnPlayerPositionChanged: Player 446469990 at (689.9524, 275.91644), IsServer=False
[GameWorld] Client sending position to server
[GameWorld] SyncPlayerPosition RPC received on peer 446469990: Player 446469990 at (686.6191, 275.91644)
[GameWorld] Current player controllers: 3, Keys: [446469990, 1, 1125268556]
[GameWorld] Client updating remote player 446469990, isLocal=Player_446469990
[PlayerController] Ignoring UpdateRemotePosition for local player 446469990
[PlayerController] Player 446469990 emitting PositionChanged signal at (693.2857, 275.91644)
[GameWorld] OnPlayerPositionChanged: Player 446469990 at (693.2857, 275.91644), IsServer=False
[GameWorld] Client sending position to server
[GameWorld] SyncPlayerPosition RPC received on peer 446469990: Player 446469990 at (689.9524, 275.91644)
[GameWorld] Current player controllers: 3, Keys: [446469990, 1, 1125268556]
[GameWorld] Client updating remote player 446469990, isLocal=Player_446469990
[PlayerController] Ignoring UpdateRemotePosition for local player 446469990
[PlayerController] Player 446469990 emitting PositionChanged signal at (696.619, 275.91644)
[GameWorld] OnPlayerPositionChanged: Player 446469990 at (696.619, 275.91644), IsServer=False
[GameWorld] Client sending position to server
[GameWorld] SyncPlayerPosition RPC received on peer 446469990: Player 446469990 at (693.2857, 275.91644)
[GameWorld] Current player controllers: 3, Keys: [446469990, 1, 1125268556]
[GameWorld] Client updating remote player 446469990, isLocal=Player_446469990
[PlayerController] Ignoring UpdateRemotePosition for local player 446469990
[PlayerController] Player 446469990 emitting PositionChanged signal at (699.95233, 275.91644)
[GameWorld] OnPlayerPositionChanged: Player 446469990 at (699.95233, 275.91644), IsServer=False
[GameWorld] Client sending position to server
[GameWorld] SyncPlayerPosition RPC received on peer 446469990: Player 446469990 at (696.619, 275.91644)
[GameWorld] Current player controllers: 3, Keys: [446469990, 1, 1125268556]
[GameWorld] Client updating remote player 446469990, isLocal=Player_446469990
[PlayerController] Ignoring UpdateRemotePosition for local player 446469990
[PlayerController] Player 446469990 emitting PositionChanged signal at (703.28564, 275.91644)
[GameWorld] OnPlayerPositionChanged: Player 446469990 at (703.28564, 275.91644), IsServer=False
[GameWorld] Client sending position to server
[GameWorld] SyncPlayerPosition RPC received on peer 446469990: Player 446469990 at (699.95233, 275.91644)
[GameWorld] Current player controllers: 3, Keys: [446469990, 1, 1125268556]
[GameWorld] Client updating remote player 446469990, isLocal=Player_446469990
[PlayerController] Ignoring UpdateRemotePosition for local player 446469990
[PlayerController] Player 446469990 emitting PositionChanged signal at (706.61896, 275.91644)
[GameWorld] OnPlayerPositionChanged: Player 446469990 at (706.61896, 275.91644), IsServer=False
[GameWorld] Client sending position to server
[GameWorld] SyncPlayerPosition RPC received on peer 446469990: Player 446469990 at (703.28564, 275.91644)
[GameWorld] Current player controllers: 3, Keys: [446469990, 1, 1125268556]
[GameWorld] Client updating remote player 446469990, isLocal=Player_446469990
[PlayerController] Ignoring UpdateRemotePosition for local player 446469990
[PlayerController] Player 446469990 emitting PositionChanged signal at (709.9523, 275.91644)
[GameWorld] OnPlayerPositionChanged: Player 446469990 at (709.9523, 275.91644), IsServer=False
[GameWorld] Client sending position to server
[GameWorld] SyncPlayerPosition RPC received on peer 446469990: Player 446469990 at (706.61896, 275.91644)
[GameWorld] Current player controllers: 3, Keys: [446469990, 1, 1125268556]
[GameWorld] Client updating remote player 446469990, isLocal=Player_446469990
[PlayerController] Ignoring UpdateRemotePosition for local player 446469990
[PlayerController] Player 446469990 emitting PositionChanged signal at (713.2856, 275.91644)
[GameWorld] OnPlayerPositionChanged: Player 446469990 at (713.2856, 275.91644), IsServer=False
[GameWorld] Client sending position to server
[GameWorld] SyncPlayerPosition RPC received on peer 446469990: Player 446469990 at (709.9523, 275.91644)
[GameWorld] Current player controllers: 3, Keys: [446469990, 1, 1125268556]
[GameWorld] Client updating remote player 446469990, isLocal=Player_446469990
[PlayerController] Ignoring UpdateRemotePosition for local player 446469990
[PlayerController] Player 446469990 emitting PositionChanged signal at (715.6426, 273.55942)
[GameWorld] OnPlayerPositionChanged: Player 446469990 at (715.6426, 273.55942), IsServer=False
[GameWorld] Client sending position to server
[GameWorld] SyncPlayerPosition RPC received on peer 446469990: Player 446469990 at (713.2856, 275.91644)
[GameWorld] Current player controllers: 3, Keys: [446469990, 1, 1125268556]
[GameWorld] Client updating remote player 446469990, isLocal=Player_446469990
[PlayerController] Ignoring UpdateRemotePosition for local player 446469990
Body exited John: Player_446469990
[PlayerController] Player 446469990 emitting PositionChanged signal at (717.9996, 271.2024)
[GameWorld] OnPlayerPositionChanged: Player 446469990 at (717.9996, 271.2024), IsServer=False
[GameWorld] Client sending position to server
[GameWorld] SyncPlayerPosition RPC received on peer 446469990: Player 446469990 at (715.6426, 273.55942)
[GameWorld] Current player controllers: 3, Keys: [446469990, 1, 1125268556]
[GameWorld] Client updating remote player 446469990, isLocal=Player_446469990
[PlayerController] Ignoring UpdateRemotePosition for local player 446469990
[PlayerController] Player 446469990 emitting PositionChanged signal at (720.35657, 268.84537)
[GameWorld] OnPlayerPositionChanged: Player 446469990 at (720.35657, 268.84537), IsServer=False
[GameWorld] Client sending position to server
[GameWorld] SyncPlayerPosition RPC received on peer 446469990: Player 446469990 at (717.9996, 271.2024)
[GameWorld] Current player controllers: 3, Keys: [446469990, 1, 1125268556]
[GameWorld] Client updating remote player 446469990, isLocal=Player_446469990
[PlayerController] Ignoring UpdateRemotePosition for local player 446469990
[PlayerController] Player 446469990 emitting PositionChanged signal at (722.71356, 266.48834)
[GameWorld] OnPlayerPositionChanged: Player 446469990 at (722.71356, 266.48834), IsServer=False
[GameWorld] Client sending position to server
[GameWorld] SyncPlayerPosition RPC received on peer 446469990: Player 446469990 at (720.35657, 268.84537)
[GameWorld] Current player controllers: 3, Keys: [446469990, 1, 1125268556]
[GameWorld] Client updating remote player 446469990, isLocal=Player_446469990
[PlayerController] Ignoring UpdateRemotePosition for local player 446469990
[PlayerController] Player 446469990 emitting PositionChanged signal at (725.07056, 264.13132)
[GameWorld] OnPlayerPositionChanged: Player 446469990 at (725.07056, 264.13132), IsServer=False
[GameWorld] Client sending position to server
[GameWorld] SyncPlayerPosition RPC received on peer 446469990: Player 446469990 at (722.71356, 266.48834)
[GameWorld] Current player controllers: 3, Keys: [446469990, 1, 1125268556]
[GameWorld] Client updating remote player 446469990, isLocal=Player_446469990
[PlayerController] Ignoring UpdateRemotePosition for local player 446469990
[PlayerController] Player 446469990 emitting PositionChanged signal at (727.42755, 261.7743)
[GameWorld] OnPlayerPositionChanged: Player 446469990 at (727.42755, 261.7743), IsServer=False
[GameWorld] Client sending position to server
[GameWorld] SyncPlayerPosition RPC received on peer 446469990: Player 446469990 at (725.07056, 264.13132)
[GameWorld] Current player controllers: 3, Keys: [446469990, 1, 1125268556]
[GameWorld] Client updating remote player 446469990, isLocal=Player_446469990
[PlayerController] Ignoring UpdateRemotePosition for local player 446469990
[PlayerController] Player 446469990 emitting PositionChanged signal at (727.42755, 258.44095)
[GameWorld] OnPlayerPositionChanged: Player 446469990 at (727.42755, 258.44095), IsServer=False
[GameWorld] Client sending position to server
[GameWorld] SyncPlayerPosition RPC received on peer 446469990: Player 446469990 at (727.42755, 261.7743)
[GameWorld] Current player controllers: 3, Keys: [446469990, 1, 1125268556]
[GameWorld] Client updating remote player 446469990, isLocal=Player_446469990
[PlayerController] Ignoring UpdateRemotePosition for local player 446469990
[PlayerController] Player 446469990 emitting PositionChanged signal at (727.42755, 255.10762)
[GameWorld] OnPlayerPositionChanged: Player 446469990 at (727.42755, 255.10762), IsServer=False
[GameWorld] Client sending position to server
[GameWorld] SyncPlayerPosition RPC received on peer 446469990: Player 446469990 at (727.42755, 258.44095)
[GameWorld] Current player controllers: 3, Keys: [446469990, 1, 1125268556]
[GameWorld] Client updating remote player 446469990, isLocal=Player_446469990
[PlayerController] Ignoring UpdateRemotePosition for local player 446469990
[PlayerController] Player 446469990 emitting PositionChanged signal at (727.42755, 251.77429)
[GameWorld] OnPlayerPositionChanged: Player 446469990 at (727.42755, 251.77429), IsServer=False
[GameWorld] Client sending position to server
[GameWorld] SyncPlayerPosition RPC received on peer 446469990: Player 446469990 at (727.42755, 255.10762)
[GameWorld] Current player controllers: 3, Keys: [446469990, 1, 1125268556]
[GameWorld] Client updating remote player 446469990, isLocal=Player_446469990
[PlayerController] Ignoring UpdateRemotePosition for local player 446469990
[PlayerController] Player 446469990 emitting PositionChanged signal at (727.42755, 248.44096)
[GameWorld] OnPlayerPositionChanged: Player 446469990 at (727.42755, 248.44096), IsServer=False
[GameWorld] Client sending position to server
[GameWorld] SyncPlayerPosition RPC received on peer 446469990: Player 446469990 at (727.42755, 251.77429)
[GameWorld] Current player controllers: 3, Keys: [446469990, 1, 1125268556]
[GameWorld] Client updating remote player 446469990, isLocal=Player_446469990
[PlayerController] Ignoring UpdateRemotePosition for local player 446469990
[PlayerController] Player 446469990 emitting PositionChanged signal at (727.42755, 245.10764)
[GameWorld] OnPlayerPositionChanged: Player 446469990 at (727.42755, 245.10764), IsServer=False
[GameWorld] Client sending position to server
[GameWorld] SyncPlayerPosition RPC received on peer 446469990: Player 446469990 at (727.42755, 248.44096)
[GameWorld] Current player controllers: 3, Keys: [446469990, 1, 1125268556]
[GameWorld] Client updating remote player 446469990, isLocal=Player_446469990
[PlayerController] Ignoring UpdateRemotePosition for local player 446469990
[PlayerController] Player 446469990 emitting PositionChanged signal at (727.42755, 241.7743)
[GameWorld] OnPlayerPositionChanged: Player 446469990 at (727.42755, 241.7743), IsServer=False
[GameWorld] Client sending position to server
[GameWorld] SyncPlayerPosition RPC received on peer 446469990: Player 446469990 at (727.42755, 245.10764)
[GameWorld] Current player controllers: 3, Keys: [446469990, 1, 1125268556]
[GameWorld] Client updating remote player 446469990, isLocal=Player_446469990
[PlayerController] Ignoring UpdateRemotePosition for local player 446469990
Body entered John: Player_446469990
Local player entered John range. Auto-interacting.
GameWorld received OnNPCClicked for john. Current Role: 'Producer'
[PlayerController] Player 446469990 emitting PositionChanged signal at (727.42755, 238.44098)
[GameWorld] OnPlayerPositionChanged: Player 446469990 at (727.42755, 238.44098), IsServer=False
[GameWorld] Client sending position to server
[GameWorld] SyncPlayerPosition RPC received on peer 446469990: Player 446469990 at (727.42755, 241.7743)
[GameWorld] Current player controllers: 3, Keys: [446469990, 1, 1125268556]
[GameWorld] Client updating remote player 446469990, isLocal=Player_446469990
[PlayerController] Ignoring UpdateRemotePosition for local player 446469990
[PlayerController] Player 446469990 emitting PositionChanged signal at (727.42755, 235.10765)
[GameWorld] OnPlayerPositionChanged: Player 446469990 at (727.42755, 235.10765), IsServer=False
[GameWorld] Client sending position to server
[GameWorld] SyncPlayerPosition RPC received on peer 446469990: Player 446469990 at (727.42755, 238.44098)
[GameWorld] Current player controllers: 3, Keys: [446469990, 1, 1125268556]
[GameWorld] Client updating remote player 446469990, isLocal=Player_446469990
[PlayerController] Ignoring UpdateRemotePosition for local player 446469990
[PlayerController] Player 446469990 emitting PositionChanged signal at (727.42755, 231.77432)
[GameWorld] OnPlayerPositionChanged: Player 446469990 at (727.42755, 231.77432), IsServer=False
[GameWorld] Client sending position to server
[GameWorld] SyncPlayerPosition RPC received on peer 446469990: Player 446469990 at (727.42755, 235.10765)
[GameWorld] Current player controllers: 3, Keys: [446469990, 1, 1125268556]
[GameWorld] Client updating remote player 446469990, isLocal=Player_446469990
[PlayerController] Ignoring UpdateRemotePosition for local player 446469990
[PlayerController] Player 446469990 emitting PositionChanged signal at (727.42755, 228.441)
[GameWorld] OnPlayerPositionChanged: Player 446469990 at (727.42755, 228.441), IsServer=False
[GameWorld] Client sending position to server
[GameWorld] SyncPlayerPosition RPC received on peer 446469990: Player 446469990 at (727.42755, 231.77432)
[GameWorld] Current player controllers: 3, Keys: [446469990, 1, 1125268556]
[GameWorld] Client updating remote player 446469990, isLocal=Player_446469990
[PlayerController] Ignoring UpdateRemotePosition for local player 446469990
[PlayerController] Player 446469990 emitting PositionChanged signal at (727.42755, 225.10767)
[GameWorld] OnPlayerPositionChanged: Player 446469990 at (727.42755, 225.10767), IsServer=False
[GameWorld] Client sending position to server
[GameWorld] SyncPlayerPosition RPC received on peer 446469990: Player 446469990 at (727.42755, 228.441)
[GameWorld] Current player controllers: 3, Keys: [446469990, 1, 1125268556]
[GameWorld] Client updating remote player 446469990, isLocal=Player_446469990
[PlayerController] Ignoring UpdateRemotePosition for local player 446469990
[PlayerController] Player 446469990 emitting PositionChanged signal at (725.07056, 222.75064)
[GameWorld] OnPlayerPositionChanged: Player 446469990 at (725.07056, 222.75064), IsServer=False
[GameWorld] Client sending position to server
[GameWorld] SyncPlayerPosition RPC received on peer 446469990: Player 446469990 at (727.42755, 225.10767)
[GameWorld] Current player controllers: 3, Keys: [446469990, 1, 1125268556]
[GameWorld] Client updating remote player 446469990, isLocal=Player_446469990
[PlayerController] Ignoring UpdateRemotePosition for local player 446469990
[PlayerController] Player 446469990 emitting PositionChanged signal at (722.71356, 220.39362)
[GameWorld] OnPlayerPositionChanged: Player 446469990 at (722.71356, 220.39362), IsServer=False
[GameWorld] Client sending position to server
[GameWorld] SyncPlayerPosition RPC received on peer 446469990: Player 446469990 at (725.07056, 222.75064)
[GameWorld] Current player controllers: 3, Keys: [446469990, 1, 1125268556]
[GameWorld] Client updating remote player 446469990, isLocal=Player_446469990
[PlayerController] Ignoring UpdateRemotePosition for local player 446469990
[PlayerController] Player 446469990 emitting PositionChanged signal at (720.35657, 218.03659)
[GameWorld] OnPlayerPositionChanged: Player 446469990 at (720.35657, 218.03659), IsServer=False
[GameWorld] Client sending position to server
[GameWorld] SyncPlayerPosition RPC received on peer 446469990: Player 446469990 at (722.71356, 220.39362)
[GameWorld] Current player controllers: 3, Keys: [446469990, 1, 1125268556]
[GameWorld] Client updating remote player 446469990, isLocal=Player_446469990
[PlayerController] Ignoring UpdateRemotePosition for local player 446469990
[PlayerController] Player 446469990 emitting PositionChanged signal at (717.02325, 218.03659)
[GameWorld] OnPlayerPositionChanged: Player 446469990 at (717.02325, 218.03659), IsServer=False
[GameWorld] Client sending position to server
[GameWorld] SyncPlayerPosition RPC received on peer 446469990: Player 446469990 at (720.35657, 218.03659)
[GameWorld] Current player controllers: 3, Keys: [446469990, 1, 1125268556]
[GameWorld] Client updating remote player 446469990, isLocal=Player_446469990
[PlayerController] Ignoring UpdateRemotePosition for local player 446469990
[PlayerController] Player 446469990 emitting PositionChanged signal at (713.68994, 218.03659)
[GameWorld] OnPlayerPositionChanged: Player 446469990 at (713.68994, 218.03659), IsServer=False
[GameWorld] Client sending position to server
[GameWorld] SyncPlayerPosition RPC received on peer 446469990: Player 446469990 at (717.02325, 218.03659)
[GameWorld] Current player controllers: 3, Keys: [446469990, 1, 1125268556]
[GameWorld] Client updating remote player 446469990, isLocal=Player_446469990
[PlayerController] Ignoring UpdateRemotePosition for local player 446469990
[PlayerController] Player 446469990 emitting PositionChanged signal at (710.3566, 218.03659)
[GameWorld] OnPlayerPositionChanged: Player 446469990 at (710.3566, 218.03659), IsServer=False
[GameWorld] Client sending position to server
[GameWorld] SyncPlayerPosition RPC received on peer 446469990: Player 446469990 at (713.68994, 218.03659)
[GameWorld] Current player controllers: 3, Keys: [446469990, 1, 1125268556]
[GameWorld] Client updating remote player 446469990, isLocal=Player_446469990
[PlayerController] Ignoring UpdateRemotePosition for local player 446469990
[PlayerController] Player 446469990 emitting PositionChanged signal at (707.0233, 218.03659)
[GameWorld] OnPlayerPositionChanged: Player 446469990 at (707.0233, 218.03659), IsServer=False
[GameWorld] Client sending position to server
[GameWorld] SyncPlayerPosition RPC received on peer 446469990: Player 446469990 at (710.3566, 218.03659)
[GameWorld] Current player controllers: 3, Keys: [446469990, 1, 1125268556]
[GameWorld] Client updating remote player 446469990, isLocal=Player_446469990
[PlayerController] Ignoring UpdateRemotePosition for local player 446469990
[PlayerController] Player 446469990 emitting PositionChanged signal at (703.69, 218.03659)
[GameWorld] OnPlayerPositionChanged: Player 446469990 at (703.69, 218.03659), IsServer=False
[GameWorld] Client sending position to server
[GameWorld] SyncPlayerPosition RPC received on peer 446469990: Player 446469990 at (707.0233, 218.03659)
[GameWorld] Current player controllers: 3, Keys: [446469990, 1, 1125268556]
[GameWorld] Client updating remote player 446469990, isLocal=Player_446469990
[PlayerController] Ignoring UpdateRemotePosition for local player 446469990
[PlayerController] Player 446469990 emitting PositionChanged signal at (700.3567, 218.03659)
[GameWorld] OnPlayerPositionChanged: Player 446469990 at (700.3567, 218.03659), IsServer=False
[GameWorld] Client sending position to server
[GameWorld] SyncPlayerPosition RPC received on peer 446469990: Player 446469990 at (703.69, 218.03659)
[GameWorld] Current player controllers: 3, Keys: [446469990, 1, 1125268556]
[GameWorld] Client updating remote player 446469990, isLocal=Player_446469990
[PlayerController] Ignoring UpdateRemotePosition for local player 446469990
[PlayerController] Player 446469990 emitting PositionChanged signal at (697.0234, 218.03659)
[GameWorld] OnPlayerPositionChanged: Player 446469990 at (697.0234, 218.03659), IsServer=False
[GameWorld] Client sending position to server
[GameWorld] SyncPlayerPosition RPC received on peer 446469990: Player 446469990 at (700.3567, 218.03659)
[GameWorld] Current player controllers: 3, Keys: [446469990, 1, 1125268556]
[GameWorld] Client updating remote player 446469990, isLocal=Player_446469990
[PlayerController] Ignoring UpdateRemotePosition for local player 446469990
[PlayerController] Player 446469990 emitting PositionChanged signal at (693.69006, 218.03659)
[GameWorld] OnPlayerPositionChanged: Player 446469990 at (693.69006, 218.03659), IsServer=False
[GameWorld] Client sending position to server
[GameWorld] SyncPlayerPosition RPC received on peer 446469990: Player 446469990 at (697.0234, 218.03659)
[GameWorld] Current player controllers: 3, Keys: [446469990, 1, 1125268556]
[GameWorld] Client updating remote player 446469990, isLocal=Player_446469990
[PlayerController] Ignoring UpdateRemotePosition for local player 446469990
[PlayerController] Player 446469990 emitting PositionChanged signal at (690.35675, 218.03659)
[GameWorld] OnPlayerPositionChanged: Player 446469990 at (690.35675, 218.03659), IsServer=False
[GameWorld] Client sending position to server
[GameWorld] SyncPlayerPosition RPC received on peer 446469990: Player 446469990 at (693.69006, 218.03659)
[GameWorld] Current player controllers: 3, Keys: [446469990, 1, 1125268556]
[GameWorld] Client updating remote player 446469990, isLocal=Player_446469990
[PlayerController] Ignoring UpdateRemotePosition for local player 446469990
[PlayerController] Player 446469990 emitting PositionChanged signal at (687.02344, 218.03659)
[GameWorld] OnPlayerPositionChanged: Player 446469990 at (687.02344, 218.03659), IsServer=False
[GameWorld] Client sending position to server
[GameWorld] SyncPlayerPosition RPC received on peer 446469990: Player 446469990 at (690.35675, 218.03659)
[GameWorld] Current player controllers: 3, Keys: [446469990, 1, 1125268556]
[GameWorld] Client updating remote player 446469990, isLocal=Player_446469990
[PlayerController] Ignoring UpdateRemotePosition for local player 446469990
[PlayerController] Player 446469990 emitting PositionChanged signal at (683.6901, 218.03659)
[GameWorld] OnPlayerPositionChanged: Player 446469990 at (683.6901, 218.03659), IsServer=False
[GameWorld] Client sending position to server
[GameWorld] SyncPlayerPosition RPC received on peer 446469990: Player 446469990 at (687.02344, 218.03659)
[GameWorld] Current player controllers: 3, Keys: [446469990, 1, 1125268556]
[GameWorld] Client updating remote player 446469990, isLocal=Player_446469990
[PlayerController] Ignoring UpdateRemotePosition for local player 446469990
[PlayerController] Player 446469990 emitting PositionChanged signal at (680.3568, 218.03659)
[GameWorld] OnPlayerPositionChanged: Player 446469990 at (680.3568, 218.03659), IsServer=False
[GameWorld] Client sending position to server
[GameWorld] SyncPlayerPosition RPC received on peer 446469990: Player 446469990 at (683.6901, 218.03659)
[GameWorld] Current player controllers: 3, Keys: [446469990, 1, 1125268556]
[GameWorld] Client updating remote player 446469990, isLocal=Player_446469990
[PlayerController] Ignoring UpdateRemotePosition for local player 446469990
[PlayerController] Player 446469990 emitting PositionChanged signal at (677.0235, 218.03659)
[GameWorld] OnPlayerPositionChanged: Player 446469990 at (677.0235, 218.03659), IsServer=False
[GameWorld] Client sending position to server
[GameWorld] SyncPlayerPosition RPC received on peer 446469990: Player 446469990 at (680.3568, 218.03659)
[GameWorld] Current player controllers: 3, Keys: [446469990, 1, 1125268556]
[GameWorld] Client updating remote player 446469990, isLocal=Player_446469990
[PlayerController] Ignoring UpdateRemotePosition for local player 446469990
[PlayerController] Player 446469990 emitting PositionChanged signal at (673.6902, 218.03659)
[GameWorld] OnPlayerPositionChanged: Player 446469990 at (673.6902, 218.03659), IsServer=False
[GameWorld] Client sending position to server
[GameWorld] SyncPlayerPosition RPC received on peer 446469990: Player 446469990 at (677.0235, 218.03659)
[GameWorld] Current player controllers: 3, Keys: [446469990, 1, 1125268556]
[GameWorld] Client updating remote player 446469990, isLocal=Player_446469990
[PlayerController] Ignoring UpdateRemotePosition for local player 446469990
[PlayerController] Player 446469990 emitting PositionChanged signal at (670.3569, 218.03659)
[GameWorld] OnPlayerPositionChanged: Player 446469990 at (670.3569, 218.03659), IsServer=False
[GameWorld] Client sending position to server
[GameWorld] SyncPlayerPosition RPC received on peer 446469990: Player 446469990 at (673.6902, 218.03659)
[GameWorld] Current player controllers: 3, Keys: [446469990, 1, 1125268556]
[GameWorld] Client updating remote player 446469990, isLocal=Player_446469990
[PlayerController] Ignoring UpdateRemotePosition for local player 446469990
[PlayerController] Player 446469990 emitting PositionChanged signal at (667.02356, 218.03659)
[GameWorld] OnPlayerPositionChanged: Player 446469990 at (667.02356, 218.03659), IsServer=False
[GameWorld] Client sending position to server
[GameWorld] SyncPlayerPosition RPC received on peer 446469990: Player 446469990 at (670.3569, 218.03659)
[GameWorld] Current player controllers: 3, Keys: [446469990, 1, 1125268556]
[GameWorld] Client updating remote player 446469990, isLocal=Player_446469990
[PlayerController] Ignoring UpdateRemotePosition for local player 446469990
[PlayerController] Player 446469990 emitting PositionChanged signal at (663.69025, 218.03659)
[GameWorld] OnPlayerPositionChanged: Player 446469990 at (663.69025, 218.03659), IsServer=False
[GameWorld] Client sending position to server
[GameWorld] SyncPlayerPosition RPC received on peer 446469990: Player 446469990 at (667.02356, 218.03659)
[GameWorld] Current player controllers: 3, Keys: [446469990, 1, 1125268556]
[GameWorld] Client updating remote player 446469990, isLocal=Player_446469990
[PlayerController] Ignoring UpdateRemotePosition for local player 446469990
[GameWorld] SyncPlayerPosition RPC received on peer 446469990: Player 446469990 at (663.69025, 218.03659)
[GameWorld] Current player controllers: 3, Keys: [446469990, 1, 1125268556]
[GameWorld] Client updating remote player 446469990, isLocal=Player_446469990
[PlayerController] Ignoring UpdateRemotePosition for local player 446469990
[PlayerController] Player 446469990 emitting PositionChanged signal at (660.35693, 218.03659)
[GameWorld] OnPlayerPositionChanged: Player 446469990 at (660.35693, 218.03659), IsServer=False
[GameWorld] Client sending position to server
[PlayerController] Player 446469990 emitting PositionChanged signal at (657.0236, 218.03659)
[GameWorld] OnPlayerPositionChanged: Player 446469990 at (657.0236, 218.03659), IsServer=False
[GameWorld] Client sending position to server
[GameWorld] SyncPlayerPosition RPC received on peer 446469990: Player 446469990 at (660.35693, 218.03659)
[GameWorld] Current player controllers: 3, Keys: [446469990, 1, 1125268556]
[GameWorld] Client updating remote player 446469990, isLocal=Player_446469990
[PlayerController] Ignoring UpdateRemotePosition for local player 446469990
[PlayerController] Player 446469990 emitting PositionChanged signal at (653.6903, 218.03659)
[GameWorld] OnPlayerPositionChanged: Player 446469990 at (653.6903, 218.03659), IsServer=False
[GameWorld] Client sending position to server
[PlayerController] Player 446469990 emitting PositionChanged signal at (650.357, 218.03659)
[GameWorld] OnPlayerPositionChanged: Player 446469990 at (650.357, 218.03659), IsServer=False
[GameWorld] Client sending position to server
[GameWorld] SyncPlayerPosition RPC received on peer 446469990: Player 446469990 at (657.0236, 218.03659)
[GameWorld] Current player controllers: 3, Keys: [446469990, 1, 1125268556]
[GameWorld] Client updating remote player 446469990, isLocal=Player_446469990
[PlayerController] Ignoring UpdateRemotePosition for local player 446469990
[GameWorld] SyncPlayerPosition RPC received on peer 446469990: Player 446469990 at (653.6903, 218.03659)
[GameWorld] Current player controllers: 3, Keys: [446469990, 1, 1125268556]
[GameWorld] Client updating remote player 446469990, isLocal=Player_446469990
[PlayerController] Ignoring UpdateRemotePosition for local player 446469990
[GameWorld] SyncPlayerPosition RPC received on peer 446469990: Player 446469990 at (650.357, 218.03659)
[GameWorld] Current player controllers: 3, Keys: [446469990, 1, 1125268556]
[GameWorld] Client updating remote player 446469990, isLocal=Player_446469990
[PlayerController] Ignoring UpdateRemotePosition for local player 446469990
Action selected: interview_john for NPC john
[GameWorld] UpdateGameState called on peer 446469990, players before: 3
[PlayerController] Player 446469990 emitting PositionChanged signal at (647.0237, 218.03659)
[GameWorld] OnPlayerPositionChanged: Player 446469990 at (647.0237, 218.03659), IsServer=False
[GameWorld] Client sending position to server
[PlayerController] Player 446469990 emitting PositionChanged signal at (643.69037, 218.03659)
[GameWorld] OnPlayerPositionChanged: Player 446469990 at (643.69037, 218.03659), IsServer=False
[GameWorld] Client sending position to server
[GameWorld] SyncPlayerPosition RPC received on peer 446469990: Player 446469990 at (647.0237, 218.03659)
[GameWorld] Current player controllers: 3, Keys: [446469990, 1, 1125268556]
[GameWorld] Client updating remote player 446469990, isLocal=Player_446469990
[PlayerController] Ignoring UpdateRemotePosition for local player 446469990
[PlayerController] Player 446469990 emitting PositionChanged signal at (640.35706, 218.03659)
[GameWorld] OnPlayerPositionChanged: Player 446469990 at (640.35706, 218.03659), IsServer=False
[GameWorld] Client sending position to server
[GameWorld] SyncPlayerPosition RPC received on peer 446469990: Player 446469990 at (643.69037, 218.03659)
[GameWorld] Current player controllers: 3, Keys: [446469990, 1, 1125268556]
[GameWorld] Client updating remote player 446469990, isLocal=Player_446469990
[PlayerController] Ignoring UpdateRemotePosition for local player 446469990
[PlayerController] Player 446469990 emitting PositionChanged signal at (637.02374, 218.03659)
[GameWorld] OnPlayerPositionChanged: Player 446469990 at (637.02374, 218.03659), IsServer=False
[GameWorld] Client sending position to server
[GameWorld] SyncPlayerPosition RPC received on peer 446469990: Player 446469990 at (640.35706, 218.03659)
[GameWorld] Current player controllers: 3, Keys: [446469990, 1, 1125268556]
[GameWorld] Client updating remote player 446469990, isLocal=Player_446469990
[PlayerController] Ignoring UpdateRemotePosition for local player 446469990
[PlayerController] Player 446469990 emitting PositionChanged signal at (633.6904, 218.03659)
[GameWorld] OnPlayerPositionChanged: Player 446469990 at (633.6904, 218.03659), IsServer=False
[GameWorld] Client sending position to server
[GameWorld] SyncPlayerPosition RPC received on peer 446469990: Player 446469990 at (637.02374, 218.03659)
[GameWorld] Current player controllers: 3, Keys: [446469990, 1, 1125268556]
[GameWorld] Client updating remote player 446469990, isLocal=Player_446469990
[PlayerController] Ignoring UpdateRemotePosition for local player 446469990
[PlayerController] Player 446469990 emitting PositionChanged signal at (630.3571, 218.03659)
[GameWorld] OnPlayerPositionChanged: Player 446469990 at (630.3571, 218.03659), IsServer=False
[GameWorld] Client sending position to server
[GameWorld] SyncPlayerPosition RPC received on peer 446469990: Player 446469990 at (633.6904, 218.03659)
[GameWorld] Current player controllers: 3, Keys: [446469990, 1, 1125268556]
[GameWorld] Client updating remote player 446469990, isLocal=Player_446469990
[PlayerController] Ignoring UpdateRemotePosition for local player 446469990
[PlayerController] Player 446469990 emitting PositionChanged signal at (627.0238, 218.03659)
[GameWorld] OnPlayerPositionChanged: Player 446469990 at (627.0238, 218.03659), IsServer=False
[GameWorld] Client sending position to server
[GameWorld] SyncPlayerPosition RPC received on peer 446469990: Player 446469990 at (630.3571, 218.03659)
[GameWorld] Current player controllers: 3, Keys: [446469990, 1, 1125268556]
[GameWorld] Client updating remote player 446469990, isLocal=Player_446469990
[PlayerController] Ignoring UpdateRemotePosition for local player 446469990
[PlayerController] Player 446469990 emitting PositionChanged signal at (623.6905, 218.03659)
[GameWorld] OnPlayerPositionChanged: Player 446469990 at (623.6905, 218.03659), IsServer=False
[GameWorld] Client sending position to server
[GameWorld] SyncPlayerPosition RPC received on peer 446469990: Player 446469990 at (627.0238, 218.03659)
[GameWorld] Current player controllers: 3, Keys: [446469990, 1, 1125268556]
[GameWorld] Client updating remote player 446469990, isLocal=Player_446469990
[PlayerController] Ignoring UpdateRemotePosition for local player 446469990
[PlayerController] Player 446469990 emitting PositionChanged signal at (620.3572, 218.03659)
[GameWorld] OnPlayerPositionChanged: Player 446469990 at (620.3572, 218.03659), IsServer=False
[GameWorld] Client sending position to server
[GameWorld] SyncPlayerPosition RPC received on peer 446469990: Player 446469990 at (623.6905, 218.03659)
[GameWorld] Current player controllers: 3, Keys: [446469990, 1, 1125268556]
[GameWorld] Client updating remote player 446469990, isLocal=Player_446469990
[PlayerController] Ignoring UpdateRemotePosition for local player 446469990
[PlayerController] Player 446469990 emitting PositionChanged signal at (617.02386, 218.03659)
[GameWorld] OnPlayerPositionChanged: Player 446469990 at (617.02386, 218.03659), IsServer=False
[GameWorld] Client sending position to server
[GameWorld] SyncPlayerPosition RPC received on peer 446469990: Player 446469990 at (620.3572, 218.03659)
[GameWorld] Current player controllers: 3, Keys: [446469990, 1, 1125268556]
[GameWorld] Client updating remote player 446469990, isLocal=Player_446469990
[PlayerController] Ignoring UpdateRemotePosition for local player 446469990
[PlayerController] Player 446469990 emitting PositionChanged signal at (613.69055, 218.03659)
[GameWorld] OnPlayerPositionChanged: Player 446469990 at (613.69055, 218.03659), IsServer=False
[GameWorld] Client sending position to server
[GameWorld] SyncPlayerPosition RPC received on peer 446469990: Player 446469990 at (617.02386, 218.03659)
[GameWorld] Current player controllers: 3, Keys: [446469990, 1, 1125268556]
[GameWorld] Client updating remote player 446469990, isLocal=Player_446469990
[PlayerController] Ignoring UpdateRemotePosition for local player 446469990
[PlayerController] Player 446469990 emitting PositionChanged signal at (610.35724, 218.03659)
[GameWorld] OnPlayerPositionChanged: Player 446469990 at (610.35724, 218.03659), IsServer=False
[GameWorld] Client sending position to server
[GameWorld] SyncPlayerPosition RPC received on peer 446469990: Player 446469990 at (613.69055, 218.03659)
[GameWorld] Current player controllers: 3, Keys: [446469990, 1, 1125268556]
[GameWorld] Client updating remote player 446469990, isLocal=Player_446469990
[PlayerController] Ignoring UpdateRemotePosition for local player 446469990
[PlayerController] Player 446469990 emitting PositionChanged signal at (607.0239, 218.03659)
[GameWorld] OnPlayerPositionChanged: Player 446469990 at (607.0239, 218.03659), IsServer=False
[GameWorld] Client sending position to server
[GameWorld] SyncPlayerPosition RPC received on peer 446469990: Player 446469990 at (610.35724, 218.03659)
[GameWorld] Current player controllers: 3, Keys: [446469990, 1, 1125268556]
[GameWorld] Client updating remote player 446469990, isLocal=Player_446469990
[PlayerController] Ignoring UpdateRemotePosition for local player 446469990
[PlayerController] Player 446469990 emitting PositionChanged signal at (603.6906, 218.03659)
[GameWorld] OnPlayerPositionChanged: Player 446469990 at (603.6906, 218.03659), IsServer=False
[GameWorld] Client sending position to server
[GameWorld] SyncPlayerPosition RPC received on peer 446469990: Player 446469990 at (607.0239, 218.03659)
[GameWorld] Current player controllers: 3, Keys: [446469990, 1, 1125268556]
[GameWorld] Client updating remote player 446469990, isLocal=Player_446469990
[PlayerController] Ignoring UpdateRemotePosition for local player 446469990
[PlayerController] Player 446469990 emitting PositionChanged signal at (600.3573, 218.03659)
[GameWorld] OnPlayerPositionChanged: Player 446469990 at (600.3573, 218.03659), IsServer=False
[GameWorld] Client sending position to server
[GameWorld] SyncPlayerPosition RPC received on peer 446469990: Player 446469990 at (603.6906, 218.03659)
[GameWorld] Current player controllers: 3, Keys: [446469990, 1, 1125268556]
[GameWorld] Client updating remote player 446469990, isLocal=Player_446469990
[PlayerController] Ignoring UpdateRemotePosition for local player 446469990
[PlayerController] Player 446469990 emitting PositionChanged signal at (597.024, 218.03659)
[GameWorld] OnPlayerPositionChanged: Player 446469990 at (597.024, 218.03659), IsServer=False
[GameWorld] Client sending position to server
[GameWorld] SyncPlayerPosition RPC received on peer 446469990: Player 446469990 at (600.3573, 218.03659)
[GameWorld] Current player controllers: 3, Keys: [446469990, 1, 1125268556]
[GameWorld] Client updating remote player 446469990, isLocal=Player_446469990
[PlayerController] Ignoring UpdateRemotePosition for local player 446469990
[PlayerController] Player 446469990 emitting PositionChanged signal at (593.6907, 218.03659)
[GameWorld] OnPlayerPositionChanged: Player 446469990 at (593.6907, 218.03659), IsServer=False
[GameWorld] Client sending position to server
[GameWorld] SyncPlayerPosition RPC received on peer 446469990: Player 446469990 at (597.024, 218.03659)
[GameWorld] Current player controllers: 3, Keys: [446469990, 1, 1125268556]
[GameWorld] Client updating remote player 446469990, isLocal=Player_446469990
[PlayerController] Ignoring UpdateRemotePosition for local player 446469990
[PlayerController] Player 446469990 emitting PositionChanged signal at (590.35736, 218.03659)
[GameWorld] OnPlayerPositionChanged: Player 446469990 at (590.35736, 218.03659), IsServer=False
[GameWorld] Client sending position to server
[GameWorld] SyncPlayerPosition RPC received on peer 446469990: Player 446469990 at (593.6907, 218.03659)
[GameWorld] Current player controllers: 3, Keys: [446469990, 1, 1125268556]
[GameWorld] Client updating remote player 446469990, isLocal=Player_446469990
[PlayerController] Ignoring UpdateRemotePosition for local player 446469990
[PlayerController] Player 446469990 emitting PositionChanged signal at (587.02405, 218.03659)
[GameWorld] OnPlayerPositionChanged: Player 446469990 at (587.02405, 218.03659), IsServer=False
[GameWorld] Client sending position to server
[GameWorld] SyncPlayerPosition RPC received on peer 446469990: Player 446469990 at (590.35736, 218.03659)
[GameWorld] Current player controllers: 3, Keys: [446469990, 1, 1125268556]
[GameWorld] Client updating remote player 446469990, isLocal=Player_446469990
[PlayerController] Ignoring UpdateRemotePosition for local player 446469990
[PlayerController] Player 446469990 emitting PositionChanged signal at (583.69073, 218.03659)
[GameWorld] OnPlayerPositionChanged: Player 446469990 at (583.69073, 218.03659), IsServer=False
[GameWorld] Client sending position to server
[GameWorld] SyncPlayerPosition RPC received on peer 446469990: Player 446469990 at (587.02405, 218.03659)
[GameWorld] Current player controllers: 3, Keys: [446469990, 1, 1125268556]
[GameWorld] Client updating remote player 446469990, isLocal=Player_446469990
[PlayerController] Ignoring UpdateRemotePosition for local player 446469990
[PlayerController] Player 446469990 emitting PositionChanged signal at (580.3574, 218.03659)
[GameWorld] OnPlayerPositionChanged: Player 446469990 at (580.3574, 218.03659), IsServer=False
[GameWorld] Client sending position to server
[GameWorld] SyncPlayerPosition RPC received on peer 446469990: Player 446469990 at (583.69073, 218.03659)
[GameWorld] Current player controllers: 3, Keys: [446469990, 1, 1125268556]
[GameWorld] Client updating remote player 446469990, isLocal=Player_446469990
[PlayerController] Ignoring UpdateRemotePosition for local player 446469990
[PlayerController] Player 446469990 emitting PositionChanged signal at (577.0241, 218.03659)
[GameWorld] OnPlayerPositionChanged: Player 446469990 at (577.0241, 218.03659), IsServer=False
[GameWorld] Client sending position to server
[GameWorld] SyncPlayerPosition RPC received on peer 446469990: Player 446469990 at (580.3574, 218.03659)
[GameWorld] Current player controllers: 3, Keys: [446469990, 1, 1125268556]
[GameWorld] Client updating remote player 446469990, isLocal=Player_446469990
[PlayerController] Ignoring UpdateRemotePosition for local player 446469990
[PlayerController] Player 446469990 emitting PositionChanged signal at (573.6908, 218.03659)
[GameWorld] OnPlayerPositionChanged: Player 446469990 at (573.6908, 218.03659), IsServer=False
[GameWorld] Client sending position to server
[GameWorld] SyncPlayerPosition RPC received on peer 446469990: Player 446469990 at (577.0241, 218.03659)
[GameWorld] Current player controllers: 3, Keys: [446469990, 1, 1125268556]
[GameWorld] Client updating remote player 446469990, isLocal=Player_446469990
[PlayerController] Ignoring UpdateRemotePosition for local player 446469990
[PlayerController] Player 446469990 emitting PositionChanged signal at (570.3575, 218.03659)
[GameWorld] OnPlayerPositionChanged: Player 446469990 at (570.3575, 218.03659), IsServer=False
[GameWorld] Client sending position to server
[GameWorld] SyncPlayerPosition RPC received on peer 446469990: Player 446469990 at (573.6908, 218.03659)
[GameWorld] Current player controllers: 3, Keys: [446469990, 1, 1125268556]
[GameWorld] Client updating remote player 446469990, isLocal=Player_446469990
[PlayerController] Ignoring UpdateRemotePosition for local player 446469990
[PlayerController] Player 446469990 emitting PositionChanged signal at (567.0242, 218.03659)
[GameWorld] OnPlayerPositionChanged: Player 446469990 at (567.0242, 218.03659), IsServer=False
[GameWorld] Client sending position to server
[GameWorld] SyncPlayerPosition RPC received on peer 446469990: Player 446469990 at (570.3575, 218.03659)
[GameWorld] Current player controllers: 3, Keys: [446469990, 1, 1125268556]
[GameWorld] Client updating remote player 446469990, isLocal=Player_446469990
[PlayerController] Ignoring UpdateRemotePosition for local player 446469990
[PlayerController] Player 446469990 emitting PositionChanged signal at (563.69086, 218.03659)
[GameWorld] OnPlayerPositionChanged: Player 446469990 at (563.69086, 218.03659), IsServer=False
[GameWorld] Client sending position to server
[GameWorld] SyncPlayerPosition RPC received on peer 446469990: Player 446469990 at (567.0242, 218.03659)
[GameWorld] Current player controllers: 3, Keys: [446469990, 1, 1125268556]
[GameWorld] Client updating remote player 446469990, isLocal=Player_446469990
[PlayerController] Ignoring UpdateRemotePosition for local player 446469990
[PlayerController] Player 446469990 emitting PositionChanged signal at (560.35754, 218.03659)
[GameWorld] OnPlayerPositionChanged: Player 446469990 at (560.35754, 218.03659), IsServer=False
[GameWorld] Client sending position to server
[GameWorld] SyncPlayerPosition RPC received on peer 446469990: Player 446469990 at (563.69086, 218.03659)
[GameWorld] Current player controllers: 3, Keys: [446469990, 1, 1125268556]
[GameWorld] Client updating remote player 446469990, isLocal=Player_446469990
[PlayerController] Ignoring UpdateRemotePosition for local player 446469990
[PlayerController] Player 446469990 emitting PositionChanged signal at (557.02423, 218.03659)
[GameWorld] OnPlayerPositionChanged: Player 446469990 at (557.02423, 218.03659), IsServer=False
[GameWorld] Client sending position to server
[GameWorld] SyncPlayerPosition RPC received on peer 446469990: Player 446469990 at (560.35754, 218.03659)
[GameWorld] Current player controllers: 3, Keys: [446469990, 1, 1125268556]
[GameWorld] Client updating remote player 446469990, isLocal=Player_446469990
[PlayerController] Ignoring UpdateRemotePosition for local player 446469990
[PlayerController] Player 446469990 emitting PositionChanged signal at (553.6909, 218.03659)
[GameWorld] OnPlayerPositionChanged: Player 446469990 at (553.6909, 218.03659), IsServer=False
[GameWorld] Client sending position to server
[GameWorld] SyncPlayerPosition RPC received on peer 446469990: Player 446469990 at (557.02423, 218.03659)
[GameWorld] Current player controllers: 3, Keys: [446469990, 1, 1125268556]
[GameWorld] Client updating remote player 446469990, isLocal=Player_446469990
[PlayerController] Ignoring UpdateRemotePosition for local player 446469990
[PlayerController] Player 446469990 emitting PositionChanged signal at (550.3576, 218.03659)
[GameWorld] OnPlayerPositionChanged: Player 446469990 at (550.3576, 218.03659), IsServer=False
[GameWorld] Client sending position to server
[GameWorld] SyncPlayerPosition RPC received on peer 446469990: Player 446469990 at (553.6909, 218.03659)
[GameWorld] Current player controllers: 3, Keys: [446469990, 1, 1125268556]
[GameWorld] Client updating remote player 446469990, isLocal=Player_446469990
[PlayerController] Ignoring UpdateRemotePosition for local player 446469990
[PlayerController] Player 446469990 emitting PositionChanged signal at (547.0243, 218.03659)
[GameWorld] OnPlayerPositionChanged: Player 446469990 at (547.0243, 218.03659), IsServer=False
[GameWorld] Client sending position to server
[GameWorld] SyncPlayerPosition RPC received on peer 446469990: Player 446469990 at (550.3576, 218.03659)
[GameWorld] Current player controllers: 3, Keys: [446469990, 1, 1125268556]
[GameWorld] Client updating remote player 446469990, isLocal=Player_446469990
[PlayerController] Ignoring UpdateRemotePosition for local player 446469990
[PlayerController] Player 446469990 emitting PositionChanged signal at (543.691, 218.03659)
[GameWorld] OnPlayerPositionChanged: Player 446469990 at (543.691, 218.03659), IsServer=False
[GameWorld] Client sending position to server
[GameWorld] SyncPlayerPosition RPC received on peer 446469990: Player 446469990 at (547.0243, 218.03659)
[GameWorld] Current player controllers: 3, Keys: [446469990, 1, 1125268556]
[GameWorld] Client updating remote player 446469990, isLocal=Player_446469990
[PlayerController] Ignoring UpdateRemotePosition for local player 446469990
[PlayerController] Player 446469990 emitting PositionChanged signal at (540.35767, 218.03659)
[GameWorld] OnPlayerPositionChanged: Player 446469990 at (540.35767, 218.03659), IsServer=False
[GameWorld] Client sending position to server
[GameWorld] SyncPlayerPosition RPC received on peer 446469990: Player 446469990 at (543.691, 218.03659)
[GameWorld] Current player controllers: 3, Keys: [446469990, 1, 1125268556]
[GameWorld] Client updating remote player 446469990, isLocal=Player_446469990
[PlayerController] Ignoring UpdateRemotePosition for local player 446469990
[PlayerController] Player 446469990 emitting PositionChanged signal at (537.02435, 218.03659)
[GameWorld] OnPlayerPositionChanged: Player 446469990 at (537.02435, 218.03659), IsServer=False
[GameWorld] Client sending position to server
[PlayerController] Player 446469990 emitting PositionChanged signal at (533.69104, 218.03659)
[GameWorld] OnPlayerPositionChanged: Player 446469990 at (533.69104, 218.03659), IsServer=False
[GameWorld] Client sending position to server
[GameWorld] SyncPlayerPosition RPC received on peer 446469990: Player 446469990 at (540.35767, 218.03659)
[GameWorld] Current player controllers: 3, Keys: [446469990, 1, 1125268556]
[GameWorld] Client updating remote player 446469990, isLocal=Player_446469990
[PlayerController] Ignoring UpdateRemotePosition for local player 446469990
[GameWorld] SyncPlayerPosition RPC received on peer 446469990: Player 446469990 at (537.02435, 218.03659)
[GameWorld] Current player controllers: 3, Keys: [446469990, 1, 1125268556]
[GameWorld] Client updating remote player 446469990, isLocal=Player_446469990
[PlayerController] Ignoring UpdateRemotePosition for local player 446469990
[PlayerController] Player 446469990 emitting PositionChanged signal at (530.3577, 218.03659)
[GameWorld] OnPlayerPositionChanged: Player 446469990 at (530.3577, 218.03659), IsServer=False
[GameWorld] Client sending position to server
[GameWorld] SyncPlayerPosition RPC received on peer 446469990: Player 446469990 at (533.69104, 218.03659)
[GameWorld] Current player controllers: 3, Keys: [446469990, 1, 1125268556]
[GameWorld] Client updating remote player 446469990, isLocal=Player_446469990
[PlayerController] Ignoring UpdateRemotePosition for local player 446469990
[PlayerController] Player 446469990 emitting PositionChanged signal at (527.0244, 218.03659)
[GameWorld] OnPlayerPositionChanged: Player 446469990 at (527.0244, 218.03659), IsServer=False
[GameWorld] Client sending position to server
[GameWorld] SyncPlayerPosition RPC received on peer 446469990: Player 446469990 at (530.3577, 218.03659)
[GameWorld] Current player controllers: 3, Keys: [446469990, 1, 1125268556]
[GameWorld] Client updating remote player 446469990, isLocal=Player_446469990
[PlayerController] Ignoring UpdateRemotePosition for local player 446469990
[PlayerController] Player 446469990 emitting PositionChanged signal at (523.6911, 218.03659)
[GameWorld] OnPlayerPositionChanged: Player 446469990 at (523.6911, 218.03659), IsServer=False
[GameWorld] Client sending position to server
[GameWorld] SyncPlayerPosition RPC received on peer 446469990: Player 446469990 at (527.0244, 218.03659)
[GameWorld] Current player controllers: 3, Keys: [446469990, 1, 1125268556]
[GameWorld] Client updating remote player 446469990, isLocal=Player_446469990
[PlayerController] Ignoring UpdateRemotePosition for local player 446469990
[PlayerController] Player 446469990 emitting PositionChanged signal at (520.3578, 218.03659)
[GameWorld] OnPlayerPositionChanged: Player 446469990 at (520.3578, 218.03659), IsServer=False
[GameWorld] Client sending position to server
[GameWorld] SyncPlayerPosition RPC received on peer 446469990: Player 446469990 at (523.6911, 218.03659)
[GameWorld] Current player controllers: 3, Keys: [446469990, 1, 1125268556]
[GameWorld] Client updating remote player 446469990, isLocal=Player_446469990
[PlayerController] Ignoring UpdateRemotePosition for local player 446469990
[PlayerController] Player 446469990 emitting PositionChanged signal at (517.0245, 218.03659)
[GameWorld] OnPlayerPositionChanged: Player 446469990 at (517.0245, 218.03659), IsServer=False
[GameWorld] Client sending position to server
[GameWorld] SyncPlayerPosition RPC received on peer 446469990: Player 446469990 at (520.3578, 218.03659)
[GameWorld] Current player controllers: 3, Keys: [446469990, 1, 1125268556]
[GameWorld] Client updating remote player 446469990, isLocal=Player_446469990
[PlayerController] Ignoring UpdateRemotePosition for local player 446469990
[PlayerController] Player 446469990 emitting PositionChanged signal at (513.69116, 218.03659)
[GameWorld] OnPlayerPositionChanged: Player 446469990 at (513.69116, 218.03659), IsServer=False
[GameWorld] Client sending position to server
[GameWorld] SyncPlayerPosition RPC received on peer 446469990: Player 446469990 at (517.0245, 218.03659)
[GameWorld] Current player controllers: 3, Keys: [446469990, 1, 1125268556]
[GameWorld] Client updating remote player 446469990, isLocal=Player_446469990
[PlayerController] Ignoring UpdateRemotePosition for local player 446469990
[PlayerController] Player 446469990 emitting PositionChanged signal at (510.35782, 218.03659)
[GameWorld] OnPlayerPositionChanged: Player 446469990 at (510.35782, 218.03659), IsServer=False
[GameWorld] Client sending position to server
[GameWorld] SyncPlayerPosition RPC received on peer 446469990: Player 446469990 at (513.69116, 218.03659)
[GameWorld] Current player controllers: 3, Keys: [446469990, 1, 1125268556]
[GameWorld] Client updating remote player 446469990, isLocal=Player_446469990
[PlayerController] Ignoring UpdateRemotePosition for local player 446469990
[PlayerController] Player 446469990 emitting PositionChanged signal at (507.02448, 218.03659)
[GameWorld] OnPlayerPositionChanged: Player 446469990 at (507.02448, 218.03659), IsServer=False
[GameWorld] Client sending position to server
[GameWorld] SyncPlayerPosition RPC received on peer 446469990: Player 446469990 at (510.35782, 218.03659)
[GameWorld] Current player controllers: 3, Keys: [446469990, 1, 1125268556]
[GameWorld] Client updating remote player 446469990, isLocal=Player_446469990
[PlayerController] Ignoring UpdateRemotePosition for local player 446469990
[PlayerController] Player 446469990 emitting PositionChanged signal at (503.69113, 218.03659)
[GameWorld] OnPlayerPositionChanged: Player 446469990 at (503.69113, 218.03659), IsServer=False
[GameWorld] Client sending position to server
[GameWorld] SyncPlayerPosition RPC received on peer 446469990: Player 446469990 at (507.02448, 218.03659)
[GameWorld] Current player controllers: 3, Keys: [446469990, 1, 1125268556]
[GameWorld] Client updating remote player 446469990, isLocal=Player_446469990
[PlayerController] Ignoring UpdateRemotePosition for local player 446469990
[PlayerController] Player 446469990 emitting PositionChanged signal at (500.3578, 218.03659)
[GameWorld] OnPlayerPositionChanged: Player 446469990 at (500.3578, 218.03659), IsServer=False
[GameWorld] Client sending position to server
[GameWorld] SyncPlayerPosition RPC received on peer 446469990: Player 446469990 at (503.69113, 218.03659)
[GameWorld] Current player controllers: 3, Keys: [446469990, 1, 1125268556]
[GameWorld] Client updating remote player 446469990, isLocal=Player_446469990
[PlayerController] Ignoring UpdateRemotePosition for local player 446469990
[PlayerController] Player 446469990 emitting PositionChanged signal at (497.02444, 218.03659)
[GameWorld] OnPlayerPositionChanged: Player 446469990 at (497.02444, 218.03659), IsServer=False
[GameWorld] Client sending position to server
[PlayerController] Player 446469990 emitting PositionChanged signal at (493.6911, 218.03659)
[GameWorld] OnPlayerPositionChanged: Player 446469990 at (493.6911, 218.03659), IsServer=False
[GameWorld] Client sending position to server
[GameWorld] SyncPlayerPosition RPC received on peer 446469990: Player 446469990 at (500.3578, 218.03659)
[GameWorld] Current player controllers: 3, Keys: [446469990, 1, 1125268556]
[GameWorld] Client updating remote player 446469990, isLocal=Player_446469990
[PlayerController] Ignoring UpdateRemotePosition for local player 446469990
[GameWorld] SyncPlayerPosition RPC received on peer 446469990: Player 446469990 at (497.02444, 218.03659)
[GameWorld] Current player controllers: 3, Keys: [446469990, 1, 1125268556]
[GameWorld] Client updating remote player 446469990, isLocal=Player_446469990
[PlayerController] Ignoring UpdateRemotePosition for local player 446469990
[PlayerController] Player 446469990 emitting PositionChanged signal at (490.35776, 218.03659)
[GameWorld] OnPlayerPositionChanged: Player 446469990 at (490.35776, 218.03659), IsServer=False
[GameWorld] Client sending position to server
[PlayerController] Player 446469990 emitting PositionChanged signal at (487.0244, 218.03659)
[GameWorld] OnPlayerPositionChanged: Player 446469990 at (487.0244, 218.03659), IsServer=False
[GameWorld] Client sending position to server
[GameWorld] SyncPlayerPosition RPC received on peer 446469990: Player 446469990 at (493.6911, 218.03659)
[GameWorld] Current player controllers: 3, Keys: [446469990, 1, 1125268556]
[GameWorld] Client updating remote player 446469990, isLocal=Player_446469990
[PlayerController] Ignoring UpdateRemotePosition for local player 446469990
[GameWorld] SyncPlayerPosition RPC received on peer 446469990: Player 446469990 at (490.35776, 218.03659)
[GameWorld] Current player controllers: 3, Keys: [446469990, 1, 1125268556]
[GameWorld] Client updating remote player 446469990, isLocal=Player_446469990
[PlayerController] Ignoring UpdateRemotePosition for local player 446469990
[PlayerController] Player 446469990 emitting PositionChanged signal at (483.69107, 218.03659)
[GameWorld] OnPlayerPositionChanged: Player 446469990 at (483.69107, 218.03659), IsServer=False
[GameWorld] Client sending position to server
[GameWorld] SyncPlayerPosition RPC received on peer 446469990: Player 446469990 at (487.0244, 218.03659)
[GameWorld] Current player controllers: 3, Keys: [446469990, 1, 1125268556]
[GameWorld] Client updating remote player 446469990, isLocal=Player_446469990
[PlayerController] Ignoring UpdateRemotePosition for local player 446469990
[PlayerController] Player 446469990 emitting PositionChanged signal at (480.35773, 218.03659)
[GameWorld] OnPlayerPositionChanged: Player 446469990 at (480.35773, 218.03659), IsServer=False
[GameWorld] Client sending position to server
[GameWorld] SyncPlayerPosition RPC received on peer 446469990: Player 446469990 at (483.69107, 218.03659)
[GameWorld] Current player controllers: 3, Keys: [446469990, 1, 1125268556]
[GameWorld] Client updating remote player 446469990, isLocal=Player_446469990
[PlayerController] Ignoring UpdateRemotePosition for local player 446469990
[PlayerController] Player 446469990 emitting PositionChanged signal at (477.02438, 218.03659)
[GameWorld] OnPlayerPositionChanged: Player 446469990 at (477.02438, 218.03659), IsServer=False
[GameWorld] Client sending position to server
[GameWorld] SyncPlayerPosition RPC received on peer 446469990: Player 446469990 at (480.35773, 218.03659)
[GameWorld] Current player controllers: 3, Keys: [446469990, 1, 1125268556]
[GameWorld] Client updating remote player 446469990, isLocal=Player_446469990
[PlayerController] Ignoring UpdateRemotePosition for local player 446469990
[PlayerController] Player 446469990 emitting PositionChanged signal at (473.69104, 218.03659)
[GameWorld] OnPlayerPositionChanged: Player 446469990 at (473.69104, 218.03659), IsServer=False
[GameWorld] Client sending position to server
[GameWorld] SyncPlayerPosition RPC received on peer 446469990: Player 446469990 at (477.02438, 218.03659)
[GameWorld] Current player controllers: 3, Keys: [446469990, 1, 1125268556]
[GameWorld] Client updating remote player 446469990, isLocal=Player_446469990
[PlayerController] Ignoring UpdateRemotePosition for local player 446469990
[PlayerController] Player 446469990 emitting PositionChanged signal at (470.3577, 218.03659)
[GameWorld] OnPlayerPositionChanged: Player 446469990 at (470.3577, 218.03659), IsServer=False
[GameWorld] Client sending position to server
[GameWorld] SyncPlayerPosition RPC received on peer 446469990: Player 446469990 at (473.69104, 218.03659)
[GameWorld] Current player controllers: 3, Keys: [446469990, 1, 1125268556]
[GameWorld] Client updating remote player 446469990, isLocal=Player_446469990
[PlayerController] Ignoring UpdateRemotePosition for local player 446469990
[PlayerController] Player 446469990 emitting PositionChanged signal at (467.02435, 218.03659)
[GameWorld] OnPlayerPositionChanged: Player 446469990 at (467.02435, 218.03659), IsServer=False
[GameWorld] Client sending position to server
[GameWorld] SyncPlayerPosition RPC received on peer 446469990: Player 446469990 at (470.3577, 218.03659)
[GameWorld] Current player controllers: 3, Keys: [446469990, 1, 1125268556]
[GameWorld] Client updating remote player 446469990, isLocal=Player_446469990
[PlayerController] Ignoring UpdateRemotePosition for local player 446469990
[PlayerController] Player 446469990 emitting PositionChanged signal at (463.691, 218.03659)
[GameWorld] OnPlayerPositionChanged: Player 446469990 at (463.691, 218.03659), IsServer=False
[GameWorld] Client sending position to server
[GameWorld] SyncPlayerPosition RPC received on peer 446469990: Player 446469990 at (467.02435, 218.03659)
[GameWorld] Current player controllers: 3, Keys: [446469990, 1, 1125268556]
[GameWorld] Client updating remote player 446469990, isLocal=Player_446469990
[PlayerController] Ignoring UpdateRemotePosition for local player 446469990
[PlayerController] Player 446469990 emitting PositionChanged signal at (460.35767, 218.03659)
[GameWorld] OnPlayerPositionChanged: Player 446469990 at (460.35767, 218.03659), IsServer=False
[GameWorld] Client sending position to server
[GameWorld] SyncPlayerPosition RPC received on peer 446469990: Player 446469990 at (463.691, 218.03659)
[GameWorld] Current player controllers: 3, Keys: [446469990, 1, 1125268556]
[GameWorld] Client updating remote player 446469990, isLocal=Player_446469990
[PlayerController] Ignoring UpdateRemotePosition for local player 446469990
Body exited John: Player_446469990
[PlayerController] Player 446469990 emitting PositionChanged signal at (457.02432, 218.03659)
[GameWorld] OnPlayerPositionChanged: Player 446469990 at (457.02432, 218.03659), IsServer=False
[GameWorld] Client sending position to server
[GameWorld] SyncPlayerPosition RPC received on peer 446469990: Player 446469990 at (460.35767, 218.03659)
[GameWorld] Current player controllers: 3, Keys: [446469990, 1, 1125268556]
[GameWorld] Client updating remote player 446469990, isLocal=Player_446469990
[PlayerController] Ignoring UpdateRemotePosition for local player 446469990
[PlayerController] Player 446469990 emitting PositionChanged signal at (453.69098, 218.03659)
[GameWorld] OnPlayerPositionChanged: Player 446469990 at (453.69098, 218.03659), IsServer=False
[GameWorld] Client sending position to server
[GameWorld] SyncPlayerPosition RPC received on peer 446469990: Player 446469990 at (457.02432, 218.03659)
[GameWorld] Current player controllers: 3, Keys: [446469990, 1, 1125268556]
[GameWorld] Client updating remote player 446469990, isLocal=Player_446469990
[PlayerController] Ignoring UpdateRemotePosition for local player 446469990
[PlayerController] Player 446469990 emitting PositionChanged signal at (450.35764, 218.03659)
[GameWorld] OnPlayerPositionChanged: Player 446469990 at (450.35764, 218.03659), IsServer=False
[GameWorld] Client sending position to server
[GameWorld] SyncPlayerPosition RPC received on peer 446469990: Player 446469990 at (453.69098, 218.03659)
[GameWorld] Current player controllers: 3, Keys: [446469990, 1, 1125268556]
[GameWorld] Client updating remote player 446469990, isLocal=Player_446469990
[PlayerController] Ignoring UpdateRemotePosition for local player 446469990
[PlayerController] Player 446469990 emitting PositionChanged signal at (447.0243, 218.03659)
[GameWorld] OnPlayerPositionChanged: Player 446469990 at (447.0243, 218.03659), IsServer=False
[GameWorld] Client sending position to server
[PlayerController] Player 446469990 emitting PositionChanged signal at (443.69095, 218.03659)
[GameWorld] OnPlayerPositionChanged: Player 446469990 at (443.69095, 218.03659), IsServer=False
[GameWorld] Client sending position to server
[GameWorld] SyncPlayerPosition RPC received on peer 446469990: Player 446469990 at (450.35764, 218.03659)
[GameWorld] Current player controllers: 3, Keys: [446469990, 1, 1125268556]
[GameWorld] Client updating remote player 446469990, isLocal=Player_446469990
[PlayerController] Ignoring UpdateRemotePosition for local player 446469990
[GameWorld] SyncPlayerPosition RPC received on peer 446469990: Player 446469990 at (447.0243, 218.03659)
[GameWorld] Current player controllers: 3, Keys: [446469990, 1, 1125268556]
[GameWorld] Client updating remote player 446469990, isLocal=Player_446469990
[PlayerController] Ignoring UpdateRemotePosition for local player 446469990
[PlayerController] Player 446469990 emitting PositionChanged signal at (440.3576, 218.03659)
[GameWorld] OnPlayerPositionChanged: Player 446469990 at (440.3576, 218.03659), IsServer=False
[GameWorld] Client sending position to server
[GameWorld] SyncPlayerPosition RPC received on peer 446469990: Player 446469990 at (443.69095, 218.03659)
[GameWorld] Current player controllers: 3, Keys: [446469990, 1, 1125268556]
[GameWorld] Client updating remote player 446469990, isLocal=Player_446469990
[PlayerController] Ignoring UpdateRemotePosition for local player 446469990
[PlayerController] Player 446469990 emitting PositionChanged signal at (437.02426, 218.03659)
[GameWorld] OnPlayerPositionChanged: Player 446469990 at (437.02426, 218.03659), IsServer=False
[GameWorld] Client sending position to server
[GameWorld] SyncPlayerPosition RPC received on peer 446469990: Player 446469990 at (440.3576, 218.03659)
[GameWorld] Current player controllers: 3, Keys: [446469990, 1, 1125268556]
[GameWorld] Client updating remote player 446469990, isLocal=Player_446469990
[PlayerController] Ignoring UpdateRemotePosition for local player 446469990
[PlayerController] Player 446469990 emitting PositionChanged signal at (433.69092, 218.03659)
[GameWorld] OnPlayerPositionChanged: Player 446469990 at (433.69092, 218.03659), IsServer=False
[GameWorld] Client sending position to server
[GameWorld] SyncPlayerPosition RPC received on peer 446469990: Player 446469990 at (437.02426, 218.03659)
[GameWorld] Current player controllers: 3, Keys: [446469990, 1, 1125268556]
[GameWorld] Client updating remote player 446469990, isLocal=Player_446469990
[PlayerController] Ignoring UpdateRemotePosition for local player 446469990
[PlayerController] Player 446469990 emitting PositionChanged signal at (430.35757, 218.03659)
[GameWorld] OnPlayerPositionChanged: Player 446469990 at (430.35757, 218.03659), IsServer=False
[GameWorld] Client sending position to server
[GameWorld] SyncPlayerPosition RPC received on peer 446469990: Player 446469990 at (433.69092, 218.03659)
[GameWorld] Current player controllers: 3, Keys: [446469990, 1, 1125268556]
[GameWorld] Client updating remote player 446469990, isLocal=Player_446469990
[PlayerController] Ignoring UpdateRemotePosition for local player 446469990
[PlayerController] Player 446469990 emitting PositionChanged signal at (427.02423, 218.03659)
[GameWorld] OnPlayerPositionChanged: Player 446469990 at (427.02423, 218.03659), IsServer=False
[GameWorld] Client sending position to server
[GameWorld] SyncPlayerPosition RPC received on peer 446469990: Player 446469990 at (430.35757, 218.03659)
[GameWorld] Current player controllers: 3, Keys: [446469990, 1, 1125268556]
[GameWorld] Client updating remote player 446469990, isLocal=Player_446469990
[PlayerController] Ignoring UpdateRemotePosition for local player 446469990
[PlayerController] Player 446469990 emitting PositionChanged signal at (423.6909, 218.03659)
[GameWorld] OnPlayerPositionChanged: Player 446469990 at (423.6909, 218.03659), IsServer=False
[GameWorld] Client sending position to server
[GameWorld] SyncPlayerPosition RPC received on peer 446469990: Player 446469990 at (427.02423, 218.03659)
[GameWorld] Current player controllers: 3, Keys: [446469990, 1, 1125268556]
[GameWorld] Client updating remote player 446469990, isLocal=Player_446469990
[PlayerController] Ignoring UpdateRemotePosition for local player 446469990
[PlayerController] Player 446469990 emitting PositionChanged signal at (420.35754, 218.03659)
[GameWorld] OnPlayerPositionChanged: Player 446469990 at (420.35754, 218.03659), IsServer=False
[GameWorld] Client sending position to server
[PlayerController] Player 446469990 emitting PositionChanged signal at (417.0242, 218.03659)
[GameWorld] OnPlayerPositionChanged: Player 446469990 at (417.0242, 218.03659), IsServer=False
[GameWorld] Client sending position to server
[GameWorld] SyncPlayerPosition RPC received on peer 446469990: Player 446469990 at (423.6909, 218.03659)
[GameWorld] Current player controllers: 3, Keys: [446469990, 1, 1125268556]
[GameWorld] Client updating remote player 446469990, isLocal=Player_446469990
[PlayerController] Ignoring UpdateRemotePosition for local player 446469990
[GameWorld] SyncPlayerPosition RPC received on peer 446469990: Player 446469990 at (420.35754, 218.03659)
[GameWorld] Current player controllers: 3, Keys: [446469990, 1, 1125268556]
[GameWorld] Client updating remote player 446469990, isLocal=Player_446469990
[PlayerController] Ignoring UpdateRemotePosition for local player 446469990
[PlayerController] Player 446469990 emitting PositionChanged signal at (413.69086, 218.03659)
[GameWorld] OnPlayerPositionChanged: Player 446469990 at (413.69086, 218.03659), IsServer=False
[GameWorld] Client sending position to server
[PlayerController] Player 446469990 emitting PositionChanged signal at (410.3575, 218.03659)
[GameWorld] OnPlayerPositionChanged: Player 446469990 at (410.3575, 218.03659), IsServer=False
[GameWorld] Client sending position to server
[GameWorld] SyncPlayerPosition RPC received on peer 446469990: Player 446469990 at (417.0242, 218.03659)
[GameWorld] Current player controllers: 3, Keys: [446469990, 1, 1125268556]
[GameWorld] Client updating remote player 446469990, isLocal=Player_446469990
[PlayerController] Ignoring UpdateRemotePosition for local player 446469990
[GameWorld] SyncPlayerPosition RPC received on peer 446469990: Player 446469990 at (413.69086, 218.03659)
[GameWorld] Current player controllers: 3, Keys: [446469990, 1, 1125268556]
[GameWorld] Client updating remote player 446469990, isLocal=Player_446469990
[PlayerController] Ignoring UpdateRemotePosition for local player 446469990
[PlayerController] Player 446469990 emitting PositionChanged signal at (407.02417, 218.03659)
[GameWorld] OnPlayerPositionChanged: Player 446469990 at (407.02417, 218.03659), IsServer=False
[GameWorld] Client sending position to server
[GameWorld] SyncPlayerPosition RPC received on peer 446469990: Player 446469990 at (410.3575, 218.03659)
[GameWorld] Current player controllers: 3, Keys: [446469990, 1, 1125268556]
[GameWorld] Client updating remote player 446469990, isLocal=Player_446469990
[PlayerController] Ignoring UpdateRemotePosition for local player 446469990
[PlayerController] Player 446469990 emitting PositionChanged signal at (403.69083, 218.03659)
[GameWorld] OnPlayerPositionChanged: Player 446469990 at (403.69083, 218.03659), IsServer=False
[GameWorld] Client sending position to server
[GameWorld] SyncPlayerPosition RPC received on peer 446469990: Player 446469990 at (407.02417, 218.03659)
[GameWorld] Current player controllers: 3, Keys: [446469990, 1, 1125268556]
[GameWorld] Client updating remote player 446469990, isLocal=Player_446469990
[PlayerController] Ignoring UpdateRemotePosition for local player 446469990
[PlayerController] Player 446469990 emitting PositionChanged signal at (400.35748, 218.03659)
[GameWorld] OnPlayerPositionChanged: Player 446469990 at (400.35748, 218.03659), IsServer=False
[GameWorld] Client sending position to server
[GameWorld] SyncPlayerPosition RPC received on peer 446469990: Player 446469990 at (403.69083, 218.03659)
[GameWorld] Current player controllers: 3, Keys: [446469990, 1, 1125268556]
[GameWorld] Client updating remote player 446469990, isLocal=Player_446469990
[PlayerController] Ignoring UpdateRemotePosition for local player 446469990
[PlayerController] Player 446469990 emitting PositionChanged signal at (397.02414, 218.03659)
[GameWorld] OnPlayerPositionChanged: Player 446469990 at (397.02414, 218.03659), IsServer=False
[GameWorld] Client sending position to server
[PlayerController] Player 446469990 emitting PositionChanged signal at (393.6908, 218.03659)
[GameWorld] OnPlayerPositionChanged: Player 446469990 at (393.6908, 218.03659), IsServer=False
[GameWorld] Client sending position to server
[GameWorld] SyncPlayerPosition RPC received on peer 446469990: Player 446469990 at (400.35748, 218.03659)
[GameWorld] Current player controllers: 3, Keys: [446469990, 1, 1125268556]
[GameWorld] Client updating remote player 446469990, isLocal=Player_446469990
[PlayerController] Ignoring UpdateRemotePosition for local player 446469990
[GameWorld] SyncPlayerPosition RPC received on peer 446469990: Player 446469990 at (397.02414, 218.03659)
[GameWorld] Current player controllers: 3, Keys: [446469990, 1, 1125268556]
[GameWorld] Client updating remote player 446469990, isLocal=Player_446469990
[PlayerController] Ignoring UpdateRemotePosition for local player 446469990
[PlayerController] Player 446469990 emitting PositionChanged signal at (390.35745, 218.03659)
[GameWorld] OnPlayerPositionChanged: Player 446469990 at (390.35745, 218.03659), IsServer=False
[GameWorld] Client sending position to server
[GameWorld] SyncPlayerPosition RPC received on peer 446469990: Player 446469990 at (393.6908, 218.03659)
[GameWorld] Current player controllers: 3, Keys: [446469990, 1, 1125268556]
[GameWorld] Client updating remote player 446469990, isLocal=Player_446469990
[PlayerController] Ignoring UpdateRemotePosition for local player 446469990
[PlayerController] Player 446469990 emitting PositionChanged signal at (387.0241, 218.03659)
[GameWorld] OnPlayerPositionChanged: Player 446469990 at (387.0241, 218.03659), IsServer=False
[GameWorld] Client sending position to server
[GameWorld] SyncPlayerPosition RPC received on peer 446469990: Player 446469990 at (390.35745, 218.03659)
[GameWorld] Current player controllers: 3, Keys: [446469990, 1, 1125268556]
[GameWorld] Client updating remote player 446469990, isLocal=Player_446469990
[PlayerController] Ignoring UpdateRemotePosition for local player 446469990
[PlayerController] Player 446469990 emitting PositionChanged signal at (383.69077, 218.03659)
[GameWorld] OnPlayerPositionChanged: Player 446469990 at (383.69077, 218.03659), IsServer=False
[GameWorld] Client sending position to server
[GameWorld] SyncPlayerPosition RPC received on peer 446469990: Player 446469990 at (387.0241, 218.03659)
[GameWorld] Current player controllers: 3, Keys: [446469990, 1, 1125268556]
[GameWorld] Client updating remote player 446469990, isLocal=Player_446469990
[PlayerController] Ignoring UpdateRemotePosition for local player 446469990
[PlayerController] Player 446469990 emitting PositionChanged signal at (380.35742, 218.03659)
[GameWorld] OnPlayerPositionChanged: Player 446469990 at (380.35742, 218.03659), IsServer=False
[GameWorld] Client sending position to server
[GameWorld] SyncPlayerPosition RPC received on peer 446469990: Player 446469990 at (383.69077, 218.03659)
[GameWorld] Current player controllers: 3, Keys: [446469990, 1, 1125268556]
[GameWorld] Client updating remote player 446469990, isLocal=Player_446469990
[PlayerController] Ignoring UpdateRemotePosition for local player 446469990
[PlayerController] Player 446469990 emitting PositionChanged signal at (377.02408, 218.03659)
[GameWorld] OnPlayerPositionChanged: Player 446469990 at (377.02408, 218.03659), IsServer=False
[GameWorld] Client sending position to server
[GameWorld] SyncPlayerPosition RPC received on peer 446469990: Player 446469990 at (380.35742, 218.03659)
[GameWorld] Current player controllers: 3, Keys: [446469990, 1, 1125268556]
[GameWorld] Client updating remote player 446469990, isLocal=Player_446469990
[PlayerController] Ignoring UpdateRemotePosition for local player 446469990
[PlayerController] Player 446469990 emitting PositionChanged signal at (373.69073, 218.03659)
[GameWorld] OnPlayerPositionChanged: Player 446469990 at (373.69073, 218.03659), IsServer=False
[GameWorld] Client sending position to server
[GameWorld] SyncPlayerPosition RPC received on peer 446469990: Player 446469990 at (377.02408, 218.03659)
[GameWorld] Current player controllers: 3, Keys: [446469990, 1, 1125268556]
[GameWorld] Client updating remote player 446469990, isLocal=Player_446469990
[PlayerController] Ignoring UpdateRemotePosition for local player 446469990
[PlayerController] Player 446469990 emitting PositionChanged signal at (370.3574, 218.03659)
[GameWorld] OnPlayerPositionChanged: Player 446469990 at (370.3574, 218.03659), IsServer=False
[GameWorld] Client sending position to server
[GameWorld] SyncPlayerPosition RPC received on peer 446469990: Player 446469990 at (373.69073, 218.03659)
[GameWorld] Current player controllers: 3, Keys: [446469990, 1, 1125268556]
[GameWorld] Client updating remote player 446469990, isLocal=Player_446469990
[PlayerController] Ignoring UpdateRemotePosition for local player 446469990
[PlayerController] Player 446469990 emitting PositionChanged signal at (367.02405, 218.03659)
[GameWorld] OnPlayerPositionChanged: Player 446469990 at (367.02405, 218.03659), IsServer=False
[GameWorld] Client sending position to server
[GameWorld] SyncPlayerPosition RPC received on peer 446469990: Player 446469990 at (370.3574, 218.03659)
[GameWorld] Current player controllers: 3, Keys: [446469990, 1, 1125268556]
[GameWorld] Client updating remote player 446469990, isLocal=Player_446469990
[PlayerController] Ignoring UpdateRemotePosition for local player 446469990
[PlayerController] Player 446469990 emitting PositionChanged signal at (363.6907, 218.03659)
[GameWorld] OnPlayerPositionChanged: Player 446469990 at (363.6907, 218.03659), IsServer=False
[GameWorld] Client sending position to server
[PlayerController] Player 446469990 emitting PositionChanged signal at (360.35736, 218.03659)
[GameWorld] OnPlayerPositionChanged: Player 446469990 at (360.35736, 218.03659), IsServer=False
[GameWorld] Client sending position to server
[GameWorld] SyncPlayerPosition RPC received on peer 446469990: Player 446469990 at (367.02405, 218.03659)
[GameWorld] Current player controllers: 3, Keys: [446469990, 1, 1125268556]
[GameWorld] Client updating remote player 446469990, isLocal=Player_446469990
[PlayerController] Ignoring UpdateRemotePosition for local player 446469990
[GameWorld] SyncPlayerPosition RPC received on peer 446469990: Player 446469990 at (363.6907, 218.03659)
[GameWorld] Current player controllers: 3, Keys: [446469990, 1, 1125268556]
[GameWorld] Client updating remote player 446469990, isLocal=Player_446469990
[PlayerController] Ignoring UpdateRemotePosition for local player 446469990
[PlayerController] Player 446469990 emitting PositionChanged signal at (357.02402, 218.03659)
[GameWorld] OnPlayerPositionChanged: Player 446469990 at (357.02402, 218.03659), IsServer=False
[GameWorld] Client sending position to server
[GameWorld] SyncPlayerPosition RPC received on peer 446469990: Player 446469990 at (360.35736, 218.03659)
[GameWorld] Current player controllers: 3, Keys: [446469990, 1, 1125268556]
[GameWorld] Client updating remote player 446469990, isLocal=Player_446469990
[PlayerController] Ignoring UpdateRemotePosition for local player 446469990
[PlayerController] Player 446469990 emitting PositionChanged signal at (353.69067, 218.03659)
[GameWorld] OnPlayerPositionChanged: Player 446469990 at (353.69067, 218.03659), IsServer=False
[GameWorld] Client sending position to server
[GameWorld] SyncPlayerPosition RPC received on peer 446469990: Player 446469990 at (357.02402, 218.03659)
[GameWorld] Current player controllers: 3, Keys: [446469990, 1, 1125268556]
[GameWorld] Client updating remote player 446469990, isLocal=Player_446469990
[PlayerController] Ignoring UpdateRemotePosition for local player 446469990
[PlayerController] Player 446469990 emitting PositionChanged signal at (350.35733, 218.03659)
[GameWorld] OnPlayerPositionChanged: Player 446469990 at (350.35733, 218.03659), IsServer=False
[GameWorld] Client sending position to server
[GameWorld] SyncPlayerPosition RPC received on peer 446469990: Player 446469990 at (353.69067, 218.03659)
[GameWorld] Current player controllers: 3, Keys: [446469990, 1, 1125268556]
[GameWorld] Client updating remote player 446469990, isLocal=Player_446469990
[PlayerController] Ignoring UpdateRemotePosition for local player 446469990
[PlayerController] Player 446469990 emitting PositionChanged signal at (347.024, 218.03659)
[GameWorld] OnPlayerPositionChanged: Player 446469990 at (347.024, 218.03659), IsServer=False
[GameWorld] Client sending position to server
[GameWorld] SyncPlayerPosition RPC received on peer 446469990: Player 446469990 at (350.35733, 218.03659)
[GameWorld] Current player controllers: 3, Keys: [446469990, 1, 1125268556]
[GameWorld] Client updating remote player 446469990, isLocal=Player_446469990
[PlayerController] Ignoring UpdateRemotePosition for local player 446469990
[PlayerController] Player 446469990 emitting PositionChanged signal at (343.69064, 218.03659)
[GameWorld] OnPlayerPositionChanged: Player 446469990 at (343.69064, 218.03659), IsServer=False
[GameWorld] Client sending position to server
[GameWorld] SyncPlayerPosition RPC received on peer 446469990: Player 446469990 at (347.024, 218.03659)
[GameWorld] Current player controllers: 3, Keys: [446469990, 1, 1125268556]
[GameWorld] Client updating remote player 446469990, isLocal=Player_446469990
[PlayerController] Ignoring UpdateRemotePosition for local player 446469990
[PlayerController] Player 446469990 emitting PositionChanged signal at (340.3573, 218.03659)
[GameWorld] OnPlayerPositionChanged: Player 446469990 at (340.3573, 218.03659), IsServer=False
[GameWorld] Client sending position to server
[GameWorld] SyncPlayerPosition RPC received on peer 446469990: Player 446469990 at (343.69064, 218.03659)
[GameWorld] Current player controllers: 3, Keys: [446469990, 1, 1125268556]
[GameWorld] Client updating remote player 446469990, isLocal=Player_446469990
[PlayerController] Ignoring UpdateRemotePosition for local player 446469990
[PlayerController] Player 446469990 emitting PositionChanged signal at (337.02396, 218.03659)
[GameWorld] OnPlayerPositionChanged: Player 446469990 at (337.02396, 218.03659), IsServer=False
[GameWorld] Client sending position to server
[GameWorld] SyncPlayerPosition RPC received on peer 446469990: Player 446469990 at (340.3573, 218.03659)
[GameWorld] Current player controllers: 3, Keys: [446469990, 1, 1125268556]
[GameWorld] Client updating remote player 446469990, isLocal=Player_446469990
[PlayerController] Ignoring UpdateRemotePosition for local player 446469990
[PlayerController] Player 446469990 emitting PositionChanged signal at (333.6906, 218.03659)
[GameWorld] OnPlayerPositionChanged: Player 446469990 at (333.6906, 218.03659), IsServer=False
[GameWorld] Client sending position to server
[GameWorld] SyncPlayerPosition RPC received on peer 446469990: Player 446469990 at (337.02396, 218.03659)
[GameWorld] Current player controllers: 3, Keys: [446469990, 1, 1125268556]
[GameWorld] Client updating remote player 446469990, isLocal=Player_446469990
[PlayerController] Ignoring UpdateRemotePosition for local player 446469990
[PlayerController] Player 446469990 emitting PositionChanged signal at (330.35727, 218.03659)
[GameWorld] OnPlayerPositionChanged: Player 446469990 at (330.35727, 218.03659), IsServer=False
[GameWorld] Client sending position to server
[GameWorld] SyncPlayerPosition RPC received on peer 446469990: Player 446469990 at (333.6906, 218.03659)
[GameWorld] Current player controllers: 3, Keys: [446469990, 1, 1125268556]
[GameWorld] Client updating remote player 446469990, isLocal=Player_446469990
[PlayerController] Ignoring UpdateRemotePosition for local player 446469990
Body entered Katy: Player_446469990
Local player entered Katy range. Auto-interacting.
GameWorld received OnNPCClicked for katy. Current Role: 'Producer'
[PlayerController] Player 446469990 emitting PositionChanged signal at (327.02393, 218.03659)
[GameWorld] OnPlayerPositionChanged: Player 446469990 at (327.02393, 218.03659), IsServer=False
[GameWorld] Client sending position to server
[GameWorld] SyncPlayerPosition RPC received on peer 446469990: Player 446469990 at (330.35727, 218.03659)
[GameWorld] Current player controllers: 3, Keys: [446469990, 1, 1125268556]
[GameWorld] Client updating remote player 446469990, isLocal=Player_446469990
[PlayerController] Ignoring UpdateRemotePosition for local player 446469990
[PlayerController] Player 446469990 emitting PositionChanged signal at (323.69058, 218.03659)
[GameWorld] OnPlayerPositionChanged: Player 446469990 at (323.69058, 218.03659), IsServer=False
[GameWorld] Client sending position to server
[GameWorld] SyncPlayerPosition RPC received on peer 446469990: Player 446469990 at (327.02393, 218.03659)
[GameWorld] Current player controllers: 3, Keys: [446469990, 1, 1125268556]
[GameWorld] Client updating remote player 446469990, isLocal=Player_446469990
[PlayerController] Ignoring UpdateRemotePosition for local player 446469990
[PlayerController] Player 446469990 emitting PositionChanged signal at (320.35724, 218.03659)
[GameWorld] OnPlayerPositionChanged: Player 446469990 at (320.35724, 218.03659), IsServer=False
[GameWorld] Client sending position to server
[GameWorld] SyncPlayerPosition RPC received on peer 446469990: Player 446469990 at (323.69058, 218.03659)
[GameWorld] Current player controllers: 3, Keys: [446469990, 1, 1125268556]
[GameWorld] Client updating remote player 446469990, isLocal=Player_446469990
[PlayerController] Ignoring UpdateRemotePosition for local player 446469990
[PlayerController] Player 446469990 emitting PositionChanged signal at (317.0239, 218.03659)
[GameWorld] OnPlayerPositionChanged: Player 446469990 at (317.0239, 218.03659), IsServer=False
[GameWorld] Client sending position to server
[GameWorld] SyncPlayerPosition RPC received on peer 446469990: Player 446469990 at (320.35724, 218.03659)
[GameWorld] Current player controllers: 3, Keys: [446469990, 1, 1125268556]
[GameWorld] Client updating remote player 446469990, isLocal=Player_446469990
[PlayerController] Ignoring UpdateRemotePosition for local player 446469990
[PlayerController] Player 446469990 emitting PositionChanged signal at (313.69055, 218.03659)
[GameWorld] OnPlayerPositionChanged: Player 446469990 at (313.69055, 218.03659), IsServer=False
[GameWorld] Client sending position to server
[PlayerController] Player 446469990 emitting PositionChanged signal at (310.3572, 218.03659)
[GameWorld] OnPlayerPositionChanged: Player 446469990 at (310.3572, 218.03659), IsServer=False
[GameWorld] Client sending position to server
[GameWorld] SyncPlayerPosition RPC received on peer 446469990: Player 446469990 at (317.0239, 218.03659)
[GameWorld] Current player controllers: 3, Keys: [446469990, 1, 1125268556]
[GameWorld] Client updating remote player 446469990, isLocal=Player_446469990
[PlayerController] Ignoring UpdateRemotePosition for local player 446469990
[GameWorld] SyncPlayerPosition RPC received on peer 446469990: Player 446469990 at (313.69055, 218.03659)
[GameWorld] Current player controllers: 3, Keys: [446469990, 1, 1125268556]
[GameWorld] Client updating remote player 446469990, isLocal=Player_446469990
[PlayerController] Ignoring UpdateRemotePosition for local player 446469990
[PlayerController] Player 446469990 emitting PositionChanged signal at (307.02386, 218.03659)
[GameWorld] OnPlayerPositionChanged: Player 446469990 at (307.02386, 218.03659), IsServer=False
[GameWorld] Client sending position to server
[GameWorld] SyncPlayerPosition RPC received on peer 446469990: Player 446469990 at (310.3572, 218.03659)
[GameWorld] Current player controllers: 3, Keys: [446469990, 1, 1125268556]
[GameWorld] Client updating remote player 446469990, isLocal=Player_446469990
[PlayerController] Ignoring UpdateRemotePosition for local player 446469990
[PlayerController] Player 446469990 emitting PositionChanged signal at (303.69052, 218.03659)
[GameWorld] OnPlayerPositionChanged: Player 446469990 at (303.69052, 218.03659), IsServer=False
[GameWorld] Client sending position to server
[GameWorld] SyncPlayerPosition RPC received on peer 446469990: Player 446469990 at (307.02386, 218.03659)
[GameWorld] Current player controllers: 3, Keys: [446469990, 1, 1125268556]
[GameWorld] Client updating remote player 446469990, isLocal=Player_446469990
[PlayerController] Ignoring UpdateRemotePosition for local player 446469990
[PlayerController] Player 446469990 emitting PositionChanged signal at (300.35718, 218.03659)
[GameWorld] OnPlayerPositionChanged: Player 446469990 at (300.35718, 218.03659), IsServer=False
[GameWorld] Client sending position to server
[GameWorld] SyncPlayerPosition RPC received on peer 446469990: Player 446469990 at (303.69052, 218.03659)
[GameWorld] Current player controllers: 3, Keys: [446469990, 1, 1125268556]
[GameWorld] Client updating remote player 446469990, isLocal=Player_446469990
[PlayerController] Ignoring UpdateRemotePosition for local player 446469990
[PlayerController] Player 446469990 emitting PositionChanged signal at (297.02383, 218.03659)
[GameWorld] OnPlayerPositionChanged: Player 446469990 at (297.02383, 218.03659), IsServer=False
[GameWorld] Client sending position to server
[GameWorld] SyncPlayerPosition RPC received on peer 446469990: Player 446469990 at (300.35718, 218.03659)
[GameWorld] Current player controllers: 3, Keys: [446469990, 1, 1125268556]
[GameWorld] Client updating remote player 446469990, isLocal=Player_446469990
[PlayerController] Ignoring UpdateRemotePosition for local player 446469990
[PlayerController] Player 446469990 emitting PositionChanged signal at (293.6905, 218.03659)
[GameWorld] OnPlayerPositionChanged: Player 446469990 at (293.6905, 218.03659), IsServer=False
[GameWorld] Client sending position to server
[GameWorld] SyncPlayerPosition RPC received on peer 446469990: Player 446469990 at (297.02383, 218.03659)
[GameWorld] Current player controllers: 3, Keys: [446469990, 1, 1125268556]
[GameWorld] Client updating remote player 446469990, isLocal=Player_446469990
[PlayerController] Ignoring UpdateRemotePosition for local player 446469990
[PlayerController] Player 446469990 emitting PositionChanged signal at (290.35715, 218.03659)
[GameWorld] OnPlayerPositionChanged: Player 446469990 at (290.35715, 218.03659), IsServer=False
[GameWorld] Client sending position to server
[GameWorld] SyncPlayerPosition RPC received on peer 446469990: Player 446469990 at (293.6905, 218.03659)
[GameWorld] Current player controllers: 3, Keys: [446469990, 1, 1125268556]
[GameWorld] Client updating remote player 446469990, isLocal=Player_446469990
[PlayerController] Ignoring UpdateRemotePosition for local player 446469990
[PlayerController] Player 446469990 emitting PositionChanged signal at (287.0238, 218.03659)
[GameWorld] OnPlayerPositionChanged: Player 446469990 at (287.0238, 218.03659), IsServer=False
[GameWorld] Client sending position to server
[GameWorld] SyncPlayerPosition RPC received on peer 446469990: Player 446469990 at (290.35715, 218.03659)
[GameWorld] Current player controllers: 3, Keys: [446469990, 1, 1125268556]
[GameWorld] Client updating remote player 446469990, isLocal=Player_446469990
[PlayerController] Ignoring UpdateRemotePosition for local player 446469990
[PlayerController] Player 446469990 emitting PositionChanged signal at (283.69046, 218.03659)
[GameWorld] OnPlayerPositionChanged: Player 446469990 at (283.69046, 218.03659), IsServer=False
[GameWorld] Client sending position to server
[GameWorld] SyncPlayerPosition RPC received on peer 446469990: Player 446469990 at (287.0238, 218.03659)
[GameWorld] Current player controllers: 3, Keys: [446469990, 1, 1125268556]
[GameWorld] Client updating remote player 446469990, isLocal=Player_446469990
[PlayerController] Ignoring UpdateRemotePosition for local player 446469990
[PlayerController] Player 446469990 emitting PositionChanged signal at (280.35712, 218.03659)
[GameWorld] OnPlayerPositionChanged: Player 446469990 at (280.35712, 218.03659), IsServer=False
[GameWorld] Client sending position to server
[GameWorld] SyncPlayerPosition RPC received on peer 446469990: Player 446469990 at (283.69046, 218.03659)
[GameWorld] Current player controllers: 3, Keys: [446469990, 1, 1125268556]
[GameWorld] Client updating remote player 446469990, isLocal=Player_446469990
[PlayerController] Ignoring UpdateRemotePosition for local player 446469990
[PlayerController] Player 446469990 emitting PositionChanged signal at (277.02377, 218.03659)
[GameWorld] OnPlayerPositionChanged: Player 446469990 at (277.02377, 218.03659), IsServer=False
[GameWorld] Client sending position to server
[GameWorld] SyncPlayerPosition RPC received on peer 446469990: Player 446469990 at (280.35712, 218.03659)
[GameWorld] Current player controllers: 3, Keys: [446469990, 1, 1125268556]
[GameWorld] Client updating remote player 446469990, isLocal=Player_446469990
[PlayerController] Ignoring UpdateRemotePosition for local player 446469990
[PlayerController] Player 446469990 emitting PositionChanged signal at (273.69043, 218.03659)
[GameWorld] OnPlayerPositionChanged: Player 446469990 at (273.69043, 218.03659), IsServer=False
[GameWorld] Client sending position to server
[GameWorld] SyncPlayerPosition RPC received on peer 446469990: Player 446469990 at (277.02377, 218.03659)
[GameWorld] Current player controllers: 3, Keys: [446469990, 1, 1125268556]
[GameWorld] Client updating remote player 446469990, isLocal=Player_446469990
[PlayerController] Ignoring UpdateRemotePosition for local player 446469990
[PlayerController] Player 446469990 emitting PositionChanged signal at (270.3571, 218.03659)
[GameWorld] OnPlayerPositionChanged: Player 446469990 at (270.3571, 218.03659), IsServer=False
[GameWorld] Client sending position to server
[GameWorld] SyncPlayerPosition RPC received on peer 446469990: Player 446469990 at (273.69043, 218.03659)
[GameWorld] Current player controllers: 3, Keys: [446469990, 1, 1125268556]
[GameWorld] Client updating remote player 446469990, isLocal=Player_446469990
[PlayerController] Ignoring UpdateRemotePosition for local player 446469990
[PlayerController] Player 446469990 emitting PositionChanged signal at (267.02374, 218.03659)
[GameWorld] OnPlayerPositionChanged: Player 446469990 at (267.02374, 218.03659), IsServer=False
[GameWorld] Client sending position to server
[GameWorld] SyncPlayerPosition RPC received on peer 446469990: Player 446469990 at (270.3571, 218.03659)
[GameWorld] Current player controllers: 3, Keys: [446469990, 1, 1125268556]
[GameWorld] Client updating remote player 446469990, isLocal=Player_446469990
[PlayerController] Ignoring UpdateRemotePosition for local player 446469990
[PlayerController] Player 446469990 emitting PositionChanged signal at (263.6904, 218.03659)
[GameWorld] OnPlayerPositionChanged: Player 446469990 at (263.6904, 218.03659), IsServer=False
[GameWorld] Client sending position to server
[GameWorld] SyncPlayerPosition RPC received on peer 446469990: Player 446469990 at (267.02374, 218.03659)
[GameWorld] Current player controllers: 3, Keys: [446469990, 1, 1125268556]
[GameWorld] Client updating remote player 446469990, isLocal=Player_446469990
[PlayerController] Ignoring UpdateRemotePosition for local player 446469990
[PlayerController] Player 446469990 emitting PositionChanged signal at (260.35706, 218.03659)
[GameWorld] OnPlayerPositionChanged: Player 446469990 at (260.35706, 218.03659), IsServer=False
[GameWorld] Client sending position to server
[GameWorld] SyncPlayerPosition RPC received on peer 446469990: Player 446469990 at (263.6904, 218.03659)
[GameWorld] Current player controllers: 3, Keys: [446469990, 1, 1125268556]
[GameWorld] Client updating remote player 446469990, isLocal=Player_446469990
[PlayerController] Ignoring UpdateRemotePosition for local player 446469990
[PlayerController] Player 446469990 emitting PositionChanged signal at (257.0237, 218.03659)
[GameWorld] OnPlayerPositionChanged: Player 446469990 at (257.0237, 218.03659), IsServer=False
[GameWorld] Client sending position to server
[GameWorld] SyncPlayerPosition RPC received on peer 446469990: Player 446469990 at (260.35706, 218.03659)
[GameWorld] Current player controllers: 3, Keys: [446469990, 1, 1125268556]
[GameWorld] Client updating remote player 446469990, isLocal=Player_446469990
[PlayerController] Ignoring UpdateRemotePosition for local player 446469990
[PlayerController] Player 446469990 emitting PositionChanged signal at (253.69038, 218.03659)
[GameWorld] OnPlayerPositionChanged: Player 446469990 at (253.69038, 218.03659), IsServer=False
[GameWorld] Client sending position to server
[GameWorld] SyncPlayerPosition RPC received on peer 446469990: Player 446469990 at (257.0237, 218.03659)
[GameWorld] Current player controllers: 3, Keys: [446469990, 1, 1125268556]
[GameWorld] Client updating remote player 446469990, isLocal=Player_446469990
[PlayerController] Ignoring UpdateRemotePosition for local player 446469990
[PlayerController] Player 446469990 emitting PositionChanged signal at (250.35706, 218.03659)
[GameWorld] OnPlayerPositionChanged: Player 446469990 at (250.35706, 218.03659), IsServer=False
[GameWorld] Client sending position to server
[GameWorld] SyncPlayerPosition RPC received on peer 446469990: Player 446469990 at (253.69038, 218.03659)
[GameWorld] Current player controllers: 3, Keys: [446469990, 1, 1125268556]
[GameWorld] Client updating remote player 446469990, isLocal=Player_446469990
[PlayerController] Ignoring UpdateRemotePosition for local player 446469990
[PlayerController] Player 446469990 emitting PositionChanged signal at (247.02373, 218.03659)
[GameWorld] OnPlayerPositionChanged: Player 446469990 at (247.02373, 218.03659), IsServer=False
[GameWorld] Client sending position to server
[PlayerController] Player 446469990 emitting PositionChanged signal at (243.6904, 218.03659)
[GameWorld] OnPlayerPositionChanged: Player 446469990 at (243.6904, 218.03659), IsServer=False
[GameWorld] Client sending position to server
[GameWorld] SyncPlayerPosition RPC received on peer 446469990: Player 446469990 at (250.35706, 218.03659)
[GameWorld] Current player controllers: 3, Keys: [446469990, 1, 1125268556]
[GameWorld] Client updating remote player 446469990, isLocal=Player_446469990
[PlayerController] Ignoring UpdateRemotePosition for local player 446469990
[GameWorld] SyncPlayerPosition RPC received on peer 446469990: Player 446469990 at (247.02373, 218.03659)
[GameWorld] Current player controllers: 3, Keys: [446469990, 1, 1125268556]
[GameWorld] Client updating remote player 446469990, isLocal=Player_446469990
[PlayerController] Ignoring UpdateRemotePosition for local player 446469990
[PlayerController] Player 446469990 emitting PositionChanged signal at (240.35707, 218.03659)
[GameWorld] OnPlayerPositionChanged: Player 446469990 at (240.35707, 218.03659), IsServer=False
[GameWorld] Client sending position to server
[PlayerController] Player 446469990 emitting PositionChanged signal at (237.02374, 218.03659)
[GameWorld] OnPlayerPositionChanged: Player 446469990 at (237.02374, 218.03659), IsServer=False
[GameWorld] Client sending position to server
[GameWorld] SyncPlayerPosition RPC received on peer 446469990: Player 446469990 at (243.6904, 218.03659)
[GameWorld] Current player controllers: 3, Keys: [446469990, 1, 1125268556]
[GameWorld] Client updating remote player 446469990, isLocal=Player_446469990
[PlayerController] Ignoring UpdateRemotePosition for local player 446469990
[GameWorld] SyncPlayerPosition RPC received on peer 446469990: Player 446469990 at (240.35707, 218.03659)
[GameWorld] Current player controllers: 3, Keys: [446469990, 1, 1125268556]
[GameWorld] Client updating remote player 446469990, isLocal=Player_446469990
[PlayerController] Ignoring UpdateRemotePosition for local player 446469990
[PlayerController] Player 446469990 emitting PositionChanged signal at (233.69041, 218.03659)
[GameWorld] OnPlayerPositionChanged: Player 446469990 at (233.69041, 218.03659), IsServer=False
[GameWorld] Client sending position to server
[GameWorld] SyncPlayerPosition RPC received on peer 446469990: Player 446469990 at (237.02374, 218.03659)
[GameWorld] Current player controllers: 3, Keys: [446469990, 1, 1125268556]
[GameWorld] Client updating remote player 446469990, isLocal=Player_446469990
[PlayerController] Ignoring UpdateRemotePosition for local player 446469990
[PlayerController] Player 446469990 emitting PositionChanged signal at (230.35709, 218.03659)
[GameWorld] OnPlayerPositionChanged: Player 446469990 at (230.35709, 218.03659), IsServer=False
[GameWorld] Client sending position to server
[PlayerController] Player 446469990 emitting PositionChanged signal at (227.02376, 218.03659)
[GameWorld] OnPlayerPositionChanged: Player 446469990 at (227.02376, 218.03659), IsServer=False
[GameWorld] Client sending position to server
[GameWorld] SyncPlayerPosition RPC received on peer 446469990: Player 446469990 at (233.69041, 218.03659)
[GameWorld] Current player controllers: 3, Keys: [446469990, 1, 1125268556]
[GameWorld] Client updating remote player 446469990, isLocal=Player_446469990
[PlayerController] Ignoring UpdateRemotePosition for local player 446469990
[GameWorld] SyncPlayerPosition RPC received on peer 446469990: Player 446469990 at (230.35709, 218.03659)
[GameWorld] Current player controllers: 3, Keys: [446469990, 1, 1125268556]
[GameWorld] Client updating remote player 446469990, isLocal=Player_446469990
[PlayerController] Ignoring UpdateRemotePosition for local player 446469990
[PlayerController] Player 446469990 emitting PositionChanged signal at (223.69043, 218.03659)
[GameWorld] OnPlayerPositionChanged: Player 446469990 at (223.69043, 218.03659), IsServer=False
[GameWorld] Client sending position to server
[GameWorld] SyncPlayerPosition RPC received on peer 446469990: Player 446469990 at (227.02376, 218.03659)
[GameWorld] Current player controllers: 3, Keys: [446469990, 1, 1125268556]
[GameWorld] Client updating remote player 446469990, isLocal=Player_446469990
[PlayerController] Ignoring UpdateRemotePosition for local player 446469990
[PlayerController] Player 446469990 emitting PositionChanged signal at (220.3571, 218.03659)
[GameWorld] OnPlayerPositionChanged: Player 446469990 at (220.3571, 218.03659), IsServer=False
[GameWorld] Client sending position to server
[GameWorld] SyncPlayerPosition RPC received on peer 446469990: Player 446469990 at (223.69043, 218.03659)
[GameWorld] Current player controllers: 3, Keys: [446469990, 1, 1125268556]
[GameWorld] Client updating remote player 446469990, isLocal=Player_446469990
[PlayerController] Ignoring UpdateRemotePosition for local player 446469990
[PlayerController] Player 446469990 emitting PositionChanged signal at (217.02377, 218.03659)
[GameWorld] OnPlayerPositionChanged: Player 446469990 at (217.02377, 218.03659), IsServer=False
[GameWorld] Client sending position to server
[GameWorld] SyncPlayerPosition RPC received on peer 446469990: Player 446469990 at (220.3571, 218.03659)
[GameWorld] Current player controllers: 3, Keys: [446469990, 1, 1125268556]
[GameWorld] Client updating remote player 446469990, isLocal=Player_446469990
[PlayerController] Ignoring UpdateRemotePosition for local player 446469990
[GameWorld] SyncPlayerPosition RPC received on peer 446469990: Player 446469990 at (217.02377, 218.03659)
[GameWorld] Current player controllers: 3, Keys: [446469990, 1, 1125268556]
[GameWorld] Client updating remote player 446469990, isLocal=Player_446469990
[PlayerController] Ignoring UpdateRemotePosition for local player 446469990
Action selected: interview for NPC katy
[GameWorld] UpdateGameState called on peer 446469990, players before: 3
[PlayerController] Player 446469990 emitting PositionChanged signal at (220.3571, 218.03659)
[GameWorld] OnPlayerPositionChanged: Player 446469990 at (220.3571, 218.03659), IsServer=False
[GameWorld] Client sending position to server
[PlayerController] Player 446469990 emitting PositionChanged signal at (223.69043, 218.03659)
[GameWorld] OnPlayerPositionChanged: Player 446469990 at (223.69043, 218.03659), IsServer=False
[GameWorld] Client sending position to server
[GameWorld] SyncPlayerPosition RPC received on peer 446469990: Player 446469990 at (220.3571, 218.03659)
[GameWorld] Current player controllers: 3, Keys: [446469990, 1, 1125268556]
[GameWorld] Client updating remote player 446469990, isLocal=Player_446469990
[PlayerController] Ignoring UpdateRemotePosition for local player 446469990
[PlayerController] Player 446469990 emitting PositionChanged signal at (227.02376, 218.03659)
[GameWorld] OnPlayerPositionChanged: Player 446469990 at (227.02376, 218.03659), IsServer=False
[GameWorld] Client sending position to server
[GameWorld] SyncPlayerPosition RPC received on peer 446469990: Player 446469990 at (223.69043, 218.03659)
[GameWorld] Current player controllers: 3, Keys: [446469990, 1, 1125268556]
[GameWorld] Client updating remote player 446469990, isLocal=Player_446469990
[PlayerController] Ignoring UpdateRemotePosition for local player 446469990
[PlayerController] Player 446469990 emitting PositionChanged signal at (230.35709, 218.03659)
[GameWorld] OnPlayerPositionChanged: Player 446469990 at (230.35709, 218.03659), IsServer=False
[GameWorld] Client sending position to server
[GameWorld] SyncPlayerPosition RPC received on peer 446469990: Player 446469990 at (227.02376, 218.03659)
[GameWorld] Current player controllers: 3, Keys: [446469990, 1, 1125268556]
[GameWorld] Client updating remote player 446469990, isLocal=Player_446469990
[PlayerController] Ignoring UpdateRemotePosition for local player 446469990
[PlayerController] Player 446469990 emitting PositionChanged signal at (233.69041, 218.03659)
[GameWorld] OnPlayerPositionChanged: Player 446469990 at (233.69041, 218.03659), IsServer=False
[GameWorld] Client sending position to server
[GameWorld] SyncPlayerPosition RPC received on peer 446469990: Player 446469990 at (230.35709, 218.03659)
[GameWorld] Current player controllers: 3, Keys: [446469990, 1, 1125268556]
[GameWorld] Client updating remote player 446469990, isLocal=Player_446469990
[PlayerController] Ignoring UpdateRemotePosition for local player 446469990
[PlayerController] Player 446469990 emitting PositionChanged signal at (237.02374, 218.03659)
[GameWorld] OnPlayerPositionChanged: Player 446469990 at (237.02374, 218.03659), IsServer=False
[GameWorld] Client sending position to server
[GameWorld] SyncPlayerPosition RPC received on peer 446469990: Player 446469990 at (233.69041, 218.03659)
[GameWorld] Current player controllers: 3, Keys: [446469990, 1, 1125268556]
[GameWorld] Client updating remote player 446469990, isLocal=Player_446469990
[PlayerController] Ignoring UpdateRemotePosition for local player 446469990
[PlayerController] Player 446469990 emitting PositionChanged signal at (240.35707, 218.03659)
[GameWorld] OnPlayerPositionChanged: Player 446469990 at (240.35707, 218.03659), IsServer=False
[GameWorld] Client sending position to server
[GameWorld] SyncPlayerPosition RPC received on peer 446469990: Player 446469990 at (237.02374, 218.03659)
[GameWorld] Current player controllers: 3, Keys: [446469990, 1, 1125268556]
[GameWorld] Client updating remote player 446469990, isLocal=Player_446469990
[PlayerController] Ignoring UpdateRemotePosition for local player 446469990
[PlayerController] Player 446469990 emitting PositionChanged signal at (243.6904, 218.03659)
[GameWorld] OnPlayerPositionChanged: Player 446469990 at (243.6904, 218.03659), IsServer=False
[GameWorld] Client sending position to server
[GameWorld] SyncPlayerPosition RPC received on peer 446469990: Player 446469990 at (240.35707, 218.03659)
[GameWorld] Current player controllers: 3, Keys: [446469990, 1, 1125268556]
[GameWorld] Client updating remote player 446469990, isLocal=Player_446469990
[PlayerController] Ignoring UpdateRemotePosition for local player 446469990
[PlayerController] Player 446469990 emitting PositionChanged signal at (247.02373, 218.03659)
[GameWorld] OnPlayerPositionChanged: Player 446469990 at (247.02373, 218.03659), IsServer=False
[GameWorld] Client sending position to server
[GameWorld] SyncPlayerPosition RPC received on peer 446469990: Player 446469990 at (243.6904, 218.03659)
[GameWorld] Current player controllers: 3, Keys: [446469990, 1, 1125268556]
[GameWorld] Client updating remote player 446469990, isLocal=Player_446469990
[PlayerController] Ignoring UpdateRemotePosition for local player 446469990
[PlayerController] Player 446469990 emitting PositionChanged signal at (250.35706, 218.03659)
[GameWorld] OnPlayerPositionChanged: Player 446469990 at (250.35706, 218.03659), IsServer=False
[GameWorld] Client sending position to server
[GameWorld] SyncPlayerPosition RPC received on peer 446469990: Player 446469990 at (247.02373, 218.03659)
[GameWorld] Current player controllers: 3, Keys: [446469990, 1, 1125268556]
[GameWorld] Client updating remote player 446469990, isLocal=Player_446469990
[PlayerController] Ignoring UpdateRemotePosition for local player 446469990
[PlayerController] Player 446469990 emitting PositionChanged signal at (253.69038, 218.03659)
[GameWorld] OnPlayerPositionChanged: Player 446469990 at (253.69038, 218.03659), IsServer=False
[GameWorld] Client sending position to server
[GameWorld] SyncPlayerPosition RPC received on peer 446469990: Player 446469990 at (250.35706, 218.03659)
[GameWorld] Current player controllers: 3, Keys: [446469990, 1, 1125268556]
[GameWorld] Client updating remote player 446469990, isLocal=Player_446469990
[PlayerController] Ignoring UpdateRemotePosition for local player 446469990
[PlayerController] Player 446469990 emitting PositionChanged signal at (257.0237, 218.03659)
[GameWorld] OnPlayerPositionChanged: Player 446469990 at (257.0237, 218.03659), IsServer=False
[GameWorld] Client sending position to server
[GameWorld] SyncPlayerPosition RPC received on peer 446469990: Player 446469990 at (253.69038, 218.03659)
[GameWorld] Current player controllers: 3, Keys: [446469990, 1, 1125268556]
[GameWorld] Client updating remote player 446469990, isLocal=Player_446469990
[PlayerController] Ignoring UpdateRemotePosition for local player 446469990
[PlayerController] Player 446469990 emitting PositionChanged signal at (260.35706, 218.03659)
[GameWorld] OnPlayerPositionChanged: Player 446469990 at (260.35706, 218.03659), IsServer=False
[GameWorld] Client sending position to server
[GameWorld] SyncPlayerPosition RPC received on peer 446469990: Player 446469990 at (257.0237, 218.03659)
[GameWorld] Current player controllers: 3, Keys: [446469990, 1, 1125268556]
[GameWorld] Client updating remote player 446469990, isLocal=Player_446469990
[PlayerController] Ignoring UpdateRemotePosition for local player 446469990
[PlayerController] Player 446469990 emitting PositionChanged signal at (263.6904, 218.03659)
[GameWorld] OnPlayerPositionChanged: Player 446469990 at (263.6904, 218.03659), IsServer=False
[GameWorld] Client sending position to server
[GameWorld] SyncPlayerPosition RPC received on peer 446469990: Player 446469990 at (260.35706, 218.03659)
[GameWorld] Current player controllers: 3, Keys: [446469990, 1, 1125268556]
[GameWorld] Client updating remote player 446469990, isLocal=Player_446469990
[PlayerController] Ignoring UpdateRemotePosition for local player 446469990
[PlayerController] Player 446469990 emitting PositionChanged signal at (267.02374, 218.03659)
[GameWorld] OnPlayerPositionChanged: Player 446469990 at (267.02374, 218.03659), IsServer=False
[GameWorld] Client sending position to server
[GameWorld] SyncPlayerPosition RPC received on peer 446469990: Player 446469990 at (263.6904, 218.03659)
[GameWorld] Current player controllers: 3, Keys: [446469990, 1, 1125268556]
[GameWorld] Client updating remote player 446469990, isLocal=Player_446469990
[PlayerController] Ignoring UpdateRemotePosition for local player 446469990
[PlayerController] Player 446469990 emitting PositionChanged signal at (270.3571, 218.03659)
[GameWorld] OnPlayerPositionChanged: Player 446469990 at (270.3571, 218.03659), IsServer=False
[GameWorld] Client sending position to server
[GameWorld] SyncPlayerPosition RPC received on peer 446469990: Player 446469990 at (267.02374, 218.03659)
[GameWorld] Current player controllers: 3, Keys: [446469990, 1, 1125268556]
[GameWorld] Client updating remote player 446469990, isLocal=Player_446469990
[PlayerController] Ignoring UpdateRemotePosition for local player 446469990
[PlayerController] Player 446469990 emitting PositionChanged signal at (273.69043, 218.03659)
[GameWorld] OnPlayerPositionChanged: Player 446469990 at (273.69043, 218.03659), IsServer=False
[GameWorld] Client sending position to server
[GameWorld] SyncPlayerPosition RPC received on peer 446469990: Player 446469990 at (270.3571, 218.03659)
[GameWorld] Current player controllers: 3, Keys: [446469990, 1, 1125268556]
[GameWorld] Client updating remote player 446469990, isLocal=Player_446469990
[PlayerController] Ignoring UpdateRemotePosition for local player 446469990
[PlayerController] Player 446469990 emitting PositionChanged signal at (277.02377, 218.03659)
[GameWorld] OnPlayerPositionChanged: Player 446469990 at (277.02377, 218.03659), IsServer=False
[GameWorld] Client sending position to server
[GameWorld] SyncPlayerPosition RPC received on peer 446469990: Player 446469990 at (273.69043, 218.03659)
[GameWorld] Current player controllers: 3, Keys: [446469990, 1, 1125268556]
[GameWorld] Client updating remote player 446469990, isLocal=Player_446469990
[PlayerController] Ignoring UpdateRemotePosition for local player 446469990
[PlayerController] Player 446469990 emitting PositionChanged signal at (280.35712, 218.03659)
[GameWorld] OnPlayerPositionChanged: Player 446469990 at (280.35712, 218.03659), IsServer=False
[GameWorld] Client sending position to server
[GameWorld] SyncPlayerPosition RPC received on peer 446469990: Player 446469990 at (277.02377, 218.03659)
[GameWorld] Current player controllers: 3, Keys: [446469990, 1, 1125268556]
[GameWorld] Client updating remote player 446469990, isLocal=Player_446469990
[PlayerController] Ignoring UpdateRemotePosition for local player 446469990
[PlayerController] Player 446469990 emitting PositionChanged signal at (283.69046, 218.03659)
[GameWorld] OnPlayerPositionChanged: Player 446469990 at (283.69046, 218.03659), IsServer=False
[GameWorld] Client sending position to server
[GameWorld] SyncPlayerPosition RPC received on peer 446469990: Player 446469990 at (280.35712, 218.03659)
[GameWorld] Current player controllers: 3, Keys: [446469990, 1, 1125268556]
[GameWorld] Client updating remote player 446469990, isLocal=Player_446469990
[PlayerController] Ignoring UpdateRemotePosition for local player 446469990
[PlayerController] Player 446469990 emitting PositionChanged signal at (287.0238, 218.03659)
[GameWorld] OnPlayerPositionChanged: Player 446469990 at (287.0238, 218.03659), IsServer=False
[GameWorld] Client sending position to server
[GameWorld] SyncPlayerPosition RPC received on peer 446469990: Player 446469990 at (283.69046, 218.03659)
[GameWorld] Current player controllers: 3, Keys: [446469990, 1, 1125268556]
[GameWorld] Client updating remote player 446469990, isLocal=Player_446469990
[PlayerController] Ignoring UpdateRemotePosition for local player 446469990
[PlayerController] Player 446469990 emitting PositionChanged signal at (290.35715, 218.03659)
[GameWorld] OnPlayerPositionChanged: Player 446469990 at (290.35715, 218.03659), IsServer=False
[GameWorld] Client sending position to server
[GameWorld] SyncPlayerPosition RPC received on peer 446469990: Player 446469990 at (287.0238, 218.03659)
[GameWorld] Current player controllers: 3, Keys: [446469990, 1, 1125268556]
[GameWorld] Client updating remote player 446469990, isLocal=Player_446469990
[PlayerController] Ignoring UpdateRemotePosition for local player 446469990
[PlayerController] Player 446469990 emitting PositionChanged signal at (293.6905, 218.03659)
[GameWorld] OnPlayerPositionChanged: Player 446469990 at (293.6905, 218.03659), IsServer=False
[GameWorld] Client sending position to server
[GameWorld] SyncPlayerPosition RPC received on peer 446469990: Player 446469990 at (290.35715, 218.03659)
[GameWorld] Current player controllers: 3, Keys: [446469990, 1, 1125268556]
[GameWorld] Client updating remote player 446469990, isLocal=Player_446469990
[PlayerController] Ignoring UpdateRemotePosition for local player 446469990
[PlayerController] Player 446469990 emitting PositionChanged signal at (297.02383, 218.03659)
[GameWorld] OnPlayerPositionChanged: Player 446469990 at (297.02383, 218.03659), IsServer=False
[GameWorld] Client sending position to server
[PlayerController] Player 446469990 emitting PositionChanged signal at (300.35718, 218.03659)
[GameWorld] OnPlayerPositionChanged: Player 446469990 at (300.35718, 218.03659), IsServer=False
[GameWorld] Client sending position to server
[GameWorld] SyncPlayerPosition RPC received on peer 446469990: Player 446469990 at (293.6905, 218.03659)
[GameWorld] Current player controllers: 3, Keys: [446469990, 1, 1125268556]
[GameWorld] Client updating remote player 446469990, isLocal=Player_446469990
[PlayerController] Ignoring UpdateRemotePosition for local player 446469990
[GameWorld] SyncPlayerPosition RPC received on peer 446469990: Player 446469990 at (297.02383, 218.03659)
[GameWorld] Current player controllers: 3, Keys: [446469990, 1, 1125268556]
[GameWorld] Client updating remote player 446469990, isLocal=Player_446469990
[PlayerController] Ignoring UpdateRemotePosition for local player 446469990
[PlayerController] Player 446469990 emitting PositionChanged signal at (303.69052, 218.03659)
[GameWorld] OnPlayerPositionChanged: Player 446469990 at (303.69052, 218.03659), IsServer=False
[GameWorld] Client sending position to server
[GameWorld] SyncPlayerPosition RPC received on peer 446469990: Player 446469990 at (300.35718, 218.03659)
[GameWorld] Current player controllers: 3, Keys: [446469990, 1, 1125268556]
[GameWorld] Client updating remote player 446469990, isLocal=Player_446469990
[PlayerController] Ignoring UpdateRemotePosition for local player 446469990
[PlayerController] Player 446469990 emitting PositionChanged signal at (307.02386, 218.03659)
[GameWorld] OnPlayerPositionChanged: Player 446469990 at (307.02386, 218.03659), IsServer=False
[GameWorld] Client sending position to server
[GameWorld] SyncPlayerPosition RPC received on peer 446469990: Player 446469990 at (303.69052, 218.03659)
[GameWorld] Current player controllers: 3, Keys: [446469990, 1, 1125268556]
[GameWorld] Client updating remote player 446469990, isLocal=Player_446469990
[PlayerController] Ignoring UpdateRemotePosition for local player 446469990
[PlayerController] Player 446469990 emitting PositionChanged signal at (310.3572, 218.03659)
[GameWorld] OnPlayerPositionChanged: Player 446469990 at (310.3572, 218.03659), IsServer=False
[GameWorld] Client sending position to server
[GameWorld] SyncPlayerPosition RPC received on peer 446469990: Player 446469990 at (307.02386, 218.03659)
[GameWorld] Current player controllers: 3, Keys: [446469990, 1, 1125268556]
[GameWorld] Client updating remote player 446469990, isLocal=Player_446469990
[PlayerController] Ignoring UpdateRemotePosition for local player 446469990
[PlayerController] Player 446469990 emitting PositionChanged signal at (313.69055, 218.03659)
[GameWorld] OnPlayerPositionChanged: Player 446469990 at (313.69055, 218.03659), IsServer=False
[GameWorld] Client sending position to server
[GameWorld] SyncPlayerPosition RPC received on peer 446469990: Player 446469990 at (310.3572, 218.03659)
[GameWorld] Current player controllers: 3, Keys: [446469990, 1, 1125268556]
[GameWorld] Client updating remote player 446469990, isLocal=Player_446469990
[PlayerController] Ignoring UpdateRemotePosition for local player 446469990
[PlayerController] Player 446469990 emitting PositionChanged signal at (317.0239, 218.03659)
[GameWorld] OnPlayerPositionChanged: Player 446469990 at (317.0239, 218.03659), IsServer=False
[GameWorld] Client sending position to server
[GameWorld] SyncPlayerPosition RPC received on peer 446469990: Player 446469990 at (313.69055, 218.03659)
[GameWorld] Current player controllers: 3, Keys: [446469990, 1, 1125268556]
[GameWorld] Client updating remote player 446469990, isLocal=Player_446469990
[PlayerController] Ignoring UpdateRemotePosition for local player 446469990
[PlayerController] Player 446469990 emitting PositionChanged signal at (320.35724, 218.03659)
[GameWorld] OnPlayerPositionChanged: Player 446469990 at (320.35724, 218.03659), IsServer=False
[GameWorld] Client sending position to server
[PlayerController] Player 446469990 emitting PositionChanged signal at (323.69058, 218.03659)
[GameWorld] OnPlayerPositionChanged: Player 446469990 at (323.69058, 218.03659), IsServer=False
[GameWorld] Client sending position to server
[GameWorld] SyncPlayerPosition RPC received on peer 446469990: Player 446469990 at (317.0239, 218.03659)
[GameWorld] Current player controllers: 3, Keys: [446469990, 1, 1125268556]
[GameWorld] Client updating remote player 446469990, isLocal=Player_446469990
[PlayerController] Ignoring UpdateRemotePosition for local player 446469990
[GameWorld] SyncPlayerPosition RPC received on peer 446469990: Player 446469990 at (320.35724, 218.03659)
[GameWorld] Current player controllers: 3, Keys: [446469990, 1, 1125268556]
[GameWorld] Client updating remote player 446469990, isLocal=Player_446469990
[PlayerController] Ignoring UpdateRemotePosition for local player 446469990
[PlayerController] Player 446469990 emitting PositionChanged signal at (327.02393, 218.03659)
[GameWorld] OnPlayerPositionChanged: Player 446469990 at (327.02393, 218.03659), IsServer=False
[GameWorld] Client sending position to server
[GameWorld] SyncPlayerPosition RPC received on peer 446469990: Player 446469990 at (323.69058, 218.03659)
[GameWorld] Current player controllers: 3, Keys: [446469990, 1, 1125268556]
[GameWorld] Client updating remote player 446469990, isLocal=Player_446469990
[PlayerController] Ignoring UpdateRemotePosition for local player 446469990
[PlayerController] Player 446469990 emitting PositionChanged signal at (330.35727, 218.03659)
[GameWorld] OnPlayerPositionChanged: Player 446469990 at (330.35727, 218.03659), IsServer=False
[GameWorld] Client sending position to server
[GameWorld] SyncPlayerPosition RPC received on peer 446469990: Player 446469990 at (327.02393, 218.03659)
[GameWorld] Current player controllers: 3, Keys: [446469990, 1, 1125268556]
[GameWorld] Client updating remote player 446469990, isLocal=Player_446469990
[PlayerController] Ignoring UpdateRemotePosition for local player 446469990
[PlayerController] Player 446469990 emitting PositionChanged signal at (333.6906, 218.03659)
[GameWorld] OnPlayerPositionChanged: Player 446469990 at (333.6906, 218.03659), IsServer=False
[GameWorld] Client sending position to server
[GameWorld] SyncPlayerPosition RPC received on peer 446469990: Player 446469990 at (330.35727, 218.03659)
[GameWorld] Current player controllers: 3, Keys: [446469990, 1, 1125268556]
[GameWorld] Client updating remote player 446469990, isLocal=Player_446469990
[PlayerController] Ignoring UpdateRemotePosition for local player 446469990
[PlayerController] Player 446469990 emitting PositionChanged signal at (337.02396, 218.03659)
[GameWorld] OnPlayerPositionChanged: Player 446469990 at (337.02396, 218.03659), IsServer=False
[GameWorld] Client sending position to server
[GameWorld] SyncPlayerPosition RPC received on peer 446469990: Player 446469990 at (333.6906, 218.03659)
[GameWorld] Current player controllers: 3, Keys: [446469990, 1, 1125268556]
[GameWorld] Client updating remote player 446469990, isLocal=Player_446469990
[PlayerController] Ignoring UpdateRemotePosition for local player 446469990
[PlayerController] Player 446469990 emitting PositionChanged signal at (340.3573, 218.03659)
[GameWorld] OnPlayerPositionChanged: Player 446469990 at (340.3573, 218.03659), IsServer=False
[GameWorld] Client sending position to server
[GameWorld] SyncPlayerPosition RPC received on peer 446469990: Player 446469990 at (337.02396, 218.03659)
[GameWorld] Current player controllers: 3, Keys: [446469990, 1, 1125268556]
[GameWorld] Client updating remote player 446469990, isLocal=Player_446469990
[PlayerController] Ignoring UpdateRemotePosition for local player 446469990
Body exited Katy: Player_446469990
[PlayerController] Player 446469990 emitting PositionChanged signal at (343.69064, 218.03659)
[GameWorld] OnPlayerPositionChanged: Player 446469990 at (343.69064, 218.03659), IsServer=False
[GameWorld] Client sending position to server
[GameWorld] SyncPlayerPosition RPC received on peer 446469990: Player 446469990 at (340.3573, 218.03659)
[GameWorld] Current player controllers: 3, Keys: [446469990, 1, 1125268556]
[GameWorld] Client updating remote player 446469990, isLocal=Player_446469990
[PlayerController] Ignoring UpdateRemotePosition for local player 446469990
[PlayerController] Player 446469990 emitting PositionChanged signal at (347.024, 218.03659)
[GameWorld] OnPlayerPositionChanged: Player 446469990 at (347.024, 218.03659), IsServer=False
[GameWorld] Client sending position to server
[GameWorld] SyncPlayerPosition RPC received on peer 446469990: Player 446469990 at (343.69064, 218.03659)
[GameWorld] Current player controllers: 3, Keys: [446469990, 1, 1125268556]
[GameWorld] Client updating remote player 446469990, isLocal=Player_446469990
[PlayerController] Ignoring UpdateRemotePosition for local player 446469990
[PlayerController] Player 446469990 emitting PositionChanged signal at (350.35733, 218.03659)
[GameWorld] OnPlayerPositionChanged: Player 446469990 at (350.35733, 218.03659), IsServer=False
[GameWorld] Client sending position to server
[GameWorld] SyncPlayerPosition RPC received on peer 446469990: Player 446469990 at (347.024, 218.03659)
[GameWorld] Current player controllers: 3, Keys: [446469990, 1, 1125268556]
[GameWorld] Client updating remote player 446469990, isLocal=Player_446469990
[PlayerController] Ignoring UpdateRemotePosition for local player 446469990
[PlayerController] Player 446469990 emitting PositionChanged signal at (353.69067, 218.03659)
[GameWorld] OnPlayerPositionChanged: Player 446469990 at (353.69067, 218.03659), IsServer=False
[GameWorld] Client sending position to server
[GameWorld] SyncPlayerPosition RPC received on peer 446469990: Player 446469990 at (350.35733, 218.03659)
[GameWorld] Current player controllers: 3, Keys: [446469990, 1, 1125268556]
[GameWorld] Client updating remote player 446469990, isLocal=Player_446469990
[PlayerController] Ignoring UpdateRemotePosition for local player 446469990
[PlayerController] Player 446469990 emitting PositionChanged signal at (357.02402, 218.03659)
[GameWorld] OnPlayerPositionChanged: Player 446469990 at (357.02402, 218.03659), IsServer=False
[GameWorld] Client sending position to server
[GameWorld] SyncPlayerPosition RPC received on peer 446469990: Player 446469990 at (353.69067, 218.03659)
[GameWorld] Current player controllers: 3, Keys: [446469990, 1, 1125268556]
[GameWorld] Client updating remote player 446469990, isLocal=Player_446469990
[PlayerController] Ignoring UpdateRemotePosition for local player 446469990
[PlayerController] Player 446469990 emitting PositionChanged signal at (360.35736, 218.03659)
[GameWorld] OnPlayerPositionChanged: Player 446469990 at (360.35736, 218.03659), IsServer=False
[GameWorld] Client sending position to server
[GameWorld] SyncPlayerPosition RPC received on peer 446469990: Player 446469990 at (357.02402, 218.03659)
[GameWorld] Current player controllers: 3, Keys: [446469990, 1, 1125268556]
[GameWorld] Client updating remote player 446469990, isLocal=Player_446469990
[PlayerController] Ignoring UpdateRemotePosition for local player 446469990
[PlayerController] Player 446469990 emitting PositionChanged signal at (363.6907, 218.03659)
[GameWorld] OnPlayerPositionChanged: Player 446469990 at (363.6907, 218.03659), IsServer=False
[GameWorld] Client sending position to server
[GameWorld] SyncPlayerPosition RPC received on peer 446469990: Player 446469990 at (360.35736, 218.03659)
[GameWorld] Current player controllers: 3, Keys: [446469990, 1, 1125268556]
[GameWorld] Client updating remote player 446469990, isLocal=Player_446469990
[PlayerController] Ignoring UpdateRemotePosition for local player 446469990
[PlayerController] Player 446469990 emitting PositionChanged signal at (367.02405, 218.03659)
[GameWorld] OnPlayerPositionChanged: Player 446469990 at (367.02405, 218.03659), IsServer=False
[GameWorld] Client sending position to server
[GameWorld] SyncPlayerPosition RPC received on peer 446469990: Player 446469990 at (363.6907, 218.03659)
[GameWorld] Current player controllers: 3, Keys: [446469990, 1, 1125268556]
[GameWorld] Client updating remote player 446469990, isLocal=Player_446469990
[PlayerController] Ignoring UpdateRemotePosition for local player 446469990
[PlayerController] Player 446469990 emitting PositionChanged signal at (370.3574, 218.03659)
[GameWorld] OnPlayerPositionChanged: Player 446469990 at (370.3574, 218.03659), IsServer=False
[GameWorld] Client sending position to server
[GameWorld] SyncPlayerPosition RPC received on peer 446469990: Player 446469990 at (367.02405, 218.03659)
[GameWorld] Current player controllers: 3, Keys: [446469990, 1, 1125268556]
[GameWorld] Client updating remote player 446469990, isLocal=Player_446469990
[PlayerController] Ignoring UpdateRemotePosition for local player 446469990
[PlayerController] Player 446469990 emitting PositionChanged signal at (373.69073, 218.03659)
[GameWorld] OnPlayerPositionChanged: Player 446469990 at (373.69073, 218.03659), IsServer=False
[GameWorld] Client sending position to server
[PlayerController] Player 446469990 emitting PositionChanged signal at (377.02408, 218.03659)
[GameWorld] OnPlayerPositionChanged: Player 446469990 at (377.02408, 218.03659), IsServer=False
[GameWorld] Client sending position to server
[GameWorld] SyncPlayerPosition RPC received on peer 446469990: Player 446469990 at (370.3574, 218.03659)
[GameWorld] Current player controllers: 3, Keys: [446469990, 1, 1125268556]
[GameWorld] Client updating remote player 446469990, isLocal=Player_446469990
[PlayerController] Ignoring UpdateRemotePosition for local player 446469990
[GameWorld] SyncPlayerPosition RPC received on peer 446469990: Player 446469990 at (373.69073, 218.03659)
[GameWorld] Current player controllers: 3, Keys: [446469990, 1, 1125268556]
[GameWorld] Client updating remote player 446469990, isLocal=Player_446469990
[PlayerController] Ignoring UpdateRemotePosition for local player 446469990
[PlayerController] Player 446469990 emitting PositionChanged signal at (380.35742, 218.03659)
[GameWorld] OnPlayerPositionChanged: Player 446469990 at (380.35742, 218.03659), IsServer=False
[GameWorld] Client sending position to server
[GameWorld] SyncPlayerPosition RPC received on peer 446469990: Player 446469990 at (377.02408, 218.03659)
[GameWorld] Current player controllers: 3, Keys: [446469990, 1, 1125268556]
[GameWorld] Client updating remote player 446469990, isLocal=Player_446469990
[PlayerController] Ignoring UpdateRemotePosition for local player 446469990
[PlayerController] Player 446469990 emitting PositionChanged signal at (383.69077, 218.03659)
[GameWorld] OnPlayerPositionChanged: Player 446469990 at (383.69077, 218.03659), IsServer=False
[GameWorld] Client sending position to server
[PlayerController] Player 446469990 emitting PositionChanged signal at (387.0241, 218.03659)
[GameWorld] OnPlayerPositionChanged: Player 446469990 at (387.0241, 218.03659), IsServer=False
[GameWorld] Client sending position to server
[GameWorld] SyncPlayerPosition RPC received on peer 446469990: Player 446469990 at (380.35742, 218.03659)
[GameWorld] Current player controllers: 3, Keys: [446469990, 1, 1125268556]
[GameWorld] Client updating remote player 446469990, isLocal=Player_446469990
[PlayerController] Ignoring UpdateRemotePosition for local player 446469990
[GameWorld] SyncPlayerPosition RPC received on peer 446469990: Player 446469990 at (383.69077, 218.03659)
[GameWorld] Current player controllers: 3, Keys: [446469990, 1, 1125268556]
[GameWorld] Client updating remote player 446469990, isLocal=Player_446469990
[PlayerController] Ignoring UpdateRemotePosition for local player 446469990
[PlayerController] Player 446469990 emitting PositionChanged signal at (390.35745, 218.03659)
[GameWorld] OnPlayerPositionChanged: Player 446469990 at (390.35745, 218.03659), IsServer=False
[GameWorld] Client sending position to server
[GameWorld] SyncPlayerPosition RPC received on peer 446469990: Player 446469990 at (387.0241, 218.03659)
[GameWorld] Current player controllers: 3, Keys: [446469990, 1, 1125268556]
[GameWorld] Client updating remote player 446469990, isLocal=Player_446469990
[PlayerController] Ignoring UpdateRemotePosition for local player 446469990
[PlayerController] Player 446469990 emitting PositionChanged signal at (393.6908, 218.03659)
[GameWorld] OnPlayerPositionChanged: Player 446469990 at (393.6908, 218.03659), IsServer=False
[GameWorld] Client sending position to server
[GameWorld] SyncPlayerPosition RPC received on peer 446469990: Player 446469990 at (390.35745, 218.03659)
[GameWorld] Current player controllers: 3, Keys: [446469990, 1, 1125268556]
[GameWorld] Client updating remote player 446469990, isLocal=Player_446469990
[PlayerController] Ignoring UpdateRemotePosition for local player 446469990
[PlayerController] Player 446469990 emitting PositionChanged signal at (397.02414, 218.03659)
[GameWorld] OnPlayerPositionChanged: Player 446469990 at (397.02414, 218.03659), IsServer=False
[GameWorld] Client sending position to server
[GameWorld] SyncPlayerPosition RPC received on peer 446469990: Player 446469990 at (393.6908, 218.03659)
[GameWorld] Current player controllers: 3, Keys: [446469990, 1, 1125268556]
[GameWorld] Client updating remote player 446469990, isLocal=Player_446469990
[PlayerController] Ignoring UpdateRemotePosition for local player 446469990
[PlayerController] Player 446469990 emitting PositionChanged signal at (400.35748, 218.03659)
[GameWorld] OnPlayerPositionChanged: Player 446469990 at (400.35748, 218.03659), IsServer=False
[GameWorld] Client sending position to server
[GameWorld] SyncPlayerPosition RPC received on peer 446469990: Player 446469990 at (397.02414, 218.03659)
[GameWorld] Current player controllers: 3, Keys: [446469990, 1, 1125268556]
[GameWorld] Client updating remote player 446469990, isLocal=Player_446469990
[PlayerController] Ignoring UpdateRemotePosition for local player 446469990
[PlayerController] Player 446469990 emitting PositionChanged signal at (403.69083, 218.03659)
[GameWorld] OnPlayerPositionChanged: Player 446469990 at (403.69083, 218.03659), IsServer=False
[GameWorld] Client sending position to server
[GameWorld] SyncPlayerPosition RPC received on peer 446469990: Player 446469990 at (400.35748, 218.03659)
[GameWorld] Current player controllers: 3, Keys: [446469990, 1, 1125268556]
[GameWorld] Client updating remote player 446469990, isLocal=Player_446469990
[PlayerController] Ignoring UpdateRemotePosition for local player 446469990
[PlayerController] Player 446469990 emitting PositionChanged signal at (406.04785, 220.39362)
[GameWorld] OnPlayerPositionChanged: Player 446469990 at (406.04785, 220.39362), IsServer=False
[GameWorld] Client sending position to server
[GameWorld] SyncPlayerPosition RPC received on peer 446469990: Player 446469990 at (403.69083, 218.03659)
[GameWorld] Current player controllers: 3, Keys: [446469990, 1, 1125268556]
[GameWorld] Client updating remote player 446469990, isLocal=Player_446469990
[PlayerController] Ignoring UpdateRemotePosition for local player 446469990
[PlayerController] Player 446469990 emitting PositionChanged signal at (408.40488, 222.75064)
[GameWorld] OnPlayerPositionChanged: Player 446469990 at (408.40488, 222.75064), IsServer=False
[GameWorld] Client sending position to server
[GameWorld] SyncPlayerPosition RPC received on peer 446469990: Player 446469990 at (406.04785, 220.39362)
[GameWorld] Current player controllers: 3, Keys: [446469990, 1, 1125268556]
[GameWorld] Client updating remote player 446469990, isLocal=Player_446469990
[PlayerController] Ignoring UpdateRemotePosition for local player 446469990
[PlayerController] Player 446469990 emitting PositionChanged signal at (410.7619, 225.10767)
[GameWorld] OnPlayerPositionChanged: Player 446469990 at (410.7619, 225.10767), IsServer=False
[GameWorld] Client sending position to server
[GameWorld] SyncPlayerPosition RPC received on peer 446469990: Player 446469990 at (408.40488, 222.75064)
[GameWorld] Current player controllers: 3, Keys: [446469990, 1, 1125268556]
[GameWorld] Client updating remote player 446469990, isLocal=Player_446469990
[PlayerController] Ignoring UpdateRemotePosition for local player 446469990
[PlayerController] Player 446469990 emitting PositionChanged signal at (413.11893, 227.46469)
[GameWorld] OnPlayerPositionChanged: Player 446469990 at (413.11893, 227.46469), IsServer=False
[GameWorld] Client sending position to server
[GameWorld] SyncPlayerPosition RPC received on peer 446469990: Player 446469990 at (410.7619, 225.10767)
[GameWorld] Current player controllers: 3, Keys: [446469990, 1, 1125268556]
[GameWorld] Client updating remote player 446469990, isLocal=Player_446469990
[PlayerController] Ignoring UpdateRemotePosition for local player 446469990
[PlayerController] Player 446469990 emitting PositionChanged signal at (415.47595, 229.82172)
[GameWorld] OnPlayerPositionChanged: Player 446469990 at (415.47595, 229.82172), IsServer=False
[GameWorld] Client sending position to server
[GameWorld] SyncPlayerPosition RPC received on peer 446469990: Player 446469990 at (413.11893, 227.46469)
[GameWorld] Current player controllers: 3, Keys: [446469990, 1, 1125268556]
[GameWorld] Client updating remote player 446469990, isLocal=Player_446469990
[PlayerController] Ignoring UpdateRemotePosition for local player 446469990
[PlayerController] Player 446469990 emitting PositionChanged signal at (417.83298, 232.17874)
[GameWorld] OnPlayerPositionChanged: Player 446469990 at (417.83298, 232.17874), IsServer=False
[GameWorld] Client sending position to server
[GameWorld] SyncPlayerPosition RPC received on peer 446469990: Player 446469990 at (415.47595, 229.82172)
[GameWorld] Current player controllers: 3, Keys: [446469990, 1, 1125268556]
[GameWorld] Client updating remote player 446469990, isLocal=Player_446469990
[PlayerController] Ignoring UpdateRemotePosition for local player 446469990
[PlayerController] Player 446469990 emitting PositionChanged signal at (417.83298, 235.51207)
[GameWorld] OnPlayerPositionChanged: Player 446469990 at (417.83298, 235.51207), IsServer=False
[GameWorld] Client sending position to server
[GameWorld] SyncPlayerPosition RPC received on peer 446469990: Player 446469990 at (417.83298, 232.17874)
[GameWorld] Current player controllers: 3, Keys: [446469990, 1, 1125268556]
[GameWorld] Client updating remote player 446469990, isLocal=Player_446469990
[PlayerController] Ignoring UpdateRemotePosition for local player 446469990
[PlayerController] Player 446469990 emitting PositionChanged signal at (417.83298, 238.8454)
[GameWorld] OnPlayerPositionChanged: Player 446469990 at (417.83298, 238.8454), IsServer=False
[GameWorld] Client sending position to server
[GameWorld] SyncPlayerPosition RPC received on peer 446469990: Player 446469990 at (417.83298, 235.51207)
[GameWorld] Current player controllers: 3, Keys: [446469990, 1, 1125268556]
[GameWorld] Client updating remote player 446469990, isLocal=Player_446469990
[PlayerController] Ignoring UpdateRemotePosition for local player 446469990
[PlayerController] Player 446469990 emitting PositionChanged signal at (417.83298, 242.17873)
[GameWorld] OnPlayerPositionChanged: Player 446469990 at (417.83298, 242.17873), IsServer=False
[GameWorld] Client sending position to server
[PlayerController] Player 446469990 emitting PositionChanged signal at (417.83298, 245.51205)
[GameWorld] OnPlayerPositionChanged: Player 446469990 at (417.83298, 245.51205), IsServer=False
[GameWorld] Client sending position to server
[GameWorld] SyncPlayerPosition RPC received on peer 446469990: Player 446469990 at (417.83298, 238.8454)
[GameWorld] Current player controllers: 3, Keys: [446469990, 1, 1125268556]
[GameWorld] Client updating remote player 446469990, isLocal=Player_446469990
[PlayerController] Ignoring UpdateRemotePosition for local player 446469990
[GameWorld] SyncPlayerPosition RPC received on peer 446469990: Player 446469990 at (417.83298, 242.17873)
[GameWorld] Current player controllers: 3, Keys: [446469990, 1, 1125268556]
[GameWorld] Client updating remote player 446469990, isLocal=Player_446469990
[PlayerController] Ignoring UpdateRemotePosition for local player 446469990
[PlayerController] Player 446469990 emitting PositionChanged signal at (417.83298, 248.84538)
[GameWorld] OnPlayerPositionChanged: Player 446469990 at (417.83298, 248.84538), IsServer=False
[GameWorld] Client sending position to server
[GameWorld] SyncPlayerPosition RPC received on peer 446469990: Player 446469990 at (417.83298, 245.51205)
[GameWorld] Current player controllers: 3, Keys: [446469990, 1, 1125268556]
[GameWorld] Client updating remote player 446469990, isLocal=Player_446469990
[PlayerController] Ignoring UpdateRemotePosition for local player 446469990
[PlayerController] Player 446469990 emitting PositionChanged signal at (417.83298, 252.17871)
[GameWorld] OnPlayerPositionChanged: Player 446469990 at (417.83298, 252.17871), IsServer=False
[GameWorld] Client sending position to server
[GameWorld] SyncPlayerPosition RPC received on peer 446469990: Player 446469990 at (417.83298, 248.84538)
[GameWorld] Current player controllers: 3, Keys: [446469990, 1, 1125268556]
[GameWorld] Client updating remote player 446469990, isLocal=Player_446469990
[PlayerController] Ignoring UpdateRemotePosition for local player 446469990
[PlayerController] Player 446469990 emitting PositionChanged signal at (417.83298, 255.51204)
[GameWorld] OnPlayerPositionChanged: Player 446469990 at (417.83298, 255.51204), IsServer=False
[GameWorld] Client sending position to server
[GameWorld] SyncPlayerPosition RPC received on peer 446469990: Player 446469990 at (417.83298, 252.17871)
[GameWorld] Current player controllers: 3, Keys: [446469990, 1, 1125268556]
[GameWorld] Client updating remote player 446469990, isLocal=Player_446469990
[PlayerController] Ignoring UpdateRemotePosition for local player 446469990
[PlayerController] Player 446469990 emitting PositionChanged signal at (417.83298, 258.84537)
[GameWorld] OnPlayerPositionChanged: Player 446469990 at (417.83298, 258.84537), IsServer=False
[GameWorld] Client sending position to server
[PlayerController] Player 446469990 emitting PositionChanged signal at (417.83298, 262.1787)
[GameWorld] OnPlayerPositionChanged: Player 446469990 at (417.83298, 262.1787), IsServer=False
[GameWorld] Client sending position to server
[GameWorld] SyncPlayerPosition RPC received on peer 446469990: Player 446469990 at (417.83298, 255.51204)
[GameWorld] Current player controllers: 3, Keys: [446469990, 1, 1125268556]
[GameWorld] Client updating remote player 446469990, isLocal=Player_446469990
[PlayerController] Ignoring UpdateRemotePosition for local player 446469990
[GameWorld] SyncPlayerPosition RPC received on peer 446469990: Player 446469990 at (417.83298, 258.84537)
[GameWorld] Current player controllers: 3, Keys: [446469990, 1, 1125268556]
[GameWorld] Client updating remote player 446469990, isLocal=Player_446469990
[PlayerController] Ignoring UpdateRemotePosition for local player 446469990
[PlayerController] Player 446469990 emitting PositionChanged signal at (417.83298, 265.51205)
[GameWorld] OnPlayerPositionChanged: Player 446469990 at (417.83298, 265.51205), IsServer=False
[GameWorld] Client sending position to server
[GameWorld] SyncPlayerPosition RPC received on peer 446469990: Player 446469990 at (417.83298, 262.1787)
[GameWorld] Current player controllers: 3, Keys: [446469990, 1, 1125268556]
[GameWorld] Client updating remote player 446469990, isLocal=Player_446469990
[PlayerController] Ignoring UpdateRemotePosition for local player 446469990
[PlayerController] Player 446469990 emitting PositionChanged signal at (417.83298, 268.8454)
[GameWorld] OnPlayerPositionChanged: Player 446469990 at (417.83298, 268.8454), IsServer=False
[GameWorld] Client sending position to server
[GameWorld] SyncPlayerPosition RPC received on peer 446469990: Player 446469990 at (417.83298, 265.51205)
[GameWorld] Current player controllers: 3, Keys: [446469990, 1, 1125268556]
[GameWorld] Client updating remote player 446469990, isLocal=Player_446469990
[PlayerController] Ignoring UpdateRemotePosition for local player 446469990
[PlayerController] Player 446469990 emitting PositionChanged signal at (417.83298, 272.17874)
[GameWorld] OnPlayerPositionChanged: Player 446469990 at (417.83298, 272.17874), IsServer=False
[GameWorld] Client sending position to server
[GameWorld] SyncPlayerPosition RPC received on peer 446469990: Player 446469990 at (417.83298, 268.8454)
[GameWorld] Current player controllers: 3, Keys: [446469990, 1, 1125268556]
[GameWorld] Client updating remote player 446469990, isLocal=Player_446469990
[PlayerController] Ignoring UpdateRemotePosition for local player 446469990
[PlayerController] Player 446469990 emitting PositionChanged signal at (417.83298, 275.5121)
[GameWorld] OnPlayerPositionChanged: Player 446469990 at (417.83298, 275.5121), IsServer=False
[GameWorld] Client sending position to server
[GameWorld] SyncPlayerPosition RPC received on peer 446469990: Player 446469990 at (417.83298, 272.17874)
[GameWorld] Current player controllers: 3, Keys: [446469990, 1, 1125268556]
[GameWorld] Client updating remote player 446469990, isLocal=Player_446469990
[PlayerController] Ignoring UpdateRemotePosition for local player 446469990
[PlayerController] Player 446469990 emitting PositionChanged signal at (417.83298, 278.84543)
[GameWorld] OnPlayerPositionChanged: Player 446469990 at (417.83298, 278.84543), IsServer=False
[GameWorld] Client sending position to server
[GameWorld] SyncPlayerPosition RPC received on peer 446469990: Player 446469990 at (417.83298, 275.5121)
[GameWorld] Current player controllers: 3, Keys: [446469990, 1, 1125268556]
[GameWorld] Client updating remote player 446469990, isLocal=Player_446469990
[PlayerController] Ignoring UpdateRemotePosition for local player 446469990
[PlayerController] Player 446469990 emitting PositionChanged signal at (417.83298, 282.17877)
[GameWorld] OnPlayerPositionChanged: Player 446469990 at (417.83298, 282.17877), IsServer=False
[GameWorld] Client sending position to server
[PlayerController] Player 446469990 emitting PositionChanged signal at (417.83298, 285.51212)
[GameWorld] OnPlayerPositionChanged: Player 446469990 at (417.83298, 285.51212), IsServer=False
[GameWorld] Client sending position to server
[GameWorld] SyncPlayerPosition RPC received on peer 446469990: Player 446469990 at (417.83298, 278.84543)
[GameWorld] Current player controllers: 3, Keys: [446469990, 1, 1125268556]
[GameWorld] Client updating remote player 446469990, isLocal=Player_446469990
[PlayerController] Ignoring UpdateRemotePosition for local player 446469990
[GameWorld] SyncPlayerPosition RPC received on peer 446469990: Player 446469990 at (417.83298, 282.17877)
[GameWorld] Current player controllers: 3, Keys: [446469990, 1, 1125268556]
[GameWorld] Client updating remote player 446469990, isLocal=Player_446469990
[PlayerController] Ignoring UpdateRemotePosition for local player 446469990
[PlayerController] Player 446469990 emitting PositionChanged signal at (417.83298, 288.84546)
[GameWorld] OnPlayerPositionChanged: Player 446469990 at (417.83298, 288.84546), IsServer=False
[GameWorld] Client sending position to server
[GameWorld] SyncPlayerPosition RPC received on peer 446469990: Player 446469990 at (417.83298, 285.51212)
[GameWorld] Current player controllers: 3, Keys: [446469990, 1, 1125268556]
[GameWorld] Client updating remote player 446469990, isLocal=Player_446469990
[PlayerController] Ignoring UpdateRemotePosition for local player 446469990
[PlayerController] Player 446469990 emitting PositionChanged signal at (417.83298, 292.1788)
[GameWorld] OnPlayerPositionChanged: Player 446469990 at (417.83298, 292.1788), IsServer=False
[GameWorld] Client sending position to server
[GameWorld] SyncPlayerPosition RPC received on peer 446469990: Player 446469990 at (417.83298, 288.84546)
[GameWorld] Current player controllers: 3, Keys: [446469990, 1, 1125268556]
[GameWorld] Client updating remote player 446469990, isLocal=Player_446469990
[PlayerController] Ignoring UpdateRemotePosition for local player 446469990
[PlayerController] Player 446469990 emitting PositionChanged signal at (417.83298, 295.51215)
[GameWorld] OnPlayerPositionChanged: Player 446469990 at (417.83298, 295.51215), IsServer=False
[GameWorld] Client sending position to server
[GameWorld] SyncPlayerPosition RPC received on peer 446469990: Player 446469990 at (417.83298, 292.1788)
[GameWorld] Current player controllers: 3, Keys: [446469990, 1, 1125268556]
[GameWorld] Client updating remote player 446469990, isLocal=Player_446469990
[PlayerController] Ignoring UpdateRemotePosition for local player 446469990
[PlayerController] Player 446469990 emitting PositionChanged signal at (417.83298, 298.8455)
[GameWorld] OnPlayerPositionChanged: Player 446469990 at (417.83298, 298.8455), IsServer=False
[GameWorld] Client sending position to server
[GameWorld] SyncPlayerPosition RPC received on peer 446469990: Player 446469990 at (417.83298, 295.51215)
[GameWorld] Current player controllers: 3, Keys: [446469990, 1, 1125268556]
[GameWorld] Client updating remote player 446469990, isLocal=Player_446469990
[PlayerController] Ignoring UpdateRemotePosition for local player 446469990
[PlayerController] Player 446469990 emitting PositionChanged signal at (417.83298, 302.17883)
[GameWorld] OnPlayerPositionChanged: Player 446469990 at (417.83298, 302.17883), IsServer=False
[GameWorld] Client sending position to server
[GameWorld] SyncPlayerPosition RPC received on peer 446469990: Player 446469990 at (417.83298, 298.8455)
[GameWorld] Current player controllers: 3, Keys: [446469990, 1, 1125268556]
[GameWorld] Client updating remote player 446469990, isLocal=Player_446469990
[PlayerController] Ignoring UpdateRemotePosition for local player 446469990
[PlayerController] Player 446469990 emitting PositionChanged signal at (417.83298, 305.51218)
[GameWorld] OnPlayerPositionChanged: Player 446469990 at (417.83298, 305.51218), IsServer=False
[GameWorld] Client sending position to server
[GameWorld] SyncPlayerPosition RPC received on peer 446469990: Player 446469990 at (417.83298, 302.17883)
[GameWorld] Current player controllers: 3, Keys: [446469990, 1, 1125268556]
[GameWorld] Client updating remote player 446469990, isLocal=Player_446469990
[PlayerController] Ignoring UpdateRemotePosition for local player 446469990
[PlayerController] Player 446469990 emitting PositionChanged signal at (417.83298, 308.84552)
[GameWorld] OnPlayerPositionChanged: Player 446469990 at (417.83298, 308.84552), IsServer=False
[GameWorld] Client sending position to server
[GameWorld] SyncPlayerPosition RPC received on peer 446469990: Player 446469990 at (417.83298, 305.51218)
[GameWorld] Current player controllers: 3, Keys: [446469990, 1, 1125268556]
[GameWorld] Client updating remote player 446469990, isLocal=Player_446469990
[PlayerController] Ignoring UpdateRemotePosition for local player 446469990
[PlayerController] Player 446469990 emitting PositionChanged signal at (417.83298, 312.17886)
[GameWorld] OnPlayerPositionChanged: Player 446469990 at (417.83298, 312.17886), IsServer=False
[GameWorld] Client sending position to server
[PlayerController] Player 446469990 emitting PositionChanged signal at (417.83298, 315.5122)
[GameWorld] OnPlayerPositionChanged: Player 446469990 at (417.83298, 315.5122), IsServer=False
[GameWorld] Client sending position to server
[GameWorld] SyncPlayerPosition RPC received on peer 446469990: Player 446469990 at (417.83298, 308.84552)
[GameWorld] Current player controllers: 3, Keys: [446469990, 1, 1125268556]
[GameWorld] Client updating remote player 446469990, isLocal=Player_446469990
[PlayerController] Ignoring UpdateRemotePosition for local player 446469990
[GameWorld] SyncPlayerPosition RPC received on peer 446469990: Player 446469990 at (417.83298, 312.17886)
[GameWorld] Current player controllers: 3, Keys: [446469990, 1, 1125268556]
[GameWorld] Client updating remote player 446469990, isLocal=Player_446469990
[PlayerController] Ignoring UpdateRemotePosition for local player 446469990
[PlayerController] Player 446469990 emitting PositionChanged signal at (417.83298, 318.84555)
[GameWorld] OnPlayerPositionChanged: Player 446469990 at (417.83298, 318.84555), IsServer=False
[GameWorld] Client sending position to server
[PlayerController] Player 446469990 emitting PositionChanged signal at (417.83298, 322.1789)
[GameWorld] OnPlayerPositionChanged: Player 446469990 at (417.83298, 322.1789), IsServer=False
[GameWorld] Client sending position to server
[GameWorld] SyncPlayerPosition RPC received on peer 446469990: Player 446469990 at (417.83298, 315.5122)
[GameWorld] Current player controllers: 3, Keys: [446469990, 1, 1125268556]
[GameWorld] Client updating remote player 446469990, isLocal=Player_446469990
[PlayerController] Ignoring UpdateRemotePosition for local player 446469990
[GameWorld] SyncPlayerPosition RPC received on peer 446469990: Player 446469990 at (417.83298, 318.84555)
[GameWorld] Current player controllers: 3, Keys: [446469990, 1, 1125268556]
[GameWorld] Client updating remote player 446469990, isLocal=Player_446469990
[PlayerController] Ignoring UpdateRemotePosition for local player 446469990
[PlayerController] Player 446469990 emitting PositionChanged signal at (417.83298, 325.51224)
[GameWorld] OnPlayerPositionChanged: Player 446469990 at (417.83298, 325.51224), IsServer=False
[GameWorld] Client sending position to server
[GameWorld] SyncPlayerPosition RPC received on peer 446469990: Player 446469990 at (417.83298, 322.1789)
[GameWorld] Current player controllers: 3, Keys: [446469990, 1, 1125268556]
[GameWorld] Client updating remote player 446469990, isLocal=Player_446469990
[PlayerController] Ignoring UpdateRemotePosition for local player 446469990
[PlayerController] Player 446469990 emitting PositionChanged signal at (417.83298, 328.84558)
[GameWorld] OnPlayerPositionChanged: Player 446469990 at (417.83298, 328.84558), IsServer=False
[GameWorld] Client sending position to server
[GameWorld] SyncPlayerPosition RPC received on peer 446469990: Player 446469990 at (417.83298, 325.51224)
[GameWorld] Current player controllers: 3, Keys: [446469990, 1, 1125268556]
[GameWorld] Client updating remote player 446469990, isLocal=Player_446469990
[PlayerController] Ignoring UpdateRemotePosition for local player 446469990
[PlayerController] Player 446469990 emitting PositionChanged signal at (417.83298, 332.17892)
[GameWorld] OnPlayerPositionChanged: Player 446469990 at (417.83298, 332.17892), IsServer=False
[GameWorld] Client sending position to server
[GameWorld] SyncPlayerPosition RPC received on peer 446469990: Player 446469990 at (417.83298, 328.84558)
[GameWorld] Current player controllers: 3, Keys: [446469990, 1, 1125268556]
[GameWorld] Client updating remote player 446469990, isLocal=Player_446469990
[PlayerController] Ignoring UpdateRemotePosition for local player 446469990
[PlayerController] Player 446469990 emitting PositionChanged signal at (417.83298, 335.51227)
[GameWorld] OnPlayerPositionChanged: Player 446469990 at (417.83298, 335.51227), IsServer=False
[GameWorld] Client sending position to server
[PlayerController] Player 446469990 emitting PositionChanged signal at (420.19, 337.8693)
[GameWorld] OnPlayerPositionChanged: Player 446469990 at (420.19, 337.8693), IsServer=False
[GameWorld] Client sending position to server
[GameWorld] SyncPlayerPosition RPC received on peer 446469990: Player 446469990 at (417.83298, 332.17892)
[GameWorld] Current player controllers: 3, Keys: [446469990, 1, 1125268556]
[GameWorld] Client updating remote player 446469990, isLocal=Player_446469990
[PlayerController] Ignoring UpdateRemotePosition for local player 446469990
[GameWorld] SyncPlayerPosition RPC received on peer 446469990: Player 446469990 at (417.83298, 335.51227)
[GameWorld] Current player controllers: 3, Keys: [446469990, 1, 1125268556]
[GameWorld] Client updating remote player 446469990, isLocal=Player_446469990
[PlayerController] Ignoring UpdateRemotePosition for local player 446469990
[PlayerController] Player 446469990 emitting PositionChanged signal at (422.54703, 340.22632)
[GameWorld] OnPlayerPositionChanged: Player 446469990 at (422.54703, 340.22632), IsServer=False
[GameWorld] Client sending position to server
[GameWorld] SyncPlayerPosition RPC received on peer 446469990: Player 446469990 at (420.19, 337.8693)
[GameWorld] Current player controllers: 3, Keys: [446469990, 1, 1125268556]
[GameWorld] Client updating remote player 446469990, isLocal=Player_446469990
[PlayerController] Ignoring UpdateRemotePosition for local player 446469990
[PlayerController] Player 446469990 emitting PositionChanged signal at (424.90405, 342.58334)
[GameWorld] OnPlayerPositionChanged: Player 446469990 at (424.90405, 342.58334), IsServer=False
[GameWorld] Client sending position to server
[GameWorld] SyncPlayerPosition RPC received on peer 446469990: Player 446469990 at (422.54703, 340.22632)
[GameWorld] Current player controllers: 3, Keys: [446469990, 1, 1125268556]
[GameWorld] Client updating remote player 446469990, isLocal=Player_446469990
[PlayerController] Ignoring UpdateRemotePosition for local player 446469990
[PlayerController] Player 446469990 emitting PositionChanged signal at (427.26108, 344.94037)
[GameWorld] OnPlayerPositionChanged: Player 446469990 at (427.26108, 344.94037), IsServer=False
[GameWorld] Client sending position to server
[GameWorld] SyncPlayerPosition RPC received on peer 446469990: Player 446469990 at (424.90405, 342.58334)
[GameWorld] Current player controllers: 3, Keys: [446469990, 1, 1125268556]
[GameWorld] Client updating remote player 446469990, isLocal=Player_446469990
[PlayerController] Ignoring UpdateRemotePosition for local player 446469990
[PlayerController] Player 446469990 emitting PositionChanged signal at (429.6181, 347.2974)
[GameWorld] OnPlayerPositionChanged: Player 446469990 at (429.6181, 347.2974), IsServer=False
[GameWorld] Client sending position to server
[GameWorld] SyncPlayerPosition RPC received on peer 446469990: Player 446469990 at (427.26108, 344.94037)
[GameWorld] Current player controllers: 3, Keys: [446469990, 1, 1125268556]
[GameWorld] Client updating remote player 446469990, isLocal=Player_446469990
[PlayerController] Ignoring UpdateRemotePosition for local player 446469990
[PlayerController] Player 446469990 emitting PositionChanged signal at (431.97513, 349.65442)
[GameWorld] OnPlayerPositionChanged: Player 446469990 at (431.97513, 349.65442), IsServer=False
[GameWorld] Client sending position to server
[GameWorld] SyncPlayerPosition RPC received on peer 446469990: Player 446469990 at (429.6181, 347.2974)
[GameWorld] Current player controllers: 3, Keys: [446469990, 1, 1125268556]
[GameWorld] Client updating remote player 446469990, isLocal=Player_446469990
[PlayerController] Ignoring UpdateRemotePosition for local player 446469990
[PlayerController] Player 446469990 emitting PositionChanged signal at (435.30847, 349.65442)
[GameWorld] OnPlayerPositionChanged: Player 446469990 at (435.30847, 349.65442), IsServer=False
[GameWorld] Client sending position to server
[GameWorld] SyncPlayerPosition RPC received on peer 446469990: Player 446469990 at (431.97513, 349.65442)
[GameWorld] Current player controllers: 3, Keys: [446469990, 1, 1125268556]
[GameWorld] Client updating remote player 446469990, isLocal=Player_446469990
[PlayerController] Ignoring UpdateRemotePosition for local player 446469990
[PlayerController] Player 446469990 emitting PositionChanged signal at (438.6418, 349.65442)
[GameWorld] OnPlayerPositionChanged: Player 446469990 at (438.6418, 349.65442), IsServer=False
[GameWorld] Client sending position to server
[GameWorld] SyncPlayerPosition RPC received on peer 446469990: Player 446469990 at (435.30847, 349.65442)
[GameWorld] Current player controllers: 3, Keys: [446469990, 1, 1125268556]
[GameWorld] Client updating remote player 446469990, isLocal=Player_446469990
[PlayerController] Ignoring UpdateRemotePosition for local player 446469990
[PlayerController] Player 446469990 emitting PositionChanged signal at (441.97516, 349.65442)
[GameWorld] OnPlayerPositionChanged: Player 446469990 at (441.97516, 349.65442), IsServer=False
[GameWorld] Client sending position to server
[PlayerController] Player 446469990 emitting PositionChanged signal at (445.3085, 349.65442)
[GameWorld] OnPlayerPositionChanged: Player 446469990 at (445.3085, 349.65442), IsServer=False
[GameWorld] Client sending position to server
[GameWorld] SyncPlayerPosition RPC received on peer 446469990: Player 446469990 at (438.6418, 349.65442)
[GameWorld] Current player controllers: 3, Keys: [446469990, 1, 1125268556]
[GameWorld] Client updating remote player 446469990, isLocal=Player_446469990
[PlayerController] Ignoring UpdateRemotePosition for local player 446469990
[GameWorld] SyncPlayerPosition RPC received on peer 446469990: Player 446469990 at (441.97516, 349.65442)
[GameWorld] Current player controllers: 3, Keys: [446469990, 1, 1125268556]
[GameWorld] Client updating remote player 446469990, isLocal=Player_446469990
[PlayerController] Ignoring UpdateRemotePosition for local player 446469990
[PlayerController] Player 446469990 emitting PositionChanged signal at (448.64185, 349.65442)
[GameWorld] OnPlayerPositionChanged: Player 446469990 at (448.64185, 349.65442), IsServer=False
[GameWorld] Client sending position to server
[GameWorld] SyncPlayerPosition RPC received on peer 446469990: Player 446469990 at (445.3085, 349.65442)
[GameWorld] Current player controllers: 3, Keys: [446469990, 1, 1125268556]
[GameWorld] Client updating remote player 446469990, isLocal=Player_446469990
[PlayerController] Ignoring UpdateRemotePosition for local player 446469990
[PlayerController] Player 446469990 emitting PositionChanged signal at (451.9752, 349.65442)
[GameWorld] OnPlayerPositionChanged: Player 446469990 at (451.9752, 349.65442), IsServer=False
[GameWorld] Client sending position to server
[GameWorld] SyncPlayerPosition RPC received on peer 446469990: Player 446469990 at (448.64185, 349.65442)
[GameWorld] Current player controllers: 3, Keys: [446469990, 1, 1125268556]
[GameWorld] Client updating remote player 446469990, isLocal=Player_446469990
[PlayerController] Ignoring UpdateRemotePosition for local player 446469990
[PlayerController] Player 446469990 emitting PositionChanged signal at (455.30853, 349.65442)
[GameWorld] OnPlayerPositionChanged: Player 446469990 at (455.30853, 349.65442), IsServer=False
[GameWorld] Client sending position to server
[PlayerController] Player 446469990 emitting PositionChanged signal at (458.64188, 349.65442)
[GameWorld] OnPlayerPositionChanged: Player 446469990 at (458.64188, 349.65442), IsServer=False
[GameWorld] Client sending position to server
[GameWorld] SyncPlayerPosition RPC received on peer 446469990: Player 446469990 at (451.9752, 349.65442)
[GameWorld] Current player controllers: 3, Keys: [446469990, 1, 1125268556]
[GameWorld] Client updating remote player 446469990, isLocal=Player_446469990
[PlayerController] Ignoring UpdateRemotePosition for local player 446469990
[GameWorld] SyncPlayerPosition RPC received on peer 446469990: Player 446469990 at (455.30853, 349.65442)
[GameWorld] Current player controllers: 3, Keys: [446469990, 1, 1125268556]
[GameWorld] Client updating remote player 446469990, isLocal=Player_446469990
[PlayerController] Ignoring UpdateRemotePosition for local player 446469990
[PlayerController] Player 446469990 emitting PositionChanged signal at (461.97522, 349.65442)
[GameWorld] OnPlayerPositionChanged: Player 446469990 at (461.97522, 349.65442), IsServer=False
[GameWorld] Client sending position to server
[GameWorld] SyncPlayerPosition RPC received on peer 446469990: Player 446469990 at (458.64188, 349.65442)
[GameWorld] Current player controllers: 3, Keys: [446469990, 1, 1125268556]
[GameWorld] Client updating remote player 446469990, isLocal=Player_446469990
[PlayerController] Ignoring UpdateRemotePosition for local player 446469990
[PlayerController] Player 446469990 emitting PositionChanged signal at (465.30856, 349.65442)
[GameWorld] OnPlayerPositionChanged: Player 446469990 at (465.30856, 349.65442), IsServer=False
[GameWorld] Client sending position to server
[GameWorld] SyncPlayerPosition RPC received on peer 446469990: Player 446469990 at (461.97522, 349.65442)
[GameWorld] Current player controllers: 3, Keys: [446469990, 1, 1125268556]
[GameWorld] Client updating remote player 446469990, isLocal=Player_446469990
[PlayerController] Ignoring UpdateRemotePosition for local player 446469990
[PlayerController] Player 446469990 emitting PositionChanged signal at (468.6419, 349.65442)
[GameWorld] OnPlayerPositionChanged: Player 446469990 at (468.6419, 349.65442), IsServer=False
[GameWorld] Client sending position to server
[GameWorld] SyncPlayerPosition RPC received on peer 446469990: Player 446469990 at (465.30856, 349.65442)
[GameWorld] Current player controllers: 3, Keys: [446469990, 1, 1125268556]
[GameWorld] Client updating remote player 446469990, isLocal=Player_446469990
[PlayerController] Ignoring UpdateRemotePosition for local player 446469990
[PlayerController] Player 446469990 emitting PositionChanged signal at (471.97525, 349.65442)
[GameWorld] OnPlayerPositionChanged: Player 446469990 at (471.97525, 349.65442), IsServer=False
[GameWorld] Client sending position to server
[PlayerController] Player 446469990 emitting PositionChanged signal at (475.3086, 349.65442)
[GameWorld] OnPlayerPositionChanged: Player 446469990 at (475.3086, 349.65442), IsServer=False
[GameWorld] Client sending position to server
[GameWorld] SyncPlayerPosition RPC received on peer 446469990: Player 446469990 at (468.6419, 349.65442)
[GameWorld] Current player controllers: 3, Keys: [446469990, 1, 1125268556]
[GameWorld] Client updating remote player 446469990, isLocal=Player_446469990
[PlayerController] Ignoring UpdateRemotePosition for local player 446469990
[GameWorld] SyncPlayerPosition RPC received on peer 446469990: Player 446469990 at (471.97525, 349.65442)
[GameWorld] Current player controllers: 3, Keys: [446469990, 1, 1125268556]
[GameWorld] Client updating remote player 446469990, isLocal=Player_446469990
[PlayerController] Ignoring UpdateRemotePosition for local player 446469990
[PlayerController] Player 446469990 emitting PositionChanged signal at (478.64194, 349.65442)
[GameWorld] OnPlayerPositionChanged: Player 446469990 at (478.64194, 349.65442), IsServer=False
[GameWorld] Client sending position to server
[GameWorld] SyncPlayerPosition RPC received on peer 446469990: Player 446469990 at (475.3086, 349.65442)
[GameWorld] Current player controllers: 3, Keys: [446469990, 1, 1125268556]
[GameWorld] Client updating remote player 446469990, isLocal=Player_446469990
[PlayerController] Ignoring UpdateRemotePosition for local player 446469990
[PlayerController] Player 446469990 emitting PositionChanged signal at (481.97528, 349.65442)
[GameWorld] OnPlayerPositionChanged: Player 446469990 at (481.97528, 349.65442), IsServer=False
[GameWorld] Client sending position to server
[GameWorld] SyncPlayerPosition RPC received on peer 446469990: Player 446469990 at (478.64194, 349.65442)
[GameWorld] Current player controllers: 3, Keys: [446469990, 1, 1125268556]
[GameWorld] Client updating remote player 446469990, isLocal=Player_446469990
[PlayerController] Ignoring UpdateRemotePosition for local player 446469990
[PlayerController] Player 446469990 emitting PositionChanged signal at (485.30862, 349.65442)
[GameWorld] OnPlayerPositionChanged: Player 446469990 at (485.30862, 349.65442), IsServer=False
[GameWorld] Client sending position to server
[GameWorld] SyncPlayerPosition RPC received on peer 446469990: Player 446469990 at (481.97528, 349.65442)
[GameWorld] Current player controllers: 3, Keys: [446469990, 1, 1125268556]
[GameWorld] Client updating remote player 446469990, isLocal=Player_446469990
[PlayerController] Ignoring UpdateRemotePosition for local player 446469990
[PlayerController] Player 446469990 emitting PositionChanged signal at (488.64197, 349.65442)
[GameWorld] OnPlayerPositionChanged: Player 446469990 at (488.64197, 349.65442), IsServer=False
[GameWorld] Client sending position to server
[GameWorld] SyncPlayerPosition RPC received on peer 446469990: Player 446469990 at (485.30862, 349.65442)
[GameWorld] Current player controllers: 3, Keys: [446469990, 1, 1125268556]
[GameWorld] Client updating remote player 446469990, isLocal=Player_446469990
[PlayerController] Ignoring UpdateRemotePosition for local player 446469990
[PlayerController] Player 446469990 emitting PositionChanged signal at (491.9753, 349.65442)
[GameWorld] OnPlayerPositionChanged: Player 446469990 at (491.9753, 349.65442), IsServer=False
[GameWorld] Client sending position to server
[GameWorld] SyncPlayerPosition RPC received on peer 446469990: Player 446469990 at (488.64197, 349.65442)
[GameWorld] Current player controllers: 3, Keys: [446469990, 1, 1125268556]
[GameWorld] Client updating remote player 446469990, isLocal=Player_446469990
[PlayerController] Ignoring UpdateRemotePosition for local player 446469990
[PlayerController] Player 446469990 emitting PositionChanged signal at (495.30865, 349.65442)
[GameWorld] OnPlayerPositionChanged: Player 446469990 at (495.30865, 349.65442), IsServer=False
[GameWorld] Client sending position to server
[PlayerController] Player 446469990 emitting PositionChanged signal at (498.642, 349.65442)
[GameWorld] OnPlayerPositionChanged: Player 446469990 at (498.642, 349.65442), IsServer=False
[GameWorld] Client sending position to server
[GameWorld] SyncPlayerPosition RPC received on peer 446469990: Player 446469990 at (491.9753, 349.65442)
[GameWorld] Current player controllers: 3, Keys: [446469990, 1, 1125268556]
[GameWorld] Client updating remote player 446469990, isLocal=Player_446469990
[PlayerController] Ignoring UpdateRemotePosition for local player 446469990
[GameWorld] SyncPlayerPosition RPC received on peer 446469990: Player 446469990 at (495.30865, 349.65442)
[GameWorld] Current player controllers: 3, Keys: [446469990, 1, 1125268556]
[GameWorld] Client updating remote player 446469990, isLocal=Player_446469990
[PlayerController] Ignoring UpdateRemotePosition for local player 446469990
[PlayerController] Player 446469990 emitting PositionChanged signal at (501.97534, 349.65442)
[GameWorld] OnPlayerPositionChanged: Player 446469990 at (501.97534, 349.65442), IsServer=False
[GameWorld] Client sending position to server
[GameWorld] SyncPlayerPosition RPC received on peer 446469990: Player 446469990 at (498.642, 349.65442)
[GameWorld] Current player controllers: 3, Keys: [446469990, 1, 1125268556]
[GameWorld] Client updating remote player 446469990, isLocal=Player_446469990
[PlayerController] Ignoring UpdateRemotePosition for local player 446469990
[PlayerController] Player 446469990 emitting PositionChanged signal at (505.3087, 349.65442)
[GameWorld] OnPlayerPositionChanged: Player 446469990 at (505.3087, 349.65442), IsServer=False
[GameWorld] Client sending position to server
[GameWorld] SyncPlayerPosition RPC received on peer 446469990: Player 446469990 at (501.97534, 349.65442)
[GameWorld] Current player controllers: 3, Keys: [446469990, 1, 1125268556]
[GameWorld] Client updating remote player 446469990, isLocal=Player_446469990
[PlayerController] Ignoring UpdateRemotePosition for local player 446469990
[PlayerController] Player 446469990 emitting PositionChanged signal at (508.64203, 349.65442)
[GameWorld] OnPlayerPositionChanged: Player 446469990 at (508.64203, 349.65442), IsServer=False
[GameWorld] Client sending position to server
[GameWorld] SyncPlayerPosition RPC received on peer 446469990: Player 446469990 at (505.3087, 349.65442)
[GameWorld] Current player controllers: 3, Keys: [446469990, 1, 1125268556]
[GameWorld] Client updating remote player 446469990, isLocal=Player_446469990
[PlayerController] Ignoring UpdateRemotePosition for local player 446469990
[PlayerController] Player 446469990 emitting PositionChanged signal at (511.97537, 349.65442)
[GameWorld] OnPlayerPositionChanged: Player 446469990 at (511.97537, 349.65442), IsServer=False
[GameWorld] Client sending position to server
[PlayerController] Player 446469990 emitting PositionChanged signal at (515.3087, 349.65442)
[GameWorld] OnPlayerPositionChanged: Player 446469990 at (515.3087, 349.65442), IsServer=False
[GameWorld] Client sending position to server
[GameWorld] SyncPlayerPosition RPC received on peer 446469990: Player 446469990 at (508.64203, 349.65442)
[GameWorld] Current player controllers: 3, Keys: [446469990, 1, 1125268556]
[GameWorld] Client updating remote player 446469990, isLocal=Player_446469990
[PlayerController] Ignoring UpdateRemotePosition for local player 446469990
[GameWorld] SyncPlayerPosition RPC received on peer 446469990: Player 446469990 at (511.97537, 349.65442)
[GameWorld] Current player controllers: 3, Keys: [446469990, 1, 1125268556]
[GameWorld] Client updating remote player 446469990, isLocal=Player_446469990
[PlayerController] Ignoring UpdateRemotePosition for local player 446469990
[PlayerController] Player 446469990 emitting PositionChanged signal at (518.642, 349.65442)
[GameWorld] OnPlayerPositionChanged: Player 446469990 at (518.642, 349.65442), IsServer=False
[GameWorld] Client sending position to server
[GameWorld] SyncPlayerPosition RPC received on peer 446469990: Player 446469990 at (515.3087, 349.65442)
[GameWorld] Current player controllers: 3, Keys: [446469990, 1, 1125268556]
[GameWorld] Client updating remote player 446469990, isLocal=Player_446469990
[PlayerController] Ignoring UpdateRemotePosition for local player 446469990
[PlayerController] Player 446469990 emitting PositionChanged signal at (521.97534, 349.65442)
[GameWorld] OnPlayerPositionChanged: Player 446469990 at (521.97534, 349.65442), IsServer=False
[GameWorld] Client sending position to server
[GameWorld] SyncPlayerPosition RPC received on peer 446469990: Player 446469990 at (518.642, 349.65442)
[GameWorld] Current player controllers: 3, Keys: [446469990, 1, 1125268556]
[GameWorld] Client updating remote player 446469990, isLocal=Player_446469990
[PlayerController] Ignoring UpdateRemotePosition for local player 446469990
[PlayerController] Player 446469990 emitting PositionChanged signal at (525.30865, 349.65442)
[GameWorld] OnPlayerPositionChanged: Player 446469990 at (525.30865, 349.65442), IsServer=False
[GameWorld] Client sending position to server
[PlayerController] Player 446469990 emitting PositionChanged signal at (528.64197, 349.65442)
[GameWorld] OnPlayerPositionChanged: Player 446469990 at (528.64197, 349.65442), IsServer=False
[GameWorld] Client sending position to server
[GameWorld] SyncPlayerPosition RPC received on peer 446469990: Player 446469990 at (521.97534, 349.65442)
[GameWorld] Current player controllers: 3, Keys: [446469990, 1, 1125268556]
[GameWorld] Client updating remote player 446469990, isLocal=Player_446469990
[PlayerController] Ignoring UpdateRemotePosition for local player 446469990
[GameWorld] SyncPlayerPosition RPC received on peer 446469990: Player 446469990 at (525.30865, 349.65442)
[GameWorld] Current player controllers: 3, Keys: [446469990, 1, 1125268556]
[GameWorld] Client updating remote player 446469990, isLocal=Player_446469990
[PlayerController] Ignoring UpdateRemotePosition for local player 446469990
[PlayerController] Player 446469990 emitting PositionChanged signal at (531.9753, 349.65442)
[GameWorld] OnPlayerPositionChanged: Player 446469990 at (531.9753, 349.65442), IsServer=False
[GameWorld] Client sending position to server
[GameWorld] SyncPlayerPosition RPC received on peer 446469990: Player 446469990 at (528.64197, 349.65442)
[GameWorld] Current player controllers: 3, Keys: [446469990, 1, 1125268556]
[GameWorld] Client updating remote player 446469990, isLocal=Player_446469990
[PlayerController] Ignoring UpdateRemotePosition for local player 446469990
[PlayerController] Player 446469990 emitting PositionChanged signal at (535.3086, 349.65442)
[GameWorld] OnPlayerPositionChanged: Player 446469990 at (535.3086, 349.65442), IsServer=False
[GameWorld] Client sending position to server
[GameWorld] SyncPlayerPosition RPC received on peer 446469990: Player 446469990 at (531.9753, 349.65442)
[GameWorld] Current player controllers: 3, Keys: [446469990, 1, 1125268556]
[GameWorld] Client updating remote player 446469990, isLocal=Player_446469990
[PlayerController] Ignoring UpdateRemotePosition for local player 446469990
[PlayerController] Player 446469990 emitting PositionChanged signal at (538.6419, 349.65442)
[GameWorld] OnPlayerPositionChanged: Player 446469990 at (538.6419, 349.65442), IsServer=False
[GameWorld] Client sending position to server
[GameWorld] SyncPlayerPosition RPC received on peer 446469990: Player 446469990 at (535.3086, 349.65442)
[GameWorld] Current player controllers: 3, Keys: [446469990, 1, 1125268556]
[GameWorld] Client updating remote player 446469990, isLocal=Player_446469990
[PlayerController] Ignoring UpdateRemotePosition for local player 446469990
[PlayerController] Player 446469990 emitting PositionChanged signal at (541.9752, 349.65442)
[GameWorld] OnPlayerPositionChanged: Player 446469990 at (541.9752, 349.65442), IsServer=False
[GameWorld] Client sending position to server
[GameWorld] SyncPlayerPosition RPC received on peer 446469990: Player 446469990 at (538.6419, 349.65442)
[GameWorld] Current player controllers: 3, Keys: [446469990, 1, 1125268556]
[GameWorld] Client updating remote player 446469990, isLocal=Player_446469990
[PlayerController] Ignoring UpdateRemotePosition for local player 446469990
[PlayerController] Player 446469990 emitting PositionChanged signal at (545.30853, 349.65442)
[GameWorld] OnPlayerPositionChanged: Player 446469990 at (545.30853, 349.65442), IsServer=False
[GameWorld] Client sending position to server
[GameWorld] SyncPlayerPosition RPC received on peer 446469990: Player 446469990 at (541.9752, 349.65442)
[GameWorld] Current player controllers: 3, Keys: [446469990, 1, 1125268556]
[GameWorld] Client updating remote player 446469990, isLocal=Player_446469990
[PlayerController] Ignoring UpdateRemotePosition for local player 446469990
[PlayerController] Player 446469990 emitting PositionChanged signal at (548.64185, 349.65442)
[GameWorld] OnPlayerPositionChanged: Player 446469990 at (548.64185, 349.65442), IsServer=False
[GameWorld] Client sending position to server
[GameWorld] SyncPlayerPosition RPC received on peer 446469990: Player 446469990 at (545.30853, 349.65442)
[GameWorld] Current player controllers: 3, Keys: [446469990, 1, 1125268556]
[GameWorld] Client updating remote player 446469990, isLocal=Player_446469990
[PlayerController] Ignoring UpdateRemotePosition for local player 446469990
[PlayerController] Player 446469990 emitting PositionChanged signal at (551.97516, 349.65442)
[GameWorld] OnPlayerPositionChanged: Player 446469990 at (551.97516, 349.65442), IsServer=False
[GameWorld] Client sending position to server
[GameWorld] SyncPlayerPosition RPC received on peer 446469990: Player 446469990 at (548.64185, 349.65442)
[GameWorld] Current player controllers: 3, Keys: [446469990, 1, 1125268556]
[GameWorld] Client updating remote player 446469990, isLocal=Player_446469990
[PlayerController] Ignoring UpdateRemotePosition for local player 446469990
[PlayerController] Player 446469990 emitting PositionChanged signal at (555.3085, 349.65442)
[GameWorld] OnPlayerPositionChanged: Player 446469990 at (555.3085, 349.65442), IsServer=False
[GameWorld] Client sending position to server
[GameWorld] SyncPlayerPosition RPC received on peer 446469990: Player 446469990 at (551.97516, 349.65442)
[GameWorld] Current player controllers: 3, Keys: [446469990, 1, 1125268556]
[GameWorld] Client updating remote player 446469990, isLocal=Player_446469990
[PlayerController] Ignoring UpdateRemotePosition for local player 446469990
[PlayerController] Player 446469990 emitting PositionChanged signal at (558.6418, 349.65442)
[GameWorld] OnPlayerPositionChanged: Player 446469990 at (558.6418, 349.65442), IsServer=False
[GameWorld] Client sending position to server
[GameWorld] SyncPlayerPosition RPC received on peer 446469990: Player 446469990 at (555.3085, 349.65442)
[GameWorld] Current player controllers: 3, Keys: [446469990, 1, 1125268556]
[GameWorld] Client updating remote player 446469990, isLocal=Player_446469990
[PlayerController] Ignoring UpdateRemotePosition for local player 446469990
[PlayerController] Player 446469990 emitting PositionChanged signal at (561.9751, 349.65442)
[GameWorld] OnPlayerPositionChanged: Player 446469990 at (561.9751, 349.65442), IsServer=False
[GameWorld] Client sending position to server
[GameWorld] SyncPlayerPosition RPC received on peer 446469990: Player 446469990 at (558.6418, 349.65442)
[GameWorld] Current player controllers: 3, Keys: [446469990, 1, 1125268556]
[GameWorld] Client updating remote player 446469990, isLocal=Player_446469990
[PlayerController] Ignoring UpdateRemotePosition for local player 446469990
[PlayerController] Player 446469990 emitting PositionChanged signal at (565.3084, 349.65442)
[GameWorld] OnPlayerPositionChanged: Player 446469990 at (565.3084, 349.65442), IsServer=False
[GameWorld] Client sending position to server
[GameWorld] SyncPlayerPosition RPC received on peer 446469990: Player 446469990 at (561.9751, 349.65442)
[GameWorld] Current player controllers: 3, Keys: [446469990, 1, 1125268556]
[GameWorld] Client updating remote player 446469990, isLocal=Player_446469990
[PlayerController] Ignoring UpdateRemotePosition for local player 446469990
[PlayerController] Player 446469990 emitting PositionChanged signal at (568.6417, 349.65442)
[GameWorld] OnPlayerPositionChanged: Player 446469990 at (568.6417, 349.65442), IsServer=False
[GameWorld] Client sending position to server
[GameWorld] SyncPlayerPosition RPC received on peer 446469990: Player 446469990 at (565.3084, 349.65442)
[GameWorld] Current player controllers: 3, Keys: [446469990, 1, 1125268556]
[GameWorld] Client updating remote player 446469990, isLocal=Player_446469990
[PlayerController] Ignoring UpdateRemotePosition for local player 446469990
[PlayerController] Player 446469990 emitting PositionChanged signal at (571.97504, 349.65442)
[GameWorld] OnPlayerPositionChanged: Player 446469990 at (571.97504, 349.65442), IsServer=False
[GameWorld] Client sending position to server
[GameWorld] SyncPlayerPosition RPC received on peer 446469990: Player 446469990 at (568.6417, 349.65442)
[GameWorld] Current player controllers: 3, Keys: [446469990, 1, 1125268556]
[GameWorld] Client updating remote player 446469990, isLocal=Player_446469990
[PlayerController] Ignoring UpdateRemotePosition for local player 446469990
[PlayerController] Player 446469990 emitting PositionChanged signal at (575.30835, 349.65442)
[GameWorld] OnPlayerPositionChanged: Player 446469990 at (575.30835, 349.65442), IsServer=False
[GameWorld] Client sending position to server
[GameWorld] SyncPlayerPosition RPC received on peer 446469990: Player 446469990 at (571.97504, 349.65442)
[GameWorld] Current player controllers: 3, Keys: [446469990, 1, 1125268556]
[GameWorld] Client updating remote player 446469990, isLocal=Player_446469990
[PlayerController] Ignoring UpdateRemotePosition for local player 446469990
[PlayerController] Player 446469990 emitting PositionChanged signal at (578.64166, 349.65442)
[GameWorld] OnPlayerPositionChanged: Player 446469990 at (578.64166, 349.65442), IsServer=False
[GameWorld] Client sending position to server
[PlayerController] Player 446469990 emitting PositionChanged signal at (581.975, 349.65442)
[GameWorld] OnPlayerPositionChanged: Player 446469990 at (581.975, 349.65442), IsServer=False
[GameWorld] Client sending position to server
[GameWorld] SyncPlayerPosition RPC received on peer 446469990: Player 446469990 at (575.30835, 349.65442)
[GameWorld] Current player controllers: 3, Keys: [446469990, 1, 1125268556]
[GameWorld] Client updating remote player 446469990, isLocal=Player_446469990
[PlayerController] Ignoring UpdateRemotePosition for local player 446469990
[GameWorld] SyncPlayerPosition RPC received on peer 446469990: Player 446469990 at (578.64166, 349.65442)
[GameWorld] Current player controllers: 3, Keys: [446469990, 1, 1125268556]
[GameWorld] Client updating remote player 446469990, isLocal=Player_446469990
[PlayerController] Ignoring UpdateRemotePosition for local player 446469990
[PlayerController] Player 446469990 emitting PositionChanged signal at (585.3083, 349.65442)
[GameWorld] OnPlayerPositionChanged: Player 446469990 at (585.3083, 349.65442), IsServer=False
[GameWorld] Client sending position to server
[GameWorld] SyncPlayerPosition RPC received on peer 446469990: Player 446469990 at (581.975, 349.65442)
[GameWorld] Current player controllers: 3, Keys: [446469990, 1, 1125268556]
[GameWorld] Client updating remote player 446469990, isLocal=Player_446469990
[PlayerController] Ignoring UpdateRemotePosition for local player 446469990
[PlayerController] Player 446469990 emitting PositionChanged signal at (588.6416, 349.65442)
[GameWorld] OnPlayerPositionChanged: Player 446469990 at (588.6416, 349.65442), IsServer=False
[GameWorld] Client sending position to server
[GameWorld] SyncPlayerPosition RPC received on peer 446469990: Player 446469990 at (585.3083, 349.65442)
[GameWorld] Current player controllers: 3, Keys: [446469990, 1, 1125268556]
[GameWorld] Client updating remote player 446469990, isLocal=Player_446469990
[PlayerController] Ignoring UpdateRemotePosition for local player 446469990
[PlayerController] Player 446469990 emitting PositionChanged signal at (591.9749, 349.65442)
[GameWorld] OnPlayerPositionChanged: Player 446469990 at (591.9749, 349.65442), IsServer=False
[GameWorld] Client sending position to server
[GameWorld] SyncPlayerPosition RPC received on peer 446469990: Player 446469990 at (588.6416, 349.65442)
[GameWorld] Current player controllers: 3, Keys: [446469990, 1, 1125268556]
[GameWorld] Client updating remote player 446469990, isLocal=Player_446469990
[PlayerController] Ignoring UpdateRemotePosition for local player 446469990
[PlayerController] Player 446469990 emitting PositionChanged signal at (595.3082, 349.65442)
[GameWorld] OnPlayerPositionChanged: Player 446469990 at (595.3082, 349.65442), IsServer=False
[GameWorld] Client sending position to server
[GameWorld] SyncPlayerPosition RPC received on peer 446469990: Player 446469990 at (591.9749, 349.65442)
[GameWorld] Current player controllers: 3, Keys: [446469990, 1, 1125268556]
[GameWorld] Client updating remote player 446469990, isLocal=Player_446469990
[PlayerController] Ignoring UpdateRemotePosition for local player 446469990
[PlayerController] Player 446469990 emitting PositionChanged signal at (598.64154, 349.65442)
[GameWorld] OnPlayerPositionChanged: Player 446469990 at (598.64154, 349.65442), IsServer=False
[GameWorld] Client sending position to server
[GameWorld] SyncPlayerPosition RPC received on peer 446469990: Player 446469990 at (595.3082, 349.65442)
[GameWorld] Current player controllers: 3, Keys: [446469990, 1, 1125268556]
[GameWorld] Client updating remote player 446469990, isLocal=Player_446469990
[PlayerController] Ignoring UpdateRemotePosition for local player 446469990
[PlayerController] Player 446469990 emitting PositionChanged signal at (601.97485, 349.65442)
[GameWorld] OnPlayerPositionChanged: Player 446469990 at (601.97485, 349.65442), IsServer=False
[GameWorld] Client sending position to server
[GameWorld] SyncPlayerPosition RPC received on peer 446469990: Player 446469990 at (598.64154, 349.65442)
[GameWorld] Current player controllers: 3, Keys: [446469990, 1, 1125268556]
[GameWorld] Client updating remote player 446469990, isLocal=Player_446469990
[PlayerController] Ignoring UpdateRemotePosition for local player 446469990
[PlayerController] Player 446469990 emitting PositionChanged signal at (605.30817, 349.65442)
[GameWorld] OnPlayerPositionChanged: Player 446469990 at (605.30817, 349.65442), IsServer=False
[GameWorld] Client sending position to server
[GameWorld] SyncPlayerPosition RPC received on peer 446469990: Player 446469990 at (601.97485, 349.65442)
[GameWorld] Current player controllers: 3, Keys: [446469990, 1, 1125268556]
[GameWorld] Client updating remote player 446469990, isLocal=Player_446469990
[PlayerController] Ignoring UpdateRemotePosition for local player 446469990
[PlayerController] Player 446469990 emitting PositionChanged signal at (608.6415, 349.65442)
[GameWorld] OnPlayerPositionChanged: Player 446469990 at (608.6415, 349.65442), IsServer=False
[GameWorld] Client sending position to server
[GameWorld] SyncPlayerPosition RPC received on peer 446469990: Player 446469990 at (605.30817, 349.65442)
[GameWorld] Current player controllers: 3, Keys: [446469990, 1, 1125268556]
[GameWorld] Client updating remote player 446469990, isLocal=Player_446469990
[PlayerController] Ignoring UpdateRemotePosition for local player 446469990
[PlayerController] Player 446469990 emitting PositionChanged signal at (610.9985, 347.2974)
[GameWorld] OnPlayerPositionChanged: Player 446469990 at (610.9985, 347.2974), IsServer=False
[GameWorld] Client sending position to server
[GameWorld] SyncPlayerPosition RPC received on peer 446469990: Player 446469990 at (608.6415, 349.65442)
[GameWorld] Current player controllers: 3, Keys: [446469990, 1, 1125268556]
[GameWorld] Client updating remote player 446469990, isLocal=Player_446469990
[PlayerController] Ignoring UpdateRemotePosition for local player 446469990
[PlayerController] Player 446469990 emitting PositionChanged signal at (613.35547, 344.94037)
[GameWorld] OnPlayerPositionChanged: Player 446469990 at (613.35547, 344.94037), IsServer=False
[GameWorld] Client sending position to server
[GameWorld] SyncPlayerPosition RPC received on peer 446469990: Player 446469990 at (610.9985, 347.2974)
[GameWorld] Current player controllers: 3, Keys: [446469990, 1, 1125268556]
[GameWorld] Client updating remote player 446469990, isLocal=Player_446469990
[PlayerController] Ignoring UpdateRemotePosition for local player 446469990
[PlayerController] Player 446469990 emitting PositionChanged signal at (615.71246, 342.58334)
[GameWorld] OnPlayerPositionChanged: Player 446469990 at (615.71246, 342.58334), IsServer=False
[GameWorld] Client sending position to server
[GameWorld] SyncPlayerPosition RPC received on peer 446469990: Player 446469990 at (613.35547, 344.94037)
[GameWorld] Current player controllers: 3, Keys: [446469990, 1, 1125268556]
[GameWorld] Client updating remote player 446469990, isLocal=Player_446469990
[PlayerController] Ignoring UpdateRemotePosition for local player 446469990
[PlayerController] Player 446469990 emitting PositionChanged signal at (618.06946, 340.22632)
[GameWorld] OnPlayerPositionChanged: Player 446469990 at (618.06946, 340.22632), IsServer=False
[GameWorld] Client sending position to server
[GameWorld] SyncPlayerPosition RPC received on peer 446469990: Player 446469990 at (615.71246, 342.58334)
[GameWorld] Current player controllers: 3, Keys: [446469990, 1, 1125268556]
[GameWorld] Client updating remote player 446469990, isLocal=Player_446469990
[PlayerController] Ignoring UpdateRemotePosition for local player 446469990
[PlayerController] Player 446469990 emitting PositionChanged signal at (620.42645, 337.8693)
[GameWorld] OnPlayerPositionChanged: Player 446469990 at (620.42645, 337.8693), IsServer=False
[GameWorld] Client sending position to server
[GameWorld] SyncPlayerPosition RPC received on peer 446469990: Player 446469990 at (618.06946, 340.22632)
[GameWorld] Current player controllers: 3, Keys: [446469990, 1, 1125268556]
[GameWorld] Client updating remote player 446469990, isLocal=Player_446469990
[PlayerController] Ignoring UpdateRemotePosition for local player 446469990
[PlayerController] Player 446469990 emitting PositionChanged signal at (622.78345, 335.51227)
[GameWorld] OnPlayerPositionChanged: Player 446469990 at (622.78345, 335.51227), IsServer=False
[GameWorld] Client sending position to server
[PlayerController] Player 446469990 emitting PositionChanged signal at (625.14044, 333.15524)
[GameWorld] OnPlayerPositionChanged: Player 446469990 at (625.14044, 333.15524), IsServer=False
[GameWorld] Client sending position to server
[GameWorld] SyncPlayerPosition RPC received on peer 446469990: Player 446469990 at (620.42645, 337.8693)
[GameWorld] Current player controllers: 3, Keys: [446469990, 1, 1125268556]
[GameWorld] Client updating remote player 446469990, isLocal=Player_446469990
[PlayerController] Ignoring UpdateRemotePosition for local player 446469990
[GameWorld] SyncPlayerPosition RPC received on peer 446469990: Player 446469990 at (622.78345, 335.51227)
[GameWorld] Current player controllers: 3, Keys: [446469990, 1, 1125268556]
[GameWorld] Client updating remote player 446469990, isLocal=Player_446469990
[PlayerController] Ignoring UpdateRemotePosition for local player 446469990
[PlayerController] Player 446469990 emitting PositionChanged signal at (627.49744, 330.79822)
[GameWorld] OnPlayerPositionChanged: Player 446469990 at (627.49744, 330.79822), IsServer=False
[GameWorld] Client sending position to server
[GameWorld] SyncPlayerPosition RPC received on peer 446469990: Player 446469990 at (625.14044, 333.15524)
[GameWorld] Current player controllers: 3, Keys: [446469990, 1, 1125268556]
[GameWorld] Client updating remote player 446469990, isLocal=Player_446469990
[PlayerController] Ignoring UpdateRemotePosition for local player 446469990
Body entered John: Player_446469990
Local player entered John range. Auto-interacting.
GameWorld received OnNPCClicked for john. Current Role: 'Producer'
[PlayerController] Player 446469990 emitting PositionChanged signal at (629.85443, 328.4412)
[GameWorld] OnPlayerPositionChanged: Player 446469990 at (629.85443, 328.4412), IsServer=False
[GameWorld] Client sending position to server
[GameWorld] SyncPlayerPosition RPC received on peer 446469990: Player 446469990 at (627.49744, 330.79822)
[GameWorld] Current player controllers: 3, Keys: [446469990, 1, 1125268556]
[GameWorld] Client updating remote player 446469990, isLocal=Player_446469990
[PlayerController] Ignoring UpdateRemotePosition for local player 446469990
[PlayerController] Player 446469990 emitting PositionChanged signal at (632.2114, 326.08417)
[GameWorld] OnPlayerPositionChanged: Player 446469990 at (632.2114, 326.08417), IsServer=False
[GameWorld] Client sending position to server
[GameWorld] SyncPlayerPosition RPC received on peer 446469990: Player 446469990 at (629.85443, 328.4412)
[GameWorld] Current player controllers: 3, Keys: [446469990, 1, 1125268556]
[GameWorld] Client updating remote player 446469990, isLocal=Player_446469990
[PlayerController] Ignoring UpdateRemotePosition for local player 446469990
[PlayerController] Player 446469990 emitting PositionChanged signal at (634.5684, 323.72714)
[GameWorld] OnPlayerPositionChanged: Player 446469990 at (634.5684, 323.72714), IsServer=False
[GameWorld] Client sending position to server
[GameWorld] SyncPlayerPosition RPC received on peer 446469990: Player 446469990 at (632.2114, 326.08417)
[GameWorld] Current player controllers: 3, Keys: [446469990, 1, 1125268556]
[GameWorld] Client updating remote player 446469990, isLocal=Player_446469990
[PlayerController] Ignoring UpdateRemotePosition for local player 446469990
[PlayerController] Player 446469990 emitting PositionChanged signal at (636.9254, 321.37012)
[GameWorld] OnPlayerPositionChanged: Player 446469990 at (636.9254, 321.37012), IsServer=False
[GameWorld] Client sending position to server
[GameWorld] SyncPlayerPosition RPC received on peer 446469990: Player 446469990 at (634.5684, 323.72714)
[GameWorld] Current player controllers: 3, Keys: [446469990, 1, 1125268556]
[GameWorld] Client updating remote player 446469990, isLocal=Player_446469990
[PlayerController] Ignoring UpdateRemotePosition for local player 446469990
[PlayerController] Player 446469990 emitting PositionChanged signal at (639.2824, 319.0131)
[GameWorld] OnPlayerPositionChanged: Player 446469990 at (639.2824, 319.0131), IsServer=False
[GameWorld] Client sending position to server
[GameWorld] SyncPlayerPosition RPC received on peer 446469990: Player 446469990 at (636.9254, 321.37012)
[GameWorld] Current player controllers: 3, Keys: [446469990, 1, 1125268556]
[GameWorld] Client updating remote player 446469990, isLocal=Player_446469990
[PlayerController] Ignoring UpdateRemotePosition for local player 446469990
[PlayerController] Player 446469990 emitting PositionChanged signal at (641.6394, 316.65607)
[GameWorld] OnPlayerPositionChanged: Player 446469990 at (641.6394, 316.65607), IsServer=False
[GameWorld] Client sending position to server
[GameWorld] SyncPlayerPosition RPC received on peer 446469990: Player 446469990 at (639.2824, 319.0131)
[GameWorld] Current player controllers: 3, Keys: [446469990, 1, 1125268556]
[GameWorld] Client updating remote player 446469990, isLocal=Player_446469990
[PlayerController] Ignoring UpdateRemotePosition for local player 446469990
[PlayerController] Player 446469990 emitting PositionChanged signal at (643.9964, 314.29904)
[GameWorld] OnPlayerPositionChanged: Player 446469990 at (643.9964, 314.29904), IsServer=False
[GameWorld] Client sending position to server
[GameWorld] SyncPlayerPosition RPC received on peer 446469990: Player 446469990 at (641.6394, 316.65607)
[GameWorld] Current player controllers: 3, Keys: [446469990, 1, 1125268556]
[GameWorld] Client updating remote player 446469990, isLocal=Player_446469990
[PlayerController] Ignoring UpdateRemotePosition for local player 446469990
[PlayerController] Player 446469990 emitting PositionChanged signal at (646.3534, 311.94202)
[GameWorld] OnPlayerPositionChanged: Player 446469990 at (646.3534, 311.94202), IsServer=False
[GameWorld] Client sending position to server
[GameWorld] SyncPlayerPosition RPC received on peer 446469990: Player 446469990 at (643.9964, 314.29904)
[GameWorld] Current player controllers: 3, Keys: [446469990, 1, 1125268556]
[GameWorld] Client updating remote player 446469990, isLocal=Player_446469990
[PlayerController] Ignoring UpdateRemotePosition for local player 446469990
[PlayerController] Player 446469990 emitting PositionChanged signal at (648.7104, 309.585)
[GameWorld] OnPlayerPositionChanged: Player 446469990 at (648.7104, 309.585), IsServer=False
[GameWorld] Client sending position to server
[GameWorld] SyncPlayerPosition RPC received on peer 446469990: Player 446469990 at (646.3534, 311.94202)
[GameWorld] Current player controllers: 3, Keys: [446469990, 1, 1125268556]
[GameWorld] Client updating remote player 446469990, isLocal=Player_446469990
[PlayerController] Ignoring UpdateRemotePosition for local player 446469990
[PlayerController] Player 446469990 emitting PositionChanged signal at (651.0674, 307.22797)
[GameWorld] OnPlayerPositionChanged: Player 446469990 at (651.0674, 307.22797), IsServer=False
[GameWorld] Client sending position to server
[GameWorld] SyncPlayerPosition RPC received on peer 446469990: Player 446469990 at (648.7104, 309.585)
[GameWorld] Current player controllers: 3, Keys: [446469990, 1, 1125268556]
[GameWorld] Client updating remote player 446469990, isLocal=Player_446469990
[PlayerController] Ignoring UpdateRemotePosition for local player 446469990
[PlayerController] Player 446469990 emitting PositionChanged signal at (653.4244, 304.87094)
[GameWorld] OnPlayerPositionChanged: Player 446469990 at (653.4244, 304.87094), IsServer=False
[GameWorld] Client sending position to server
[GameWorld] SyncPlayerPosition RPC received on peer 446469990: Player 446469990 at (651.0674, 307.22797)
[GameWorld] Current player controllers: 3, Keys: [446469990, 1, 1125268556]
[GameWorld] Client updating remote player 446469990, isLocal=Player_446469990
[PlayerController] Ignoring UpdateRemotePosition for local player 446469990
[PlayerController] Player 446469990 emitting PositionChanged signal at (655.7814, 302.51392)
[GameWorld] OnPlayerPositionChanged: Player 446469990 at (655.7814, 302.51392), IsServer=False
[GameWorld] Client sending position to server
[GameWorld] SyncPlayerPosition RPC received on peer 446469990: Player 446469990 at (653.4244, 304.87094)
[GameWorld] Current player controllers: 3, Keys: [446469990, 1, 1125268556]
[GameWorld] Client updating remote player 446469990, isLocal=Player_446469990
[PlayerController] Ignoring UpdateRemotePosition for local player 446469990
[PlayerController] Player 446469990 emitting PositionChanged signal at (658.13837, 300.1569)
[GameWorld] OnPlayerPositionChanged: Player 446469990 at (658.13837, 300.1569), IsServer=False
[GameWorld] Client sending position to server
[GameWorld] SyncPlayerPosition RPC received on peer 446469990: Player 446469990 at (655.7814, 302.51392)
[GameWorld] Current player controllers: 3, Keys: [446469990, 1, 1125268556]
[GameWorld] Client updating remote player 446469990, isLocal=Player_446469990
[PlayerController] Ignoring UpdateRemotePosition for local player 446469990
[PlayerController] Player 446469990 emitting PositionChanged signal at (660.49536, 297.79987)
[GameWorld] OnPlayerPositionChanged: Player 446469990 at (660.49536, 297.79987), IsServer=False
[GameWorld] Client sending position to server
[GameWorld] SyncPlayerPosition RPC received on peer 446469990: Player 446469990 at (658.13837, 300.1569)
[GameWorld] Current player controllers: 3, Keys: [446469990, 1, 1125268556]
[GameWorld] Client updating remote player 446469990, isLocal=Player_446469990
[PlayerController] Ignoring UpdateRemotePosition for local player 446469990
[PlayerController] Player 446469990 emitting PositionChanged signal at (662.85236, 295.44284)
[GameWorld] OnPlayerPositionChanged: Player 446469990 at (662.85236, 295.44284), IsServer=False
[GameWorld] Client sending position to server
[GameWorld] SyncPlayerPosition RPC received on peer 446469990: Player 446469990 at (660.49536, 297.79987)
[GameWorld] Current player controllers: 3, Keys: [446469990, 1, 1125268556]
[GameWorld] Client updating remote player 446469990, isLocal=Player_446469990
[PlayerController] Ignoring UpdateRemotePosition for local player 446469990
[PlayerController] Player 446469990 emitting PositionChanged signal at (665.20935, 293.08582)
[GameWorld] OnPlayerPositionChanged: Player 446469990 at (665.20935, 293.08582), IsServer=False
[GameWorld] Client sending position to server
[GameWorld] SyncPlayerPosition RPC received on peer 446469990: Player 446469990 at (662.85236, 295.44284)
[GameWorld] Current player controllers: 3, Keys: [446469990, 1, 1125268556]
[GameWorld] Client updating remote player 446469990, isLocal=Player_446469990
[PlayerController] Ignoring UpdateRemotePosition for local player 446469990
[PlayerController] Player 446469990 emitting PositionChanged signal at (667.56635, 290.7288)
[GameWorld] OnPlayerPositionChanged: Player 446469990 at (667.56635, 290.7288), IsServer=False
[GameWorld] Client sending position to server
[GameWorld] SyncPlayerPosition RPC received on peer 446469990: Player 446469990 at (665.20935, 293.08582)
[GameWorld] Current player controllers: 3, Keys: [446469990, 1, 1125268556]
[GameWorld] Client updating remote player 446469990, isLocal=Player_446469990
[PlayerController] Ignoring UpdateRemotePosition for local player 446469990
[PlayerController] Player 446469990 emitting PositionChanged signal at (669.92334, 288.37177)
[GameWorld] OnPlayerPositionChanged: Player 446469990 at (669.92334, 288.37177), IsServer=False
[GameWorld] Client sending position to server
[GameWorld] SyncPlayerPosition RPC received on peer 446469990: Player 446469990 at (667.56635, 290.7288)
[GameWorld] Current player controllers: 3, Keys: [446469990, 1, 1125268556]
[GameWorld] Client updating remote player 446469990, isLocal=Player_446469990
[PlayerController] Ignoring UpdateRemotePosition for local player 446469990
[PlayerController] Player 446469990 emitting PositionChanged signal at (672.28033, 286.01474)
[GameWorld] OnPlayerPositionChanged: Player 446469990 at (672.28033, 286.01474), IsServer=False
[GameWorld] Client sending position to server
[GameWorld] SyncPlayerPosition RPC received on peer 446469990: Player 446469990 at (669.92334, 288.37177)
[GameWorld] Current player controllers: 3, Keys: [446469990, 1, 1125268556]
[GameWorld] Client updating remote player 446469990, isLocal=Player_446469990
[PlayerController] Ignoring UpdateRemotePosition for local player 446469990
[PlayerController] Player 446469990 emitting PositionChanged signal at (674.6373, 283.6577)
[GameWorld] OnPlayerPositionChanged: Player 446469990 at (674.6373, 283.6577), IsServer=False
[GameWorld] Client sending position to server
[GameWorld] SyncPlayerPosition RPC received on peer 446469990: Player 446469990 at (672.28033, 286.01474)
[GameWorld] Current player controllers: 3, Keys: [446469990, 1, 1125268556]
[GameWorld] Client updating remote player 446469990, isLocal=Player_446469990
[PlayerController] Ignoring UpdateRemotePosition for local player 446469990
[PlayerController] Player 446469990 emitting PositionChanged signal at (676.9943, 281.3007)
[GameWorld] OnPlayerPositionChanged: Player 446469990 at (676.9943, 281.3007), IsServer=False
[GameWorld] Client sending position to server
[GameWorld] SyncPlayerPosition RPC received on peer 446469990: Player 446469990 at (674.6373, 283.6577)
[GameWorld] Current player controllers: 3, Keys: [446469990, 1, 1125268556]
[GameWorld] Client updating remote player 446469990, isLocal=Player_446469990
[PlayerController] Ignoring UpdateRemotePosition for local player 446469990
[PlayerController] Player 446469990 emitting PositionChanged signal at (679.3513, 278.94366)
[GameWorld] OnPlayerPositionChanged: Player 446469990 at (679.3513, 278.94366), IsServer=False
[GameWorld] Client sending position to server
[GameWorld] SyncPlayerPosition RPC received on peer 446469990: Player 446469990 at (676.9943, 281.3007)
[GameWorld] Current player controllers: 3, Keys: [446469990, 1, 1125268556]
[GameWorld] Client updating remote player 446469990, isLocal=Player_446469990
[PlayerController] Ignoring UpdateRemotePosition for local player 446469990
[PlayerController] Player 446469990 emitting PositionChanged signal at (681.7083, 276.58664)
[GameWorld] OnPlayerPositionChanged: Player 446469990 at (681.7083, 276.58664), IsServer=False
[GameWorld] Client sending position to server
[GameWorld] SyncPlayerPosition RPC received on peer 446469990: Player 446469990 at (679.3513, 278.94366)
[GameWorld] Current player controllers: 3, Keys: [446469990, 1, 1125268556]
[GameWorld] Client updating remote player 446469990, isLocal=Player_446469990
[PlayerController] Ignoring UpdateRemotePosition for local player 446469990
[PlayerController] Player 446469990 emitting PositionChanged signal at (684.0653, 274.2296)
[GameWorld] OnPlayerPositionChanged: Player 446469990 at (684.0653, 274.2296), IsServer=False
[GameWorld] Client sending position to server
[PlayerController] Player 446469990 emitting PositionChanged signal at (686.4223, 271.8726)
[GameWorld] OnPlayerPositionChanged: Player 446469990 at (686.4223, 271.8726), IsServer=False
[GameWorld] Client sending position to server
[GameWorld] SyncPlayerPosition RPC received on peer 446469990: Player 446469990 at (681.7083, 276.58664)
[GameWorld] Current player controllers: 3, Keys: [446469990, 1, 1125268556]
[GameWorld] Client updating remote player 446469990, isLocal=Player_446469990
[PlayerController] Ignoring UpdateRemotePosition for local player 446469990
[GameWorld] SyncPlayerPosition RPC received on peer 446469990: Player 446469990 at (684.0653, 274.2296)
[GameWorld] Current player controllers: 3, Keys: [446469990, 1, 1125268556]
[GameWorld] Client updating remote player 446469990, isLocal=Player_446469990
[PlayerController] Ignoring UpdateRemotePosition for local player 446469990
[PlayerController] Player 446469990 emitting PositionChanged signal at (688.7793, 269.51556)
[GameWorld] OnPlayerPositionChanged: Player 446469990 at (688.7793, 269.51556), IsServer=False
[GameWorld] Client sending position to server
[GameWorld] SyncPlayerPosition RPC received on peer 446469990: Player 446469990 at (686.4223, 271.8726)
[GameWorld] Current player controllers: 3, Keys: [446469990, 1, 1125268556]
[GameWorld] Client updating remote player 446469990, isLocal=Player_446469990
[PlayerController] Ignoring UpdateRemotePosition for local player 446469990
[PlayerController] Player 446469990 emitting PositionChanged signal at (691.1363, 267.15854)
[GameWorld] OnPlayerPositionChanged: Player 446469990 at (691.1363, 267.15854), IsServer=False
[GameWorld] Client sending position to server
[GameWorld] SyncPlayerPosition RPC received on peer 446469990: Player 446469990 at (688.7793, 269.51556)
[GameWorld] Current player controllers: 3, Keys: [446469990, 1, 1125268556]
[GameWorld] Client updating remote player 446469990, isLocal=Player_446469990
[PlayerController] Ignoring UpdateRemotePosition for local player 446469990
[PlayerController] Player 446469990 emitting PositionChanged signal at (693.4933, 264.8015)
[GameWorld] OnPlayerPositionChanged: Player 446469990 at (693.4933, 264.8015), IsServer=False
[GameWorld] Client sending position to server
[GameWorld] SyncPlayerPosition RPC received on peer 446469990: Player 446469990 at (691.1363, 267.15854)
[GameWorld] Current player controllers: 3, Keys: [446469990, 1, 1125268556]
[GameWorld] Client updating remote player 446469990, isLocal=Player_446469990
[PlayerController] Ignoring UpdateRemotePosition for local player 446469990
[PlayerController] Player 446469990 emitting PositionChanged signal at (695.8503, 262.4445)
[GameWorld] OnPlayerPositionChanged: Player 446469990 at (695.8503, 262.4445), IsServer=False
[GameWorld] Client sending position to server
[GameWorld] SyncPlayerPosition RPC received on peer 446469990: Player 446469990 at (693.4933, 264.8015)
[GameWorld] Current player controllers: 3, Keys: [446469990, 1, 1125268556]
[GameWorld] Client updating remote player 446469990, isLocal=Player_446469990
[PlayerController] Ignoring UpdateRemotePosition for local player 446469990
[PlayerController] Player 446469990 emitting PositionChanged signal at (698.2073, 260.08746)
[GameWorld] OnPlayerPositionChanged: Player 446469990 at (698.2073, 260.08746), IsServer=False
[GameWorld] Client sending position to server
[GameWorld] SyncPlayerPosition RPC received on peer 446469990: Player 446469990 at (695.8503, 262.4445)
[GameWorld] Current player controllers: 3, Keys: [446469990, 1, 1125268556]
[GameWorld] Client updating remote player 446469990, isLocal=Player_446469990
[PlayerController] Ignoring UpdateRemotePosition for local player 446469990
[PlayerController] Player 446469990 emitting PositionChanged signal at (700.5643, 257.73044)
[GameWorld] OnPlayerPositionChanged: Player 446469990 at (700.5643, 257.73044), IsServer=False
[GameWorld] Client sending position to server
[GameWorld] SyncPlayerPosition RPC received on peer 446469990: Player 446469990 at (698.2073, 260.08746)
[GameWorld] Current player controllers: 3, Keys: [446469990, 1, 1125268556]
[GameWorld] Client updating remote player 446469990, isLocal=Player_446469990
[PlayerController] Ignoring UpdateRemotePosition for local player 446469990
[PlayerController] Player 446469990 emitting PositionChanged signal at (702.92126, 255.37341)
[GameWorld] OnPlayerPositionChanged: Player 446469990 at (702.92126, 255.37341), IsServer=False
[GameWorld] Client sending position to server
[GameWorld] SyncPlayerPosition RPC received on peer 446469990: Player 446469990 at (700.5643, 257.73044)
[GameWorld] Current player controllers: 3, Keys: [446469990, 1, 1125268556]
[GameWorld] Client updating remote player 446469990, isLocal=Player_446469990
[PlayerController] Ignoring UpdateRemotePosition for local player 446469990
[PlayerController] Player 446469990 emitting PositionChanged signal at (705.27826, 253.01639)
[GameWorld] OnPlayerPositionChanged: Player 446469990 at (705.27826, 253.01639), IsServer=False
[GameWorld] Client sending position to server
[GameWorld] SyncPlayerPosition RPC received on peer 446469990: Player 446469990 at (702.92126, 255.37341)
[GameWorld] Current player controllers: 3, Keys: [446469990, 1, 1125268556]
[GameWorld] Client updating remote player 446469990, isLocal=Player_446469990
[PlayerController] Ignoring UpdateRemotePosition for local player 446469990
[PlayerController] Player 446469990 emitting PositionChanged signal at (707.63525, 250.65936)
[GameWorld] OnPlayerPositionChanged: Player 446469990 at (707.63525, 250.65936), IsServer=False
[GameWorld] Client sending position to server
[GameWorld] SyncPlayerPosition RPC received on peer 446469990: Player 446469990 at (705.27826, 253.01639)
[GameWorld] Current player controllers: 3, Keys: [446469990, 1, 1125268556]
[GameWorld] Client updating remote player 446469990, isLocal=Player_446469990
[PlayerController] Ignoring UpdateRemotePosition for local player 446469990
[PlayerController] Player 446469990 emitting PositionChanged signal at (709.99225, 248.30234)
[GameWorld] OnPlayerPositionChanged: Player 446469990 at (709.99225, 248.30234), IsServer=False
[GameWorld] Client sending position to server
[GameWorld] SyncPlayerPosition RPC received on peer 446469990: Player 446469990 at (707.63525, 250.65936)
[GameWorld] Current player controllers: 3, Keys: [446469990, 1, 1125268556]
[GameWorld] Client updating remote player 446469990, isLocal=Player_446469990
[PlayerController] Ignoring UpdateRemotePosition for local player 446469990
[PlayerController] Player 446469990 emitting PositionChanged signal at (712.34924, 245.94531)
[GameWorld] OnPlayerPositionChanged: Player 446469990 at (712.34924, 245.94531), IsServer=False
[GameWorld] Client sending position to server
[GameWorld] SyncPlayerPosition RPC received on peer 446469990: Player 446469990 at (709.99225, 248.30234)
[GameWorld] Current player controllers: 3, Keys: [446469990, 1, 1125268556]
[GameWorld] Client updating remote player 446469990, isLocal=Player_446469990
[PlayerController] Ignoring UpdateRemotePosition for local player 446469990
[PlayerController] Player 446469990 emitting PositionChanged signal at (714.70624, 243.58829)
[GameWorld] OnPlayerPositionChanged: Player 446469990 at (714.70624, 243.58829), IsServer=False
[GameWorld] Client sending position to server
[GameWorld] SyncPlayerPosition RPC received on peer 446469990: Player 446469990 at (712.34924, 245.94531)
[GameWorld] Current player controllers: 3, Keys: [446469990, 1, 1125268556]
[GameWorld] Client updating remote player 446469990, isLocal=Player_446469990
[PlayerController] Ignoring UpdateRemotePosition for local player 446469990
[PlayerController] Player 446469990 emitting PositionChanged signal at (717.06323, 241.23126)
[GameWorld] OnPlayerPositionChanged: Player 446469990 at (717.06323, 241.23126), IsServer=False
[GameWorld] Client sending position to server
[GameWorld] SyncPlayerPosition RPC received on peer 446469990: Player 446469990 at (714.70624, 243.58829)
[GameWorld] Current player controllers: 3, Keys: [446469990, 1, 1125268556]
[GameWorld] Client updating remote player 446469990, isLocal=Player_446469990
[PlayerController] Ignoring UpdateRemotePosition for local player 446469990
[PlayerController] Player 446469990 emitting PositionChanged signal at (719.4202, 238.87424)
[GameWorld] OnPlayerPositionChanged: Player 446469990 at (719.4202, 238.87424), IsServer=False
[GameWorld] Client sending position to server
[GameWorld] SyncPlayerPosition RPC received on peer 446469990: Player 446469990 at (717.06323, 241.23126)
[GameWorld] Current player controllers: 3, Keys: [446469990, 1, 1125268556]
[GameWorld] Client updating remote player 446469990, isLocal=Player_446469990
[PlayerController] Ignoring UpdateRemotePosition for local player 446469990
[PlayerController] Player 446469990 emitting PositionChanged signal at (721.7772, 236.51721)
[GameWorld] OnPlayerPositionChanged: Player 446469990 at (721.7772, 236.51721), IsServer=False
[GameWorld] Client sending position to server
[GameWorld] SyncPlayerPosition RPC received on peer 446469990: Player 446469990 at (719.4202, 238.87424)
[GameWorld] Current player controllers: 3, Keys: [446469990, 1, 1125268556]
[GameWorld] Client updating remote player 446469990, isLocal=Player_446469990
[PlayerController] Ignoring UpdateRemotePosition for local player 446469990
[PlayerController] Player 446469990 emitting PositionChanged signal at (724.1342, 234.16019)
[GameWorld] OnPlayerPositionChanged: Player 446469990 at (724.1342, 234.16019), IsServer=False
[GameWorld] Client sending position to server
[GameWorld] SyncPlayerPosition RPC received on peer 446469990: Player 446469990 at (721.7772, 236.51721)
[GameWorld] Current player controllers: 3, Keys: [446469990, 1, 1125268556]
[GameWorld] Client updating remote player 446469990, isLocal=Player_446469990
[PlayerController] Ignoring UpdateRemotePosition for local player 446469990
[PlayerController] Player 446469990 emitting PositionChanged signal at (726.4912, 231.80316)
[GameWorld] OnPlayerPositionChanged: Player 446469990 at (726.4912, 231.80316), IsServer=False
[GameWorld] Client sending position to server
[GameWorld] SyncPlayerPosition RPC received on peer 446469990: Player 446469990 at (724.1342, 234.16019)
[GameWorld] Current player controllers: 3, Keys: [446469990, 1, 1125268556]
[GameWorld] Client updating remote player 446469990, isLocal=Player_446469990
[PlayerController] Ignoring UpdateRemotePosition for local player 446469990
[PlayerController] Player 446469990 emitting PositionChanged signal at (728.8482, 229.44614)
[GameWorld] OnPlayerPositionChanged: Player 446469990 at (728.8482, 229.44614), IsServer=False
[GameWorld] Client sending position to server
[GameWorld] SyncPlayerPosition RPC received on peer 446469990: Player 446469990 at (726.4912, 231.80316)
[GameWorld] Current player controllers: 3, Keys: [446469990, 1, 1125268556]
[GameWorld] Client updating remote player 446469990, isLocal=Player_446469990
[PlayerController] Ignoring UpdateRemotePosition for local player 446469990
[PlayerController] Player 446469990 emitting PositionChanged signal at (731.2052, 227.08911)
[GameWorld] OnPlayerPositionChanged: Player 446469990 at (731.2052, 227.08911), IsServer=False
[GameWorld] Client sending position to server
[GameWorld] SyncPlayerPosition RPC received on peer 446469990: Player 446469990 at (728.8482, 229.44614)
[GameWorld] Current player controllers: 3, Keys: [446469990, 1, 1125268556]
[GameWorld] Client updating remote player 446469990, isLocal=Player_446469990
[PlayerController] Ignoring UpdateRemotePosition for local player 446469990
[PlayerController] Player 446469990 emitting PositionChanged signal at (733.5622, 224.73209)
[GameWorld] OnPlayerPositionChanged: Player 446469990 at (733.5622, 224.73209), IsServer=False
[GameWorld] Client sending position to server
[PlayerController] Player 446469990 emitting PositionChanged signal at (735.9192, 222.37506)
[GameWorld] OnPlayerPositionChanged: Player 446469990 at (735.9192, 222.37506), IsServer=False
[GameWorld] Client sending position to server
[GameWorld] SyncPlayerPosition RPC received on peer 446469990: Player 446469990 at (731.2052, 227.08911)
[GameWorld] Current player controllers: 3, Keys: [446469990, 1, 1125268556]
[GameWorld] Client updating remote player 446469990, isLocal=Player_446469990
[PlayerController] Ignoring UpdateRemotePosition for local player 446469990
[GameWorld] SyncPlayerPosition RPC received on peer 446469990: Player 446469990 at (733.5622, 224.73209)
[GameWorld] Current player controllers: 3, Keys: [446469990, 1, 1125268556]
[GameWorld] Client updating remote player 446469990, isLocal=Player_446469990
[PlayerController] Ignoring UpdateRemotePosition for local player 446469990
[PlayerController] Player 446469990 emitting PositionChanged signal at (738.2762, 220.01804)
[GameWorld] OnPlayerPositionChanged: Player 446469990 at (738.2762, 220.01804), IsServer=False
[GameWorld] Client sending position to server
[GameWorld] SyncPlayerPosition RPC received on peer 446469990: Player 446469990 at (735.9192, 222.37506)
[GameWorld] Current player controllers: 3, Keys: [446469990, 1, 1125268556]
[GameWorld] Client updating remote player 446469990, isLocal=Player_446469990
[PlayerController] Ignoring UpdateRemotePosition for local player 446469990
Body exited John: Player_446469990
[PlayerController] Player 446469990 emitting PositionChanged signal at (740.6332, 217.66101)
[GameWorld] OnPlayerPositionChanged: Player 446469990 at (740.6332, 217.66101), IsServer=False
[GameWorld] Client sending position to server
[GameWorld] SyncPlayerPosition RPC received on peer 446469990: Player 446469990 at (738.2762, 220.01804)
[GameWorld] Current player controllers: 3, Keys: [446469990, 1, 1125268556]
[GameWorld] Client updating remote player 446469990, isLocal=Player_446469990
[PlayerController] Ignoring UpdateRemotePosition for local player 446469990
[PlayerController] Player 446469990 emitting PositionChanged signal at (742.9902, 215.30399)
[GameWorld] OnPlayerPositionChanged: Player 446469990 at (742.9902, 215.30399), IsServer=False
[GameWorld] Client sending position to server
[GameWorld] SyncPlayerPosition RPC received on peer 446469990: Player 446469990 at (740.6332, 217.66101)
[GameWorld] Current player controllers: 3, Keys: [446469990, 1, 1125268556]
[GameWorld] Client updating remote player 446469990, isLocal=Player_446469990
[PlayerController] Ignoring UpdateRemotePosition for local player 446469990
[PlayerController] Player 446469990 emitting PositionChanged signal at (745.34717, 212.94696)
[GameWorld] OnPlayerPositionChanged: Player 446469990 at (745.34717, 212.94696), IsServer=False
[GameWorld] Client sending position to server
[GameWorld] SyncPlayerPosition RPC received on peer 446469990: Player 446469990 at (742.9902, 215.30399)
[GameWorld] Current player controllers: 3, Keys: [446469990, 1, 1125268556]
[GameWorld] Client updating remote player 446469990, isLocal=Player_446469990
[PlayerController] Ignoring UpdateRemotePosition for local player 446469990
[PlayerController] Player 446469990 emitting PositionChanged signal at (747.70416, 210.58994)
[GameWorld] OnPlayerPositionChanged: Player 446469990 at (747.70416, 210.58994), IsServer=False
[GameWorld] Client sending position to server
[GameWorld] SyncPlayerPosition RPC received on peer 446469990: Player 446469990 at (745.34717, 212.94696)
[GameWorld] Current player controllers: 3, Keys: [446469990, 1, 1125268556]
[GameWorld] Client updating remote player 446469990, isLocal=Player_446469990
[PlayerController] Ignoring UpdateRemotePosition for local player 446469990
[PlayerController] Player 446469990 emitting PositionChanged signal at (750.06116, 208.23291)
[GameWorld] OnPlayerPositionChanged: Player 446469990 at (750.06116, 208.23291), IsServer=False
[GameWorld] Client sending position to server
[GameWorld] SyncPlayerPosition RPC received on peer 446469990: Player 446469990 at (747.70416, 210.58994)
[GameWorld] Current player controllers: 3, Keys: [446469990, 1, 1125268556]
[GameWorld] Client updating remote player 446469990, isLocal=Player_446469990
[PlayerController] Ignoring UpdateRemotePosition for local player 446469990
[PlayerController] Player 446469990 emitting PositionChanged signal at (752.41815, 205.87589)
[GameWorld] OnPlayerPositionChanged: Player 446469990 at (752.41815, 205.87589), IsServer=False
[GameWorld] Client sending position to server
[GameWorld] SyncPlayerPosition RPC received on peer 446469990: Player 446469990 at (750.06116, 208.23291)
[GameWorld] Current player controllers: 3, Keys: [446469990, 1, 1125268556]
[GameWorld] Client updating remote player 446469990, isLocal=Player_446469990
[PlayerController] Ignoring UpdateRemotePosition for local player 446469990
[PlayerController] Player 446469990 emitting PositionChanged signal at (754.77515, 203.51886)
[GameWorld] OnPlayerPositionChanged: Player 446469990 at (754.77515, 203.51886), IsServer=False
[GameWorld] Client sending position to server
[PlayerController] Player 446469990 emitting PositionChanged signal at (757.13214, 201.16183)
[GameWorld] OnPlayerPositionChanged: Player 446469990 at (757.13214, 201.16183), IsServer=False
[GameWorld] Client sending position to server
[GameWorld] SyncPlayerPosition RPC received on peer 446469990: Player 446469990 at (752.41815, 205.87589)
[GameWorld] Current player controllers: 3, Keys: [446469990, 1, 1125268556]
[GameWorld] Client updating remote player 446469990, isLocal=Player_446469990
[PlayerController] Ignoring UpdateRemotePosition for local player 446469990
[GameWorld] SyncPlayerPosition RPC received on peer 446469990: Player 446469990 at (754.77515, 203.51886)
[GameWorld] Current player controllers: 3, Keys: [446469990, 1, 1125268556]
[GameWorld] Client updating remote player 446469990, isLocal=Player_446469990
[PlayerController] Ignoring UpdateRemotePosition for local player 446469990
[PlayerController] Player 446469990 emitting PositionChanged signal at (759.48914, 198.80481)
[GameWorld] OnPlayerPositionChanged: Player 446469990 at (759.48914, 198.80481), IsServer=False
[GameWorld] Client sending position to server
[GameWorld] SyncPlayerPosition RPC received on peer 446469990: Player 446469990 at (757.13214, 201.16183)
[GameWorld] Current player controllers: 3, Keys: [446469990, 1, 1125268556]
[GameWorld] Client updating remote player 446469990, isLocal=Player_446469990
[PlayerController] Ignoring UpdateRemotePosition for local player 446469990
[PlayerController] Player 446469990 emitting PositionChanged signal at (761.8461, 196.44778)
[GameWorld] OnPlayerPositionChanged: Player 446469990 at (761.8461, 196.44778), IsServer=False
[GameWorld] Client sending position to server
[GameWorld] SyncPlayerPosition RPC received on peer 446469990: Player 446469990 at (759.48914, 198.80481)
[GameWorld] Current player controllers: 3, Keys: [446469990, 1, 1125268556]
[GameWorld] Client updating remote player 446469990, isLocal=Player_446469990
[PlayerController] Ignoring UpdateRemotePosition for local player 446469990
[PlayerController] Player 446469990 emitting PositionChanged signal at (764.2031, 194.09076)
[GameWorld] OnPlayerPositionChanged: Player 446469990 at (764.2031, 194.09076), IsServer=False
[GameWorld] Client sending position to server
[GameWorld] SyncPlayerPosition RPC received on peer 446469990: Player 446469990 at (761.8461, 196.44778)
[GameWorld] Current player controllers: 3, Keys: [446469990, 1, 1125268556]
[GameWorld] Client updating remote player 446469990, isLocal=Player_446469990
[PlayerController] Ignoring UpdateRemotePosition for local player 446469990
[PlayerController] Player 446469990 emitting PositionChanged signal at (766.5601, 191.73373)
[GameWorld] OnPlayerPositionChanged: Player 446469990 at (766.5601, 191.73373), IsServer=False
[GameWorld] Client sending position to server
[GameWorld] SyncPlayerPosition RPC received on peer 446469990: Player 446469990 at (764.2031, 194.09076)
[GameWorld] Current player controllers: 3, Keys: [446469990, 1, 1125268556]
[GameWorld] Client updating remote player 446469990, isLocal=Player_446469990
[PlayerController] Ignoring UpdateRemotePosition for local player 446469990
[PlayerController] Player 446469990 emitting PositionChanged signal at (768.9171, 189.37671)
[GameWorld] OnPlayerPositionChanged: Player 446469990 at (768.9171, 189.37671), IsServer=False
[GameWorld] Client sending position to server
[GameWorld] SyncPlayerPosition RPC received on peer 446469990: Player 446469990 at (766.5601, 191.73373)
[GameWorld] Current player controllers: 3, Keys: [446469990, 1, 1125268556]
[GameWorld] Client updating remote player 446469990, isLocal=Player_446469990
[PlayerController] Ignoring UpdateRemotePosition for local player 446469990
[PlayerController] Player 446469990 emitting PositionChanged signal at (771.2741, 187.01968)
[GameWorld] OnPlayerPositionChanged: Player 446469990 at (771.2741, 187.01968), IsServer=False
[GameWorld] Client sending position to server
[GameWorld] SyncPlayerPosition RPC received on peer 446469990: Player 446469990 at (768.9171, 189.37671)
[GameWorld] Current player controllers: 3, Keys: [446469990, 1, 1125268556]
[GameWorld] Client updating remote player 446469990, isLocal=Player_446469990
[PlayerController] Ignoring UpdateRemotePosition for local player 446469990
[PlayerController] Player 446469990 emitting PositionChanged signal at (773.6311, 184.66266)
[GameWorld] OnPlayerPositionChanged: Player 446469990 at (773.6311, 184.66266), IsServer=False
[GameWorld] Client sending position to server
[PlayerController] Player 446469990 emitting PositionChanged signal at (775.9881, 182.30563)
[GameWorld] OnPlayerPositionChanged: Player 446469990 at (775.9881, 182.30563), IsServer=False
[GameWorld] Client sending position to server
[GameWorld] SyncPlayerPosition RPC received on peer 446469990: Player 446469990 at (771.2741, 187.01968)
[GameWorld] Current player controllers: 3, Keys: [446469990, 1, 1125268556]
[GameWorld] Client updating remote player 446469990, isLocal=Player_446469990
[PlayerController] Ignoring UpdateRemotePosition for local player 446469990
[GameWorld] SyncPlayerPosition RPC received on peer 446469990: Player 446469990 at (773.6311, 184.66266)
[GameWorld] Current player controllers: 3, Keys: [446469990, 1, 1125268556]
[GameWorld] Client updating remote player 446469990, isLocal=Player_446469990
[PlayerController] Ignoring UpdateRemotePosition for local player 446469990
[PlayerController] Player 446469990 emitting PositionChanged signal at (778.3451, 179.94861)
[GameWorld] OnPlayerPositionChanged: Player 446469990 at (778.3451, 179.94861), IsServer=False
[GameWorld] Client sending position to server
[GameWorld] SyncPlayerPosition RPC received on peer 446469990: Player 446469990 at (775.9881, 182.30563)
[GameWorld] Current player controllers: 3, Keys: [446469990, 1, 1125268556]
[GameWorld] Client updating remote player 446469990, isLocal=Player_446469990
[PlayerController] Ignoring UpdateRemotePosition for local player 446469990
[PlayerController] Player 446469990 emitting PositionChanged signal at (780.7021, 177.59158)
[GameWorld] OnPlayerPositionChanged: Player 446469990 at (780.7021, 177.59158), IsServer=False
[GameWorld] Client sending position to server
[GameWorld] SyncPlayerPosition RPC received on peer 446469990: Player 446469990 at (778.3451, 179.94861)
[GameWorld] Current player controllers: 3, Keys: [446469990, 1, 1125268556]
[GameWorld] Client updating remote player 446469990, isLocal=Player_446469990
[PlayerController] Ignoring UpdateRemotePosition for local player 446469990
[PlayerController] Player 446469990 emitting PositionChanged signal at (783.0591, 175.23456)
[GameWorld] OnPlayerPositionChanged: Player 446469990 at (783.0591, 175.23456), IsServer=False
[GameWorld] Client sending position to server
[GameWorld] SyncPlayerPosition RPC received on peer 446469990: Player 446469990 at (780.7021, 177.59158)
[GameWorld] Current player controllers: 3, Keys: [446469990, 1, 1125268556]
[GameWorld] Client updating remote player 446469990, isLocal=Player_446469990
[PlayerController] Ignoring UpdateRemotePosition for local player 446469990
[PlayerController] Player 446469990 emitting PositionChanged signal at (785.4161, 172.87753)
[GameWorld] OnPlayerPositionChanged: Player 446469990 at (785.4161, 172.87753), IsServer=False
[GameWorld] Client sending position to server
[GameWorld] SyncPlayerPosition RPC received on peer 446469990: Player 446469990 at (783.0591, 175.23456)
[GameWorld] Current player controllers: 3, Keys: [446469990, 1, 1125268556]
[GameWorld] Client updating remote player 446469990, isLocal=Player_446469990
[PlayerController] Ignoring UpdateRemotePosition for local player 446469990
[PlayerController] Player 446469990 emitting PositionChanged signal at (787.7731, 170.52051)
[GameWorld] OnPlayerPositionChanged: Player 446469990 at (787.7731, 170.52051), IsServer=False
[GameWorld] Client sending position to server
[GameWorld] SyncPlayerPosition RPC received on peer 446469990: Player 446469990 at (785.4161, 172.87753)
[GameWorld] Current player controllers: 3, Keys: [446469990, 1, 1125268556]
[GameWorld] Client updating remote player 446469990, isLocal=Player_446469990
[PlayerController] Ignoring UpdateRemotePosition for local player 446469990
[PlayerController] Player 446469990 emitting PositionChanged signal at (791.1064, 170.52051)
[GameWorld] OnPlayerPositionChanged: Player 446469990 at (791.1064, 170.52051), IsServer=False
[GameWorld] Client sending position to server
[GameWorld] SyncPlayerPosition RPC received on peer 446469990: Player 446469990 at (787.7731, 170.52051)
[GameWorld] Current player controllers: 3, Keys: [446469990, 1, 1125268556]
[GameWorld] Client updating remote player 446469990, isLocal=Player_446469990
[PlayerController] Ignoring UpdateRemotePosition for local player 446469990
[PlayerController] Player 446469990 emitting PositionChanged signal at (794.4397, 170.52051)
[GameWorld] OnPlayerPositionChanged: Player 446469990 at (794.4397, 170.52051), IsServer=False
[GameWorld] Client sending position to server
[GameWorld] SyncPlayerPosition RPC received on peer 446469990: Player 446469990 at (791.1064, 170.52051)
[GameWorld] Current player controllers: 3, Keys: [446469990, 1, 1125268556]
[GameWorld] Client updating remote player 446469990, isLocal=Player_446469990
[PlayerController] Ignoring UpdateRemotePosition for local player 446469990
[PlayerController] Player 446469990 emitting PositionChanged signal at (797.773, 170.52051)
[GameWorld] OnPlayerPositionChanged: Player 446469990 at (797.773, 170.52051), IsServer=False
[GameWorld] Client sending position to server
[GameWorld] SyncPlayerPosition RPC received on peer 446469990: Player 446469990 at (794.4397, 170.52051)
[GameWorld] Current player controllers: 3, Keys: [446469990, 1, 1125268556]
[GameWorld] Client updating remote player 446469990, isLocal=Player_446469990
[PlayerController] Ignoring UpdateRemotePosition for local player 446469990
[GameWorld] SyncPlayerPosition RPC received on peer 446469990: Player 446469990 at (797.773, 170.52051)
[GameWorld] Current player controllers: 3, Keys: [446469990, 1, 1125268556]
[GameWorld] Client updating remote player 446469990, isLocal=Player_446469990
[PlayerController] Ignoring UpdateRemotePosition for local player 446469990
[GameWorld] UpdateGameState called on peer 446469990, players before: 3
[PlayerController] Player 446469990 emitting PositionChanged signal at (794.4397, 170.52051)
[GameWorld] OnPlayerPositionChanged: Player 446469990 at (794.4397, 170.52051), IsServer=False
[GameWorld] Client sending position to server
[PlayerController] Player 446469990 emitting PositionChanged signal at (791.1064, 170.52051)
[GameWorld] OnPlayerPositionChanged: Player 446469990 at (791.1064, 170.52051), IsServer=False
[GameWorld] Client sending position to server
[PlayerController] Player 446469990 emitting PositionChanged signal at (787.7731, 170.52051)
[GameWorld] OnPlayerPositionChanged: Player 446469990 at (787.7731, 170.52051), IsServer=False
[GameWorld] Client sending position to server
[GameWorld] SyncPlayerPosition RPC received on peer 446469990: Player 446469990 at (794.4397, 170.52051)
[GameWorld] Current player controllers: 3, Keys: [446469990, 1, 1125268556]
[GameWorld] Client updating remote player 446469990, isLocal=Player_446469990
[PlayerController] Ignoring UpdateRemotePosition for local player 446469990
[GameWorld] SyncPlayerPosition RPC received on peer 446469990: Player 446469990 at (791.1064, 170.52051)
[GameWorld] Current player controllers: 3, Keys: [446469990, 1, 1125268556]
[GameWorld] Client updating remote player 446469990, isLocal=Player_446469990
[PlayerController] Ignoring UpdateRemotePosition for local player 446469990
[PlayerController] Player 446469990 emitting PositionChanged signal at (784.43976, 170.52051)
[GameWorld] OnPlayerPositionChanged: Player 446469990 at (784.43976, 170.52051), IsServer=False
[GameWorld] Client sending position to server
[PlayerController] Player 446469990 emitting PositionChanged signal at (781.10645, 170.52051)
[GameWorld] OnPlayerPositionChanged: Player 446469990 at (781.10645, 170.52051), IsServer=False
[GameWorld] Client sending position to server
[GameWorld] SyncPlayerPosition RPC received on peer 446469990: Player 446469990 at (787.7731, 170.52051)
[GameWorld] Current player controllers: 3, Keys: [446469990, 1, 1125268556]
[GameWorld] Client updating remote player 446469990, isLocal=Player_446469990
[PlayerController] Ignoring UpdateRemotePosition for local player 446469990
[GameWorld] SyncPlayerPosition RPC received on peer 446469990: Player 446469990 at (784.43976, 170.52051)
[GameWorld] Current player controllers: 3, Keys: [446469990, 1, 1125268556]
[GameWorld] Client updating remote player 446469990, isLocal=Player_446469990
[PlayerController] Ignoring UpdateRemotePosition for local player 446469990
[PlayerController] Player 446469990 emitting PositionChanged signal at (777.77313, 170.52051)
[GameWorld] OnPlayerPositionChanged: Player 446469990 at (777.77313, 170.52051), IsServer=False
[GameWorld] Client sending position to server
[PlayerController] Player 446469990 emitting PositionChanged signal at (774.4398, 170.52051)
[GameWorld] OnPlayerPositionChanged: Player 446469990 at (774.4398, 170.52051), IsServer=False
[GameWorld] Client sending position to server
[GameWorld] SyncPlayerPosition RPC received on peer 446469990: Player 446469990 at (781.10645, 170.52051)
[GameWorld] Current player controllers: 3, Keys: [446469990, 1, 1125268556]
[GameWorld] Client updating remote player 446469990, isLocal=Player_446469990
[PlayerController] Ignoring UpdateRemotePosition for local player 446469990
[GameWorld] SyncPlayerPosition RPC received on peer 446469990: Player 446469990 at (777.77313, 170.52051)
[GameWorld] Current player controllers: 3, Keys: [446469990, 1, 1125268556]
[GameWorld] Client updating remote player 446469990, isLocal=Player_446469990
[PlayerController] Ignoring UpdateRemotePosition for local player 446469990
[PlayerController] Player 446469990 emitting PositionChanged signal at (771.1065, 170.52051)
[GameWorld] OnPlayerPositionChanged: Player 446469990 at (771.1065, 170.52051), IsServer=False
[GameWorld] Client sending position to server
[GameWorld] SyncPlayerPosition RPC received on peer 446469990: Player 446469990 at (774.4398, 170.52051)
[GameWorld] Current player controllers: 3, Keys: [446469990, 1, 1125268556]
[GameWorld] Client updating remote player 446469990, isLocal=Player_446469990
[PlayerController] Ignoring UpdateRemotePosition for local player 446469990
[PlayerController] Player 446469990 emitting PositionChanged signal at (767.7732, 170.52051)
[GameWorld] OnPlayerPositionChanged: Player 446469990 at (767.7732, 170.52051), IsServer=False
[GameWorld] Client sending position to server
[GameWorld] SyncPlayerPosition RPC received on peer 446469990: Player 446469990 at (771.1065, 170.52051)
[GameWorld] Current player controllers: 3, Keys: [446469990, 1, 1125268556]
[GameWorld] Client updating remote player 446469990, isLocal=Player_446469990
[PlayerController] Ignoring UpdateRemotePosition for local player 446469990
[PlayerController] Player 446469990 emitting PositionChanged signal at (764.4399, 170.52051)
[GameWorld] OnPlayerPositionChanged: Player 446469990 at (764.4399, 170.52051), IsServer=False
[GameWorld] Client sending position to server
[GameWorld] SyncPlayerPosition RPC received on peer 446469990: Player 446469990 at (767.7732, 170.52051)
[GameWorld] Current player controllers: 3, Keys: [446469990, 1, 1125268556]
[GameWorld] Client updating remote player 446469990, isLocal=Player_446469990
[PlayerController] Ignoring UpdateRemotePosition for local player 446469990
[PlayerController] Player 446469990 emitting PositionChanged signal at (761.10657, 170.52051)
[GameWorld] OnPlayerPositionChanged: Player 446469990 at (761.10657, 170.52051), IsServer=False
[GameWorld] Client sending position to server
[GameWorld] SyncPlayerPosition RPC received on peer 446469990: Player 446469990 at (764.4399, 170.52051)
[GameWorld] Current player controllers: 3, Keys: [446469990, 1, 1125268556]
[GameWorld] Client updating remote player 446469990, isLocal=Player_446469990
[PlayerController] Ignoring UpdateRemotePosition for local player 446469990
[PlayerController] Player 446469990 emitting PositionChanged signal at (757.77325, 170.52051)
[GameWorld] OnPlayerPositionChanged: Player 446469990 at (757.77325, 170.52051), IsServer=False
[GameWorld] Client sending position to server
[GameWorld] SyncPlayerPosition RPC received on peer 446469990: Player 446469990 at (761.10657, 170.52051)
[GameWorld] Current player controllers: 3, Keys: [446469990, 1, 1125268556]
[GameWorld] Client updating remote player 446469990, isLocal=Player_446469990
[PlayerController] Ignoring UpdateRemotePosition for local player 446469990
[PlayerController] Player 446469990 emitting PositionChanged signal at (754.43994, 170.52051)
[GameWorld] OnPlayerPositionChanged: Player 446469990 at (754.43994, 170.52051), IsServer=False
[GameWorld] Client sending position to server
[GameWorld] SyncPlayerPosition RPC received on peer 446469990: Player 446469990 at (757.77325, 170.52051)
[GameWorld] Current player controllers: 3, Keys: [446469990, 1, 1125268556]
[GameWorld] Client updating remote player 446469990, isLocal=Player_446469990
[PlayerController] Ignoring UpdateRemotePosition for local player 446469990
[PlayerController] Player 446469990 emitting PositionChanged signal at (751.1066, 170.52051)
[GameWorld] OnPlayerPositionChanged: Player 446469990 at (751.1066, 170.52051), IsServer=False
[GameWorld] Client sending position to server
[GameWorld] SyncPlayerPosition RPC received on peer 446469990: Player 446469990 at (754.43994, 170.52051)
[GameWorld] Current player controllers: 3, Keys: [446469990, 1, 1125268556]
[GameWorld] Client updating remote player 446469990, isLocal=Player_446469990
[PlayerController] Ignoring UpdateRemotePosition for local player 446469990
[PlayerController] Player 446469990 emitting PositionChanged signal at (747.7733, 170.52051)
[GameWorld] OnPlayerPositionChanged: Player 446469990 at (747.7733, 170.52051), IsServer=False
[GameWorld] Client sending position to server
[GameWorld] SyncPlayerPosition RPC received on peer 446469990: Player 446469990 at (751.1066, 170.52051)
[GameWorld] Current player controllers: 3, Keys: [446469990, 1, 1125268556]
[GameWorld] Client updating remote player 446469990, isLocal=Player_446469990
[PlayerController] Ignoring UpdateRemotePosition for local player 446469990
[PlayerController] Player 446469990 emitting PositionChanged signal at (744.44, 170.52051)
[GameWorld] OnPlayerPositionChanged: Player 446469990 at (744.44, 170.52051), IsServer=False
[GameWorld] Client sending position to server
[GameWorld] SyncPlayerPosition RPC received on peer 446469990: Player 446469990 at (747.7733, 170.52051)
[GameWorld] Current player controllers: 3, Keys: [446469990, 1, 1125268556]
[GameWorld] Client updating remote player 446469990, isLocal=Player_446469990
[PlayerController] Ignoring UpdateRemotePosition for local player 446469990
[PlayerController] Player 446469990 emitting PositionChanged signal at (741.1067, 170.52051)
[GameWorld] OnPlayerPositionChanged: Player 446469990 at (741.1067, 170.52051), IsServer=False
[GameWorld] Client sending position to server
[GameWorld] SyncPlayerPosition RPC received on peer 446469990: Player 446469990 at (744.44, 170.52051)
[GameWorld] Current player controllers: 3, Keys: [446469990, 1, 1125268556]
[GameWorld] Client updating remote player 446469990, isLocal=Player_446469990
[PlayerController] Ignoring UpdateRemotePosition for local player 446469990
[PlayerController] Player 446469990 emitting PositionChanged signal at (738.7497, 168.16348)
[GameWorld] OnPlayerPositionChanged: Player 446469990 at (738.7497, 168.16348), IsServer=False
[GameWorld] Client sending position to server
[GameWorld] SyncPlayerPosition RPC received on peer 446469990: Player 446469990 at (741.1067, 170.52051)
[GameWorld] Current player controllers: 3, Keys: [446469990, 1, 1125268556]
[GameWorld] Client updating remote player 446469990, isLocal=Player_446469990
[PlayerController] Ignoring UpdateRemotePosition for local player 446469990
[PlayerController] Player 446469990 emitting PositionChanged signal at (736.3927, 165.80646)
[GameWorld] OnPlayerPositionChanged: Player 446469990 at (736.3927, 165.80646), IsServer=False
[GameWorld] Client sending position to server
[GameWorld] SyncPlayerPosition RPC received on peer 446469990: Player 446469990 at (738.7497, 168.16348)
[GameWorld] Current player controllers: 3, Keys: [446469990, 1, 1125268556]
[GameWorld] Client updating remote player 446469990, isLocal=Player_446469990
[PlayerController] Ignoring UpdateRemotePosition for local player 446469990
[PlayerController] Player 446469990 emitting PositionChanged signal at (734.0357, 163.44943)
[GameWorld] OnPlayerPositionChanged: Player 446469990 at (734.0357, 163.44943), IsServer=False
[GameWorld] Client sending position to server
[GameWorld] SyncPlayerPosition RPC received on peer 446469990: Player 446469990 at (736.3927, 165.80646)
[GameWorld] Current player controllers: 3, Keys: [446469990, 1, 1125268556]
[GameWorld] Client updating remote player 446469990, isLocal=Player_446469990
[PlayerController] Ignoring UpdateRemotePosition for local player 446469990
[PlayerController] Player 446469990 emitting PositionChanged signal at (731.6787, 161.0924)
[GameWorld] OnPlayerPositionChanged: Player 446469990 at (731.6787, 161.0924), IsServer=False
[GameWorld] Client sending position to server
[GameWorld] SyncPlayerPosition RPC received on peer 446469990: Player 446469990 at (734.0357, 163.44943)
[GameWorld] Current player controllers: 3, Keys: [446469990, 1, 1125268556]
[GameWorld] Client updating remote player 446469990, isLocal=Player_446469990
[PlayerController] Ignoring UpdateRemotePosition for local player 446469990
[PlayerController] Player 446469990 emitting PositionChanged signal at (729.3217, 158.73538)
[GameWorld] OnPlayerPositionChanged: Player 446469990 at (729.3217, 158.73538), IsServer=False
[GameWorld] Client sending position to server
[GameWorld] SyncPlayerPosition RPC received on peer 446469990: Player 446469990 at (731.6787, 161.0924)
[GameWorld] Current player controllers: 3, Keys: [446469990, 1, 1125268556]
[GameWorld] Client updating remote player 446469990, isLocal=Player_446469990
[PlayerController] Ignoring UpdateRemotePosition for local player 446469990
[PlayerController] Player 446469990 emitting PositionChanged signal at (726.9647, 156.37836)
[GameWorld] OnPlayerPositionChanged: Player 446469990 at (726.9647, 156.37836), IsServer=False
[GameWorld] Client sending position to server
[GameWorld] SyncPlayerPosition RPC received on peer 446469990: Player 446469990 at (729.3217, 158.73538)
[GameWorld] Current player controllers: 3, Keys: [446469990, 1, 1125268556]
[GameWorld] Client updating remote player 446469990, isLocal=Player_446469990
[PlayerController] Ignoring UpdateRemotePosition for local player 446469990
Body entered John: Player_446469990
Local player entered John range. Auto-interacting.
GameWorld received OnNPCClicked for john. Current Role: 'Producer'
[PlayerController] Player 446469990 emitting PositionChanged signal at (724.6077, 154.02133)
[GameWorld] OnPlayerPositionChanged: Player 446469990 at (724.6077, 154.02133), IsServer=False
[GameWorld] Client sending position to server
[GameWorld] SyncPlayerPosition RPC received on peer 446469990: Player 446469990 at (726.9647, 156.37836)
[GameWorld] Current player controllers: 3, Keys: [446469990, 1, 1125268556]
[GameWorld] Client updating remote player 446469990, isLocal=Player_446469990
[PlayerController] Ignoring UpdateRemotePosition for local player 446469990
[PlayerController] Player 446469990 emitting PositionChanged signal at (722.25073, 151.6643)
[GameWorld] OnPlayerPositionChanged: Player 446469990 at (722.25073, 151.6643), IsServer=False
[GameWorld] Client sending position to server
[GameWorld] SyncPlayerPosition RPC received on peer 446469990: Player 446469990 at (724.6077, 154.02133)
[GameWorld] Current player controllers: 3, Keys: [446469990, 1, 1125268556]
[GameWorld] Client updating remote player 446469990, isLocal=Player_446469990
[PlayerController] Ignoring UpdateRemotePosition for local player 446469990
[PlayerController] Player 446469990 emitting PositionChanged signal at (719.89374, 149.30728)
[GameWorld] OnPlayerPositionChanged: Player 446469990 at (719.89374, 149.30728), IsServer=False
[GameWorld] Client sending position to server
[GameWorld] SyncPlayerPosition RPC received on peer 446469990: Player 446469990 at (722.25073, 151.6643)
[GameWorld] Current player controllers: 3, Keys: [446469990, 1, 1125268556]
[GameWorld] Client updating remote player 446469990, isLocal=Player_446469990
[PlayerController] Ignoring UpdateRemotePosition for local player 446469990
[GameWorld] SyncPlayerPosition RPC received on peer 446469990: Player 446469990 at (719.89374, 149.30728)
[GameWorld] Current player controllers: 3, Keys: [446469990, 1, 1125268556]
[GameWorld] Client updating remote player 446469990, isLocal=Player_446469990
[PlayerController] Ignoring UpdateRemotePosition for local player 446469990
[PlayerController] Player 446469990 emitting PositionChanged signal at (717.53674, 146.95026)
[GameWorld] OnPlayerPositionChanged: Player 446469990 at (717.53674, 146.95026), IsServer=False
[GameWorld] Client sending position to server
[PlayerController] Player 446469990 emitting PositionChanged signal at (715.17975, 144.59323)
[GameWorld] OnPlayerPositionChanged: Player 446469990 at (715.17975, 144.59323), IsServer=False
[GameWorld] Client sending position to server
[GameWorld] SyncPlayerPosition RPC received on peer 446469990: Player 446469990 at (717.53674, 146.95026)
[GameWorld] Current player controllers: 3, Keys: [446469990, 1, 1125268556]
[GameWorld] Client updating remote player 446469990, isLocal=Player_446469990
[PlayerController] Ignoring UpdateRemotePosition for local player 446469990
[PlayerController] Player 446469990 emitting PositionChanged signal at (712.82275, 142.2362)
[GameWorld] OnPlayerPositionChanged: Player 446469990 at (712.82275, 142.2362), IsServer=False
[GameWorld] Client sending position to server
[GameWorld] SyncPlayerPosition RPC received on peer 446469990: Player 446469990 at (715.17975, 144.59323)
[GameWorld] Current player controllers: 3, Keys: [446469990, 1, 1125268556]
[GameWorld] Client updating remote player 446469990, isLocal=Player_446469990
[PlayerController] Ignoring UpdateRemotePosition for local player 446469990
[PlayerController] Player 446469990 emitting PositionChanged signal at (710.46576, 139.87918)
[GameWorld] OnPlayerPositionChanged: Player 446469990 at (710.46576, 139.87918), IsServer=False
[GameWorld] Client sending position to server
[GameWorld] SyncPlayerPosition RPC received on peer 446469990: Player 446469990 at (712.82275, 142.2362)
[GameWorld] Current player controllers: 3, Keys: [446469990, 1, 1125268556]
[GameWorld] Client updating remote player 446469990, isLocal=Player_446469990
[PlayerController] Ignoring UpdateRemotePosition for local player 446469990
[PlayerController] Player 446469990 emitting PositionChanged signal at (708.10876, 137.52216)
[GameWorld] OnPlayerPositionChanged: Player 446469990 at (708.10876, 137.52216), IsServer=False
[GameWorld] Client sending position to server
[GameWorld] SyncPlayerPosition RPC received on peer 446469990: Player 446469990 at (710.46576, 139.87918)
[GameWorld] Current player controllers: 3, Keys: [446469990, 1, 1125268556]
[GameWorld] Client updating remote player 446469990, isLocal=Player_446469990
[PlayerController] Ignoring UpdateRemotePosition for local player 446469990
[PlayerController] Player 446469990 emitting PositionChanged signal at (705.7518, 135.16513)
[GameWorld] OnPlayerPositionChanged: Player 446469990 at (705.7518, 135.16513), IsServer=False
[GameWorld] Client sending position to server
[GameWorld] SyncPlayerPosition RPC received on peer 446469990: Player 446469990 at (708.10876, 137.52216)
[GameWorld] Current player controllers: 3, Keys: [446469990, 1, 1125268556]
[GameWorld] Client updating remote player 446469990, isLocal=Player_446469990
[PlayerController] Ignoring UpdateRemotePosition for local player 446469990
[PlayerController] Player 446469990 emitting PositionChanged signal at (703.3948, 132.8081)
[GameWorld] OnPlayerPositionChanged: Player 446469990 at (703.3948, 132.8081), IsServer=False
[GameWorld] Client sending position to server
[GameWorld] SyncPlayerPosition RPC received on peer 446469990: Player 446469990 at (705.7518, 135.16513)
[GameWorld] Current player controllers: 3, Keys: [446469990, 1, 1125268556]
[GameWorld] Client updating remote player 446469990, isLocal=Player_446469990
[PlayerController] Ignoring UpdateRemotePosition for local player 446469990
[PlayerController] Player 446469990 emitting PositionChanged signal at (701.0378, 130.45108)
[GameWorld] OnPlayerPositionChanged: Player 446469990 at (701.0378, 130.45108), IsServer=False
[GameWorld] Client sending position to server
[GameWorld] SyncPlayerPosition RPC received on peer 446469990: Player 446469990 at (703.3948, 132.8081)
[GameWorld] Current player controllers: 3, Keys: [446469990, 1, 1125268556]
[GameWorld] Client updating remote player 446469990, isLocal=Player_446469990
[PlayerController] Ignoring UpdateRemotePosition for local player 446469990
[PlayerController] Player 446469990 emitting PositionChanged signal at (698.6808, 128.09406)
[GameWorld] OnPlayerPositionChanged: Player 446469990 at (698.6808, 128.09406), IsServer=False
[GameWorld] Client sending position to server
[GameWorld] SyncPlayerPosition RPC received on peer 446469990: Player 446469990 at (701.0378, 130.45108)
[GameWorld] Current player controllers: 3, Keys: [446469990, 1, 1125268556]
[GameWorld] Client updating remote player 446469990, isLocal=Player_446469990
[PlayerController] Ignoring UpdateRemotePosition for local player 446469990
[PlayerController] Player 446469990 emitting PositionChanged signal at (695.3475, 128.09406)
[GameWorld] OnPlayerPositionChanged: Player 446469990 at (695.3475, 128.09406), IsServer=False
[GameWorld] Client sending position to server
[GameWorld] SyncPlayerPosition RPC received on peer 446469990: Player 446469990 at (698.6808, 128.09406)
[GameWorld] Current player controllers: 3, Keys: [446469990, 1, 1125268556]
[GameWorld] Client updating remote player 446469990, isLocal=Player_446469990
[PlayerController] Ignoring UpdateRemotePosition for local player 446469990
[GameWorld] SyncPlayerPosition RPC received on peer 446469990: Player 446469990 at (695.3475, 128.09406)
[GameWorld] Current player controllers: 3, Keys: [446469990, 1, 1125268556]
[GameWorld] Client updating remote player 446469990, isLocal=Player_446469990
[PlayerController] Ignoring UpdateRemotePosition for local player 446469990
[GameWorld] UpdateGameState called on peer 446469990, players before: 3
[PlayerController] Player 446469990 emitting PositionChanged signal at (698.6808, 128.09406)
[GameWorld] OnPlayerPositionChanged: Player 446469990 at (698.6808, 128.09406), IsServer=False
[GameWorld] Client sending position to server
[PlayerController] Player 446469990 emitting PositionChanged signal at (702.0141, 128.09406)
[GameWorld] OnPlayerPositionChanged: Player 446469990 at (702.0141, 128.09406), IsServer=False
[GameWorld] Client sending position to server
[PlayerController] Player 446469990 emitting PositionChanged signal at (705.3474, 128.09406)
[GameWorld] OnPlayerPositionChanged: Player 446469990 at (705.3474, 128.09406), IsServer=False
[GameWorld] Client sending position to server
[GameWorld] SyncPlayerPosition RPC received on peer 446469990: Player 446469990 at (698.6808, 128.09406)
[GameWorld] Current player controllers: 3, Keys: [446469990, 1, 1125268556]
[GameWorld] Client updating remote player 446469990, isLocal=Player_446469990
[PlayerController] Ignoring UpdateRemotePosition for local player 446469990
[GameWorld] SyncPlayerPosition RPC received on peer 446469990: Player 446469990 at (702.0141, 128.09406)
[GameWorld] Current player controllers: 3, Keys: [446469990, 1, 1125268556]
[GameWorld] Client updating remote player 446469990, isLocal=Player_446469990
[PlayerController] Ignoring UpdateRemotePosition for local player 446469990
[PlayerController] Player 446469990 emitting PositionChanged signal at (708.6807, 128.09406)
[GameWorld] OnPlayerPositionChanged: Player 446469990 at (708.6807, 128.09406), IsServer=False
[GameWorld] Client sending position to server
[PlayerController] Player 446469990 emitting PositionChanged signal at (712.01404, 128.09406)
[GameWorld] OnPlayerPositionChanged: Player 446469990 at (712.01404, 128.09406), IsServer=False
[GameWorld] Client sending position to server
[GameWorld] SyncPlayerPosition RPC received on peer 446469990: Player 446469990 at (705.3474, 128.09406)
[GameWorld] Current player controllers: 3, Keys: [446469990, 1, 1125268556]
[GameWorld] Client updating remote player 446469990, isLocal=Player_446469990
[PlayerController] Ignoring UpdateRemotePosition for local player 446469990
[GameWorld] SyncPlayerPosition RPC received on peer 446469990: Player 446469990 at (708.6807, 128.09406)
[GameWorld] Current player controllers: 3, Keys: [446469990, 1, 1125268556]
[GameWorld] Client updating remote player 446469990, isLocal=Player_446469990
[PlayerController] Ignoring UpdateRemotePosition for local player 446469990
[PlayerController] Player 446469990 emitting PositionChanged signal at (715.34735, 128.09406)
[GameWorld] OnPlayerPositionChanged: Player 446469990 at (715.34735, 128.09406), IsServer=False
[GameWorld] Client sending position to server
[GameWorld] SyncPlayerPosition RPC received on peer 446469990: Player 446469990 at (712.01404, 128.09406)
[GameWorld] Current player controllers: 3, Keys: [446469990, 1, 1125268556]
[GameWorld] Client updating remote player 446469990, isLocal=Player_446469990
[PlayerController] Ignoring UpdateRemotePosition for local player 446469990
[PlayerController] Player 446469990 emitting PositionChanged signal at (718.68066, 128.09406)
[GameWorld] OnPlayerPositionChanged: Player 446469990 at (718.68066, 128.09406), IsServer=False
[GameWorld] Client sending position to server
[GameWorld] SyncPlayerPosition RPC received on peer 446469990: Player 446469990 at (715.34735, 128.09406)
[GameWorld] Current player controllers: 3, Keys: [446469990, 1, 1125268556]
[GameWorld] Client updating remote player 446469990, isLocal=Player_446469990
[PlayerController] Ignoring UpdateRemotePosition for local player 446469990
[PlayerController] Player 446469990 emitting PositionChanged signal at (722.014, 128.09406)
[GameWorld] OnPlayerPositionChanged: Player 446469990 at (722.014, 128.09406), IsServer=False
[GameWorld] Client sending position to server
[GameWorld] SyncPlayerPosition RPC received on peer 446469990: Player 446469990 at (718.68066, 128.09406)
[GameWorld] Current player controllers: 3, Keys: [446469990, 1, 1125268556]
[GameWorld] Client updating remote player 446469990, isLocal=Player_446469990
[PlayerController] Ignoring UpdateRemotePosition for local player 446469990
Body exited John: Player_446469990
[PlayerController] Player 446469990 emitting PositionChanged signal at (725.3473, 128.09406)
[GameWorld] OnPlayerPositionChanged: Player 446469990 at (725.3473, 128.09406), IsServer=False
[GameWorld] Client sending position to server
[GameWorld] SyncPlayerPosition RPC received on peer 446469990: Player 446469990 at (722.014, 128.09406)
[GameWorld] Current player controllers: 3, Keys: [446469990, 1, 1125268556]
[GameWorld] Client updating remote player 446469990, isLocal=Player_446469990
[PlayerController] Ignoring UpdateRemotePosition for local player 446469990
[PlayerController] Player 446469990 emitting PositionChanged signal at (728.6806, 128.09406)
[GameWorld] OnPlayerPositionChanged: Player 446469990 at (728.6806, 128.09406), IsServer=False
[GameWorld] Client sending position to server
[GameWorld] SyncPlayerPosition RPC received on peer 446469990: Player 446469990 at (725.3473, 128.09406)
[GameWorld] Current player controllers: 3, Keys: [446469990, 1, 1125268556]
[GameWorld] Client updating remote player 446469990, isLocal=Player_446469990
[PlayerController] Ignoring UpdateRemotePosition for local player 446469990
[PlayerController] Player 446469990 emitting PositionChanged signal at (732.0139, 128.09406)
[GameWorld] OnPlayerPositionChanged: Player 446469990 at (732.0139, 128.09406), IsServer=False
[GameWorld] Client sending position to server
[GameWorld] SyncPlayerPosition RPC received on peer 446469990: Player 446469990 at (728.6806, 128.09406)
[GameWorld] Current player controllers: 3, Keys: [446469990, 1, 1125268556]
[GameWorld] Client updating remote player 446469990, isLocal=Player_446469990
[PlayerController] Ignoring UpdateRemotePosition for local player 446469990
[PlayerController] Player 446469990 emitting PositionChanged signal at (735.3472, 128.09406)
[GameWorld] OnPlayerPositionChanged: Player 446469990 at (735.3472, 128.09406), IsServer=False
[GameWorld] Client sending position to server
[GameWorld] SyncPlayerPosition RPC received on peer 446469990: Player 446469990 at (732.0139, 128.09406)
[GameWorld] Current player controllers: 3, Keys: [446469990, 1, 1125268556]
[GameWorld] Client updating remote player 446469990, isLocal=Player_446469990
[PlayerController] Ignoring UpdateRemotePosition for local player 446469990
[PlayerController] Player 446469990 emitting PositionChanged signal at (738.68054, 128.09406)
[GameWorld] OnPlayerPositionChanged: Player 446469990 at (738.68054, 128.09406), IsServer=False
[GameWorld] Client sending position to server
[GameWorld] SyncPlayerPosition RPC received on peer 446469990: Player 446469990 at (735.3472, 128.09406)
[GameWorld] Current player controllers: 3, Keys: [446469990, 1, 1125268556]
[GameWorld] Client updating remote player 446469990, isLocal=Player_446469990
[PlayerController] Ignoring UpdateRemotePosition for local player 446469990
[PlayerController] Player 446469990 emitting PositionChanged signal at (742.01385, 128.09406)
[GameWorld] OnPlayerPositionChanged: Player 446469990 at (742.01385, 128.09406), IsServer=False
[GameWorld] Client sending position to server
[GameWorld] SyncPlayerPosition RPC received on peer 446469990: Player 446469990 at (738.68054, 128.09406)
[GameWorld] Current player controllers: 3, Keys: [446469990, 1, 1125268556]
[GameWorld] Client updating remote player 446469990, isLocal=Player_446469990
[PlayerController] Ignoring UpdateRemotePosition for local player 446469990
[PlayerController] Player 446469990 emitting PositionChanged signal at (745.34717, 128.09406)
[GameWorld] OnPlayerPositionChanged: Player 446469990 at (745.34717, 128.09406), IsServer=False
[GameWorld] Client sending position to server
[GameWorld] SyncPlayerPosition RPC received on peer 446469990: Player 446469990 at (742.01385, 128.09406)
[GameWorld] Current player controllers: 3, Keys: [446469990, 1, 1125268556]
[GameWorld] Client updating remote player 446469990, isLocal=Player_446469990
[PlayerController] Ignoring UpdateRemotePosition for local player 446469990
[PlayerController] Player 446469990 emitting PositionChanged signal at (748.6805, 128.09406)
[GameWorld] OnPlayerPositionChanged: Player 446469990 at (748.6805, 128.09406), IsServer=False
[GameWorld] Client sending position to server
[GameWorld] SyncPlayerPosition RPC received on peer 446469990: Player 446469990 at (745.34717, 128.09406)
[GameWorld] Current player controllers: 3, Keys: [446469990, 1, 1125268556]
[GameWorld] Client updating remote player 446469990, isLocal=Player_446469990
[PlayerController] Ignoring UpdateRemotePosition for local player 446469990
[PlayerController] Player 446469990 emitting PositionChanged signal at (752.0138, 128.09406)
[GameWorld] OnPlayerPositionChanged: Player 446469990 at (752.0138, 128.09406), IsServer=False
[GameWorld] Client sending position to server
[GameWorld] SyncPlayerPosition RPC received on peer 446469990: Player 446469990 at (748.6805, 128.09406)
[GameWorld] Current player controllers: 3, Keys: [446469990, 1, 1125268556]
[GameWorld] Client updating remote player 446469990, isLocal=Player_446469990
[PlayerController] Ignoring UpdateRemotePosition for local player 446469990
[PlayerController] Player 446469990 emitting PositionChanged signal at (755.3471, 128.09406)
[GameWorld] OnPlayerPositionChanged: Player 446469990 at (755.3471, 128.09406), IsServer=False
[GameWorld] Client sending position to server
[PlayerController] Player 446469990 emitting PositionChanged signal at (758.6804, 128.09406)
[GameWorld] OnPlayerPositionChanged: Player 446469990 at (758.6804, 128.09406), IsServer=False
[GameWorld] Client sending position to server
[GameWorld] SyncPlayerPosition RPC received on peer 446469990: Player 446469990 at (752.0138, 128.09406)
[GameWorld] Current player controllers: 3, Keys: [446469990, 1, 1125268556]
[GameWorld] Client updating remote player 446469990, isLocal=Player_446469990
[PlayerController] Ignoring UpdateRemotePosition for local player 446469990
[PlayerController] Player 446469990 emitting PositionChanged signal at (762.01373, 128.09406)
[GameWorld] OnPlayerPositionChanged: Player 446469990 at (762.01373, 128.09406), IsServer=False
[GameWorld] Client sending position to server
[GameWorld] SyncPlayerPosition RPC received on peer 446469990: Player 446469990 at (755.3471, 128.09406)
[GameWorld] Current player controllers: 3, Keys: [446469990, 1, 1125268556]
[GameWorld] Client updating remote player 446469990, isLocal=Player_446469990
[PlayerController] Ignoring UpdateRemotePosition for local player 446469990
[GameWorld] SyncPlayerPosition RPC received on peer 446469990: Player 446469990 at (758.6804, 128.09406)
[GameWorld] Current player controllers: 3, Keys: [446469990, 1, 1125268556]
[GameWorld] Client updating remote player 446469990, isLocal=Player_446469990
[PlayerController] Ignoring UpdateRemotePosition for local player 446469990
[PlayerController] Player 446469990 emitting PositionChanged signal at (765.34705, 128.09406)
[GameWorld] OnPlayerPositionChanged: Player 446469990 at (765.34705, 128.09406), IsServer=False
[GameWorld] Client sending position to server
[GameWorld] SyncPlayerPosition RPC received on peer 446469990: Player 446469990 at (762.01373, 128.09406)
[GameWorld] Current player controllers: 3, Keys: [446469990, 1, 1125268556]
[GameWorld] Client updating remote player 446469990, isLocal=Player_446469990
[PlayerController] Ignoring UpdateRemotePosition for local player 446469990
[PlayerController] Player 446469990 emitting PositionChanged signal at (768.68036, 128.09406)
[GameWorld] OnPlayerPositionChanged: Player 446469990 at (768.68036, 128.09406), IsServer=False
[GameWorld] Client sending position to server
[GameWorld] SyncPlayerPosition RPC received on peer 446469990: Player 446469990 at (765.34705, 128.09406)
[GameWorld] Current player controllers: 3, Keys: [446469990, 1, 1125268556]
[GameWorld] Client updating remote player 446469990, isLocal=Player_446469990
[PlayerController] Ignoring UpdateRemotePosition for local player 446469990
[PlayerController] Player 446469990 emitting PositionChanged signal at (772.0137, 128.09406)
[GameWorld] OnPlayerPositionChanged: Player 446469990 at (772.0137, 128.09406), IsServer=False
[GameWorld] Client sending position to server
[GameWorld] SyncPlayerPosition RPC received on peer 446469990: Player 446469990 at (768.68036, 128.09406)
[GameWorld] Current player controllers: 3, Keys: [446469990, 1, 1125268556]
[GameWorld] Client updating remote player 446469990, isLocal=Player_446469990
[PlayerController] Ignoring UpdateRemotePosition for local player 446469990
[PlayerController] Player 446469990 emitting PositionChanged signal at (775.347, 128.09406)
[GameWorld] OnPlayerPositionChanged: Player 446469990 at (775.347, 128.09406), IsServer=False
[GameWorld] Client sending position to server
[GameWorld] SyncPlayerPosition RPC received on peer 446469990: Player 446469990 at (772.0137, 128.09406)
[GameWorld] Current player controllers: 3, Keys: [446469990, 1, 1125268556]
[GameWorld] Client updating remote player 446469990, isLocal=Player_446469990
[PlayerController] Ignoring UpdateRemotePosition for local player 446469990
[PlayerController] Player 446469990 emitting PositionChanged signal at (778.6803, 128.09406)
[GameWorld] OnPlayerPositionChanged: Player 446469990 at (778.6803, 128.09406), IsServer=False
[GameWorld] Client sending position to server
[GameWorld] SyncPlayerPosition RPC received on peer 446469990: Player 446469990 at (775.347, 128.09406)
[GameWorld] Current player controllers: 3, Keys: [446469990, 1, 1125268556]
[GameWorld] Client updating remote player 446469990, isLocal=Player_446469990
[PlayerController] Ignoring UpdateRemotePosition for local player 446469990
[PlayerController] Player 446469990 emitting PositionChanged signal at (782.0136, 128.09406)
[GameWorld] OnPlayerPositionChanged: Player 446469990 at (782.0136, 128.09406), IsServer=False
[GameWorld] Client sending position to server
[GameWorld] SyncPlayerPosition RPC received on peer 446469990: Player 446469990 at (778.6803, 128.09406)
[GameWorld] Current player controllers: 3, Keys: [446469990, 1, 1125268556]
[GameWorld] Client updating remote player 446469990, isLocal=Player_446469990
[PlayerController] Ignoring UpdateRemotePosition for local player 446469990
[PlayerController] Player 446469990 emitting PositionChanged signal at (785.3469, 128.09406)
[GameWorld] OnPlayerPositionChanged: Player 446469990 at (785.3469, 128.09406), IsServer=False
[GameWorld] Client sending position to server
[PlayerController] Player 446469990 emitting PositionChanged signal at (788.68024, 128.09406)
[GameWorld] OnPlayerPositionChanged: Player 446469990 at (788.68024, 128.09406), IsServer=False
[GameWorld] Client sending position to server
[GameWorld] SyncPlayerPosition RPC received on peer 446469990: Player 446469990 at (782.0136, 128.09406)
[GameWorld] Current player controllers: 3, Keys: [446469990, 1, 1125268556]
[GameWorld] Client updating remote player 446469990, isLocal=Player_446469990
[PlayerController] Ignoring UpdateRemotePosition for local player 446469990
[GameWorld] SyncPlayerPosition RPC received on peer 446469990: Player 446469990 at (785.3469, 128.09406)
[GameWorld] Current player controllers: 3, Keys: [446469990, 1, 1125268556]
[GameWorld] Client updating remote player 446469990, isLocal=Player_446469990
[PlayerController] Ignoring UpdateRemotePosition for local player 446469990
[PlayerController] Player 446469990 emitting PositionChanged signal at (792.01355, 128.09406)
[GameWorld] OnPlayerPositionChanged: Player 446469990 at (792.01355, 128.09406), IsServer=False
[GameWorld] Client sending position to server
[PlayerController] Player 446469990 emitting PositionChanged signal at (795.34686, 128.09406)
[GameWorld] OnPlayerPositionChanged: Player 446469990 at (795.34686, 128.09406), IsServer=False
[GameWorld] Client sending position to server
[GameWorld] SyncPlayerPosition RPC received on peer 446469990: Player 446469990 at (788.68024, 128.09406)
[GameWorld] Current player controllers: 3, Keys: [446469990, 1, 1125268556]
[GameWorld] Client updating remote player 446469990, isLocal=Player_446469990
[PlayerController] Ignoring UpdateRemotePosition for local player 446469990
[PlayerController] Player 446469990 emitting PositionChanged signal at (798.6802, 128.09406)
[GameWorld] OnPlayerPositionChanged: Player 446469990 at (798.6802, 128.09406), IsServer=False
[GameWorld] Client sending position to server
[GameWorld] SyncPlayerPosition RPC received on peer 446469990: Player 446469990 at (792.01355, 128.09406)
[GameWorld] Current player controllers: 3, Keys: [446469990, 1, 1125268556]
[GameWorld] Client updating remote player 446469990, isLocal=Player_446469990
[PlayerController] Ignoring UpdateRemotePosition for local player 446469990
[GameWorld] SyncPlayerPosition RPC received on peer 446469990: Player 446469990 at (795.34686, 128.09406)
[GameWorld] Current player controllers: 3, Keys: [446469990, 1, 1125268556]
[GameWorld] Client updating remote player 446469990, isLocal=Player_446469990
[PlayerController] Ignoring UpdateRemotePosition for local player 446469990
[PlayerController] Player 446469990 emitting PositionChanged signal at (802.0135, 128.09406)
[GameWorld] OnPlayerPositionChanged: Player 446469990 at (802.0135, 128.09406), IsServer=False
[GameWorld] Client sending position to server
[GameWorld] SyncPlayerPosition RPC received on peer 446469990: Player 446469990 at (798.6802, 128.09406)
[GameWorld] Current player controllers: 3, Keys: [446469990, 1, 1125268556]
[GameWorld] Client updating remote player 446469990, isLocal=Player_446469990
[PlayerController] Ignoring UpdateRemotePosition for local player 446469990
[PlayerController] Player 446469990 emitting PositionChanged signal at (805.3468, 128.09406)
[GameWorld] OnPlayerPositionChanged: Player 446469990 at (805.3468, 128.09406), IsServer=False
[GameWorld] Client sending position to server
[GameWorld] SyncPlayerPosition RPC received on peer 446469990: Player 446469990 at (802.0135, 128.09406)
[GameWorld] Current player controllers: 3, Keys: [446469990, 1, 1125268556]
[GameWorld] Client updating remote player 446469990, isLocal=Player_446469990
[PlayerController] Ignoring UpdateRemotePosition for local player 446469990
[PlayerController] Player 446469990 emitting PositionChanged signal at (808.6801, 128.09406)
[GameWorld] OnPlayerPositionChanged: Player 446469990 at (808.6801, 128.09406), IsServer=False
[GameWorld] Client sending position to server
[PlayerController] Player 446469990 emitting PositionChanged signal at (812.0134, 128.09406)
[GameWorld] OnPlayerPositionChanged: Player 446469990 at (812.0134, 128.09406), IsServer=False
[GameWorld] Client sending position to server
[GameWorld] SyncPlayerPosition RPC received on peer 446469990: Player 446469990 at (805.3468, 128.09406)
[GameWorld] Current player controllers: 3, Keys: [446469990, 1, 1125268556]
[GameWorld] Client updating remote player 446469990, isLocal=Player_446469990
[PlayerController] Ignoring UpdateRemotePosition for local player 446469990
[GameWorld] SyncPlayerPosition RPC received on peer 446469990: Player 446469990 at (808.6801, 128.09406)
[GameWorld] Current player controllers: 3, Keys: [446469990, 1, 1125268556]
[GameWorld] Client updating remote player 446469990, isLocal=Player_446469990
[PlayerController] Ignoring UpdateRemotePosition for local player 446469990
[PlayerController] Player 446469990 emitting PositionChanged signal at (815.34674, 128.09406)
[GameWorld] OnPlayerPositionChanged: Player 446469990 at (815.34674, 128.09406), IsServer=False
[GameWorld] Client sending position to server
[GameWorld] SyncPlayerPosition RPC received on peer 446469990: Player 446469990 at (812.0134, 128.09406)
[GameWorld] Current player controllers: 3, Keys: [446469990, 1, 1125268556]
[GameWorld] Client updating remote player 446469990, isLocal=Player_446469990
[PlayerController] Ignoring UpdateRemotePosition for local player 446469990
[PlayerController] Player 446469990 emitting PositionChanged signal at (817.70374, 130.45108)
[GameWorld] OnPlayerPositionChanged: Player 446469990 at (817.70374, 130.45108), IsServer=False
[GameWorld] Client sending position to server
[GameWorld] SyncPlayerPosition RPC received on peer 446469990: Player 446469990 at (815.34674, 128.09406)
[GameWorld] Current player controllers: 3, Keys: [446469990, 1, 1125268556]
[GameWorld] Client updating remote player 446469990, isLocal=Player_446469990
[PlayerController] Ignoring UpdateRemotePosition for local player 446469990
[PlayerController] Player 446469990 emitting PositionChanged signal at (820.0607, 132.8081)
[GameWorld] OnPlayerPositionChanged: Player 446469990 at (820.0607, 132.8081), IsServer=False
[GameWorld] Client sending position to server
[GameWorld] SyncPlayerPosition RPC received on peer 446469990: Player 446469990 at (817.70374, 130.45108)
[GameWorld] Current player controllers: 3, Keys: [446469990, 1, 1125268556]
[GameWorld] Client updating remote player 446469990, isLocal=Player_446469990
[PlayerController] Ignoring UpdateRemotePosition for local player 446469990
[PlayerController] Player 446469990 emitting PositionChanged signal at (822.4177, 135.16513)
[GameWorld] OnPlayerPositionChanged: Player 446469990 at (822.4177, 135.16513), IsServer=False
[GameWorld] Client sending position to server
[GameWorld] SyncPlayerPosition RPC received on peer 446469990: Player 446469990 at (820.0607, 132.8081)
[GameWorld] Current player controllers: 3, Keys: [446469990, 1, 1125268556]
[GameWorld] Client updating remote player 446469990, isLocal=Player_446469990
[PlayerController] Ignoring UpdateRemotePosition for local player 446469990
[PlayerController] Player 446469990 emitting PositionChanged signal at (824.7747, 137.52216)
[GameWorld] OnPlayerPositionChanged: Player 446469990 at (824.7747, 137.52216), IsServer=False
[GameWorld] Client sending position to server
[GameWorld] SyncPlayerPosition RPC received on peer 446469990: Player 446469990 at (822.4177, 135.16513)
[GameWorld] Current player controllers: 3, Keys: [446469990, 1, 1125268556]
[GameWorld] Client updating remote player 446469990, isLocal=Player_446469990
[PlayerController] Ignoring UpdateRemotePosition for local player 446469990
[PlayerController] Player 446469990 emitting PositionChanged signal at (827.1317, 139.87918)
[GameWorld] OnPlayerPositionChanged: Player 446469990 at (827.1317, 139.87918), IsServer=False
[GameWorld] Client sending position to server
[GameWorld] SyncPlayerPosition RPC received on peer 446469990: Player 446469990 at (824.7747, 137.52216)
[GameWorld] Current player controllers: 3, Keys: [446469990, 1, 1125268556]
[GameWorld] Client updating remote player 446469990, isLocal=Player_446469990
[PlayerController] Ignoring UpdateRemotePosition for local player 446469990
[PlayerController] Player 446469990 emitting PositionChanged signal at (829.4887, 142.2362)
[GameWorld] OnPlayerPositionChanged: Player 446469990 at (829.4887, 142.2362), IsServer=False
[GameWorld] Client sending position to server
[GameWorld] SyncPlayerPosition RPC received on peer 446469990: Player 446469990 at (827.1317, 139.87918)
[GameWorld] Current player controllers: 3, Keys: [446469990, 1, 1125268556]
[GameWorld] Client updating remote player 446469990, isLocal=Player_446469990
[PlayerController] Ignoring UpdateRemotePosition for local player 446469990
[PlayerController] Player 446469990 emitting PositionChanged signal at (829.4887, 145.56953)
[GameWorld] OnPlayerPositionChanged: Player 446469990 at (829.4887, 145.56953), IsServer=False
[GameWorld] Client sending position to server
[GameWorld] SyncPlayerPosition RPC received on peer 446469990: Player 446469990 at (829.4887, 142.2362)
[GameWorld] Current player controllers: 3, Keys: [446469990, 1, 1125268556]
[GameWorld] Client updating remote player 446469990, isLocal=Player_446469990
[PlayerController] Ignoring UpdateRemotePosition for local player 446469990
[PlayerController] Player 446469990 emitting PositionChanged signal at (829.4887, 148.90286)
[GameWorld] OnPlayerPositionChanged: Player 446469990 at (829.4887, 148.90286), IsServer=False
[GameWorld] Client sending position to server
[PlayerController] Player 446469990 emitting PositionChanged signal at (829.4887, 152.23619)
[GameWorld] OnPlayerPositionChanged: Player 446469990 at (829.4887, 152.23619), IsServer=False
[GameWorld] Client sending position to server
[GameWorld] SyncPlayerPosition RPC received on peer 446469990: Player 446469990 at (829.4887, 145.56953)
[GameWorld] Current player controllers: 3, Keys: [446469990, 1, 1125268556]
[GameWorld] Client updating remote player 446469990, isLocal=Player_446469990
[PlayerController] Ignoring UpdateRemotePosition for local player 446469990
[GameWorld] SyncPlayerPosition RPC received on peer 446469990: Player 446469990 at (829.4887, 148.90286)
[GameWorld] Current player controllers: 3, Keys: [446469990, 1, 1125268556]
[GameWorld] Client updating remote player 446469990, isLocal=Player_446469990
[PlayerController] Ignoring UpdateRemotePosition for local player 446469990
[PlayerController] Player 446469990 emitting PositionChanged signal at (829.4887, 155.56952)
[GameWorld] OnPlayerPositionChanged: Player 446469990 at (829.4887, 155.56952), IsServer=False
[GameWorld] Client sending position to server
[GameWorld] SyncPlayerPosition RPC received on peer 446469990: Player 446469990 at (829.4887, 152.23619)
[GameWorld] Current player controllers: 3, Keys: [446469990, 1, 1125268556]
[GameWorld] Client updating remote player 446469990, isLocal=Player_446469990
[PlayerController] Ignoring UpdateRemotePosition for local player 446469990
[PlayerController] Player 446469990 emitting PositionChanged signal at (829.4887, 158.90285)
[GameWorld] OnPlayerPositionChanged: Player 446469990 at (829.4887, 158.90285), IsServer=False
[GameWorld] Client sending position to server
[GameWorld] SyncPlayerPosition RPC received on peer 446469990: Player 446469990 at (829.4887, 155.56952)
[GameWorld] Current player controllers: 3, Keys: [446469990, 1, 1125268556]
[GameWorld] Client updating remote player 446469990, isLocal=Player_446469990
[PlayerController] Ignoring UpdateRemotePosition for local player 446469990
[PlayerController] Player 446469990 emitting PositionChanged signal at (829.4887, 162.23618)
[GameWorld] OnPlayerPositionChanged: Player 446469990 at (829.4887, 162.23618), IsServer=False
[GameWorld] Client sending position to server
[GameWorld] SyncPlayerPosition RPC received on peer 446469990: Player 446469990 at (829.4887, 158.90285)
[GameWorld] Current player controllers: 3, Keys: [446469990, 1, 1125268556]
[GameWorld] Client updating remote player 446469990, isLocal=Player_446469990
[PlayerController] Ignoring UpdateRemotePosition for local player 446469990
[PlayerController] Player 446469990 emitting PositionChanged signal at (829.4887, 165.5695)
[GameWorld] OnPlayerPositionChanged: Player 446469990 at (829.4887, 165.5695), IsServer=False
[GameWorld] Client sending position to server
[GameWorld] SyncPlayerPosition RPC received on peer 446469990: Player 446469990 at (829.4887, 162.23618)
[GameWorld] Current player controllers: 3, Keys: [446469990, 1, 1125268556]
[GameWorld] Client updating remote player 446469990, isLocal=Player_446469990
[PlayerController] Ignoring UpdateRemotePosition for local player 446469990
[PlayerController] Player 446469990 emitting PositionChanged signal at (829.4887, 168.90283)
[GameWorld] OnPlayerPositionChanged: Player 446469990 at (829.4887, 168.90283), IsServer=False
[GameWorld] Client sending position to server
[GameWorld] SyncPlayerPosition RPC received on peer 446469990: Player 446469990 at (829.4887, 165.5695)
[GameWorld] Current player controllers: 3, Keys: [446469990, 1, 1125268556]
[GameWorld] Client updating remote player 446469990, isLocal=Player_446469990
[PlayerController] Ignoring UpdateRemotePosition for local player 446469990
[PlayerController] Player 446469990 emitting PositionChanged signal at (829.4887, 172.23616)
[GameWorld] OnPlayerPositionChanged: Player 446469990 at (829.4887, 172.23616), IsServer=False
[GameWorld] Client sending position to server
[GameWorld] SyncPlayerPosition RPC received on peer 446469990: Player 446469990 at (829.4887, 168.90283)
[GameWorld] Current player controllers: 3, Keys: [446469990, 1, 1125268556]
[GameWorld] Client updating remote player 446469990, isLocal=Player_446469990
[PlayerController] Ignoring UpdateRemotePosition for local player 446469990
[PlayerController] Player 446469990 emitting PositionChanged signal at (829.4887, 175.56949)
[GameWorld] OnPlayerPositionChanged: Player 446469990 at (829.4887, 175.56949), IsServer=False
[GameWorld] Client sending position to server
[GameWorld] SyncPlayerPosition RPC received on peer 446469990: Player 446469990 at (829.4887, 172.23616)
[GameWorld] Current player controllers: 3, Keys: [446469990, 1, 1125268556]
[GameWorld] Client updating remote player 446469990, isLocal=Player_446469990
[PlayerController] Ignoring UpdateRemotePosition for local player 446469990
[PlayerController] Player 446469990 emitting PositionChanged signal at (829.4887, 178.90282)
[GameWorld] OnPlayerPositionChanged: Player 446469990 at (829.4887, 178.90282), IsServer=False
[GameWorld] Client sending position to server
[GameWorld] SyncPlayerPosition RPC received on peer 446469990: Player 446469990 at (829.4887, 175.56949)
[GameWorld] Current player controllers: 3, Keys: [446469990, 1, 1125268556]
[GameWorld] Client updating remote player 446469990, isLocal=Player_446469990
[PlayerController] Ignoring UpdateRemotePosition for local player 446469990
[PlayerController] Player 446469990 emitting PositionChanged signal at (829.4887, 182.23615)
[GameWorld] OnPlayerPositionChanged: Player 446469990 at (829.4887, 182.23615), IsServer=False
[GameWorld] Client sending position to server
[GameWorld] SyncPlayerPosition RPC received on peer 446469990: Player 446469990 at (829.4887, 178.90282)
[GameWorld] Current player controllers: 3, Keys: [446469990, 1, 1125268556]
[GameWorld] Client updating remote player 446469990, isLocal=Player_446469990
[PlayerController] Ignoring UpdateRemotePosition for local player 446469990
[PlayerController] Player 446469990 emitting PositionChanged signal at (829.4887, 185.56947)
[GameWorld] OnPlayerPositionChanged: Player 446469990 at (829.4887, 185.56947), IsServer=False
[GameWorld] Client sending position to server
[GameWorld] SyncPlayerPosition RPC received on peer 446469990: Player 446469990 at (829.4887, 182.23615)
[GameWorld] Current player controllers: 3, Keys: [446469990, 1, 1125268556]
[GameWorld] Client updating remote player 446469990, isLocal=Player_446469990
[PlayerController] Ignoring UpdateRemotePosition for local player 446469990
[PlayerController] Player 446469990 emitting PositionChanged signal at (829.4887, 188.9028)
[GameWorld] OnPlayerPositionChanged: Player 446469990 at (829.4887, 188.9028), IsServer=False
[GameWorld] Client sending position to server
[GameWorld] SyncPlayerPosition RPC received on peer 446469990: Player 446469990 at (829.4887, 185.56947)
[GameWorld] Current player controllers: 3, Keys: [446469990, 1, 1125268556]
[GameWorld] Client updating remote player 446469990, isLocal=Player_446469990
[PlayerController] Ignoring UpdateRemotePosition for local player 446469990
[PlayerController] Player 446469990 emitting PositionChanged signal at (829.4887, 192.23613)
[GameWorld] OnPlayerPositionChanged: Player 446469990 at (829.4887, 192.23613), IsServer=False
[GameWorld] Client sending position to server
[PlayerController] Player 446469990 emitting PositionChanged signal at (829.4887, 195.56946)
[GameWorld] OnPlayerPositionChanged: Player 446469990 at (829.4887, 195.56946), IsServer=False
[GameWorld] Client sending position to server
[GameWorld] SyncPlayerPosition RPC received on peer 446469990: Player 446469990 at (829.4887, 188.9028)
[GameWorld] Current player controllers: 3, Keys: [446469990, 1, 1125268556]
[GameWorld] Client updating remote player 446469990, isLocal=Player_446469990
[PlayerController] Ignoring UpdateRemotePosition for local player 446469990
[GameWorld] SyncPlayerPosition RPC received on peer 446469990: Player 446469990 at (829.4887, 192.23613)
[GameWorld] Current player controllers: 3, Keys: [446469990, 1, 1125268556]
[GameWorld] Client updating remote player 446469990, isLocal=Player_446469990
[PlayerController] Ignoring UpdateRemotePosition for local player 446469990
[PlayerController] Player 446469990 emitting PositionChanged signal at (829.4887, 198.90279)
[GameWorld] OnPlayerPositionChanged: Player 446469990 at (829.4887, 198.90279), IsServer=False
[GameWorld] Client sending position to server
[GameWorld] SyncPlayerPosition RPC received on peer 446469990: Player 446469990 at (829.4887, 195.56946)
[GameWorld] Current player controllers: 3, Keys: [446469990, 1, 1125268556]
[GameWorld] Client updating remote player 446469990, isLocal=Player_446469990
[PlayerController] Ignoring UpdateRemotePosition for local player 446469990
[PlayerController] Player 446469990 emitting PositionChanged signal at (829.4887, 202.23611)
[GameWorld] OnPlayerPositionChanged: Player 446469990 at (829.4887, 202.23611), IsServer=False
[GameWorld] Client sending position to server
[GameWorld] SyncPlayerPosition RPC received on peer 446469990: Player 446469990 at (829.4887, 198.90279)
[GameWorld] Current player controllers: 3, Keys: [446469990, 1, 1125268556]
[GameWorld] Client updating remote player 446469990, isLocal=Player_446469990
[PlayerController] Ignoring UpdateRemotePosition for local player 446469990
[PlayerController] Player 446469990 emitting PositionChanged signal at (829.4887, 205.56944)
[GameWorld] OnPlayerPositionChanged: Player 446469990 at (829.4887, 205.56944), IsServer=False
[GameWorld] Client sending position to server
[GameWorld] SyncPlayerPosition RPC received on peer 446469990: Player 446469990 at (829.4887, 202.23611)
[GameWorld] Current player controllers: 3, Keys: [446469990, 1, 1125268556]
[GameWorld] Client updating remote player 446469990, isLocal=Player_446469990
[PlayerController] Ignoring UpdateRemotePosition for local player 446469990
[PlayerController] Player 446469990 emitting PositionChanged signal at (829.4887, 208.90277)
[GameWorld] OnPlayerPositionChanged: Player 446469990 at (829.4887, 208.90277), IsServer=False
[GameWorld] Client sending position to server
[GameWorld] SyncPlayerPosition RPC received on peer 446469990: Player 446469990 at (829.4887, 205.56944)
[GameWorld] Current player controllers: 3, Keys: [446469990, 1, 1125268556]
[GameWorld] Client updating remote player 446469990, isLocal=Player_446469990
[PlayerController] Ignoring UpdateRemotePosition for local player 446469990
[PlayerController] Player 446469990 emitting PositionChanged signal at (829.4887, 212.2361)
[GameWorld] OnPlayerPositionChanged: Player 446469990 at (829.4887, 212.2361), IsServer=False
[GameWorld] Client sending position to server
[GameWorld] SyncPlayerPosition RPC received on peer 446469990: Player 446469990 at (829.4887, 208.90277)
[GameWorld] Current player controllers: 3, Keys: [446469990, 1, 1125268556]
[GameWorld] Client updating remote player 446469990, isLocal=Player_446469990
[PlayerController] Ignoring UpdateRemotePosition for local player 446469990
[PlayerController] Player 446469990 emitting PositionChanged signal at (829.4887, 215.56943)
[GameWorld] OnPlayerPositionChanged: Player 446469990 at (829.4887, 215.56943), IsServer=False
[GameWorld] Client sending position to server
[GameWorld] SyncPlayerPosition RPC received on peer 446469990: Player 446469990 at (829.4887, 212.2361)
[GameWorld] Current player controllers: 3, Keys: [446469990, 1, 1125268556]
[GameWorld] Client updating remote player 446469990, isLocal=Player_446469990
[PlayerController] Ignoring UpdateRemotePosition for local player 446469990
[PlayerController] Player 446469990 emitting PositionChanged signal at (829.4887, 218.90276)
[GameWorld] OnPlayerPositionChanged: Player 446469990 at (829.4887, 218.90276), IsServer=False
[GameWorld] Client sending position to server
[GameWorld] SyncPlayerPosition RPC received on peer 446469990: Player 446469990 at (829.4887, 215.56943)
[GameWorld] Current player controllers: 3, Keys: [446469990, 1, 1125268556]
[GameWorld] Client updating remote player 446469990, isLocal=Player_446469990
[PlayerController] Ignoring UpdateRemotePosition for local player 446469990
[PlayerController] Player 446469990 emitting PositionChanged signal at (829.4887, 222.23608)
[GameWorld] OnPlayerPositionChanged: Player 446469990 at (829.4887, 222.23608), IsServer=False
[GameWorld] Client sending position to server
[GameWorld] SyncPlayerPosition RPC received on peer 446469990: Player 446469990 at (829.4887, 218.90276)
[GameWorld] Current player controllers: 3, Keys: [446469990, 1, 1125268556]
[GameWorld] Client updating remote player 446469990, isLocal=Player_446469990
[PlayerController] Ignoring UpdateRemotePosition for local player 446469990
[PlayerController] Player 446469990 emitting PositionChanged signal at (829.4887, 225.56941)
[GameWorld] OnPlayerPositionChanged: Player 446469990 at (829.4887, 225.56941), IsServer=False
[GameWorld] Client sending position to server
[GameWorld] SyncPlayerPosition RPC received on peer 446469990: Player 446469990 at (829.4887, 222.23608)
[GameWorld] Current player controllers: 3, Keys: [446469990, 1, 1125268556]
[GameWorld] Client updating remote player 446469990, isLocal=Player_446469990
[PlayerController] Ignoring UpdateRemotePosition for local player 446469990
[PlayerController] Player 446469990 emitting PositionChanged signal at (829.4887, 228.90274)
[GameWorld] OnPlayerPositionChanged: Player 446469990 at (829.4887, 228.90274), IsServer=False
[GameWorld] Client sending position to server
[GameWorld] SyncPlayerPosition RPC received on peer 446469990: Player 446469990 at (829.4887, 225.56941)
[GameWorld] Current player controllers: 3, Keys: [446469990, 1, 1125268556]
[GameWorld] Client updating remote player 446469990, isLocal=Player_446469990
[PlayerController] Ignoring UpdateRemotePosition for local player 446469990
[PlayerController] Player 446469990 emitting PositionChanged signal at (829.4887, 232.23607)
[GameWorld] OnPlayerPositionChanged: Player 446469990 at (829.4887, 232.23607), IsServer=False
[GameWorld] Client sending position to server
[GameWorld] SyncPlayerPosition RPC received on peer 446469990: Player 446469990 at (829.4887, 228.90274)
[GameWorld] Current player controllers: 3, Keys: [446469990, 1, 1125268556]
[GameWorld] Client updating remote player 446469990, isLocal=Player_446469990
[PlayerController] Ignoring UpdateRemotePosition for local player 446469990
[PlayerController] Player 446469990 emitting PositionChanged signal at (829.4887, 235.5694)
[GameWorld] OnPlayerPositionChanged: Player 446469990 at (829.4887, 235.5694), IsServer=False
[GameWorld] Client sending position to server
[GameWorld] SyncPlayerPosition RPC received on peer 446469990: Player 446469990 at (829.4887, 232.23607)
[GameWorld] Current player controllers: 3, Keys: [446469990, 1, 1125268556]
[GameWorld] Client updating remote player 446469990, isLocal=Player_446469990
[PlayerController] Ignoring UpdateRemotePosition for local player 446469990
[PlayerController] Player 446469990 emitting PositionChanged signal at (829.4887, 238.90273)
[GameWorld] OnPlayerPositionChanged: Player 446469990 at (829.4887, 238.90273), IsServer=False
[GameWorld] Client sending position to server
[GameWorld] SyncPlayerPosition RPC received on peer 446469990: Player 446469990 at (829.4887, 235.5694)
[GameWorld] Current player controllers: 3, Keys: [446469990, 1, 1125268556]
[GameWorld] Client updating remote player 446469990, isLocal=Player_446469990
[PlayerController] Ignoring UpdateRemotePosition for local player 446469990
[PlayerController] Player 446469990 emitting PositionChanged signal at (829.4887, 242.23605)
[GameWorld] OnPlayerPositionChanged: Player 446469990 at (829.4887, 242.23605), IsServer=False
[GameWorld] Client sending position to server
[GameWorld] SyncPlayerPosition RPC received on peer 446469990: Player 446469990 at (829.4887, 238.90273)
[GameWorld] Current player controllers: 3, Keys: [446469990, 1, 1125268556]
[GameWorld] Client updating remote player 446469990, isLocal=Player_446469990
[PlayerController] Ignoring UpdateRemotePosition for local player 446469990
[PlayerController] Player 446469990 emitting PositionChanged signal at (829.4887, 245.56938)
[GameWorld] OnPlayerPositionChanged: Player 446469990 at (829.4887, 245.56938), IsServer=False
[GameWorld] Client sending position to server
[GameWorld] SyncPlayerPosition RPC received on peer 446469990: Player 446469990 at (829.4887, 242.23605)
[GameWorld] Current player controllers: 3, Keys: [446469990, 1, 1125268556]
[GameWorld] Client updating remote player 446469990, isLocal=Player_446469990
[PlayerController] Ignoring UpdateRemotePosition for local player 446469990
[PlayerController] Player 446469990 emitting PositionChanged signal at (829.4887, 248.90271)
[GameWorld] OnPlayerPositionChanged: Player 446469990 at (829.4887, 248.90271), IsServer=False
[GameWorld] Client sending position to server
[GameWorld] SyncPlayerPosition RPC received on peer 446469990: Player 446469990 at (829.4887, 245.56938)
[GameWorld] Current player controllers: 3, Keys: [446469990, 1, 1125268556]
[GameWorld] Client updating remote player 446469990, isLocal=Player_446469990
[PlayerController] Ignoring UpdateRemotePosition for local player 446469990
[PlayerController] Player 446469990 emitting PositionChanged signal at (829.4887, 252.23604)
[GameWorld] OnPlayerPositionChanged: Player 446469990 at (829.4887, 252.23604), IsServer=False
[GameWorld] Client sending position to server
[GameWorld] SyncPlayerPosition RPC received on peer 446469990: Player 446469990 at (829.4887, 248.90271)
[GameWorld] Current player controllers: 3, Keys: [446469990, 1, 1125268556]
[GameWorld] Client updating remote player 446469990, isLocal=Player_446469990
[PlayerController] Ignoring UpdateRemotePosition for local player 446469990
[PlayerController] Player 446469990 emitting PositionChanged signal at (829.4887, 255.56937)
[GameWorld] OnPlayerPositionChanged: Player 446469990 at (829.4887, 255.56937), IsServer=False
[GameWorld] Client sending position to server
[GameWorld] SyncPlayerPosition RPC received on peer 446469990: Player 446469990 at (829.4887, 252.23604)
[GameWorld] Current player controllers: 3, Keys: [446469990, 1, 1125268556]
[GameWorld] Client updating remote player 446469990, isLocal=Player_446469990
[PlayerController] Ignoring UpdateRemotePosition for local player 446469990
[PlayerController] Player 446469990 emitting PositionChanged signal at (829.4887, 258.9027)
[GameWorld] OnPlayerPositionChanged: Player 446469990 at (829.4887, 258.9027), IsServer=False
[GameWorld] Client sending position to server
[GameWorld] SyncPlayerPosition RPC received on peer 446469990: Player 446469990 at (829.4887, 255.56937)
[GameWorld] Current player controllers: 3, Keys: [446469990, 1, 1125268556]
[GameWorld] Client updating remote player 446469990, isLocal=Player_446469990
[PlayerController] Ignoring UpdateRemotePosition for local player 446469990
[PlayerController] Player 446469990 emitting PositionChanged signal at (829.4887, 262.23605)
[GameWorld] OnPlayerPositionChanged: Player 446469990 at (829.4887, 262.23605), IsServer=False
[GameWorld] Client sending position to server
[GameWorld] SyncPlayerPosition RPC received on peer 446469990: Player 446469990 at (829.4887, 258.9027)
[GameWorld] Current player controllers: 3, Keys: [446469990, 1, 1125268556]
[GameWorld] Client updating remote player 446469990, isLocal=Player_446469990
[PlayerController] Ignoring UpdateRemotePosition for local player 446469990
[PlayerController] Player 446469990 emitting PositionChanged signal at (829.4887, 265.5694)
[GameWorld] OnPlayerPositionChanged: Player 446469990 at (829.4887, 265.5694), IsServer=False
[GameWorld] Client sending position to server
[GameWorld] SyncPlayerPosition RPC received on peer 446469990: Player 446469990 at (829.4887, 262.23605)
[GameWorld] Current player controllers: 3, Keys: [446469990, 1, 1125268556]
[GameWorld] Client updating remote player 446469990, isLocal=Player_446469990
[PlayerController] Ignoring UpdateRemotePosition for local player 446469990
[PlayerController] Player 446469990 emitting PositionChanged signal at (829.4887, 268.90274)
[GameWorld] OnPlayerPositionChanged: Player 446469990 at (829.4887, 268.90274), IsServer=False
[GameWorld] Client sending position to server
[GameWorld] SyncPlayerPosition RPC received on peer 446469990: Player 446469990 at (829.4887, 265.5694)
[GameWorld] Current player controllers: 3, Keys: [446469990, 1, 1125268556]
[GameWorld] Client updating remote player 446469990, isLocal=Player_446469990
[PlayerController] Ignoring UpdateRemotePosition for local player 446469990
[PlayerController] Player 446469990 emitting PositionChanged signal at (829.4887, 272.23608)
[GameWorld] OnPlayerPositionChanged: Player 446469990 at (829.4887, 272.23608), IsServer=False
[GameWorld] Client sending position to server
[GameWorld] SyncPlayerPosition RPC received on peer 446469990: Player 446469990 at (829.4887, 268.90274)
[GameWorld] Current player controllers: 3, Keys: [446469990, 1, 1125268556]
[GameWorld] Client updating remote player 446469990, isLocal=Player_446469990
[PlayerController] Ignoring UpdateRemotePosition for local player 446469990
[PlayerController] Player 446469990 emitting PositionChanged signal at (829.4887, 275.56943)
[GameWorld] OnPlayerPositionChanged: Player 446469990 at (829.4887, 275.56943), IsServer=False
[GameWorld] Client sending position to server
[GameWorld] SyncPlayerPosition RPC received on peer 446469990: Player 446469990 at (829.4887, 272.23608)
[GameWorld] Current player controllers: 3, Keys: [446469990, 1, 1125268556]
[GameWorld] Client updating remote player 446469990, isLocal=Player_446469990
[PlayerController] Ignoring UpdateRemotePosition for local player 446469990
[PlayerController] Player 446469990 emitting PositionChanged signal at (829.4887, 278.90277)
[GameWorld] OnPlayerPositionChanged: Player 446469990 at (829.4887, 278.90277), IsServer=False
[GameWorld] Client sending position to server
[GameWorld] SyncPlayerPosition RPC received on peer 446469990: Player 446469990 at (829.4887, 275.56943)
[GameWorld] Current player controllers: 3, Keys: [446469990, 1, 1125268556]
[GameWorld] Client updating remote player 446469990, isLocal=Player_446469990
[PlayerController] Ignoring UpdateRemotePosition for local player 446469990
[PlayerController] Player 446469990 emitting PositionChanged signal at (829.4887, 282.2361)
[GameWorld] OnPlayerPositionChanged: Player 446469990 at (829.4887, 282.2361), IsServer=False
[GameWorld] Client sending position to server
[GameWorld] SyncPlayerPosition RPC received on peer 446469990: Player 446469990 at (829.4887, 278.90277)
[GameWorld] Current player controllers: 3, Keys: [446469990, 1, 1125268556]
[GameWorld] Client updating remote player 446469990, isLocal=Player_446469990
[PlayerController] Ignoring UpdateRemotePosition for local player 446469990
[PlayerController] Player 446469990 emitting PositionChanged signal at (829.4887, 285.56946)
[GameWorld] OnPlayerPositionChanged: Player 446469990 at (829.4887, 285.56946), IsServer=False
[GameWorld] Client sending position to server
[GameWorld] SyncPlayerPosition RPC received on peer 446469990: Player 446469990 at (829.4887, 282.2361)
[GameWorld] Current player controllers: 3, Keys: [446469990, 1, 1125268556]
[GameWorld] Client updating remote player 446469990, isLocal=Player_446469990
[PlayerController] Ignoring UpdateRemotePosition for local player 446469990
[PlayerController] Player 446469990 emitting PositionChanged signal at (829.4887, 288.9028)
[GameWorld] OnPlayerPositionChanged: Player 446469990 at (829.4887, 288.9028), IsServer=False
[GameWorld] Client sending position to server
[GameWorld] SyncPlayerPosition RPC received on peer 446469990: Player 446469990 at (829.4887, 285.56946)
[GameWorld] Current player controllers: 3, Keys: [446469990, 1, 1125268556]
[GameWorld] Client updating remote player 446469990, isLocal=Player_446469990
[PlayerController] Ignoring UpdateRemotePosition for local player 446469990
[PlayerController] Player 446469990 emitting PositionChanged signal at (829.4887, 292.23615)
[GameWorld] OnPlayerPositionChanged: Player 446469990 at (829.4887, 292.23615), IsServer=False
[GameWorld] Client sending position to server
[GameWorld] SyncPlayerPosition RPC received on peer 446469990: Player 446469990 at (829.4887, 288.9028)
[GameWorld] Current player controllers: 3, Keys: [446469990, 1, 1125268556]
[GameWorld] Client updating remote player 446469990, isLocal=Player_446469990
[PlayerController] Ignoring UpdateRemotePosition for local player 446469990
[PlayerController] Player 446469990 emitting PositionChanged signal at (829.4887, 295.5695)
[GameWorld] OnPlayerPositionChanged: Player 446469990 at (829.4887, 295.5695), IsServer=False
[GameWorld] Client sending position to server
[GameWorld] SyncPlayerPosition RPC received on peer 446469990: Player 446469990 at (829.4887, 292.23615)
[GameWorld] Current player controllers: 3, Keys: [446469990, 1, 1125268556]
[GameWorld] Client updating remote player 446469990, isLocal=Player_446469990
[PlayerController] Ignoring UpdateRemotePosition for local player 446469990
[PlayerController] Player 446469990 emitting PositionChanged signal at (829.4887, 298.90283)
[GameWorld] OnPlayerPositionChanged: Player 446469990 at (829.4887, 298.90283), IsServer=False
[GameWorld] Client sending position to server
[GameWorld] SyncPlayerPosition RPC received on peer 446469990: Player 446469990 at (829.4887, 295.5695)
[GameWorld] Current player controllers: 3, Keys: [446469990, 1, 1125268556]
[GameWorld] Client updating remote player 446469990, isLocal=Player_446469990
[PlayerController] Ignoring UpdateRemotePosition for local player 446469990
[PlayerController] Player 446469990 emitting PositionChanged signal at (829.4887, 302.23618)
[GameWorld] OnPlayerPositionChanged: Player 446469990 at (829.4887, 302.23618), IsServer=False
[GameWorld] Client sending position to server
[GameWorld] SyncPlayerPosition RPC received on peer 446469990: Player 446469990 at (829.4887, 298.90283)
[GameWorld] Current player controllers: 3, Keys: [446469990, 1, 1125268556]
[GameWorld] Client updating remote player 446469990, isLocal=Player_446469990
[PlayerController] Ignoring UpdateRemotePosition for local player 446469990
[PlayerController] Player 446469990 emitting PositionChanged signal at (829.4887, 305.56952)
[GameWorld] OnPlayerPositionChanged: Player 446469990 at (829.4887, 305.56952), IsServer=False
[GameWorld] Client sending position to server
[GameWorld] SyncPlayerPosition RPC received on peer 446469990: Player 446469990 at (829.4887, 302.23618)
[GameWorld] Current player controllers: 3, Keys: [446469990, 1, 1125268556]
[GameWorld] Client updating remote player 446469990, isLocal=Player_446469990
[PlayerController] Ignoring UpdateRemotePosition for local player 446469990
[PlayerController] Player 446469990 emitting PositionChanged signal at (829.4887, 308.90286)
[GameWorld] OnPlayerPositionChanged: Player 446469990 at (829.4887, 308.90286), IsServer=False
[GameWorld] Client sending position to server
[GameWorld] SyncPlayerPosition RPC received on peer 446469990: Player 446469990 at (829.4887, 305.56952)
[GameWorld] Current player controllers: 3, Keys: [446469990, 1, 1125268556]
[GameWorld] Client updating remote player 446469990, isLocal=Player_446469990
[PlayerController] Ignoring UpdateRemotePosition for local player 446469990
[PlayerController] Player 446469990 emitting PositionChanged signal at (829.4887, 312.2362)
[GameWorld] OnPlayerPositionChanged: Player 446469990 at (829.4887, 312.2362), IsServer=False
[GameWorld] Client sending position to server
[GameWorld] SyncPlayerPosition RPC received on peer 446469990: Player 446469990 at (829.4887, 308.90286)
[GameWorld] Current player controllers: 3, Keys: [446469990, 1, 1125268556]
[GameWorld] Client updating remote player 446469990, isLocal=Player_446469990
[PlayerController] Ignoring UpdateRemotePosition for local player 446469990
[PlayerController] Player 446469990 emitting PositionChanged signal at (829.4887, 315.56955)
[GameWorld] OnPlayerPositionChanged: Player 446469990 at (829.4887, 315.56955), IsServer=False
[GameWorld] Client sending position to server
[GameWorld] SyncPlayerPosition RPC received on peer 446469990: Player 446469990 at (829.4887, 312.2362)
[GameWorld] Current player controllers: 3, Keys: [446469990, 1, 1125268556]
[GameWorld] Client updating remote player 446469990, isLocal=Player_446469990
[PlayerController] Ignoring UpdateRemotePosition for local player 446469990
[PlayerController] Player 446469990 emitting PositionChanged signal at (829.4887, 318.9029)
[GameWorld] OnPlayerPositionChanged: Player 446469990 at (829.4887, 318.9029), IsServer=False
[GameWorld] Client sending position to server
[GameWorld] SyncPlayerPosition RPC received on peer 446469990: Player 446469990 at (829.4887, 315.56955)
[GameWorld] Current player controllers: 3, Keys: [446469990, 1, 1125268556]
[GameWorld] Client updating remote player 446469990, isLocal=Player_446469990
[PlayerController] Ignoring UpdateRemotePosition for local player 446469990
[PlayerController] Player 446469990 emitting PositionChanged signal at (829.4887, 322.23624)
[GameWorld] OnPlayerPositionChanged: Player 446469990 at (829.4887, 322.23624), IsServer=False
[GameWorld] Client sending position to server
[GameWorld] SyncPlayerPosition RPC received on peer 446469990: Player 446469990 at (829.4887, 318.9029)
[GameWorld] Current player controllers: 3, Keys: [446469990, 1, 1125268556]
[GameWorld] Client updating remote player 446469990, isLocal=Player_446469990
[PlayerController] Ignoring UpdateRemotePosition for local player 446469990
[PlayerController] Player 446469990 emitting PositionChanged signal at (829.4887, 325.56958)
[GameWorld] OnPlayerPositionChanged: Player 446469990 at (829.4887, 325.56958), IsServer=False
[GameWorld] Client sending position to server
[PlayerController] Player 446469990 emitting PositionChanged signal at (829.4887, 328.90292)
[GameWorld] OnPlayerPositionChanged: Player 446469990 at (829.4887, 328.90292), IsServer=False
[GameWorld] Client sending position to server
[GameWorld] SyncPlayerPosition RPC received on peer 446469990: Player 446469990 at (829.4887, 322.23624)
[GameWorld] Current player controllers: 3, Keys: [446469990, 1, 1125268556]
[GameWorld] Client updating remote player 446469990, isLocal=Player_446469990
[PlayerController] Ignoring UpdateRemotePosition for local player 446469990
[GameWorld] SyncPlayerPosition RPC received on peer 446469990: Player 446469990 at (829.4887, 325.56958)
[GameWorld] Current player controllers: 3, Keys: [446469990, 1, 1125268556]
[GameWorld] Client updating remote player 446469990, isLocal=Player_446469990
[PlayerController] Ignoring UpdateRemotePosition for local player 446469990
[PlayerController] Player 446469990 emitting PositionChanged signal at (829.4887, 332.23627)
[GameWorld] OnPlayerPositionChanged: Player 446469990 at (829.4887, 332.23627), IsServer=False
[GameWorld] Client sending position to server
[GameWorld] SyncPlayerPosition RPC received on peer 446469990: Player 446469990 at (829.4887, 328.90292)
[GameWorld] Current player controllers: 3, Keys: [446469990, 1, 1125268556]
[GameWorld] Client updating remote player 446469990, isLocal=Player_446469990
[PlayerController] Ignoring UpdateRemotePosition for local player 446469990
[PlayerController] Player 446469990 emitting PositionChanged signal at (829.4887, 335.5696)
[GameWorld] OnPlayerPositionChanged: Player 446469990 at (829.4887, 335.5696), IsServer=False
[GameWorld] Client sending position to server
[PlayerController] Player 446469990 emitting PositionChanged signal at (829.4887, 338.90295)
[GameWorld] OnPlayerPositionChanged: Player 446469990 at (829.4887, 338.90295), IsServer=False
[GameWorld] Client sending position to server
[GameWorld] SyncPlayerPosition RPC received on peer 446469990: Player 446469990 at (829.4887, 332.23627)
[GameWorld] Current player controllers: 3, Keys: [446469990, 1, 1125268556]
[GameWorld] Client updating remote player 446469990, isLocal=Player_446469990
[PlayerController] Ignoring UpdateRemotePosition for local player 446469990
[GameWorld] SyncPlayerPosition RPC received on peer 446469990: Player 446469990 at (829.4887, 335.5696)
[GameWorld] Current player controllers: 3, Keys: [446469990, 1, 1125268556]
[GameWorld] Client updating remote player 446469990, isLocal=Player_446469990
[PlayerController] Ignoring UpdateRemotePosition for local player 446469990
[PlayerController] Player 446469990 emitting PositionChanged signal at (829.4887, 342.2363)
[GameWorld] OnPlayerPositionChanged: Player 446469990 at (829.4887, 342.2363), IsServer=False
[GameWorld] Client sending position to server
[GameWorld] SyncPlayerPosition RPC received on peer 446469990: Player 446469990 at (829.4887, 338.90295)
[GameWorld] Current player controllers: 3, Keys: [446469990, 1, 1125268556]
[GameWorld] Client updating remote player 446469990, isLocal=Player_446469990
[PlayerController] Ignoring UpdateRemotePosition for local player 446469990
[PlayerController] Player 446469990 emitting PositionChanged signal at (829.4887, 345.56964)
[GameWorld] OnPlayerPositionChanged: Player 446469990 at (829.4887, 345.56964), IsServer=False
[GameWorld] Client sending position to server
[GameWorld] SyncPlayerPosition RPC received on peer 446469990: Player 446469990 at (829.4887, 342.2363)
[GameWorld] Current player controllers: 3, Keys: [446469990, 1, 1125268556]
[GameWorld] Client updating remote player 446469990, isLocal=Player_446469990
[PlayerController] Ignoring UpdateRemotePosition for local player 446469990
[PlayerController] Player 446469990 emitting PositionChanged signal at (829.4887, 348.90298)
[GameWorld] OnPlayerPositionChanged: Player 446469990 at (829.4887, 348.90298), IsServer=False
[GameWorld] Client sending position to server
[GameWorld] SyncPlayerPosition RPC received on peer 446469990: Player 446469990 at (829.4887, 345.56964)
[GameWorld] Current player controllers: 3, Keys: [446469990, 1, 1125268556]
[GameWorld] Client updating remote player 446469990, isLocal=Player_446469990
[PlayerController] Ignoring UpdateRemotePosition for local player 446469990
[PlayerController] Player 446469990 emitting PositionChanged signal at (829.4887, 352.23633)
[GameWorld] OnPlayerPositionChanged: Player 446469990 at (829.4887, 352.23633), IsServer=False
[GameWorld] Client sending position to server
[GameWorld] SyncPlayerPosition RPC received on peer 446469990: Player 446469990 at (829.4887, 348.90298)
[GameWorld] Current player controllers: 3, Keys: [446469990, 1, 1125268556]
[GameWorld] Client updating remote player 446469990, isLocal=Player_446469990
[PlayerController] Ignoring UpdateRemotePosition for local player 446469990
[PlayerController] Player 446469990 emitting PositionChanged signal at (829.4887, 355.56967)
[GameWorld] OnPlayerPositionChanged: Player 446469990 at (829.4887, 355.56967), IsServer=False
[GameWorld] Client sending position to server
[GameWorld] SyncPlayerPosition RPC received on peer 446469990: Player 446469990 at (829.4887, 352.23633)
[GameWorld] Current player controllers: 3, Keys: [446469990, 1, 1125268556]
[GameWorld] Client updating remote player 446469990, isLocal=Player_446469990
[PlayerController] Ignoring UpdateRemotePosition for local player 446469990
[PlayerController] Player 446469990 emitting PositionChanged signal at (829.4887, 358.903)
[GameWorld] OnPlayerPositionChanged: Player 446469990 at (829.4887, 358.903), IsServer=False
[GameWorld] Client sending position to server
[GameWorld] SyncPlayerPosition RPC received on peer 446469990: Player 446469990 at (829.4887, 355.56967)
[GameWorld] Current player controllers: 3, Keys: [446469990, 1, 1125268556]
[GameWorld] Client updating remote player 446469990, isLocal=Player_446469990
[PlayerController] Ignoring UpdateRemotePosition for local player 446469990
[PlayerController] Player 446469990 emitting PositionChanged signal at (829.4887, 362.23636)
[GameWorld] OnPlayerPositionChanged: Player 446469990 at (829.4887, 362.23636), IsServer=False
[GameWorld] Client sending position to server
[GameWorld] SyncPlayerPosition RPC received on peer 446469990: Player 446469990 at (829.4887, 358.903)
[GameWorld] Current player controllers: 3, Keys: [446469990, 1, 1125268556]
[GameWorld] Client updating remote player 446469990, isLocal=Player_446469990
[PlayerController] Ignoring UpdateRemotePosition for local player 446469990
[PlayerController] Player 446469990 emitting PositionChanged signal at (829.4887, 365.5697)
[GameWorld] OnPlayerPositionChanged: Player 446469990 at (829.4887, 365.5697), IsServer=False
[GameWorld] Client sending position to server
[PlayerController] Player 446469990 emitting PositionChanged signal at (827.1317, 367.92673)
[GameWorld] OnPlayerPositionChanged: Player 446469990 at (827.1317, 367.92673), IsServer=False
[GameWorld] Client sending position to server
[GameWorld] SyncPlayerPosition RPC received on peer 446469990: Player 446469990 at (829.4887, 362.23636)
[GameWorld] Current player controllers: 3, Keys: [446469990, 1, 1125268556]
[GameWorld] Client updating remote player 446469990, isLocal=Player_446469990
[PlayerController] Ignoring UpdateRemotePosition for local player 446469990
[GameWorld] SyncPlayerPosition RPC received on peer 446469990: Player 446469990 at (829.4887, 365.5697)
[GameWorld] Current player controllers: 3, Keys: [446469990, 1, 1125268556]
[GameWorld] Client updating remote player 446469990, isLocal=Player_446469990
[PlayerController] Ignoring UpdateRemotePosition for local player 446469990
[PlayerController] Player 446469990 emitting PositionChanged signal at (824.7747, 370.28375)
[GameWorld] OnPlayerPositionChanged: Player 446469990 at (824.7747, 370.28375), IsServer=False
[GameWorld] Client sending position to server
[GameWorld] SyncPlayerPosition RPC received on peer 446469990: Player 446469990 at (827.1317, 367.92673)
[GameWorld] Current player controllers: 3, Keys: [446469990, 1, 1125268556]
[GameWorld] Client updating remote player 446469990, isLocal=Player_446469990
[PlayerController] Ignoring UpdateRemotePosition for local player 446469990
Body entered Sofia: Player_446469990
Local player entered Sofia range. Auto-interacting.
GameWorld received OnNPCClicked for sofia. Current Role: 'Producer'
[PlayerController] Player 446469990 emitting PositionChanged signal at (822.4177, 372.64078)
[GameWorld] OnPlayerPositionChanged: Player 446469990 at (822.4177, 372.64078), IsServer=False
[GameWorld] Client sending position to server
[GameWorld] SyncPlayerPosition RPC received on peer 446469990: Player 446469990 at (824.7747, 370.28375)
[GameWorld] Current player controllers: 3, Keys: [446469990, 1, 1125268556]
[GameWorld] Client updating remote player 446469990, isLocal=Player_446469990
[PlayerController] Ignoring UpdateRemotePosition for local player 446469990
[PlayerController] Player 446469990 emitting PositionChanged signal at (820.0607, 374.9978)
[GameWorld] OnPlayerPositionChanged: Player 446469990 at (820.0607, 374.9978), IsServer=False
[GameWorld] Client sending position to server
[GameWorld] SyncPlayerPosition RPC received on peer 446469990: Player 446469990 at (822.4177, 372.64078)
[GameWorld] Current player controllers: 3, Keys: [446469990, 1, 1125268556]
[GameWorld] Client updating remote player 446469990, isLocal=Player_446469990
[PlayerController] Ignoring UpdateRemotePosition for local player 446469990
[PlayerController] Player 446469990 emitting PositionChanged signal at (817.70374, 377.35483)
[GameWorld] OnPlayerPositionChanged: Player 446469990 at (817.70374, 377.35483), IsServer=False
[GameWorld] Client sending position to server
[PlayerController] Player 446469990 emitting PositionChanged signal at (815.34674, 379.71185)
[GameWorld] OnPlayerPositionChanged: Player 446469990 at (815.34674, 379.71185), IsServer=False
[GameWorld] Client sending position to server
[GameWorld] SyncPlayerPosition RPC received on peer 446469990: Player 446469990 at (820.0607, 374.9978)
[GameWorld] Current player controllers: 3, Keys: [446469990, 1, 1125268556]
[GameWorld] Client updating remote player 446469990, isLocal=Player_446469990
[PlayerController] Ignoring UpdateRemotePosition for local player 446469990
[GameWorld] SyncPlayerPosition RPC received on peer 446469990: Player 446469990 at (817.70374, 377.35483)
[GameWorld] Current player controllers: 3, Keys: [446469990, 1, 1125268556]
[GameWorld] Client updating remote player 446469990, isLocal=Player_446469990
[PlayerController] Ignoring UpdateRemotePosition for local player 446469990
[PlayerController] Player 446469990 emitting PositionChanged signal at (812.98975, 382.06888)
[GameWorld] OnPlayerPositionChanged: Player 446469990 at (812.98975, 382.06888), IsServer=False
[GameWorld] Client sending position to server
[GameWorld] SyncPlayerPosition RPC received on peer 446469990: Player 446469990 at (815.34674, 379.71185)
[GameWorld] Current player controllers: 3, Keys: [446469990, 1, 1125268556]
[GameWorld] Client updating remote player 446469990, isLocal=Player_446469990
[PlayerController] Ignoring UpdateRemotePosition for local player 446469990
[PlayerController] Player 446469990 emitting PositionChanged signal at (810.63275, 384.4259)
[GameWorld] OnPlayerPositionChanged: Player 446469990 at (810.63275, 384.4259), IsServer=False
[GameWorld] Client sending position to server
[GameWorld] SyncPlayerPosition RPC received on peer 446469990: Player 446469990 at (812.98975, 382.06888)
[GameWorld] Current player controllers: 3, Keys: [446469990, 1, 1125268556]
[GameWorld] Client updating remote player 446469990, isLocal=Player_446469990
[PlayerController] Ignoring UpdateRemotePosition for local player 446469990
[PlayerController] Player 446469990 emitting PositionChanged signal at (808.27576, 386.78293)
[GameWorld] OnPlayerPositionChanged: Player 446469990 at (808.27576, 386.78293), IsServer=False
[GameWorld] Client sending position to server
[GameWorld] SyncPlayerPosition RPC received on peer 446469990: Player 446469990 at (810.63275, 384.4259)
[GameWorld] Current player controllers: 3, Keys: [446469990, 1, 1125268556]
[GameWorld] Client updating remote player 446469990, isLocal=Player_446469990
[PlayerController] Ignoring UpdateRemotePosition for local player 446469990
[PlayerController] Player 446469990 emitting PositionChanged signal at (805.91876, 389.13995)
[GameWorld] OnPlayerPositionChanged: Player 446469990 at (805.91876, 389.13995), IsServer=False
[GameWorld] Client sending position to server
[GameWorld] SyncPlayerPosition RPC received on peer 446469990: Player 446469990 at (808.27576, 386.78293)
[GameWorld] Current player controllers: 3, Keys: [446469990, 1, 1125268556]
[GameWorld] Client updating remote player 446469990, isLocal=Player_446469990
[PlayerController] Ignoring UpdateRemotePosition for local player 446469990
[PlayerController] Player 446469990 emitting PositionChanged signal at (803.56177, 391.49698)
[GameWorld] OnPlayerPositionChanged: Player 446469990 at (803.56177, 391.49698), IsServer=False
[GameWorld] Client sending position to server
[GameWorld] SyncPlayerPosition RPC received on peer 446469990: Player 446469990 at (805.91876, 389.13995)
[GameWorld] Current player controllers: 3, Keys: [446469990, 1, 1125268556]
[GameWorld] Client updating remote player 446469990, isLocal=Player_446469990
[PlayerController] Ignoring UpdateRemotePosition for local player 446469990
[PlayerController] Player 446469990 emitting PositionChanged signal at (801.2048, 393.854)
[GameWorld] OnPlayerPositionChanged: Player 446469990 at (801.2048, 393.854), IsServer=False
[GameWorld] Client sending position to server
[GameWorld] SyncPlayerPosition RPC received on peer 446469990: Player 446469990 at (803.56177, 391.49698)
[GameWorld] Current player controllers: 3, Keys: [446469990, 1, 1125268556]
[GameWorld] Client updating remote player 446469990, isLocal=Player_446469990
[PlayerController] Ignoring UpdateRemotePosition for local player 446469990
[PlayerController] Player 446469990 emitting PositionChanged signal at (798.8478, 396.21103)
[GameWorld] OnPlayerPositionChanged: Player 446469990 at (798.8478, 396.21103), IsServer=False
[GameWorld] Client sending position to server
[GameWorld] SyncPlayerPosition RPC received on peer 446469990: Player 446469990 at (801.2048, 393.854)
[GameWorld] Current player controllers: 3, Keys: [446469990, 1, 1125268556]
[GameWorld] Client updating remote player 446469990, isLocal=Player_446469990
[PlayerController] Ignoring UpdateRemotePosition for local player 446469990
[PlayerController] Player 446469990 emitting PositionChanged signal at (796.4908, 398.56805)
[GameWorld] OnPlayerPositionChanged: Player 446469990 at (796.4908, 398.56805), IsServer=False
[GameWorld] Client sending position to server
[GameWorld] SyncPlayerPosition RPC received on peer 446469990: Player 446469990 at (798.8478, 396.21103)
[GameWorld] Current player controllers: 3, Keys: [446469990, 1, 1125268556]
[GameWorld] Client updating remote player 446469990, isLocal=Player_446469990
[PlayerController] Ignoring UpdateRemotePosition for local player 446469990
[PlayerController] Player 446469990 emitting PositionChanged signal at (794.1338, 400.92508)
[GameWorld] OnPlayerPositionChanged: Player 446469990 at (794.1338, 400.92508), IsServer=False
[GameWorld] Client sending position to server
[GameWorld] SyncPlayerPosition RPC received on peer 446469990: Player 446469990 at (796.4908, 398.56805)
[GameWorld] Current player controllers: 3, Keys: [446469990, 1, 1125268556]
[GameWorld] Client updating remote player 446469990, isLocal=Player_446469990
[PlayerController] Ignoring UpdateRemotePosition for local player 446469990
[PlayerController] Player 446469990 emitting PositionChanged signal at (791.7768, 403.2821)
[GameWorld] OnPlayerPositionChanged: Player 446469990 at (791.7768, 403.2821), IsServer=False
[GameWorld] Client sending position to server
[GameWorld] SyncPlayerPosition RPC received on peer 446469990: Player 446469990 at (794.1338, 400.92508)
[GameWorld] Current player controllers: 3, Keys: [446469990, 1, 1125268556]
[GameWorld] Client updating remote player 446469990, isLocal=Player_446469990
[PlayerController] Ignoring UpdateRemotePosition for local player 446469990
[PlayerController] Player 446469990 emitting PositionChanged signal at (789.4198, 405.63913)
[GameWorld] OnPlayerPositionChanged: Player 446469990 at (789.4198, 405.63913), IsServer=False
[GameWorld] Client sending position to server
[GameWorld] SyncPlayerPosition RPC received on peer 446469990: Player 446469990 at (791.7768, 403.2821)
[GameWorld] Current player controllers: 3, Keys: [446469990, 1, 1125268556]
[GameWorld] Client updating remote player 446469990, isLocal=Player_446469990
[PlayerController] Ignoring UpdateRemotePosition for local player 446469990
[PlayerController] Player 446469990 emitting PositionChanged signal at (787.0628, 407.99615)
[GameWorld] OnPlayerPositionChanged: Player 446469990 at (787.0628, 407.99615), IsServer=False
[GameWorld] Client sending position to server
[GameWorld] SyncPlayerPosition RPC received on peer 446469990: Player 446469990 at (789.4198, 405.63913)
[GameWorld] Current player controllers: 3, Keys: [446469990, 1, 1125268556]
[GameWorld] Client updating remote player 446469990, isLocal=Player_446469990
[PlayerController] Ignoring UpdateRemotePosition for local player 446469990
[PlayerController] Player 446469990 emitting PositionChanged signal at (784.7058, 410.35318)
[GameWorld] OnPlayerPositionChanged: Player 446469990 at (784.7058, 410.35318), IsServer=False
[GameWorld] Client sending position to server
[GameWorld] SyncPlayerPosition RPC received on peer 446469990: Player 446469990 at (787.0628, 407.99615)
[GameWorld] Current player controllers: 3, Keys: [446469990, 1, 1125268556]
[GameWorld] Client updating remote player 446469990, isLocal=Player_446469990
[PlayerController] Ignoring UpdateRemotePosition for local player 446469990
[PlayerController] Player 446469990 emitting PositionChanged signal at (782.3488, 412.7102)
[GameWorld] OnPlayerPositionChanged: Player 446469990 at (782.3488, 412.7102), IsServer=False
[GameWorld] Client sending position to server
[GameWorld] SyncPlayerPosition RPC received on peer 446469990: Player 446469990 at (784.7058, 410.35318)
[GameWorld] Current player controllers: 3, Keys: [446469990, 1, 1125268556]
[GameWorld] Client updating remote player 446469990, isLocal=Player_446469990
[PlayerController] Ignoring UpdateRemotePosition for local player 446469990
[PlayerController] Player 446469990 emitting PositionChanged signal at (779.9918, 415.06723)
[GameWorld] OnPlayerPositionChanged: Player 446469990 at (779.9918, 415.06723), IsServer=False
[GameWorld] Client sending position to server
[GameWorld] SyncPlayerPosition RPC received on peer 446469990: Player 446469990 at (782.3488, 412.7102)
[GameWorld] Current player controllers: 3, Keys: [446469990, 1, 1125268556]
[GameWorld] Client updating remote player 446469990, isLocal=Player_446469990
[PlayerController] Ignoring UpdateRemotePosition for local player 446469990
[PlayerController] Player 446469990 emitting PositionChanged signal at (777.6348, 417.42426)
[GameWorld] OnPlayerPositionChanged: Player 446469990 at (777.6348, 417.42426), IsServer=False
[GameWorld] Client sending position to server
[GameWorld] SyncPlayerPosition RPC received on peer 446469990: Player 446469990 at (779.9918, 415.06723)
[GameWorld] Current player controllers: 3, Keys: [446469990, 1, 1125268556]
[GameWorld] Client updating remote player 446469990, isLocal=Player_446469990
[PlayerController] Ignoring UpdateRemotePosition for local player 446469990
[PlayerController] Player 446469990 emitting PositionChanged signal at (775.27783, 419.78128)
[GameWorld] OnPlayerPositionChanged: Player 446469990 at (775.27783, 419.78128), IsServer=False
[GameWorld] Client sending position to server
[GameWorld] SyncPlayerPosition RPC received on peer 446469990: Player 446469990 at (777.6348, 417.42426)
[GameWorld] Current player controllers: 3, Keys: [446469990, 1, 1125268556]
[GameWorld] Client updating remote player 446469990, isLocal=Player_446469990
[PlayerController] Ignoring UpdateRemotePosition for local player 446469990
[PlayerController] Player 446469990 emitting PositionChanged signal at (772.92084, 422.1383)
[GameWorld] OnPlayerPositionChanged: Player 446469990 at (772.92084, 422.1383), IsServer=False
[GameWorld] Client sending position to server
[GameWorld] SyncPlayerPosition RPC received on peer 446469990: Player 446469990 at (775.27783, 419.78128)
[GameWorld] Current player controllers: 3, Keys: [446469990, 1, 1125268556]
[GameWorld] Client updating remote player 446469990, isLocal=Player_446469990
[PlayerController] Ignoring UpdateRemotePosition for local player 446469990
[PlayerController] Player 446469990 emitting PositionChanged signal at (770.56384, 424.49533)
[GameWorld] OnPlayerPositionChanged: Player 446469990 at (770.56384, 424.49533), IsServer=False
[GameWorld] Client sending position to server
[GameWorld] SyncPlayerPosition RPC received on peer 446469990: Player 446469990 at (772.92084, 422.1383)
[GameWorld] Current player controllers: 3, Keys: [446469990, 1, 1125268556]
[GameWorld] Client updating remote player 446469990, isLocal=Player_446469990
[PlayerController] Ignoring UpdateRemotePosition for local player 446469990
[PlayerController] Player 446469990 emitting PositionChanged signal at (768.20685, 426.85236)
[GameWorld] OnPlayerPositionChanged: Player 446469990 at (768.20685, 426.85236), IsServer=False
[GameWorld] Client sending position to server
[GameWorld] SyncPlayerPosition RPC received on peer 446469990: Player 446469990 at (770.56384, 424.49533)
[GameWorld] Current player controllers: 3, Keys: [446469990, 1, 1125268556]
[GameWorld] Client updating remote player 446469990, isLocal=Player_446469990
[PlayerController] Ignoring UpdateRemotePosition for local player 446469990
[PlayerController] Player 446469990 emitting PositionChanged signal at (765.84985, 429.20938)
[GameWorld] OnPlayerPositionChanged: Player 446469990 at (765.84985, 429.20938), IsServer=False
[GameWorld] Client sending position to server
[GameWorld] SyncPlayerPosition RPC received on peer 446469990: Player 446469990 at (768.20685, 426.85236)
[GameWorld] Current player controllers: 3, Keys: [446469990, 1, 1125268556]
[GameWorld] Client updating remote player 446469990, isLocal=Player_446469990
[PlayerController] Ignoring UpdateRemotePosition for local player 446469990
[PlayerController] Player 446469990 emitting PositionChanged signal at (763.49286, 431.5664)
[GameWorld] OnPlayerPositionChanged: Player 446469990 at (763.49286, 431.5664), IsServer=False
[GameWorld] Client sending position to server
[GameWorld] SyncPlayerPosition RPC received on peer 446469990: Player 446469990 at (765.84985, 429.20938)
[GameWorld] Current player controllers: 3, Keys: [446469990, 1, 1125268556]
[GameWorld] Client updating remote player 446469990, isLocal=Player_446469990
[PlayerController] Ignoring UpdateRemotePosition for local player 446469990
[PlayerController] Player 446469990 emitting PositionChanged signal at (761.13586, 433.92343)
[GameWorld] OnPlayerPositionChanged: Player 446469990 at (761.13586, 433.92343), IsServer=False
[GameWorld] Client sending position to server
[GameWorld] SyncPlayerPosition RPC received on peer 446469990: Player 446469990 at (763.49286, 431.5664)
[GameWorld] Current player controllers: 3, Keys: [446469990, 1, 1125268556]
[GameWorld] Client updating remote player 446469990, isLocal=Player_446469990
[PlayerController] Ignoring UpdateRemotePosition for local player 446469990
[PlayerController] Player 446469990 emitting PositionChanged signal at (761.13586, 437.25677)
[GameWorld] OnPlayerPositionChanged: Player 446469990 at (761.13586, 437.25677), IsServer=False
[GameWorld] Client sending position to server
[GameWorld] SyncPlayerPosition RPC received on peer 446469990: Player 446469990 at (761.13586, 433.92343)
[GameWorld] Current player controllers: 3, Keys: [446469990, 1, 1125268556]
[GameWorld] Client updating remote player 446469990, isLocal=Player_446469990
[PlayerController] Ignoring UpdateRemotePosition for local player 446469990
[PlayerController] Player 446469990 emitting PositionChanged signal at (761.13586, 440.59012)
[GameWorld] OnPlayerPositionChanged: Player 446469990 at (761.13586, 440.59012), IsServer=False
[GameWorld] Client sending position to server
[GameWorld] SyncPlayerPosition RPC received on peer 446469990: Player 446469990 at (761.13586, 437.25677)
[GameWorld] Current player controllers: 3, Keys: [446469990, 1, 1125268556]
[GameWorld] Client updating remote player 446469990, isLocal=Player_446469990
[PlayerController] Ignoring UpdateRemotePosition for local player 446469990
[GameWorld] SyncPlayerPosition RPC received on peer 446469990: Player 446469990 at (761.13586, 440.59012)
[GameWorld] Current player controllers: 3, Keys: [446469990, 1, 1125268556]
[GameWorld] Client updating remote player 446469990, isLocal=Player_446469990
[PlayerController] Ignoring UpdateRemotePosition for local player 446469990
[PlayerController] Player 446469990 emitting PositionChanged signal at (764.4692, 440.59012)
[GameWorld] OnPlayerPositionChanged: Player 446469990 at (764.4692, 440.59012), IsServer=False
[GameWorld] Client sending position to server
[PlayerController] Player 446469990 emitting PositionChanged signal at (767.8025, 440.59012)
[GameWorld] OnPlayerPositionChanged: Player 446469990 at (767.8025, 440.59012), IsServer=False
[GameWorld] Client sending position to server
[GameWorld] SyncPlayerPosition RPC received on peer 446469990: Player 446469990 at (764.4692, 440.59012)
[GameWorld] Current player controllers: 3, Keys: [446469990, 1, 1125268556]
[GameWorld] Client updating remote player 446469990, isLocal=Player_446469990
[PlayerController] Ignoring UpdateRemotePosition for local player 446469990
[PlayerController] Player 446469990 emitting PositionChanged signal at (771.1358, 440.59012)
[GameWorld] OnPlayerPositionChanged: Player 446469990 at (771.1358, 440.59012), IsServer=False
[GameWorld] Client sending position to server
[GameWorld] SyncPlayerPosition RPC received on peer 446469990: Player 446469990 at (767.8025, 440.59012)
[GameWorld] Current player controllers: 3, Keys: [446469990, 1, 1125268556]
[GameWorld] Client updating remote player 446469990, isLocal=Player_446469990
[PlayerController] Ignoring UpdateRemotePosition for local player 446469990
[PlayerController] Player 446469990 emitting PositionChanged signal at (774.4691, 440.59012)
[GameWorld] OnPlayerPositionChanged: Player 446469990 at (774.4691, 440.59012), IsServer=False
[GameWorld] Client sending position to server
[GameWorld] SyncPlayerPosition RPC received on peer 446469990: Player 446469990 at (771.1358, 440.59012)
[GameWorld] Current player controllers: 3, Keys: [446469990, 1, 1125268556]
[GameWorld] Client updating remote player 446469990, isLocal=Player_446469990
[PlayerController] Ignoring UpdateRemotePosition for local player 446469990
[PlayerController] Player 446469990 emitting PositionChanged signal at (777.8024, 440.59012)
[GameWorld] OnPlayerPositionChanged: Player 446469990 at (777.8024, 440.59012), IsServer=False
[GameWorld] Client sending position to server
[GameWorld] SyncPlayerPosition RPC received on peer 446469990: Player 446469990 at (774.4691, 440.59012)
[GameWorld] Current player controllers: 3, Keys: [446469990, 1, 1125268556]
[GameWorld] Client updating remote player 446469990, isLocal=Player_446469990
[PlayerController] Ignoring UpdateRemotePosition for local player 446469990
[PlayerController] Player 446469990 emitting PositionChanged signal at (781.13574, 440.59012)
[GameWorld] OnPlayerPositionChanged: Player 446469990 at (781.13574, 440.59012), IsServer=False
[GameWorld] Client sending position to server
[GameWorld] SyncPlayerPosition RPC received on peer 446469990: Player 446469990 at (777.8024, 440.59012)
[GameWorld] Current player controllers: 3, Keys: [446469990, 1, 1125268556]
[GameWorld] Client updating remote player 446469990, isLocal=Player_446469990
[PlayerController] Ignoring UpdateRemotePosition for local player 446469990
[PlayerController] Player 446469990 emitting PositionChanged signal at (784.46906, 440.59012)
[GameWorld] OnPlayerPositionChanged: Player 446469990 at (784.46906, 440.59012), IsServer=False
[GameWorld] Client sending position to server
[GameWorld] SyncPlayerPosition RPC received on peer 446469990: Player 446469990 at (781.13574, 440.59012)
[GameWorld] Current player controllers: 3, Keys: [446469990, 1, 1125268556]
[GameWorld] Client updating remote player 446469990, isLocal=Player_446469990
[PlayerController] Ignoring UpdateRemotePosition for local player 446469990
[PlayerController] Player 446469990 emitting PositionChanged signal at (787.80237, 440.59012)
[GameWorld] OnPlayerPositionChanged: Player 446469990 at (787.80237, 440.59012), IsServer=False
[GameWorld] Client sending position to server
[GameWorld] SyncPlayerPosition RPC received on peer 446469990: Player 446469990 at (784.46906, 440.59012)
[GameWorld] Current player controllers: 3, Keys: [446469990, 1, 1125268556]
[GameWorld] Client updating remote player 446469990, isLocal=Player_446469990
[PlayerController] Ignoring UpdateRemotePosition for local player 446469990
[PlayerController] Player 446469990 emitting PositionChanged signal at (791.1357, 440.59012)
[GameWorld] OnPlayerPositionChanged: Player 446469990 at (791.1357, 440.59012), IsServer=False
[GameWorld] Client sending position to server
[GameWorld] SyncPlayerPosition RPC received on peer 446469990: Player 446469990 at (787.80237, 440.59012)
[GameWorld] Current player controllers: 3, Keys: [446469990, 1, 1125268556]
[GameWorld] Client updating remote player 446469990, isLocal=Player_446469990
[PlayerController] Ignoring UpdateRemotePosition for local player 446469990
[PlayerController] Player 446469990 emitting PositionChanged signal at (794.469, 440.59012)
[GameWorld] OnPlayerPositionChanged: Player 446469990 at (794.469, 440.59012), IsServer=False
[GameWorld] Client sending position to server
[GameWorld] SyncPlayerPosition RPC received on peer 446469990: Player 446469990 at (791.1357, 440.59012)
[GameWorld] Current player controllers: 3, Keys: [446469990, 1, 1125268556]
[GameWorld] Client updating remote player 446469990, isLocal=Player_446469990
[PlayerController] Ignoring UpdateRemotePosition for local player 446469990
[PlayerController] Player 446469990 emitting PositionChanged signal at (797.8023, 440.59012)
[GameWorld] OnPlayerPositionChanged: Player 446469990 at (797.8023, 440.59012), IsServer=False
[GameWorld] Client sending position to server
[GameWorld] SyncPlayerPosition RPC received on peer 446469990: Player 446469990 at (794.469, 440.59012)
[GameWorld] Current player controllers: 3, Keys: [446469990, 1, 1125268556]
[GameWorld] Client updating remote player 446469990, isLocal=Player_446469990
[PlayerController] Ignoring UpdateRemotePosition for local player 446469990
[PlayerController] Player 446469990 emitting PositionChanged signal at (801.1356, 440.59012)
[GameWorld] OnPlayerPositionChanged: Player 446469990 at (801.1356, 440.59012), IsServer=False
[GameWorld] Client sending position to server
[GameWorld] SyncPlayerPosition RPC received on peer 446469990: Player 446469990 at (797.8023, 440.59012)
[GameWorld] Current player controllers: 3, Keys: [446469990, 1, 1125268556]
[GameWorld] Client updating remote player 446469990, isLocal=Player_446469990
[PlayerController] Ignoring UpdateRemotePosition for local player 446469990
[PlayerController] Player 446469990 emitting PositionChanged signal at (804.46893, 440.59012)
[GameWorld] OnPlayerPositionChanged: Player 446469990 at (804.46893, 440.59012), IsServer=False
[GameWorld] Client sending position to server
[GameWorld] SyncPlayerPosition RPC received on peer 446469990: Player 446469990 at (801.1356, 440.59012)
[GameWorld] Current player controllers: 3, Keys: [446469990, 1, 1125268556]
[GameWorld] Client updating remote player 446469990, isLocal=Player_446469990
[PlayerController] Ignoring UpdateRemotePosition for local player 446469990
[PlayerController] Player 446469990 emitting PositionChanged signal at (807.80225, 440.59012)
[GameWorld] OnPlayerPositionChanged: Player 446469990 at (807.80225, 440.59012), IsServer=False
[GameWorld] Client sending position to server
[GameWorld] SyncPlayerPosition RPC received on peer 446469990: Player 446469990 at (804.46893, 440.59012)
[GameWorld] Current player controllers: 3, Keys: [446469990, 1, 1125268556]
[GameWorld] Client updating remote player 446469990, isLocal=Player_446469990
[PlayerController] Ignoring UpdateRemotePosition for local player 446469990
[PlayerController] Player 446469990 emitting PositionChanged signal at (811.13556, 440.59012)
[GameWorld] OnPlayerPositionChanged: Player 446469990 at (811.13556, 440.59012), IsServer=False
[GameWorld] Client sending position to server
[PlayerController] Player 446469990 emitting PositionChanged signal at (814.4689, 440.59012)
[GameWorld] OnPlayerPositionChanged: Player 446469990 at (814.4689, 440.59012), IsServer=False
[GameWorld] Client sending position to server
[GameWorld] SyncPlayerPosition RPC received on peer 446469990: Player 446469990 at (807.80225, 440.59012)
[GameWorld] Current player controllers: 3, Keys: [446469990, 1, 1125268556]
[GameWorld] Client updating remote player 446469990, isLocal=Player_446469990
[PlayerController] Ignoring UpdateRemotePosition for local player 446469990
[GameWorld] SyncPlayerPosition RPC received on peer 446469990: Player 446469990 at (811.13556, 440.59012)
[GameWorld] Current player controllers: 3, Keys: [446469990, 1, 1125268556]
[GameWorld] Client updating remote player 446469990, isLocal=Player_446469990
[PlayerController] Ignoring UpdateRemotePosition for local player 446469990
[PlayerController] Player 446469990 emitting PositionChanged signal at (817.8022, 440.59012)
[GameWorld] OnPlayerPositionChanged: Player 446469990 at (817.8022, 440.59012), IsServer=False
[GameWorld] Client sending position to server
[GameWorld] SyncPlayerPosition RPC received on peer 446469990: Player 446469990 at (814.4689, 440.59012)
[GameWorld] Current player controllers: 3, Keys: [446469990, 1, 1125268556]
[GameWorld] Client updating remote player 446469990, isLocal=Player_446469990
[PlayerController] Ignoring UpdateRemotePosition for local player 446469990
[PlayerController] Player 446469990 emitting PositionChanged signal at (821.1355, 440.59012)
[GameWorld] OnPlayerPositionChanged: Player 446469990 at (821.1355, 440.59012), IsServer=False
[GameWorld] Client sending position to server
[GameWorld] SyncPlayerPosition RPC received on peer 446469990: Player 446469990 at (817.8022, 440.59012)
[GameWorld] Current player controllers: 3, Keys: [446469990, 1, 1125268556]
[GameWorld] Client updating remote player 446469990, isLocal=Player_446469990
[PlayerController] Ignoring UpdateRemotePosition for local player 446469990
[PlayerController] Player 446469990 emitting PositionChanged signal at (824.4688, 440.59012)
[GameWorld] OnPlayerPositionChanged: Player 446469990 at (824.4688, 440.59012), IsServer=False
[GameWorld] Client sending position to server
[GameWorld] SyncPlayerPosition RPC received on peer 446469990: Player 446469990 at (821.1355, 440.59012)
[GameWorld] Current player controllers: 3, Keys: [446469990, 1, 1125268556]
[GameWorld] Client updating remote player 446469990, isLocal=Player_446469990
[PlayerController] Ignoring UpdateRemotePosition for local player 446469990
[PlayerController] Player 446469990 emitting PositionChanged signal at (827.8021, 440.59012)
[GameWorld] OnPlayerPositionChanged: Player 446469990 at (827.8021, 440.59012), IsServer=False
[GameWorld] Client sending position to server
[GameWorld] SyncPlayerPosition RPC received on peer 446469990: Player 446469990 at (824.4688, 440.59012)
[GameWorld] Current player controllers: 3, Keys: [446469990, 1, 1125268556]
[GameWorld] Client updating remote player 446469990, isLocal=Player_446469990
[PlayerController] Ignoring UpdateRemotePosition for local player 446469990
[PlayerController] Player 446469990 emitting PositionChanged signal at (831.13544, 440.59012)
[GameWorld] OnPlayerPositionChanged: Player 446469990 at (831.13544, 440.59012), IsServer=False
[GameWorld] Client sending position to server
[GameWorld] SyncPlayerPosition RPC received on peer 446469990: Player 446469990 at (827.8021, 440.59012)
[GameWorld] Current player controllers: 3, Keys: [446469990, 1, 1125268556]
[GameWorld] Client updating remote player 446469990, isLocal=Player_446469990
[PlayerController] Ignoring UpdateRemotePosition for local player 446469990
[PlayerController] Player 446469990 emitting PositionChanged signal at (834.46875, 440.59012)
[GameWorld] OnPlayerPositionChanged: Player 446469990 at (834.46875, 440.59012), IsServer=False
[GameWorld] Client sending position to server
[PlayerController] Player 446469990 emitting PositionChanged signal at (837.80206, 440.59012)
[GameWorld] OnPlayerPositionChanged: Player 446469990 at (837.80206, 440.59012), IsServer=False
[GameWorld] Client sending position to server
[GameWorld] SyncPlayerPosition RPC received on peer 446469990: Player 446469990 at (831.13544, 440.59012)
[GameWorld] Current player controllers: 3, Keys: [446469990, 1, 1125268556]
[GameWorld] Client updating remote player 446469990, isLocal=Player_446469990
[PlayerController] Ignoring UpdateRemotePosition for local player 446469990
[GameWorld] SyncPlayerPosition RPC received on peer 446469990: Player 446469990 at (834.46875, 440.59012)
[GameWorld] Current player controllers: 3, Keys: [446469990, 1, 1125268556]
[GameWorld] Client updating remote player 446469990, isLocal=Player_446469990
[PlayerController] Ignoring UpdateRemotePosition for local player 446469990
[PlayerController] Player 446469990 emitting PositionChanged signal at (841.1354, 440.59012)
[GameWorld] OnPlayerPositionChanged: Player 446469990 at (841.1354, 440.59012), IsServer=False
[GameWorld] Client sending position to server
[GameWorld] SyncPlayerPosition RPC received on peer 446469990: Player 446469990 at (837.80206, 440.59012)
[GameWorld] Current player controllers: 3, Keys: [446469990, 1, 1125268556]
[GameWorld] Client updating remote player 446469990, isLocal=Player_446469990
[PlayerController] Ignoring UpdateRemotePosition for local player 446469990
[PlayerController] Player 446469990 emitting PositionChanged signal at (844.4687, 440.59012)
[GameWorld] OnPlayerPositionChanged: Player 446469990 at (844.4687, 440.59012), IsServer=False
[GameWorld] Client sending position to server
[GameWorld] SyncPlayerPosition RPC received on peer 446469990: Player 446469990 at (841.1354, 440.59012)
[GameWorld] Current player controllers: 3, Keys: [446469990, 1, 1125268556]
[GameWorld] Client updating remote player 446469990, isLocal=Player_446469990
[PlayerController] Ignoring UpdateRemotePosition for local player 446469990
[PlayerController] Player 446469990 emitting PositionChanged signal at (847.802, 440.59012)
[GameWorld] OnPlayerPositionChanged: Player 446469990 at (847.802, 440.59012), IsServer=False
[GameWorld] Client sending position to server
[GameWorld] SyncPlayerPosition RPC received on peer 446469990: Player 446469990 at (844.4687, 440.59012)
[GameWorld] Current player controllers: 3, Keys: [446469990, 1, 1125268556]
[GameWorld] Client updating remote player 446469990, isLocal=Player_446469990
[PlayerController] Ignoring UpdateRemotePosition for local player 446469990
[PlayerController] Player 446469990 emitting PositionChanged signal at (851.1353, 440.59012)
[GameWorld] OnPlayerPositionChanged: Player 446469990 at (851.1353, 440.59012), IsServer=False
[GameWorld] Client sending position to server
[GameWorld] SyncPlayerPosition RPC received on peer 446469990: Player 446469990 at (847.802, 440.59012)
[GameWorld] Current player controllers: 3, Keys: [446469990, 1, 1125268556]
[GameWorld] Client updating remote player 446469990, isLocal=Player_446469990
[PlayerController] Ignoring UpdateRemotePosition for local player 446469990
[PlayerController] Player 446469990 emitting PositionChanged signal at (854.4686, 440.59012)
[GameWorld] OnPlayerPositionChanged: Player 446469990 at (854.4686, 440.59012), IsServer=False
[GameWorld] Client sending position to server
[GameWorld] SyncPlayerPosition RPC received on peer 446469990: Player 446469990 at (851.1353, 440.59012)
[GameWorld] Current player controllers: 3, Keys: [446469990, 1, 1125268556]
[GameWorld] Client updating remote player 446469990, isLocal=Player_446469990
[PlayerController] Ignoring UpdateRemotePosition for local player 446469990
[GameWorld] SyncPlayerPosition RPC received on peer 446469990: Player 446469990 at (854.4686, 440.59012)
[GameWorld] Current player controllers: 3, Keys: [446469990, 1, 1125268556]
[GameWorld] Client updating remote player 446469990, isLocal=Player_446469990
[PlayerController] Ignoring UpdateRemotePosition for local player 446469990
[PlayerController] Player 446469990 emitting PositionChanged signal at (854.4686, 437.25677)
[GameWorld] OnPlayerPositionChanged: Player 446469990 at (854.4686, 437.25677), IsServer=False
[GameWorld] Client sending position to server
[PlayerController] Player 446469990 emitting PositionChanged signal at (854.4686, 433.92343)
[GameWorld] OnPlayerPositionChanged: Player 446469990 at (854.4686, 433.92343), IsServer=False
[GameWorld] Client sending position to server
[PlayerController] Player 446469990 emitting PositionChanged signal at (854.4686, 430.5901)
[GameWorld] OnPlayerPositionChanged: Player 446469990 at (854.4686, 430.5901), IsServer=False
[GameWorld] Client sending position to server
[GameWorld] SyncPlayerPosition RPC received on peer 446469990: Player 446469990 at (854.4686, 437.25677)
[GameWorld] Current player controllers: 3, Keys: [446469990, 1, 1125268556]
[GameWorld] Client updating remote player 446469990, isLocal=Player_446469990
[PlayerController] Ignoring UpdateRemotePosition for local player 446469990
[GameWorld] SyncPlayerPosition RPC received on peer 446469990: Player 446469990 at (854.4686, 433.92343)
[GameWorld] Current player controllers: 3, Keys: [446469990, 1, 1125268556]
[GameWorld] Client updating remote player 446469990, isLocal=Player_446469990
[PlayerController] Ignoring UpdateRemotePosition for local player 446469990
[PlayerController] Player 446469990 emitting PositionChanged signal at (854.4686, 427.25674)
[GameWorld] OnPlayerPositionChanged: Player 446469990 at (854.4686, 427.25674), IsServer=False
[GameWorld] Client sending position to server
[GameWorld] SyncPlayerPosition RPC received on peer 446469990: Player 446469990 at (854.4686, 430.5901)
[GameWorld] Current player controllers: 3, Keys: [446469990, 1, 1125268556]
[GameWorld] Client updating remote player 446469990, isLocal=Player_446469990
[PlayerController] Ignoring UpdateRemotePosition for local player 446469990
[PlayerController] Player 446469990 emitting PositionChanged signal at (854.4686, 423.9234)
[GameWorld] OnPlayerPositionChanged: Player 446469990 at (854.4686, 423.9234), IsServer=False
[GameWorld] Client sending position to server
[GameWorld] SyncPlayerPosition RPC received on peer 446469990: Player 446469990 at (854.4686, 427.25674)
[GameWorld] Current player controllers: 3, Keys: [446469990, 1, 1125268556]
[GameWorld] Client updating remote player 446469990, isLocal=Player_446469990
[PlayerController] Ignoring UpdateRemotePosition for local player 446469990
[PlayerController] Player 446469990 emitting PositionChanged signal at (854.4686, 420.59006)
[GameWorld] OnPlayerPositionChanged: Player 446469990 at (854.4686, 420.59006), IsServer=False
[GameWorld] Client sending position to server
[GameWorld] SyncPlayerPosition RPC received on peer 446469990: Player 446469990 at (854.4686, 423.9234)
[GameWorld] Current player controllers: 3, Keys: [446469990, 1, 1125268556]
[GameWorld] Client updating remote player 446469990, isLocal=Player_446469990
[PlayerController] Ignoring UpdateRemotePosition for local player 446469990
[PlayerController] Player 446469990 emitting PositionChanged signal at (854.4686, 417.2567)
[GameWorld] OnPlayerPositionChanged: Player 446469990 at (854.4686, 417.2567), IsServer=False
[GameWorld] Client sending position to server
[GameWorld] SyncPlayerPosition RPC received on peer 446469990: Player 446469990 at (854.4686, 420.59006)
[GameWorld] Current player controllers: 3, Keys: [446469990, 1, 1125268556]
[GameWorld] Client updating remote player 446469990, isLocal=Player_446469990
[PlayerController] Ignoring UpdateRemotePosition for local player 446469990
[PlayerController] Player 446469990 emitting PositionChanged signal at (854.4686, 413.92337)
[GameWorld] OnPlayerPositionChanged: Player 446469990 at (854.4686, 413.92337), IsServer=False
[GameWorld] Client sending position to server
[GameWorld] SyncPlayerPosition RPC received on peer 446469990: Player 446469990 at (854.4686, 417.2567)
[GameWorld] Current player controllers: 3, Keys: [446469990, 1, 1125268556]
[GameWorld] Client updating remote player 446469990, isLocal=Player_446469990
[PlayerController] Ignoring UpdateRemotePosition for local player 446469990
[PlayerController] Player 446469990 emitting PositionChanged signal at (854.4686, 410.59003)
[GameWorld] OnPlayerPositionChanged: Player 446469990 at (854.4686, 410.59003), IsServer=False
[GameWorld] Client sending position to server
[GameWorld] SyncPlayerPosition RPC received on peer 446469990: Player 446469990 at (854.4686, 413.92337)
[GameWorld] Current player controllers: 3, Keys: [446469990, 1, 1125268556]
[GameWorld] Client updating remote player 446469990, isLocal=Player_446469990
[PlayerController] Ignoring UpdateRemotePosition for local player 446469990
[PlayerController] Player 446469990 emitting PositionChanged signal at (854.4686, 407.25668)
[GameWorld] OnPlayerPositionChanged: Player 446469990 at (854.4686, 407.25668), IsServer=False
[GameWorld] Client sending position to server
[GameWorld] SyncPlayerPosition RPC received on peer 446469990: Player 446469990 at (854.4686, 410.59003)
[GameWorld] Current player controllers: 3, Keys: [446469990, 1, 1125268556]
[GameWorld] Client updating remote player 446469990, isLocal=Player_446469990
[PlayerController] Ignoring UpdateRemotePosition for local player 446469990
[PlayerController] Player 446469990 emitting PositionChanged signal at (854.4686, 403.92334)
[GameWorld] OnPlayerPositionChanged: Player 446469990 at (854.4686, 403.92334), IsServer=False
[GameWorld] Client sending position to server
[GameWorld] SyncPlayerPosition RPC received on peer 446469990: Player 446469990 at (854.4686, 407.25668)
[GameWorld] Current player controllers: 3, Keys: [446469990, 1, 1125268556]
[GameWorld] Client updating remote player 446469990, isLocal=Player_446469990
[PlayerController] Ignoring UpdateRemotePosition for local player 446469990
[PlayerController] Player 446469990 emitting PositionChanged signal at (854.4686, 400.59)
[GameWorld] OnPlayerPositionChanged: Player 446469990 at (854.4686, 400.59), IsServer=False
[GameWorld] Client sending position to server
[GameWorld] SyncPlayerPosition RPC received on peer 446469990: Player 446469990 at (854.4686, 403.92334)
[GameWorld] Current player controllers: 3, Keys: [446469990, 1, 1125268556]
[GameWorld] Client updating remote player 446469990, isLocal=Player_446469990
[PlayerController] Ignoring UpdateRemotePosition for local player 446469990
[PlayerController] Player 446469990 emitting PositionChanged signal at (854.4686, 397.25665)
[GameWorld] OnPlayerPositionChanged: Player 446469990 at (854.4686, 397.25665), IsServer=False
[GameWorld] Client sending position to server
[GameWorld] SyncPlayerPosition RPC received on peer 446469990: Player 446469990 at (854.4686, 400.59)
[GameWorld] Current player controllers: 3, Keys: [446469990, 1, 1125268556]
[GameWorld] Client updating remote player 446469990, isLocal=Player_446469990
[PlayerController] Ignoring UpdateRemotePosition for local player 446469990
[PlayerController] Player 446469990 emitting PositionChanged signal at (854.4686, 393.9233)
[GameWorld] OnPlayerPositionChanged: Player 446469990 at (854.4686, 393.9233), IsServer=False
[GameWorld] Client sending position to server
[GameWorld] SyncPlayerPosition RPC received on peer 446469990: Player 446469990 at (854.4686, 397.25665)
[GameWorld] Current player controllers: 3, Keys: [446469990, 1, 1125268556]
[GameWorld] Client updating remote player 446469990, isLocal=Player_446469990
[PlayerController] Ignoring UpdateRemotePosition for local player 446469990
[GameWorld] SyncPlayerPosition RPC received on peer 446469990: Player 446469990 at (854.4686, 393.9233)
[GameWorld] Current player controllers: 3, Keys: [446469990, 1, 1125268556]
[GameWorld] Client updating remote player 446469990, isLocal=Player_446469990
[PlayerController] Ignoring UpdateRemotePosition for local player 446469990
[PlayerController] Player 446469990 emitting PositionChanged signal at (854.4686, 390.58997)
[GameWorld] OnPlayerPositionChanged: Player 446469990 at (854.4686, 390.58997), IsServer=False
[GameWorld] Client sending position to server
[PlayerController] Player 446469990 emitting PositionChanged signal at (854.4686, 387.25662)
[GameWorld] OnPlayerPositionChanged: Player 446469990 at (854.4686, 387.25662), IsServer=False
[GameWorld] Client sending position to server
[GameWorld] SyncPlayerPosition RPC received on peer 446469990: Player 446469990 at (854.4686, 390.58997)
[GameWorld] Current player controllers: 3, Keys: [446469990, 1, 1125268556]
[GameWorld] Client updating remote player 446469990, isLocal=Player_446469990
[PlayerController] Ignoring UpdateRemotePosition for local player 446469990
[PlayerController] Player 446469990 emitting PositionChanged signal at (854.4686, 383.92328)
[GameWorld] OnPlayerPositionChanged: Player 446469990 at (854.4686, 383.92328), IsServer=False
[GameWorld] Client sending position to server
[GameWorld] SyncPlayerPosition RPC received on peer 446469990: Player 446469990 at (854.4686, 387.25662)
[GameWorld] Current player controllers: 3, Keys: [446469990, 1, 1125268556]
[GameWorld] Client updating remote player 446469990, isLocal=Player_446469990
[PlayerController] Ignoring UpdateRemotePosition for local player 446469990
[PlayerController] Player 446469990 emitting PositionChanged signal at (854.4686, 380.58994)
[GameWorld] OnPlayerPositionChanged: Player 446469990 at (854.4686, 380.58994), IsServer=False
[GameWorld] Client sending position to server
[GameWorld] SyncPlayerPosition RPC received on peer 446469990: Player 446469990 at (854.4686, 383.92328)
[GameWorld] Current player controllers: 3, Keys: [446469990, 1, 1125268556]
[GameWorld] Client updating remote player 446469990, isLocal=Player_446469990
[PlayerController] Ignoring UpdateRemotePosition for local player 446469990
[PlayerController] Player 446469990 emitting PositionChanged signal at (854.4686, 377.2566)
[GameWorld] OnPlayerPositionChanged: Player 446469990 at (854.4686, 377.2566), IsServer=False
[GameWorld] Client sending position to server
[GameWorld] SyncPlayerPosition RPC received on peer 446469990: Player 446469990 at (854.4686, 380.58994)
[GameWorld] Current player controllers: 3, Keys: [446469990, 1, 1125268556]
[GameWorld] Client updating remote player 446469990, isLocal=Player_446469990
[PlayerController] Ignoring UpdateRemotePosition for local player 446469990
[PlayerController] Player 446469990 emitting PositionChanged signal at (854.4686, 373.92325)
[GameWorld] OnPlayerPositionChanged: Player 446469990 at (854.4686, 373.92325), IsServer=False
[GameWorld] Client sending position to server
[GameWorld] SyncPlayerPosition RPC received on peer 446469990: Player 446469990 at (854.4686, 377.2566)
[GameWorld] Current player controllers: 3, Keys: [446469990, 1, 1125268556]
[GameWorld] Client updating remote player 446469990, isLocal=Player_446469990
[PlayerController] Ignoring UpdateRemotePosition for local player 446469990
[PlayerController] Player 446469990 emitting PositionChanged signal at (854.4686, 370.5899)
[GameWorld] OnPlayerPositionChanged: Player 446469990 at (854.4686, 370.5899), IsServer=False
[GameWorld] Client sending position to server
[GameWorld] SyncPlayerPosition RPC received on peer 446469990: Player 446469990 at (854.4686, 373.92325)
[GameWorld] Current player controllers: 3, Keys: [446469990, 1, 1125268556]
[GameWorld] Client updating remote player 446469990, isLocal=Player_446469990
[PlayerController] Ignoring UpdateRemotePosition for local player 446469990
Body exited Sofia: Player_446469990
[PlayerController] Player 446469990 emitting PositionChanged signal at (854.4686, 367.25656)
[GameWorld] OnPlayerPositionChanged: Player 446469990 at (854.4686, 367.25656), IsServer=False
[GameWorld] Client sending position to server
[GameWorld] SyncPlayerPosition RPC received on peer 446469990: Player 446469990 at (854.4686, 370.5899)
[GameWorld] Current player controllers: 3, Keys: [446469990, 1, 1125268556]
[GameWorld] Client updating remote player 446469990, isLocal=Player_446469990
[PlayerController] Ignoring UpdateRemotePosition for local player 446469990
[PlayerController] Player 446469990 emitting PositionChanged signal at (854.4686, 363.92322)
[GameWorld] OnPlayerPositionChanged: Player 446469990 at (854.4686, 363.92322), IsServer=False
[GameWorld] Client sending position to server
[GameWorld] SyncPlayerPosition RPC received on peer 446469990: Player 446469990 at (854.4686, 367.25656)
[GameWorld] Current player controllers: 3, Keys: [446469990, 1, 1125268556]
[GameWorld] Client updating remote player 446469990, isLocal=Player_446469990
[PlayerController] Ignoring UpdateRemotePosition for local player 446469990
[PlayerController] Player 446469990 emitting PositionChanged signal at (854.4686, 360.58987)
[GameWorld] OnPlayerPositionChanged: Player 446469990 at (854.4686, 360.58987), IsServer=False
[GameWorld] Client sending position to server
[GameWorld] SyncPlayerPosition RPC received on peer 446469990: Player 446469990 at (854.4686, 363.92322)
[GameWorld] Current player controllers: 3, Keys: [446469990, 1, 1125268556]
[GameWorld] Client updating remote player 446469990, isLocal=Player_446469990
[PlayerController] Ignoring UpdateRemotePosition for local player 446469990
[PlayerController] Player 446469990 emitting PositionChanged signal at (854.4686, 357.25653)
[GameWorld] OnPlayerPositionChanged: Player 446469990 at (854.4686, 357.25653), IsServer=False
[GameWorld] Client sending position to server
[GameWorld] SyncPlayerPosition RPC received on peer 446469990: Player 446469990 at (854.4686, 360.58987)
[GameWorld] Current player controllers: 3, Keys: [446469990, 1, 1125268556]
[GameWorld] Client updating remote player 446469990, isLocal=Player_446469990
[PlayerController] Ignoring UpdateRemotePosition for local player 446469990
[PlayerController] Player 446469990 emitting PositionChanged signal at (854.4686, 353.9232)
[GameWorld] OnPlayerPositionChanged: Player 446469990 at (854.4686, 353.9232), IsServer=False
[GameWorld] Client sending position to server
[GameWorld] SyncPlayerPosition RPC received on peer 446469990: Player 446469990 at (854.4686, 357.25653)
[GameWorld] Current player controllers: 3, Keys: [446469990, 1, 1125268556]
[GameWorld] Client updating remote player 446469990, isLocal=Player_446469990
[PlayerController] Ignoring UpdateRemotePosition for local player 446469990
[PlayerController] Player 446469990 emitting PositionChanged signal at (854.4686, 350.58984)
[GameWorld] OnPlayerPositionChanged: Player 446469990 at (854.4686, 350.58984), IsServer=False
[GameWorld] Client sending position to server
[GameWorld] SyncPlayerPosition RPC received on peer 446469990: Player 446469990 at (854.4686, 353.9232)
[GameWorld] Current player controllers: 3, Keys: [446469990, 1, 1125268556]
[GameWorld] Client updating remote player 446469990, isLocal=Player_446469990
[PlayerController] Ignoring UpdateRemotePosition for local player 446469990
[PlayerController] Player 446469990 emitting PositionChanged signal at (854.4686, 347.2565)
[GameWorld] OnPlayerPositionChanged: Player 446469990 at (854.4686, 347.2565), IsServer=False
[GameWorld] Client sending position to server
[GameWorld] SyncPlayerPosition RPC received on peer 446469990: Player 446469990 at (854.4686, 350.58984)
[GameWorld] Current player controllers: 3, Keys: [446469990, 1, 1125268556]
[GameWorld] Client updating remote player 446469990, isLocal=Player_446469990
[PlayerController] Ignoring UpdateRemotePosition for local player 446469990
[PlayerController] Player 446469990 emitting PositionChanged signal at (854.4686, 343.92316)
[GameWorld] OnPlayerPositionChanged: Player 446469990 at (854.4686, 343.92316), IsServer=False
[GameWorld] Client sending position to server
[GameWorld] SyncPlayerPosition RPC received on peer 446469990: Player 446469990 at (854.4686, 347.2565)
[GameWorld] Current player controllers: 3, Keys: [446469990, 1, 1125268556]
[GameWorld] Client updating remote player 446469990, isLocal=Player_446469990
[PlayerController] Ignoring UpdateRemotePosition for local player 446469990
[PlayerController] Player 446469990 emitting PositionChanged signal at (854.4686, 340.5898)
[GameWorld] OnPlayerPositionChanged: Player 446469990 at (854.4686, 340.5898), IsServer=False
[GameWorld] Client sending position to server
[GameWorld] SyncPlayerPosition RPC received on peer 446469990: Player 446469990 at (854.4686, 343.92316)
[GameWorld] Current player controllers: 3, Keys: [446469990, 1, 1125268556]
[GameWorld] Client updating remote player 446469990, isLocal=Player_446469990
[PlayerController] Ignoring UpdateRemotePosition for local player 446469990
[PlayerController] Player 446469990 emitting PositionChanged signal at (854.4686, 337.25647)
[GameWorld] OnPlayerPositionChanged: Player 446469990 at (854.4686, 337.25647), IsServer=False
[GameWorld] Client sending position to server
[GameWorld] SyncPlayerPosition RPC received on peer 446469990: Player 446469990 at (854.4686, 340.5898)
[GameWorld] Current player controllers: 3, Keys: [446469990, 1, 1125268556]
[GameWorld] Client updating remote player 446469990, isLocal=Player_446469990
[PlayerController] Ignoring UpdateRemotePosition for local player 446469990
[PlayerController] Player 446469990 emitting PositionChanged signal at (854.4686, 333.92313)
[GameWorld] OnPlayerPositionChanged: Player 446469990 at (854.4686, 333.92313), IsServer=False
[GameWorld] Client sending position to server
[GameWorld] SyncPlayerPosition RPC received on peer 446469990: Player 446469990 at (854.4686, 337.25647)
[GameWorld] Current player controllers: 3, Keys: [446469990, 1, 1125268556]
[GameWorld] Client updating remote player 446469990, isLocal=Player_446469990
[PlayerController] Ignoring UpdateRemotePosition for local player 446469990
[PlayerController] Player 446469990 emitting PositionChanged signal at (854.4686, 330.58978)
[GameWorld] OnPlayerPositionChanged: Player 446469990 at (854.4686, 330.58978), IsServer=False
[GameWorld] Client sending position to server
[GameWorld] SyncPlayerPosition RPC received on peer 446469990: Player 446469990 at (854.4686, 333.92313)
[GameWorld] Current player controllers: 3, Keys: [446469990, 1, 1125268556]
[GameWorld] Client updating remote player 446469990, isLocal=Player_446469990
[PlayerController] Ignoring UpdateRemotePosition for local player 446469990
[PlayerController] Player 446469990 emitting PositionChanged signal at (854.4686, 327.25644)
[GameWorld] OnPlayerPositionChanged: Player 446469990 at (854.4686, 327.25644), IsServer=False
[GameWorld] Client sending position to server
[GameWorld] SyncPlayerPosition RPC received on peer 446469990: Player 446469990 at (854.4686, 330.58978)
[GameWorld] Current player controllers: 3, Keys: [446469990, 1, 1125268556]
[GameWorld] Client updating remote player 446469990, isLocal=Player_446469990
[PlayerController] Ignoring UpdateRemotePosition for local player 446469990
[PlayerController] Player 446469990 emitting PositionChanged signal at (854.4686, 323.9231)
[GameWorld] OnPlayerPositionChanged: Player 446469990 at (854.4686, 323.9231), IsServer=False
[GameWorld] Client sending position to server
[GameWorld] SyncPlayerPosition RPC received on peer 446469990: Player 446469990 at (854.4686, 327.25644)
[GameWorld] Current player controllers: 3, Keys: [446469990, 1, 1125268556]
[GameWorld] Client updating remote player 446469990, isLocal=Player_446469990
[PlayerController] Ignoring UpdateRemotePosition for local player 446469990
[PlayerController] Player 446469990 emitting PositionChanged signal at (854.4686, 320.58975)
[GameWorld] OnPlayerPositionChanged: Player 446469990 at (854.4686, 320.58975), IsServer=False
[GameWorld] Client sending position to server
[GameWorld] SyncPlayerPosition RPC received on peer 446469990: Player 446469990 at (854.4686, 323.9231)
[GameWorld] Current player controllers: 3, Keys: [446469990, 1, 1125268556]
[GameWorld] Client updating remote player 446469990, isLocal=Player_446469990
[PlayerController] Ignoring UpdateRemotePosition for local player 446469990
[PlayerController] Player 446469990 emitting PositionChanged signal at (854.4686, 317.2564)
[GameWorld] OnPlayerPositionChanged: Player 446469990 at (854.4686, 317.2564), IsServer=False
[GameWorld] Client sending position to server
[GameWorld] SyncPlayerPosition RPC received on peer 446469990: Player 446469990 at (854.4686, 320.58975)
[GameWorld] Current player controllers: 3, Keys: [446469990, 1, 1125268556]
[GameWorld] Client updating remote player 446469990, isLocal=Player_446469990
[PlayerController] Ignoring UpdateRemotePosition for local player 446469990
[PlayerController] Player 446469990 emitting PositionChanged signal at (854.4686, 313.92307)
[GameWorld] OnPlayerPositionChanged: Player 446469990 at (854.4686, 313.92307), IsServer=False
[GameWorld] Client sending position to server
[GameWorld] SyncPlayerPosition RPC received on peer 446469990: Player 446469990 at (854.4686, 317.2564)
[GameWorld] Current player controllers: 3, Keys: [446469990, 1, 1125268556]
[GameWorld] Client updating remote player 446469990, isLocal=Player_446469990
[PlayerController] Ignoring UpdateRemotePosition for local player 446469990
[PlayerController] Player 446469990 emitting PositionChanged signal at (854.4686, 310.58972)
[GameWorld] OnPlayerPositionChanged: Player 446469990 at (854.4686, 310.58972), IsServer=False
[GameWorld] Client sending position to server
[GameWorld] SyncPlayerPosition RPC received on peer 446469990: Player 446469990 at (854.4686, 313.92307)
[GameWorld] Current player controllers: 3, Keys: [446469990, 1, 1125268556]
[GameWorld] Client updating remote player 446469990, isLocal=Player_446469990
[PlayerController] Ignoring UpdateRemotePosition for local player 446469990
[PlayerController] Player 446469990 emitting PositionChanged signal at (854.4686, 307.25638)
[GameWorld] OnPlayerPositionChanged: Player 446469990 at (854.4686, 307.25638), IsServer=False
[GameWorld] Client sending position to server
[GameWorld] SyncPlayerPosition RPC received on peer 446469990: Player 446469990 at (854.4686, 310.58972)
[GameWorld] Current player controllers: 3, Keys: [446469990, 1, 1125268556]
[GameWorld] Client updating remote player 446469990, isLocal=Player_446469990
[PlayerController] Ignoring UpdateRemotePosition for local player 446469990
[PlayerController] Player 446469990 emitting PositionChanged signal at (854.4686, 303.92303)
[GameWorld] OnPlayerPositionChanged: Player 446469990 at (854.4686, 303.92303), IsServer=False
[GameWorld] Client sending position to server
[GameWorld] SyncPlayerPosition RPC received on peer 446469990: Player 446469990 at (854.4686, 307.25638)
[GameWorld] Current player controllers: 3, Keys: [446469990, 1, 1125268556]
[GameWorld] Client updating remote player 446469990, isLocal=Player_446469990
[PlayerController] Ignoring UpdateRemotePosition for local player 446469990
[PlayerController] Player 446469990 emitting PositionChanged signal at (854.4686, 300.5897)
[GameWorld] OnPlayerPositionChanged: Player 446469990 at (854.4686, 300.5897), IsServer=False
[GameWorld] Client sending position to server
[GameWorld] SyncPlayerPosition RPC received on peer 446469990: Player 446469990 at (854.4686, 303.92303)
[GameWorld] Current player controllers: 3, Keys: [446469990, 1, 1125268556]
[GameWorld] Client updating remote player 446469990, isLocal=Player_446469990
[PlayerController] Ignoring UpdateRemotePosition for local player 446469990
[PlayerController] Player 446469990 emitting PositionChanged signal at (854.4686, 297.25635)
[GameWorld] OnPlayerPositionChanged: Player 446469990 at (854.4686, 297.25635), IsServer=False
[GameWorld] Client sending position to server
[GameWorld] SyncPlayerPosition RPC received on peer 446469990: Player 446469990 at (854.4686, 300.5897)
[GameWorld] Current player controllers: 3, Keys: [446469990, 1, 1125268556]
[GameWorld] Client updating remote player 446469990, isLocal=Player_446469990
[PlayerController] Ignoring UpdateRemotePosition for local player 446469990
[PlayerController] Player 446469990 emitting PositionChanged signal at (854.4686, 293.923)
[GameWorld] OnPlayerPositionChanged: Player 446469990 at (854.4686, 293.923), IsServer=False
[GameWorld] Client sending position to server
[GameWorld] SyncPlayerPosition RPC received on peer 446469990: Player 446469990 at (854.4686, 297.25635)
[GameWorld] Current player controllers: 3, Keys: [446469990, 1, 1125268556]
[GameWorld] Client updating remote player 446469990, isLocal=Player_446469990
[PlayerController] Ignoring UpdateRemotePosition for local player 446469990
[PlayerController] Player 446469990 emitting PositionChanged signal at (854.4686, 290.58966)
[GameWorld] OnPlayerPositionChanged: Player 446469990 at (854.4686, 290.58966), IsServer=False
[GameWorld] Client sending position to server
[GameWorld] SyncPlayerPosition RPC received on peer 446469990: Player 446469990 at (854.4686, 293.923)
[GameWorld] Current player controllers: 3, Keys: [446469990, 1, 1125268556]
[GameWorld] Client updating remote player 446469990, isLocal=Player_446469990
[PlayerController] Ignoring UpdateRemotePosition for local player 446469990
[PlayerController] Player 446469990 emitting PositionChanged signal at (854.4686, 287.25632)
[GameWorld] OnPlayerPositionChanged: Player 446469990 at (854.4686, 287.25632), IsServer=False
[GameWorld] Client sending position to server
[GameWorld] SyncPlayerPosition RPC received on peer 446469990: Player 446469990 at (854.4686, 290.58966)
[GameWorld] Current player controllers: 3, Keys: [446469990, 1, 1125268556]
[GameWorld] Client updating remote player 446469990, isLocal=Player_446469990
[PlayerController] Ignoring UpdateRemotePosition for local player 446469990
[PlayerController] Player 446469990 emitting PositionChanged signal at (854.4686, 283.92297)
[GameWorld] OnPlayerPositionChanged: Player 446469990 at (854.4686, 283.92297), IsServer=False
[GameWorld] Client sending position to server
[GameWorld] SyncPlayerPosition RPC received on peer 446469990: Player 446469990 at (854.4686, 287.25632)
[GameWorld] Current player controllers: 3, Keys: [446469990, 1, 1125268556]
[GameWorld] Client updating remote player 446469990, isLocal=Player_446469990
[PlayerController] Ignoring UpdateRemotePosition for local player 446469990
[PlayerController] Player 446469990 emitting PositionChanged signal at (854.4686, 280.58963)
[GameWorld] OnPlayerPositionChanged: Player 446469990 at (854.4686, 280.58963), IsServer=False
[GameWorld] Client sending position to server
[GameWorld] SyncPlayerPosition RPC received on peer 446469990: Player 446469990 at (854.4686, 283.92297)
[GameWorld] Current player controllers: 3, Keys: [446469990, 1, 1125268556]
[GameWorld] Client updating remote player 446469990, isLocal=Player_446469990
[PlayerController] Ignoring UpdateRemotePosition for local player 446469990
[PlayerController] Player 446469990 emitting PositionChanged signal at (856.8256, 278.2326)
[GameWorld] OnPlayerPositionChanged: Player 446469990 at (856.8256, 278.2326), IsServer=False
[GameWorld] Client sending position to server
[GameWorld] SyncPlayerPosition RPC received on peer 446469990: Player 446469990 at (854.4686, 280.58963)
[GameWorld] Current player controllers: 3, Keys: [446469990, 1, 1125268556]
[GameWorld] Client updating remote player 446469990, isLocal=Player_446469990
[PlayerController] Ignoring UpdateRemotePosition for local player 446469990
[PlayerController] Player 446469990 emitting PositionChanged signal at (859.1826, 275.87558)
[GameWorld] OnPlayerPositionChanged: Player 446469990 at (859.1826, 275.87558), IsServer=False
[GameWorld] Client sending position to server
[GameWorld] SyncPlayerPosition RPC received on peer 446469990: Player 446469990 at (856.8256, 278.2326)
[GameWorld] Current player controllers: 3, Keys: [446469990, 1, 1125268556]
[GameWorld] Client updating remote player 446469990, isLocal=Player_446469990
[PlayerController] Ignoring UpdateRemotePosition for local player 446469990
[PlayerController] Player 446469990 emitting PositionChanged signal at (861.5396, 273.51855)
[GameWorld] OnPlayerPositionChanged: Player 446469990 at (861.5396, 273.51855), IsServer=False
[GameWorld] Client sending position to server
[GameWorld] SyncPlayerPosition RPC received on peer 446469990: Player 446469990 at (859.1826, 275.87558)
[GameWorld] Current player controllers: 3, Keys: [446469990, 1, 1125268556]
[GameWorld] Client updating remote player 446469990, isLocal=Player_446469990
[PlayerController] Ignoring UpdateRemotePosition for local player 446469990
[PlayerController] Player 446469990 emitting PositionChanged signal at (863.8966, 271.16153)
[GameWorld] OnPlayerPositionChanged: Player 446469990 at (863.8966, 271.16153), IsServer=False
[GameWorld] Client sending position to server
[GameWorld] SyncPlayerPosition RPC received on peer 446469990: Player 446469990 at (861.5396, 273.51855)
[GameWorld] Current player controllers: 3, Keys: [446469990, 1, 1125268556]
[GameWorld] Client updating remote player 446469990, isLocal=Player_446469990
[PlayerController] Ignoring UpdateRemotePosition for local player 446469990
[PlayerController] Player 446469990 emitting PositionChanged signal at (866.2536, 268.8045)
[GameWorld] OnPlayerPositionChanged: Player 446469990 at (866.2536, 268.8045), IsServer=False
[GameWorld] Client sending position to server
[GameWorld] SyncPlayerPosition RPC received on peer 446469990: Player 446469990 at (863.8966, 271.16153)
[GameWorld] Current player controllers: 3, Keys: [446469990, 1, 1125268556]
[GameWorld] Client updating remote player 446469990, isLocal=Player_446469990
[PlayerController] Ignoring UpdateRemotePosition for local player 446469990
[PlayerController] Player 446469990 emitting PositionChanged signal at (868.6106, 266.44748)
[GameWorld] OnPlayerPositionChanged: Player 446469990 at (868.6106, 266.44748), IsServer=False
[GameWorld] Client sending position to server
[GameWorld] SyncPlayerPosition RPC received on peer 446469990: Player 446469990 at (866.2536, 268.8045)
[GameWorld] Current player controllers: 3, Keys: [446469990, 1, 1125268556]
[GameWorld] Client updating remote player 446469990, isLocal=Player_446469990
[PlayerController] Ignoring UpdateRemotePosition for local player 446469990
[PlayerController] Player 446469990 emitting PositionChanged signal at (870.9676, 264.09045)
[GameWorld] OnPlayerPositionChanged: Player 446469990 at (870.9676, 264.09045), IsServer=False
[GameWorld] Client sending position to server
[GameWorld] SyncPlayerPosition RPC received on peer 446469990: Player 446469990 at (868.6106, 266.44748)
[GameWorld] Current player controllers: 3, Keys: [446469990, 1, 1125268556]
[GameWorld] Client updating remote player 446469990, isLocal=Player_446469990
[PlayerController] Ignoring UpdateRemotePosition for local player 446469990
[PlayerController] Player 446469990 emitting PositionChanged signal at (873.3246, 261.73343)
[GameWorld] OnPlayerPositionChanged: Player 446469990 at (873.3246, 261.73343), IsServer=False
[GameWorld] Client sending position to server
[GameWorld] SyncPlayerPosition RPC received on peer 446469990: Player 446469990 at (870.9676, 264.09045)
[GameWorld] Current player controllers: 3, Keys: [446469990, 1, 1125268556]
[GameWorld] Client updating remote player 446469990, isLocal=Player_446469990
[PlayerController] Ignoring UpdateRemotePosition for local player 446469990
[PlayerController] Player 446469990 emitting PositionChanged signal at (875.6816, 259.3764)
[GameWorld] OnPlayerPositionChanged: Player 446469990 at (875.6816, 259.3764), IsServer=False
[GameWorld] Client sending position to server
[PlayerController] Player 446469990 emitting PositionChanged signal at (878.0386, 257.01938)
[GameWorld] OnPlayerPositionChanged: Player 446469990 at (878.0386, 257.01938), IsServer=False
[GameWorld] Client sending position to server
[GameWorld] SyncPlayerPosition RPC received on peer 446469990: Player 446469990 at (873.3246, 261.73343)
[GameWorld] Current player controllers: 3, Keys: [446469990, 1, 1125268556]
[GameWorld] Client updating remote player 446469990, isLocal=Player_446469990
[PlayerController] Ignoring UpdateRemotePosition for local player 446469990
[GameWorld] SyncPlayerPosition RPC received on peer 446469990: Player 446469990 at (875.6816, 259.3764)
[GameWorld] Current player controllers: 3, Keys: [446469990, 1, 1125268556]
[GameWorld] Client updating remote player 446469990, isLocal=Player_446469990
[PlayerController] Ignoring UpdateRemotePosition for local player 446469990
[PlayerController] Player 446469990 emitting PositionChanged signal at (881.3719, 257.01938)
[GameWorld] OnPlayerPositionChanged: Player 446469990 at (881.3719, 257.01938), IsServer=False
[GameWorld] Client sending position to server
[GameWorld] SyncPlayerPosition RPC received on peer 446469990: Player 446469990 at (878.0386, 257.01938)
[GameWorld] Current player controllers: 3, Keys: [446469990, 1, 1125268556]
[GameWorld] Client updating remote player 446469990, isLocal=Player_446469990
[PlayerController] Ignoring UpdateRemotePosition for local player 446469990
Body entered Rebecca: Player_446469990
Local player entered Rebecca range. Auto-interacting.
GameWorld received OnNPCClicked for rebecca. Current Role: 'Producer'
[PlayerController] Player 446469990 emitting PositionChanged signal at (884.7052, 257.01938)
[GameWorld] OnPlayerPositionChanged: Player 446469990 at (884.7052, 257.01938), IsServer=False
[GameWorld] Client sending position to server
[GameWorld] SyncPlayerPosition RPC received on peer 446469990: Player 446469990 at (881.3719, 257.01938)
[GameWorld] Current player controllers: 3, Keys: [446469990, 1, 1125268556]
[GameWorld] Client updating remote player 446469990, isLocal=Player_446469990
[PlayerController] Ignoring UpdateRemotePosition for local player 446469990
[PlayerController] Player 446469990 emitting PositionChanged signal at (888.0385, 257.01938)
[GameWorld] OnPlayerPositionChanged: Player 446469990 at (888.0385, 257.01938), IsServer=False
[GameWorld] Client sending position to server
[GameWorld] SyncPlayerPosition RPC received on peer 446469990: Player 446469990 at (884.7052, 257.01938)
[GameWorld] Current player controllers: 3, Keys: [446469990, 1, 1125268556]
[GameWorld] Client updating remote player 446469990, isLocal=Player_446469990
[PlayerController] Ignoring UpdateRemotePosition for local player 446469990
[PlayerController] Player 446469990 emitting PositionChanged signal at (891.3718, 257.01938)
[GameWorld] OnPlayerPositionChanged: Player 446469990 at (891.3718, 257.01938), IsServer=False
[GameWorld] Client sending position to server
[PlayerController] Player 446469990 emitting PositionChanged signal at (894.70514, 257.01938)
[GameWorld] OnPlayerPositionChanged: Player 446469990 at (894.70514, 257.01938), IsServer=False
[GameWorld] Client sending position to server
[GameWorld] SyncPlayerPosition RPC received on peer 446469990: Player 446469990 at (888.0385, 257.01938)
[GameWorld] Current player controllers: 3, Keys: [446469990, 1, 1125268556]
[GameWorld] Client updating remote player 446469990, isLocal=Player_446469990
[PlayerController] Ignoring UpdateRemotePosition for local player 446469990
[GameWorld] SyncPlayerPosition RPC received on peer 446469990: Player 446469990 at (891.3718, 257.01938)
[GameWorld] Current player controllers: 3, Keys: [446469990, 1, 1125268556]
[GameWorld] Client updating remote player 446469990, isLocal=Player_446469990
[PlayerController] Ignoring UpdateRemotePosition for local player 446469990
[PlayerController] Player 446469990 emitting PositionChanged signal at (898.03845, 257.01938)
[GameWorld] OnPlayerPositionChanged: Player 446469990 at (898.03845, 257.01938), IsServer=False
[GameWorld] Client sending position to server
[GameWorld] SyncPlayerPosition RPC received on peer 446469990: Player 446469990 at (894.70514, 257.01938)
[GameWorld] Current player controllers: 3, Keys: [446469990, 1, 1125268556]
[GameWorld] Client updating remote player 446469990, isLocal=Player_446469990
[PlayerController] Ignoring UpdateRemotePosition for local player 446469990
[PlayerController] Player 446469990 emitting PositionChanged signal at (901.37177, 257.01938)
[GameWorld] OnPlayerPositionChanged: Player 446469990 at (901.37177, 257.01938), IsServer=False
[GameWorld] Client sending position to server
[GameWorld] SyncPlayerPosition RPC received on peer 446469990: Player 446469990 at (898.03845, 257.01938)
[GameWorld] Current player controllers: 3, Keys: [446469990, 1, 1125268556]
[GameWorld] Client updating remote player 446469990, isLocal=Player_446469990
[PlayerController] Ignoring UpdateRemotePosition for local player 446469990
[PlayerController] Player 446469990 emitting PositionChanged signal at (904.7051, 257.01938)
[GameWorld] OnPlayerPositionChanged: Player 446469990 at (904.7051, 257.01938), IsServer=False
[GameWorld] Client sending position to server
[GameWorld] SyncPlayerPosition RPC received on peer 446469990: Player 446469990 at (901.37177, 257.01938)
[GameWorld] Current player controllers: 3, Keys: [446469990, 1, 1125268556]
[GameWorld] Client updating remote player 446469990, isLocal=Player_446469990
[PlayerController] Ignoring UpdateRemotePosition for local player 446469990
[PlayerController] Player 446469990 emitting PositionChanged signal at (908.0384, 257.01938)
[GameWorld] OnPlayerPositionChanged: Player 446469990 at (908.0384, 257.01938), IsServer=False
[GameWorld] Client sending position to server
[GameWorld] SyncPlayerPosition RPC received on peer 446469990: Player 446469990 at (904.7051, 257.01938)
[GameWorld] Current player controllers: 3, Keys: [446469990, 1, 1125268556]
[GameWorld] Client updating remote player 446469990, isLocal=Player_446469990
[PlayerController] Ignoring UpdateRemotePosition for local player 446469990
[PlayerController] Player 446469990 emitting PositionChanged signal at (911.3717, 257.01938)
[GameWorld] OnPlayerPositionChanged: Player 446469990 at (911.3717, 257.01938), IsServer=False
[GameWorld] Client sending position to server
[GameWorld] SyncPlayerPosition RPC received on peer 446469990: Player 446469990 at (908.0384, 257.01938)
[GameWorld] Current player controllers: 3, Keys: [446469990, 1, 1125268556]
[GameWorld] Client updating remote player 446469990, isLocal=Player_446469990
[PlayerController] Ignoring UpdateRemotePosition for local player 446469990
[PlayerController] Player 446469990 emitting PositionChanged signal at (913.7287, 254.66235)
[GameWorld] OnPlayerPositionChanged: Player 446469990 at (913.7287, 254.66235), IsServer=False
[GameWorld] Client sending position to server
[GameWorld] SyncPlayerPosition RPC received on peer 446469990: Player 446469990 at (911.3717, 257.01938)
[GameWorld] Current player controllers: 3, Keys: [446469990, 1, 1125268556]
[GameWorld] Client updating remote player 446469990, isLocal=Player_446469990
[PlayerController] Ignoring UpdateRemotePosition for local player 446469990
[PlayerController] Player 446469990 emitting PositionChanged signal at (916.0857, 252.30533)
[GameWorld] OnPlayerPositionChanged: Player 446469990 at (916.0857, 252.30533), IsServer=False
[GameWorld] Client sending position to server
[GameWorld] SyncPlayerPosition RPC received on peer 446469990: Player 446469990 at (913.7287, 254.66235)
[GameWorld] Current player controllers: 3, Keys: [446469990, 1, 1125268556]
[GameWorld] Client updating remote player 446469990, isLocal=Player_446469990
[PlayerController] Ignoring UpdateRemotePosition for local player 446469990
[PlayerController] Player 446469990 emitting PositionChanged signal at (918.4427, 249.9483)
[GameWorld] OnPlayerPositionChanged: Player 446469990 at (918.4427, 249.9483), IsServer=False
[GameWorld] Client sending position to server
[GameWorld] SyncPlayerPosition RPC received on peer 446469990: Player 446469990 at (916.0857, 252.30533)
[GameWorld] Current player controllers: 3, Keys: [446469990, 1, 1125268556]
[GameWorld] Client updating remote player 446469990, isLocal=Player_446469990
[PlayerController] Ignoring UpdateRemotePosition for local player 446469990
[PlayerController] Player 446469990 emitting PositionChanged signal at (920.7997, 247.59128)
[GameWorld] OnPlayerPositionChanged: Player 446469990 at (920.7997, 247.59128), IsServer=False
[GameWorld] Client sending position to server
[GameWorld] SyncPlayerPosition RPC received on peer 446469990: Player 446469990 at (918.4427, 249.9483)
[GameWorld] Current player controllers: 3, Keys: [446469990, 1, 1125268556]
[GameWorld] Client updating remote player 446469990, isLocal=Player_446469990
[PlayerController] Ignoring UpdateRemotePosition for local player 446469990
[PlayerController] Player 446469990 emitting PositionChanged signal at (923.1567, 245.23425)
[GameWorld] OnPlayerPositionChanged: Player 446469990 at (923.1567, 245.23425), IsServer=False
[GameWorld] Client sending position to server
[GameWorld] SyncPlayerPosition RPC received on peer 446469990: Player 446469990 at (920.7997, 247.59128)
[GameWorld] Current player controllers: 3, Keys: [446469990, 1, 1125268556]
[GameWorld] Client updating remote player 446469990, isLocal=Player_446469990
[PlayerController] Ignoring UpdateRemotePosition for local player 446469990
[PlayerController] Player 446469990 emitting PositionChanged signal at (925.5137, 242.87723)
[GameWorld] OnPlayerPositionChanged: Player 446469990 at (925.5137, 242.87723), IsServer=False
[GameWorld] Client sending position to server
[PlayerController] Player 446469990 emitting PositionChanged signal at (927.87067, 240.5202)
[GameWorld] OnPlayerPositionChanged: Player 446469990 at (927.87067, 240.5202), IsServer=False
[GameWorld] Client sending position to server
[GameWorld] SyncPlayerPosition RPC received on peer 446469990: Player 446469990 at (923.1567, 245.23425)
[GameWorld] Current player controllers: 3, Keys: [446469990, 1, 1125268556]
[GameWorld] Client updating remote player 446469990, isLocal=Player_446469990
[PlayerController] Ignoring UpdateRemotePosition for local player 446469990
[GameWorld] SyncPlayerPosition RPC received on peer 446469990: Player 446469990 at (925.5137, 242.87723)
[GameWorld] Current player controllers: 3, Keys: [446469990, 1, 1125268556]
[GameWorld] Client updating remote player 446469990, isLocal=Player_446469990
[PlayerController] Ignoring UpdateRemotePosition for local player 446469990
[PlayerController] Player 446469990 emitting PositionChanged signal at (930.22766, 238.16318)
[GameWorld] OnPlayerPositionChanged: Player 446469990 at (930.22766, 238.16318), IsServer=False
[GameWorld] Client sending position to server
[GameWorld] SyncPlayerPosition RPC received on peer 446469990: Player 446469990 at (927.87067, 240.5202)
[GameWorld] Current player controllers: 3, Keys: [446469990, 1, 1125268556]
[GameWorld] Client updating remote player 446469990, isLocal=Player_446469990
[PlayerController] Ignoring UpdateRemotePosition for local player 446469990
[PlayerController] Player 446469990 emitting PositionChanged signal at (932.58466, 235.80615)
[GameWorld] OnPlayerPositionChanged: Player 446469990 at (932.58466, 235.80615), IsServer=False
[GameWorld] Client sending position to server
[GameWorld] SyncPlayerPosition RPC received on peer 446469990: Player 446469990 at (930.22766, 238.16318)
[GameWorld] Current player controllers: 3, Keys: [446469990, 1, 1125268556]
[GameWorld] Client updating remote player 446469990, isLocal=Player_446469990
[PlayerController] Ignoring UpdateRemotePosition for local player 446469990
[PlayerController] Player 446469990 emitting PositionChanged signal at (934.94165, 233.44913)
[GameWorld] OnPlayerPositionChanged: Player 446469990 at (934.94165, 233.44913), IsServer=False
[GameWorld] Client sending position to server
[GameWorld] SyncPlayerPosition RPC received on peer 446469990: Player 446469990 at (932.58466, 235.80615)
[GameWorld] Current player controllers: 3, Keys: [446469990, 1, 1125268556]
[GameWorld] Client updating remote player 446469990, isLocal=Player_446469990
[PlayerController] Ignoring UpdateRemotePosition for local player 446469990
[PlayerController] Player 446469990 emitting PositionChanged signal at (937.29865, 231.0921)
[GameWorld] OnPlayerPositionChanged: Player 446469990 at (937.29865, 231.0921), IsServer=False
[GameWorld] Client sending position to server
[GameWorld] SyncPlayerPosition RPC received on peer 446469990: Player 446469990 at (934.94165, 233.44913)
[GameWorld] Current player controllers: 3, Keys: [446469990, 1, 1125268556]
[GameWorld] Client updating remote player 446469990, isLocal=Player_446469990
[PlayerController] Ignoring UpdateRemotePosition for local player 446469990
[PlayerController] Player 446469990 emitting PositionChanged signal at (939.65564, 228.73508)
[GameWorld] OnPlayerPositionChanged: Player 446469990 at (939.65564, 228.73508), IsServer=False
[GameWorld] Client sending position to server
[GameWorld] SyncPlayerPosition RPC received on peer 446469990: Player 446469990 at (937.29865, 231.0921)
[GameWorld] Current player controllers: 3, Keys: [446469990, 1, 1125268556]
[GameWorld] Client updating remote player 446469990, isLocal=Player_446469990
[PlayerController] Ignoring UpdateRemotePosition for local player 446469990
[PlayerController] Player 446469990 emitting PositionChanged signal at (942.01263, 226.37805)
[GameWorld] OnPlayerPositionChanged: Player 446469990 at (942.01263, 226.37805), IsServer=False
[GameWorld] Client sending position to server
[GameWorld] SyncPlayerPosition RPC received on peer 446469990: Player 446469990 at (939.65564, 228.73508)
[GameWorld] Current player controllers: 3, Keys: [446469990, 1, 1125268556]
[GameWorld] Client updating remote player 446469990, isLocal=Player_446469990
[PlayerController] Ignoring UpdateRemotePosition for local player 446469990
[PlayerController] Player 446469990 emitting PositionChanged signal at (944.3696, 224.02103)
[GameWorld] OnPlayerPositionChanged: Player 446469990 at (944.3696, 224.02103), IsServer=False
[GameWorld] Client sending position to server
[GameWorld] SyncPlayerPosition RPC received on peer 446469990: Player 446469990 at (942.01263, 226.37805)
[GameWorld] Current player controllers: 3, Keys: [446469990, 1, 1125268556]
[GameWorld] Client updating remote player 446469990, isLocal=Player_446469990
[PlayerController] Ignoring UpdateRemotePosition for local player 446469990
[PlayerController] Player 446469990 emitting PositionChanged signal at (946.7266, 221.664)
[GameWorld] OnPlayerPositionChanged: Player 446469990 at (946.7266, 221.664), IsServer=False
[GameWorld] Client sending position to server
[GameWorld] SyncPlayerPosition RPC received on peer 446469990: Player 446469990 at (944.3696, 224.02103)
[GameWorld] Current player controllers: 3, Keys: [446469990, 1, 1125268556]
[GameWorld] Client updating remote player 446469990, isLocal=Player_446469990
[PlayerController] Ignoring UpdateRemotePosition for local player 446469990
[PlayerController] Player 446469990 emitting PositionChanged signal at (949.0836, 219.30698)
[GameWorld] OnPlayerPositionChanged: Player 446469990 at (949.0836, 219.30698), IsServer=False
[GameWorld] Client sending position to server
[GameWorld] SyncPlayerPosition RPC received on peer 446469990: Player 446469990 at (946.7266, 221.664)
[GameWorld] Current player controllers: 3, Keys: [446469990, 1, 1125268556]
[GameWorld] Client updating remote player 446469990, isLocal=Player_446469990
[PlayerController] Ignoring UpdateRemotePosition for local player 446469990
[PlayerController] Player 446469990 emitting PositionChanged signal at (951.4406, 216.94995)
[GameWorld] OnPlayerPositionChanged: Player 446469990 at (951.4406, 216.94995), IsServer=False
[GameWorld] Client sending position to server
[GameWorld] SyncPlayerPosition RPC received on peer 446469990: Player 446469990 at (949.0836, 219.30698)
[GameWorld] Current player controllers: 3, Keys: [446469990, 1, 1125268556]
[GameWorld] Client updating remote player 446469990, isLocal=Player_446469990
[PlayerController] Ignoring UpdateRemotePosition for local player 446469990
[PlayerController] Player 446469990 emitting PositionChanged signal at (953.7976, 214.59293)
[GameWorld] OnPlayerPositionChanged: Player 446469990 at (953.7976, 214.59293), IsServer=False
[GameWorld] Client sending position to server
[PlayerController] Player 446469990 emitting PositionChanged signal at (956.1546, 212.2359)
[GameWorld] OnPlayerPositionChanged: Player 446469990 at (956.1546, 212.2359), IsServer=False
[GameWorld] Client sending position to server
[GameWorld] SyncPlayerPosition RPC received on peer 446469990: Player 446469990 at (951.4406, 216.94995)
[GameWorld] Current player controllers: 3, Keys: [446469990, 1, 1125268556]
[GameWorld] Client updating remote player 446469990, isLocal=Player_446469990
[PlayerController] Ignoring UpdateRemotePosition for local player 446469990
[GameWorld] SyncPlayerPosition RPC received on peer 446469990: Player 446469990 at (953.7976, 214.59293)
[GameWorld] Current player controllers: 3, Keys: [446469990, 1, 1125268556]
[GameWorld] Client updating remote player 446469990, isLocal=Player_446469990
[PlayerController] Ignoring UpdateRemotePosition for local player 446469990
[PlayerController] Player 446469990 emitting PositionChanged signal at (958.5116, 209.87888)
[GameWorld] OnPlayerPositionChanged: Player 446469990 at (958.5116, 209.87888), IsServer=False
[GameWorld] Client sending position to server
[GameWorld] SyncPlayerPosition RPC received on peer 446469990: Player 446469990 at (956.1546, 212.2359)
[GameWorld] Current player controllers: 3, Keys: [446469990, 1, 1125268556]
[GameWorld] Client updating remote player 446469990, isLocal=Player_446469990
[PlayerController] Ignoring UpdateRemotePosition for local player 446469990
[PlayerController] Player 446469990 emitting PositionChanged signal at (960.8686, 207.52185)
[GameWorld] OnPlayerPositionChanged: Player 446469990 at (960.8686, 207.52185), IsServer=False
[GameWorld] Client sending position to server
[GameWorld] SyncPlayerPosition RPC received on peer 446469990: Player 446469990 at (958.5116, 209.87888)
[GameWorld] Current player controllers: 3, Keys: [446469990, 1, 1125268556]
[GameWorld] Client updating remote player 446469990, isLocal=Player_446469990
[PlayerController] Ignoring UpdateRemotePosition for local player 446469990
[PlayerController] Player 446469990 emitting PositionChanged signal at (963.2256, 205.16483)
[GameWorld] OnPlayerPositionChanged: Player 446469990 at (963.2256, 205.16483), IsServer=False
[GameWorld] Client sending position to server
[GameWorld] SyncPlayerPosition RPC received on peer 446469990: Player 446469990 at (960.8686, 207.52185)
[GameWorld] Current player controllers: 3, Keys: [446469990, 1, 1125268556]
[GameWorld] Client updating remote player 446469990, isLocal=Player_446469990
[PlayerController] Ignoring UpdateRemotePosition for local player 446469990
[PlayerController] Player 446469990 emitting PositionChanged signal at (965.5826, 202.8078)
[GameWorld] OnPlayerPositionChanged: Player 446469990 at (965.5826, 202.8078), IsServer=False
[GameWorld] Client sending position to server
[GameWorld] SyncPlayerPosition RPC received on peer 446469990: Player 446469990 at (963.2256, 205.16483)
[GameWorld] Current player controllers: 3, Keys: [446469990, 1, 1125268556]
[GameWorld] Client updating remote player 446469990, isLocal=Player_446469990
[PlayerController] Ignoring UpdateRemotePosition for local player 446469990
[PlayerController] Player 446469990 emitting PositionChanged signal at (965.5826, 199.47447)
[GameWorld] OnPlayerPositionChanged: Player 446469990 at (965.5826, 199.47447), IsServer=False
[GameWorld] Client sending position to server
[GameWorld] SyncPlayerPosition RPC received on peer 446469990: Player 446469990 at (965.5826, 202.8078)
[GameWorld] Current player controllers: 3, Keys: [446469990, 1, 1125268556]
[GameWorld] Client updating remote player 446469990, isLocal=Player_446469990
[PlayerController] Ignoring UpdateRemotePosition for local player 446469990
[GameWorld] SyncPlayerPosition RPC received on peer 446469990: Player 446469990 at (965.5826, 199.47447)
[GameWorld] Current player controllers: 3, Keys: [446469990, 1, 1125268556]
[GameWorld] Client updating remote player 446469990, isLocal=Player_446469990
[PlayerController] Ignoring UpdateRemotePosition for local player 446469990
[PlayerController] Player 446469990 emitting PositionChanged signal at (962.24927, 199.47447)
[GameWorld] OnPlayerPositionChanged: Player 446469990 at (962.24927, 199.47447), IsServer=False
[GameWorld] Client sending position to server
[GameWorld] SyncPlayerPosition RPC received on peer 446469990: Player 446469990 at (962.24927, 199.47447)
[GameWorld] Current player controllers: 3, Keys: [446469990, 1, 1125268556]
[GameWorld] Client updating remote player 446469990, isLocal=Player_446469990
[PlayerController] Ignoring UpdateRemotePosition for local player 446469990
[PlayerController] Player 446469990 emitting PositionChanged signal at (958.91595, 199.47447)
[GameWorld] OnPlayerPositionChanged: Player 446469990 at (958.91595, 199.47447), IsServer=False
[GameWorld] Client sending position to server
[PlayerController] Player 446469990 emitting PositionChanged signal at (955.58264, 199.47447)
[GameWorld] OnPlayerPositionChanged: Player 446469990 at (955.58264, 199.47447), IsServer=False
[GameWorld] Client sending position to server
[GameWorld] SyncPlayerPosition RPC received on peer 446469990: Player 446469990 at (958.91595, 199.47447)
[GameWorld] Current player controllers: 3, Keys: [446469990, 1, 1125268556]
[GameWorld] Client updating remote player 446469990, isLocal=Player_446469990
[PlayerController] Ignoring UpdateRemotePosition for local player 446469990
[PlayerController] Player 446469990 emitting PositionChanged signal at (952.2493, 199.47447)
[GameWorld] OnPlayerPositionChanged: Player 446469990 at (952.2493, 199.47447), IsServer=False
[GameWorld] Client sending position to server
[GameWorld] SyncPlayerPosition RPC received on peer 446469990: Player 446469990 at (955.58264, 199.47447)
[GameWorld] Current player controllers: 3, Keys: [446469990, 1, 1125268556]
[GameWorld] Client updating remote player 446469990, isLocal=Player_446469990
[PlayerController] Ignoring UpdateRemotePosition for local player 446469990
[PlayerController] Player 446469990 emitting PositionChanged signal at (948.916, 199.47447)
[GameWorld] OnPlayerPositionChanged: Player 446469990 at (948.916, 199.47447), IsServer=False
[GameWorld] Client sending position to server
[GameWorld] SyncPlayerPosition RPC received on peer 446469990: Player 446469990 at (952.2493, 199.47447)
[GameWorld] Current player controllers: 3, Keys: [446469990, 1, 1125268556]
[GameWorld] Client updating remote player 446469990, isLocal=Player_446469990
[PlayerController] Ignoring UpdateRemotePosition for local player 446469990
[PlayerController] Player 446469990 emitting PositionChanged signal at (945.5827, 199.47447)
[GameWorld] OnPlayerPositionChanged: Player 446469990 at (945.5827, 199.47447), IsServer=False
[GameWorld] Client sending position to server
[GameWorld] SyncPlayerPosition RPC received on peer 446469990: Player 446469990 at (948.916, 199.47447)
[GameWorld] Current player controllers: 3, Keys: [446469990, 1, 1125268556]
[GameWorld] Client updating remote player 446469990, isLocal=Player_446469990
[PlayerController] Ignoring UpdateRemotePosition for local player 446469990
[PlayerController] Player 446469990 emitting PositionChanged signal at (942.2494, 199.47447)
[GameWorld] OnPlayerPositionChanged: Player 446469990 at (942.2494, 199.47447), IsServer=False
[GameWorld] Client sending position to server
[GameWorld] SyncPlayerPosition RPC received on peer 446469990: Player 446469990 at (945.5827, 199.47447)
[GameWorld] Current player controllers: 3, Keys: [446469990, 1, 1125268556]
[GameWorld] Client updating remote player 446469990, isLocal=Player_446469990
[PlayerController] Ignoring UpdateRemotePosition for local player 446469990
[PlayerController] Player 446469990 emitting PositionChanged signal at (938.9161, 199.47447)
[GameWorld] OnPlayerPositionChanged: Player 446469990 at (938.9161, 199.47447), IsServer=False
[GameWorld] Client sending position to server
[GameWorld] SyncPlayerPosition RPC received on peer 446469990: Player 446469990 at (942.2494, 199.47447)
[GameWorld] Current player controllers: 3, Keys: [446469990, 1, 1125268556]
[GameWorld] Client updating remote player 446469990, isLocal=Player_446469990
[PlayerController] Ignoring UpdateRemotePosition for local player 446469990
[PlayerController] Player 446469990 emitting PositionChanged signal at (935.58276, 199.47447)
[GameWorld] OnPlayerPositionChanged: Player 446469990 at (935.58276, 199.47447), IsServer=False
[GameWorld] Client sending position to server
[GameWorld] SyncPlayerPosition RPC received on peer 446469990: Player 446469990 at (938.9161, 199.47447)
[GameWorld] Current player controllers: 3, Keys: [446469990, 1, 1125268556]
[GameWorld] Client updating remote player 446469990, isLocal=Player_446469990
[PlayerController] Ignoring UpdateRemotePosition for local player 446469990
[PlayerController] Player 446469990 emitting PositionChanged signal at (932.24945, 199.47447)
[GameWorld] OnPlayerPositionChanged: Player 446469990 at (932.24945, 199.47447), IsServer=False
[GameWorld] Client sending position to server
[GameWorld] SyncPlayerPosition RPC received on peer 446469990: Player 446469990 at (935.58276, 199.47447)
[GameWorld] Current player controllers: 3, Keys: [446469990, 1, 1125268556]
[GameWorld] Client updating remote player 446469990, isLocal=Player_446469990
[PlayerController] Ignoring UpdateRemotePosition for local player 446469990
[PlayerController] Player 446469990 emitting PositionChanged signal at (928.91614, 199.47447)
[GameWorld] OnPlayerPositionChanged: Player 446469990 at (928.91614, 199.47447), IsServer=False
[GameWorld] Client sending position to server
[GameWorld] SyncPlayerPosition RPC received on peer 446469990: Player 446469990 at (932.24945, 199.47447)
[GameWorld] Current player controllers: 3, Keys: [446469990, 1, 1125268556]
[GameWorld] Client updating remote player 446469990, isLocal=Player_446469990
[PlayerController] Ignoring UpdateRemotePosition for local player 446469990
[PlayerController] Player 446469990 emitting PositionChanged signal at (925.5828, 199.47447)
[GameWorld] OnPlayerPositionChanged: Player 446469990 at (925.5828, 199.47447), IsServer=False
[GameWorld] Client sending position to server
[GameWorld] SyncPlayerPosition RPC received on peer 446469990: Player 446469990 at (928.91614, 199.47447)
[GameWorld] Current player controllers: 3, Keys: [446469990, 1, 1125268556]
[GameWorld] Client updating remote player 446469990, isLocal=Player_446469990
[PlayerController] Ignoring UpdateRemotePosition for local player 446469990
[PlayerController] Player 446469990 emitting PositionChanged signal at (922.2495, 199.47447)
[GameWorld] OnPlayerPositionChanged: Player 446469990 at (922.2495, 199.47447), IsServer=False
[GameWorld] Client sending position to server
[GameWorld] SyncPlayerPosition RPC received on peer 446469990: Player 446469990 at (925.5828, 199.47447)
[GameWorld] Current player controllers: 3, Keys: [446469990, 1, 1125268556]
[GameWorld] Client updating remote player 446469990, isLocal=Player_446469990
[PlayerController] Ignoring UpdateRemotePosition for local player 446469990
[PlayerController] Player 446469990 emitting PositionChanged signal at (918.9162, 199.47447)
[GameWorld] OnPlayerPositionChanged: Player 446469990 at (918.9162, 199.47447), IsServer=False
[GameWorld] Client sending position to server
[GameWorld] SyncPlayerPosition RPC received on peer 446469990: Player 446469990 at (922.2495, 199.47447)
[GameWorld] Current player controllers: 3, Keys: [446469990, 1, 1125268556]
[GameWorld] Client updating remote player 446469990, isLocal=Player_446469990
[PlayerController] Ignoring UpdateRemotePosition for local player 446469990
[PlayerController] Player 446469990 emitting PositionChanged signal at (915.5829, 199.47447)
[GameWorld] OnPlayerPositionChanged: Player 446469990 at (915.5829, 199.47447), IsServer=False
[GameWorld] Client sending position to server
[GameWorld] SyncPlayerPosition RPC received on peer 446469990: Player 446469990 at (918.9162, 199.47447)
[GameWorld] Current player controllers: 3, Keys: [446469990, 1, 1125268556]
[GameWorld] Client updating remote player 446469990, isLocal=Player_446469990
[PlayerController] Ignoring UpdateRemotePosition for local player 446469990
[PlayerController] Player 446469990 emitting PositionChanged signal at (912.2496, 199.47447)
[GameWorld] OnPlayerPositionChanged: Player 446469990 at (912.2496, 199.47447), IsServer=False
[GameWorld] Client sending position to server
[GameWorld] SyncPlayerPosition RPC received on peer 446469990: Player 446469990 at (915.5829, 199.47447)
[GameWorld] Current player controllers: 3, Keys: [446469990, 1, 1125268556]
[GameWorld] Client updating remote player 446469990, isLocal=Player_446469990
[PlayerController] Ignoring UpdateRemotePosition for local player 446469990
[PlayerController] Player 446469990 emitting PositionChanged signal at (908.91626, 199.47447)
[GameWorld] OnPlayerPositionChanged: Player 446469990 at (908.91626, 199.47447), IsServer=False
[GameWorld] Client sending position to server
[GameWorld] SyncPlayerPosition RPC received on peer 446469990: Player 446469990 at (912.2496, 199.47447)
[GameWorld] Current player controllers: 3, Keys: [446469990, 1, 1125268556]
[GameWorld] Client updating remote player 446469990, isLocal=Player_446469990
[PlayerController] Ignoring UpdateRemotePosition for local player 446469990
[PlayerController] Player 446469990 emitting PositionChanged signal at (905.58295, 199.47447)
[GameWorld] OnPlayerPositionChanged: Player 446469990 at (905.58295, 199.47447), IsServer=False
[GameWorld] Client sending position to server
[PlayerController] Player 446469990 emitting PositionChanged signal at (902.24963, 199.47447)
[GameWorld] OnPlayerPositionChanged: Player 446469990 at (902.24963, 199.47447), IsServer=False
[GameWorld] Client sending position to server
[GameWorld] SyncPlayerPosition RPC received on peer 446469990: Player 446469990 at (908.91626, 199.47447)
[GameWorld] Current player controllers: 3, Keys: [446469990, 1, 1125268556]
[GameWorld] Client updating remote player 446469990, isLocal=Player_446469990
[PlayerController] Ignoring UpdateRemotePosition for local player 446469990
[GameWorld] SyncPlayerPosition RPC received on peer 446469990: Player 446469990 at (905.58295, 199.47447)
[GameWorld] Current player controllers: 3, Keys: [446469990, 1, 1125268556]
[GameWorld] Client updating remote player 446469990, isLocal=Player_446469990
[PlayerController] Ignoring UpdateRemotePosition for local player 446469990
[PlayerController] Player 446469990 emitting PositionChanged signal at (898.9163, 199.47447)
[GameWorld] OnPlayerPositionChanged: Player 446469990 at (898.9163, 199.47447), IsServer=False
[GameWorld] Client sending position to server
[GameWorld] SyncPlayerPosition RPC received on peer 446469990: Player 446469990 at (902.24963, 199.47447)
[GameWorld] Current player controllers: 3, Keys: [446469990, 1, 1125268556]
[GameWorld] Client updating remote player 446469990, isLocal=Player_446469990
[PlayerController] Ignoring UpdateRemotePosition for local player 446469990
[PlayerController] Player 446469990 emitting PositionChanged signal at (895.583, 199.47447)
[GameWorld] OnPlayerPositionChanged: Player 446469990 at (895.583, 199.47447), IsServer=False
[GameWorld] Client sending position to server
[GameWorld] SyncPlayerPosition RPC received on peer 446469990: Player 446469990 at (898.9163, 199.47447)
[GameWorld] Current player controllers: 3, Keys: [446469990, 1, 1125268556]
[GameWorld] Client updating remote player 446469990, isLocal=Player_446469990
[PlayerController] Ignoring UpdateRemotePosition for local player 446469990
[PlayerController] Player 446469990 emitting PositionChanged signal at (892.2497, 199.47447)
[GameWorld] OnPlayerPositionChanged: Player 446469990 at (892.2497, 199.47447), IsServer=False
[GameWorld] Client sending position to server
[GameWorld] SyncPlayerPosition RPC received on peer 446469990: Player 446469990 at (895.583, 199.47447)
[GameWorld] Current player controllers: 3, Keys: [446469990, 1, 1125268556]
[GameWorld] Client updating remote player 446469990, isLocal=Player_446469990
[PlayerController] Ignoring UpdateRemotePosition for local player 446469990
[PlayerController] Player 446469990 emitting PositionChanged signal at (888.9164, 199.47447)
[GameWorld] OnPlayerPositionChanged: Player 446469990 at (888.9164, 199.47447), IsServer=False
[GameWorld] Client sending position to server
[GameWorld] SyncPlayerPosition RPC received on peer 446469990: Player 446469990 at (892.2497, 199.47447)
[GameWorld] Current player controllers: 3, Keys: [446469990, 1, 1125268556]
[GameWorld] Client updating remote player 446469990, isLocal=Player_446469990
[PlayerController] Ignoring UpdateRemotePosition for local player 446469990
[PlayerController] Player 446469990 emitting PositionChanged signal at (885.58307, 199.47447)
[GameWorld] OnPlayerPositionChanged: Player 446469990 at (885.58307, 199.47447), IsServer=False
[GameWorld] Client sending position to server
[GameWorld] SyncPlayerPosition RPC received on peer 446469990: Player 446469990 at (888.9164, 199.47447)
[GameWorld] Current player controllers: 3, Keys: [446469990, 1, 1125268556]
[GameWorld] Client updating remote player 446469990, isLocal=Player_446469990
[PlayerController] Ignoring UpdateRemotePosition for local player 446469990
[PlayerController] Player 446469990 emitting PositionChanged signal at (882.24976, 199.47447)
[GameWorld] OnPlayerPositionChanged: Player 446469990 at (882.24976, 199.47447), IsServer=False
[GameWorld] Client sending position to server
[GameWorld] SyncPlayerPosition RPC received on peer 446469990: Player 446469990 at (885.58307, 199.47447)
[GameWorld] Current player controllers: 3, Keys: [446469990, 1, 1125268556]
[GameWorld] Client updating remote player 446469990, isLocal=Player_446469990
[PlayerController] Ignoring UpdateRemotePosition for local player 446469990
[PlayerController] Player 446469990 emitting PositionChanged signal at (878.91644, 199.47447)
[GameWorld] OnPlayerPositionChanged: Player 446469990 at (878.91644, 199.47447), IsServer=False
[GameWorld] Client sending position to server
[GameWorld] SyncPlayerPosition RPC received on peer 446469990: Player 446469990 at (882.24976, 199.47447)
[GameWorld] Current player controllers: 3, Keys: [446469990, 1, 1125268556]
[GameWorld] Client updating remote player 446469990, isLocal=Player_446469990
[PlayerController] Ignoring UpdateRemotePosition for local player 446469990
[PlayerController] Player 446469990 emitting PositionChanged signal at (875.5831, 199.47447)
[GameWorld] OnPlayerPositionChanged: Player 446469990 at (875.5831, 199.47447), IsServer=False
[GameWorld] Client sending position to server
[GameWorld] SyncPlayerPosition RPC received on peer 446469990: Player 446469990 at (878.91644, 199.47447)
[GameWorld] Current player controllers: 3, Keys: [446469990, 1, 1125268556]
[GameWorld] Client updating remote player 446469990, isLocal=Player_446469990
[PlayerController] Ignoring UpdateRemotePosition for local player 446469990
[PlayerController] Player 446469990 emitting PositionChanged signal at (872.2498, 199.47447)
[GameWorld] OnPlayerPositionChanged: Player 446469990 at (872.2498, 199.47447), IsServer=False
[GameWorld] Client sending position to server
[GameWorld] SyncPlayerPosition RPC received on peer 446469990: Player 446469990 at (875.5831, 199.47447)
[GameWorld] Current player controllers: 3, Keys: [446469990, 1, 1125268556]
[GameWorld] Client updating remote player 446469990, isLocal=Player_446469990
[PlayerController] Ignoring UpdateRemotePosition for local player 446469990
[PlayerController] Player 446469990 emitting PositionChanged signal at (868.9165, 199.47447)
[GameWorld] OnPlayerPositionChanged: Player 446469990 at (868.9165, 199.47447), IsServer=False
[GameWorld] Client sending position to server
[GameWorld] SyncPlayerPosition RPC received on peer 446469990: Player 446469990 at (872.2498, 199.47447)
[GameWorld] Current player controllers: 3, Keys: [446469990, 1, 1125268556]
[GameWorld] Client updating remote player 446469990, isLocal=Player_446469990
[PlayerController] Ignoring UpdateRemotePosition for local player 446469990
[PlayerController] Player 446469990 emitting PositionChanged signal at (865.5832, 199.47447)
[GameWorld] OnPlayerPositionChanged: Player 446469990 at (865.5832, 199.47447), IsServer=False
[GameWorld] Client sending position to server
[GameWorld] SyncPlayerPosition RPC received on peer 446469990: Player 446469990 at (868.9165, 199.47447)
[GameWorld] Current player controllers: 3, Keys: [446469990, 1, 1125268556]
[GameWorld] Client updating remote player 446469990, isLocal=Player_446469990
[PlayerController] Ignoring UpdateRemotePosition for local player 446469990
[PlayerController] Player 446469990 emitting PositionChanged signal at (862.2499, 199.47447)
[GameWorld] OnPlayerPositionChanged: Player 446469990 at (862.2499, 199.47447), IsServer=False
[GameWorld] Client sending position to server
[GameWorld] SyncPlayerPosition RPC received on peer 446469990: Player 446469990 at (865.5832, 199.47447)
[GameWorld] Current player controllers: 3, Keys: [446469990, 1, 1125268556]
[GameWorld] Client updating remote player 446469990, isLocal=Player_446469990
[PlayerController] Ignoring UpdateRemotePosition for local player 446469990
[PlayerController] Player 446469990 emitting PositionChanged signal at (858.91656, 199.47447)
[GameWorld] OnPlayerPositionChanged: Player 446469990 at (858.91656, 199.47447), IsServer=False
[GameWorld] Client sending position to server
[GameWorld] SyncPlayerPosition RPC received on peer 446469990: Player 446469990 at (862.2499, 199.47447)
[GameWorld] Current player controllers: 3, Keys: [446469990, 1, 1125268556]
[GameWorld] Client updating remote player 446469990, isLocal=Player_446469990
[PlayerController] Ignoring UpdateRemotePosition for local player 446469990
Body exited Rebecca: Player_446469990
[PlayerController] Player 446469990 emitting PositionChanged signal at (855.58325, 199.47447)
[GameWorld] OnPlayerPositionChanged: Player 446469990 at (855.58325, 199.47447), IsServer=False
[GameWorld] Client sending position to server
[GameWorld] SyncPlayerPosition RPC received on peer 446469990: Player 446469990 at (858.91656, 199.47447)
[GameWorld] Current player controllers: 3, Keys: [446469990, 1, 1125268556]
[GameWorld] Client updating remote player 446469990, isLocal=Player_446469990
[PlayerController] Ignoring UpdateRemotePosition for local player 446469990
[PlayerController] Player 446469990 emitting PositionChanged signal at (852.24994, 199.47447)
[GameWorld] OnPlayerPositionChanged: Player 446469990 at (852.24994, 199.47447), IsServer=False
[GameWorld] Client sending position to server
[GameWorld] SyncPlayerPosition RPC received on peer 446469990: Player 446469990 at (855.58325, 199.47447)
[GameWorld] Current player controllers: 3, Keys: [446469990, 1, 1125268556]
[GameWorld] Client updating remote player 446469990, isLocal=Player_446469990
[PlayerController] Ignoring UpdateRemotePosition for local player 446469990
[PlayerController] Player 446469990 emitting PositionChanged signal at (848.9166, 199.47447)
[GameWorld] OnPlayerPositionChanged: Player 446469990 at (848.9166, 199.47447), IsServer=False
[GameWorld] Client sending position to server
[GameWorld] SyncPlayerPosition RPC received on peer 446469990: Player 446469990 at (852.24994, 199.47447)
[GameWorld] Current player controllers: 3, Keys: [446469990, 1, 1125268556]
[GameWorld] Client updating remote player 446469990, isLocal=Player_446469990
[PlayerController] Ignoring UpdateRemotePosition for local player 446469990
[PlayerController] Player 446469990 emitting PositionChanged signal at (845.5833, 199.47447)
[GameWorld] OnPlayerPositionChanged: Player 446469990 at (845.5833, 199.47447), IsServer=False
[GameWorld] Client sending position to server
[GameWorld] SyncPlayerPosition RPC received on peer 446469990: Player 446469990 at (848.9166, 199.47447)
[GameWorld] Current player controllers: 3, Keys: [446469990, 1, 1125268556]
[GameWorld] Client updating remote player 446469990, isLocal=Player_446469990
[PlayerController] Ignoring UpdateRemotePosition for local player 446469990
[PlayerController] Player 446469990 emitting PositionChanged signal at (842.25, 199.47447)
[GameWorld] OnPlayerPositionChanged: Player 446469990 at (842.25, 199.47447), IsServer=False
[GameWorld] Client sending position to server
[GameWorld] SyncPlayerPosition RPC received on peer 446469990: Player 446469990 at (845.5833, 199.47447)
[GameWorld] Current player controllers: 3, Keys: [446469990, 1, 1125268556]
[GameWorld] Client updating remote player 446469990, isLocal=Player_446469990
[PlayerController] Ignoring UpdateRemotePosition for local player 446469990
[PlayerController] Player 446469990 emitting PositionChanged signal at (838.9167, 199.47447)
[GameWorld] OnPlayerPositionChanged: Player 446469990 at (838.9167, 199.47447), IsServer=False
[GameWorld] Client sending position to server
[GameWorld] SyncPlayerPosition RPC received on peer 446469990: Player 446469990 at (842.25, 199.47447)
[GameWorld] Current player controllers: 3, Keys: [446469990, 1, 1125268556]
[GameWorld] Client updating remote player 446469990, isLocal=Player_446469990
[PlayerController] Ignoring UpdateRemotePosition for local player 446469990
[PlayerController] Player 446469990 emitting PositionChanged signal at (835.5834, 199.47447)
[GameWorld] OnPlayerPositionChanged: Player 446469990 at (835.5834, 199.47447), IsServer=False
[GameWorld] Client sending position to server
[GameWorld] SyncPlayerPosition RPC received on peer 446469990: Player 446469990 at (838.9167, 199.47447)
[GameWorld] Current player controllers: 3, Keys: [446469990, 1, 1125268556]
[GameWorld] Client updating remote player 446469990, isLocal=Player_446469990
[PlayerController] Ignoring UpdateRemotePosition for local player 446469990
[PlayerController] Player 446469990 emitting PositionChanged signal at (832.25006, 199.47447)
[GameWorld] OnPlayerPositionChanged: Player 446469990 at (832.25006, 199.47447), IsServer=False
[GameWorld] Client sending position to server
[GameWorld] SyncPlayerPosition RPC received on peer 446469990: Player 446469990 at (835.5834, 199.47447)
[GameWorld] Current player controllers: 3, Keys: [446469990, 1, 1125268556]
[GameWorld] Client updating remote player 446469990, isLocal=Player_446469990
[PlayerController] Ignoring UpdateRemotePosition for local player 446469990
[PlayerController] Player 446469990 emitting PositionChanged signal at (828.91675, 199.47447)
[GameWorld] OnPlayerPositionChanged: Player 446469990 at (828.91675, 199.47447), IsServer=False
[GameWorld] Client sending position to server
[PlayerController] Player 446469990 emitting PositionChanged signal at (825.58344, 199.47447)
[GameWorld] OnPlayerPositionChanged: Player 446469990 at (825.58344, 199.47447), IsServer=False
[GameWorld] Client sending position to server
[GameWorld] SyncPlayerPosition RPC received on peer 446469990: Player 446469990 at (832.25006, 199.47447)
[GameWorld] Current player controllers: 3, Keys: [446469990, 1, 1125268556]
[GameWorld] Client updating remote player 446469990, isLocal=Player_446469990
[PlayerController] Ignoring UpdateRemotePosition for local player 446469990
[GameWorld] SyncPlayerPosition RPC received on peer 446469990: Player 446469990 at (828.91675, 199.47447)
[GameWorld] Current player controllers: 3, Keys: [446469990, 1, 1125268556]
[GameWorld] Client updating remote player 446469990, isLocal=Player_446469990
[PlayerController] Ignoring UpdateRemotePosition for local player 446469990
[PlayerController] Player 446469990 emitting PositionChanged signal at (822.2501, 199.47447)
[GameWorld] OnPlayerPositionChanged: Player 446469990 at (822.2501, 199.47447), IsServer=False
[GameWorld] Client sending position to server
[GameWorld] SyncPlayerPosition RPC received on peer 446469990: Player 446469990 at (825.58344, 199.47447)
[GameWorld] Current player controllers: 3, Keys: [446469990, 1, 1125268556]
[GameWorld] Client updating remote player 446469990, isLocal=Player_446469990
[PlayerController] Ignoring UpdateRemotePosition for local player 446469990
[PlayerController] Player 446469990 emitting PositionChanged signal at (818.9168, 199.47447)
[GameWorld] OnPlayerPositionChanged: Player 446469990 at (818.9168, 199.47447), IsServer=False
[GameWorld] Client sending position to server
[GameWorld] SyncPlayerPosition RPC received on peer 446469990: Player 446469990 at (822.2501, 199.47447)
[GameWorld] Current player controllers: 3, Keys: [446469990, 1, 1125268556]
[GameWorld] Client updating remote player 446469990, isLocal=Player_446469990
[PlayerController] Ignoring UpdateRemotePosition for local player 446469990
[PlayerController] Player 446469990 emitting PositionChanged signal at (815.5835, 199.47447)
[GameWorld] OnPlayerPositionChanged: Player 446469990 at (815.5835, 199.47447), IsServer=False
[GameWorld] Client sending position to server
[GameWorld] SyncPlayerPosition RPC received on peer 446469990: Player 446469990 at (818.9168, 199.47447)
[GameWorld] Current player controllers: 3, Keys: [446469990, 1, 1125268556]
[GameWorld] Client updating remote player 446469990, isLocal=Player_446469990
[PlayerController] Ignoring UpdateRemotePosition for local player 446469990
[PlayerController] Player 446469990 emitting PositionChanged signal at (812.2502, 199.47447)
[GameWorld] OnPlayerPositionChanged: Player 446469990 at (812.2502, 199.47447), IsServer=False
[GameWorld] Client sending position to server
[GameWorld] SyncPlayerPosition RPC received on peer 446469990: Player 446469990 at (815.5835, 199.47447)
[GameWorld] Current player controllers: 3, Keys: [446469990, 1, 1125268556]
[GameWorld] Client updating remote player 446469990, isLocal=Player_446469990
[PlayerController] Ignoring UpdateRemotePosition for local player 446469990
[PlayerController] Player 446469990 emitting PositionChanged signal at (808.9169, 199.47447)
[GameWorld] OnPlayerPositionChanged: Player 446469990 at (808.9169, 199.47447), IsServer=False
[GameWorld] Client sending position to server
[GameWorld] SyncPlayerPosition RPC received on peer 446469990: Player 446469990 at (812.2502, 199.47447)
[GameWorld] Current player controllers: 3, Keys: [446469990, 1, 1125268556]
[GameWorld] Client updating remote player 446469990, isLocal=Player_446469990
[PlayerController] Ignoring UpdateRemotePosition for local player 446469990
[PlayerController] Player 446469990 emitting PositionChanged signal at (805.58356, 199.47447)
[GameWorld] OnPlayerPositionChanged: Player 446469990 at (805.58356, 199.47447), IsServer=False
[GameWorld] Client sending position to server
[GameWorld] SyncPlayerPosition RPC received on peer 446469990: Player 446469990 at (808.9169, 199.47447)
[GameWorld] Current player controllers: 3, Keys: [446469990, 1, 1125268556]
[GameWorld] Client updating remote player 446469990, isLocal=Player_446469990
[PlayerController] Ignoring UpdateRemotePosition for local player 446469990
[PlayerController] Player 446469990 emitting PositionChanged signal at (802.25024, 199.47447)
[GameWorld] OnPlayerPositionChanged: Player 446469990 at (802.25024, 199.47447), IsServer=False
[GameWorld] Client sending position to server
[GameWorld] SyncPlayerPosition RPC received on peer 446469990: Player 446469990 at (805.58356, 199.47447)
[GameWorld] Current player controllers: 3, Keys: [446469990, 1, 1125268556]
[GameWorld] Client updating remote player 446469990, isLocal=Player_446469990
[PlayerController] Ignoring UpdateRemotePosition for local player 446469990
[PlayerController] Player 446469990 emitting PositionChanged signal at (798.91693, 199.47447)
[GameWorld] OnPlayerPositionChanged: Player 446469990 at (798.91693, 199.47447), IsServer=False
[GameWorld] Client sending position to server
[GameWorld] SyncPlayerPosition RPC received on peer 446469990: Player 446469990 at (802.25024, 199.47447)
[GameWorld] Current player controllers: 3, Keys: [446469990, 1, 1125268556]
[GameWorld] Client updating remote player 446469990, isLocal=Player_446469990
[PlayerController] Ignoring UpdateRemotePosition for local player 446469990
[PlayerController] Player 446469990 emitting PositionChanged signal at (795.5836, 199.47447)
[GameWorld] OnPlayerPositionChanged: Player 446469990 at (795.5836, 199.47447), IsServer=False
[GameWorld] Client sending position to server
[GameWorld] SyncPlayerPosition RPC received on peer 446469990: Player 446469990 at (798.91693, 199.47447)
[GameWorld] Current player controllers: 3, Keys: [446469990, 1, 1125268556]
[GameWorld] Client updating remote player 446469990, isLocal=Player_446469990
[PlayerController] Ignoring UpdateRemotePosition for local player 446469990
[PlayerController] Player 446469990 emitting PositionChanged signal at (792.2503, 199.47447)
[GameWorld] OnPlayerPositionChanged: Player 446469990 at (792.2503, 199.47447), IsServer=False
[GameWorld] Client sending position to server
[GameWorld] SyncPlayerPosition RPC received on peer 446469990: Player 446469990 at (795.5836, 199.47447)
[GameWorld] Current player controllers: 3, Keys: [446469990, 1, 1125268556]
[GameWorld] Client updating remote player 446469990, isLocal=Player_446469990
[PlayerController] Ignoring UpdateRemotePosition for local player 446469990
[PlayerController] Player 446469990 emitting PositionChanged signal at (788.917, 199.47447)
[GameWorld] OnPlayerPositionChanged: Player 446469990 at (788.917, 199.47447), IsServer=False
[GameWorld] Client sending position to server
[GameWorld] SyncPlayerPosition RPC received on peer 446469990: Player 446469990 at (792.2503, 199.47447)
[GameWorld] Current player controllers: 3, Keys: [446469990, 1, 1125268556]
[GameWorld] Client updating remote player 446469990, isLocal=Player_446469990
[PlayerController] Ignoring UpdateRemotePosition for local player 446469990
[PlayerController] Player 446469990 emitting PositionChanged signal at (785.5837, 199.47447)
[GameWorld] OnPlayerPositionChanged: Player 446469990 at (785.5837, 199.47447), IsServer=False
[GameWorld] Client sending position to server
[GameWorld] SyncPlayerPosition RPC received on peer 446469990: Player 446469990 at (788.917, 199.47447)
[GameWorld] Current player controllers: 3, Keys: [446469990, 1, 1125268556]
[GameWorld] Client updating remote player 446469990, isLocal=Player_446469990
[PlayerController] Ignoring UpdateRemotePosition for local player 446469990
[PlayerController] Player 446469990 emitting PositionChanged signal at (782.25037, 199.47447)
[GameWorld] OnPlayerPositionChanged: Player 446469990 at (782.25037, 199.47447), IsServer=False
[GameWorld] Client sending position to server
[GameWorld] SyncPlayerPosition RPC received on peer 446469990: Player 446469990 at (785.5837, 199.47447)
[GameWorld] Current player controllers: 3, Keys: [446469990, 1, 1125268556]
[GameWorld] Client updating remote player 446469990, isLocal=Player_446469990
[PlayerController] Ignoring UpdateRemotePosition for local player 446469990
[PlayerController] Player 446469990 emitting PositionChanged signal at (778.91705, 199.47447)
[GameWorld] OnPlayerPositionChanged: Player 446469990 at (778.91705, 199.47447), IsServer=False
[GameWorld] Client sending position to server
[GameWorld] SyncPlayerPosition RPC received on peer 446469990: Player 446469990 at (782.25037, 199.47447)
[GameWorld] Current player controllers: 3, Keys: [446469990, 1, 1125268556]
[GameWorld] Client updating remote player 446469990, isLocal=Player_446469990
[PlayerController] Ignoring UpdateRemotePosition for local player 446469990
[PlayerController] Player 446469990 emitting PositionChanged signal at (775.58374, 199.47447)
[GameWorld] OnPlayerPositionChanged: Player 446469990 at (775.58374, 199.47447), IsServer=False
[GameWorld] Client sending position to server
[GameWorld] SyncPlayerPosition RPC received on peer 446469990: Player 446469990 at (778.91705, 199.47447)
[GameWorld] Current player controllers: 3, Keys: [446469990, 1, 1125268556]
[GameWorld] Client updating remote player 446469990, isLocal=Player_446469990
[PlayerController] Ignoring UpdateRemotePosition for local player 446469990
[PlayerController] Player 446469990 emitting PositionChanged signal at (772.2504, 199.47447)
[GameWorld] OnPlayerPositionChanged: Player 446469990 at (772.2504, 199.47447), IsServer=False
[GameWorld] Client sending position to server
[GameWorld] SyncPlayerPosition RPC received on peer 446469990: Player 446469990 at (775.58374, 199.47447)
[GameWorld] Current player controllers: 3, Keys: [446469990, 1, 1125268556]
[GameWorld] Client updating remote player 446469990, isLocal=Player_446469990
[PlayerController] Ignoring UpdateRemotePosition for local player 446469990
[PlayerController] Player 446469990 emitting PositionChanged signal at (768.9171, 199.47447)
[GameWorld] OnPlayerPositionChanged: Player 446469990 at (768.9171, 199.47447), IsServer=False
[GameWorld] Client sending position to server
[GameWorld] SyncPlayerPosition RPC received on peer 446469990: Player 446469990 at (772.2504, 199.47447)
[GameWorld] Current player controllers: 3, Keys: [446469990, 1, 1125268556]
[GameWorld] Client updating remote player 446469990, isLocal=Player_446469990
[PlayerController] Ignoring UpdateRemotePosition for local player 446469990
[PlayerController] Player 446469990 emitting PositionChanged signal at (765.5838, 199.47447)
[GameWorld] OnPlayerPositionChanged: Player 446469990 at (765.5838, 199.47447), IsServer=False
[GameWorld] Client sending position to server
[GameWorld] SyncPlayerPosition RPC received on peer 446469990: Player 446469990 at (768.9171, 199.47447)
[GameWorld] Current player controllers: 3, Keys: [446469990, 1, 1125268556]
[GameWorld] Client updating remote player 446469990, isLocal=Player_446469990
[PlayerController] Ignoring UpdateRemotePosition for local player 446469990
[PlayerController] Player 446469990 emitting PositionChanged signal at (762.2505, 199.47447)
[GameWorld] OnPlayerPositionChanged: Player 446469990 at (762.2505, 199.47447), IsServer=False
[GameWorld] Client sending position to server
[GameWorld] SyncPlayerPosition RPC received on peer 446469990: Player 446469990 at (765.5838, 199.47447)
[GameWorld] Current player controllers: 3, Keys: [446469990, 1, 1125268556]
[GameWorld] Client updating remote player 446469990, isLocal=Player_446469990
[PlayerController] Ignoring UpdateRemotePosition for local player 446469990
[PlayerController] Player 446469990 emitting PositionChanged signal at (758.9172, 199.47447)
[GameWorld] OnPlayerPositionChanged: Player 446469990 at (758.9172, 199.47447), IsServer=False
[GameWorld] Client sending position to server
[GameWorld] SyncPlayerPosition RPC received on peer 446469990: Player 446469990 at (762.2505, 199.47447)
[GameWorld] Current player controllers: 3, Keys: [446469990, 1, 1125268556]
[GameWorld] Client updating remote player 446469990, isLocal=Player_446469990
[PlayerController] Ignoring UpdateRemotePosition for local player 446469990
[PlayerController] Player 446469990 emitting PositionChanged signal at (755.58386, 199.47447)
[GameWorld] OnPlayerPositionChanged: Player 446469990 at (755.58386, 199.47447), IsServer=False
[GameWorld] Client sending position to server
[GameWorld] SyncPlayerPosition RPC received on peer 446469990: Player 446469990 at (758.9172, 199.47447)
[GameWorld] Current player controllers: 3, Keys: [446469990, 1, 1125268556]
[GameWorld] Client updating remote player 446469990, isLocal=Player_446469990
[PlayerController] Ignoring UpdateRemotePosition for local player 446469990
[PlayerController] Player 446469990 emitting PositionChanged signal at (752.25055, 199.47447)
[GameWorld] OnPlayerPositionChanged: Player 446469990 at (752.25055, 199.47447), IsServer=False
[GameWorld] Client sending position to server
[GameWorld] SyncPlayerPosition RPC received on peer 446469990: Player 446469990 at (755.58386, 199.47447)
[GameWorld] Current player controllers: 3, Keys: [446469990, 1, 1125268556]
[GameWorld] Client updating remote player 446469990, isLocal=Player_446469990
[PlayerController] Ignoring UpdateRemotePosition for local player 446469990
[PlayerController] Player 446469990 emitting PositionChanged signal at (748.91724, 199.47447)
[GameWorld] OnPlayerPositionChanged: Player 446469990 at (748.91724, 199.47447), IsServer=False
[GameWorld] Client sending position to server
[GameWorld] SyncPlayerPosition RPC received on peer 446469990: Player 446469990 at (752.25055, 199.47447)
[GameWorld] Current player controllers: 3, Keys: [446469990, 1, 1125268556]
[GameWorld] Client updating remote player 446469990, isLocal=Player_446469990
[PlayerController] Ignoring UpdateRemotePosition for local player 446469990
[PlayerController] Player 446469990 emitting PositionChanged signal at (745.5839, 199.47447)
[GameWorld] OnPlayerPositionChanged: Player 446469990 at (745.5839, 199.47447), IsServer=False
[GameWorld] Client sending position to server
[GameWorld] SyncPlayerPosition RPC received on peer 446469990: Player 446469990 at (748.91724, 199.47447)
[GameWorld] Current player controllers: 3, Keys: [446469990, 1, 1125268556]
[GameWorld] Client updating remote player 446469990, isLocal=Player_446469990
[PlayerController] Ignoring UpdateRemotePosition for local player 446469990
[PlayerController] Player 446469990 emitting PositionChanged signal at (742.2506, 199.47447)
[GameWorld] OnPlayerPositionChanged: Player 446469990 at (742.2506, 199.47447), IsServer=False
[GameWorld] Client sending position to server
[PlayerController] Player 446469990 emitting PositionChanged signal at (738.9173, 199.47447)
[GameWorld] OnPlayerPositionChanged: Player 446469990 at (738.9173, 199.47447), IsServer=False
[GameWorld] Client sending position to server
[GameWorld] SyncPlayerPosition RPC received on peer 446469990: Player 446469990 at (745.5839, 199.47447)
[GameWorld] Current player controllers: 3, Keys: [446469990, 1, 1125268556]
[GameWorld] Client updating remote player 446469990, isLocal=Player_446469990
[PlayerController] Ignoring UpdateRemotePosition for local player 446469990
[GameWorld] SyncPlayerPosition RPC received on peer 446469990: Player 446469990 at (742.2506, 199.47447)
[GameWorld] Current player controllers: 3, Keys: [446469990, 1, 1125268556]
[GameWorld] Client updating remote player 446469990, isLocal=Player_446469990
[PlayerController] Ignoring UpdateRemotePosition for local player 446469990
[PlayerController] Player 446469990 emitting PositionChanged signal at (735.584, 199.47447)
[GameWorld] OnPlayerPositionChanged: Player 446469990 at (735.584, 199.47447), IsServer=False
[GameWorld] Client sending position to server
[GameWorld] SyncPlayerPosition RPC received on peer 446469990: Player 446469990 at (738.9173, 199.47447)
[GameWorld] Current player controllers: 3, Keys: [446469990, 1, 1125268556]
[GameWorld] Client updating remote player 446469990, isLocal=Player_446469990
[PlayerController] Ignoring UpdateRemotePosition for local player 446469990
[PlayerController] Player 446469990 emitting PositionChanged signal at (732.2507, 199.47447)
[GameWorld] OnPlayerPositionChanged: Player 446469990 at (732.2507, 199.47447), IsServer=False
[GameWorld] Client sending position to server
[GameWorld] SyncPlayerPosition RPC received on peer 446469990: Player 446469990 at (735.584, 199.47447)
[GameWorld] Current player controllers: 3, Keys: [446469990, 1, 1125268556]
[GameWorld] Client updating remote player 446469990, isLocal=Player_446469990
[PlayerController] Ignoring UpdateRemotePosition for local player 446469990
Body entered John: Player_446469990
Local player entered John range. Auto-interacting.
GameWorld received OnNPCClicked for john. Current Role: 'Producer'
[PlayerController] Player 446469990 emitting PositionChanged signal at (728.91736, 199.47447)
[GameWorld] OnPlayerPositionChanged: Player 446469990 at (728.91736, 199.47447), IsServer=False
[GameWorld] Client sending position to server
[GameWorld] SyncPlayerPosition RPC received on peer 446469990: Player 446469990 at (732.2507, 199.47447)
[GameWorld] Current player controllers: 3, Keys: [446469990, 1, 1125268556]
[GameWorld] Client updating remote player 446469990, isLocal=Player_446469990
[PlayerController] Ignoring UpdateRemotePosition for local player 446469990
[PlayerController] Player 446469990 emitting PositionChanged signal at (725.58405, 199.47447)
[GameWorld] OnPlayerPositionChanged: Player 446469990 at (725.58405, 199.47447), IsServer=False
[GameWorld] Client sending position to server
[GameWorld] SyncPlayerPosition RPC received on peer 446469990: Player 446469990 at (728.91736, 199.47447)
[GameWorld] Current player controllers: 3, Keys: [446469990, 1, 1125268556]
[GameWorld] Client updating remote player 446469990, isLocal=Player_446469990
[PlayerController] Ignoring UpdateRemotePosition for local player 446469990
[PlayerController] Player 446469990 emitting PositionChanged signal at (722.25073, 199.47447)
[GameWorld] OnPlayerPositionChanged: Player 446469990 at (722.25073, 199.47447), IsServer=False
[GameWorld] Client sending position to server
[GameWorld] SyncPlayerPosition RPC received on peer 446469990: Player 446469990 at (725.58405, 199.47447)
[GameWorld] Current player controllers: 3, Keys: [446469990, 1, 1125268556]
[GameWorld] Client updating remote player 446469990, isLocal=Player_446469990
[PlayerController] Ignoring UpdateRemotePosition for local player 446469990
[PlayerController] Player 446469990 emitting PositionChanged signal at (718.9174, 199.47447)
[GameWorld] OnPlayerPositionChanged: Player 446469990 at (718.9174, 199.47447), IsServer=False
[GameWorld] Client sending position to server
[GameWorld] SyncPlayerPosition RPC received on peer 446469990: Player 446469990 at (722.25073, 199.47447)
[GameWorld] Current player controllers: 3, Keys: [446469990, 1, 1125268556]
[GameWorld] Client updating remote player 446469990, isLocal=Player_446469990
[PlayerController] Ignoring UpdateRemotePosition for local player 446469990
[PlayerController] Player 446469990 emitting PositionChanged signal at (715.5841, 199.47447)
[GameWorld] OnPlayerPositionChanged: Player 446469990 at (715.5841, 199.47447), IsServer=False
[GameWorld] Client sending position to server
[GameWorld] SyncPlayerPosition RPC received on peer 446469990: Player 446469990 at (718.9174, 199.47447)
[GameWorld] Current player controllers: 3, Keys: [446469990, 1, 1125268556]
[GameWorld] Client updating remote player 446469990, isLocal=Player_446469990
[PlayerController] Ignoring UpdateRemotePosition for local player 446469990
[PlayerController] Player 446469990 emitting PositionChanged signal at (712.2508, 199.47447)
[GameWorld] OnPlayerPositionChanged: Player 446469990 at (712.2508, 199.47447), IsServer=False
[GameWorld] Client sending position to server
[GameWorld] SyncPlayerPosition RPC received on peer 446469990: Player 446469990 at (715.5841, 199.47447)
[GameWorld] Current player controllers: 3, Keys: [446469990, 1, 1125268556]
[GameWorld] Client updating remote player 446469990, isLocal=Player_446469990
[PlayerController] Ignoring UpdateRemotePosition for local player 446469990
[PlayerController] Player 446469990 emitting PositionChanged signal at (708.9175, 199.47447)
[GameWorld] OnPlayerPositionChanged: Player 446469990 at (708.9175, 199.47447), IsServer=False
[GameWorld] Client sending position to server
[GameWorld] SyncPlayerPosition RPC received on peer 446469990: Player 446469990 at (712.2508, 199.47447)
[GameWorld] Current player controllers: 3, Keys: [446469990, 1, 1125268556]
[GameWorld] Client updating remote player 446469990, isLocal=Player_446469990
[PlayerController] Ignoring UpdateRemotePosition for local player 446469990
[PlayerController] Player 446469990 emitting PositionChanged signal at (705.58417, 199.47447)
[GameWorld] OnPlayerPositionChanged: Player 446469990 at (705.58417, 199.47447), IsServer=False
[GameWorld] Client sending position to server
[GameWorld] SyncPlayerPosition RPC received on peer 446469990: Player 446469990 at (708.9175, 199.47447)
[GameWorld] Current player controllers: 3, Keys: [446469990, 1, 1125268556]
[GameWorld] Client updating remote player 446469990, isLocal=Player_446469990
[PlayerController] Ignoring UpdateRemotePosition for local player 446469990
[PlayerController] Player 446469990 emitting PositionChanged signal at (702.25085, 199.47447)
[GameWorld] OnPlayerPositionChanged: Player 446469990 at (702.25085, 199.47447), IsServer=False
[GameWorld] Client sending position to server
[GameWorld] SyncPlayerPosition RPC received on peer 446469990: Player 446469990 at (705.58417, 199.47447)
[GameWorld] Current player controllers: 3, Keys: [446469990, 1, 1125268556]
[GameWorld] Client updating remote player 446469990, isLocal=Player_446469990
[PlayerController] Ignoring UpdateRemotePosition for local player 446469990
[PlayerController] Player 446469990 emitting PositionChanged signal at (698.91754, 199.47447)
[GameWorld] OnPlayerPositionChanged: Player 446469990 at (698.91754, 199.47447), IsServer=False
[GameWorld] Client sending position to server
[GameWorld] SyncPlayerPosition RPC received on peer 446469990: Player 446469990 at (702.25085, 199.47447)
[GameWorld] Current player controllers: 3, Keys: [446469990, 1, 1125268556]
[GameWorld] Client updating remote player 446469990, isLocal=Player_446469990
[PlayerController] Ignoring UpdateRemotePosition for local player 446469990
[PlayerController] Player 446469990 emitting PositionChanged signal at (695.5842, 199.47447)
[GameWorld] OnPlayerPositionChanged: Player 446469990 at (695.5842, 199.47447), IsServer=False
[GameWorld] Client sending position to server
[GameWorld] SyncPlayerPosition RPC received on peer 446469990: Player 446469990 at (698.91754, 199.47447)
[GameWorld] Current player controllers: 3, Keys: [446469990, 1, 1125268556]
[GameWorld] Client updating remote player 446469990, isLocal=Player_446469990
[PlayerController] Ignoring UpdateRemotePosition for local player 446469990
[PlayerController] Player 446469990 emitting PositionChanged signal at (692.2509, 199.47447)
[GameWorld] OnPlayerPositionChanged: Player 446469990 at (692.2509, 199.47447), IsServer=False
[GameWorld] Client sending position to server
[GameWorld] SyncPlayerPosition RPC received on peer 446469990: Player 446469990 at (695.5842, 199.47447)
[GameWorld] Current player controllers: 3, Keys: [446469990, 1, 1125268556]
[GameWorld] Client updating remote player 446469990, isLocal=Player_446469990
[PlayerController] Ignoring UpdateRemotePosition for local player 446469990
[PlayerController] Player 446469990 emitting PositionChanged signal at (688.9176, 199.47447)
[GameWorld] OnPlayerPositionChanged: Player 446469990 at (688.9176, 199.47447), IsServer=False
[GameWorld] Client sending position to server
[GameWorld] SyncPlayerPosition RPC received on peer 446469990: Player 446469990 at (692.2509, 199.47447)
[GameWorld] Current player controllers: 3, Keys: [446469990, 1, 1125268556]
[GameWorld] Client updating remote player 446469990, isLocal=Player_446469990
[PlayerController] Ignoring UpdateRemotePosition for local player 446469990
[PlayerController] Player 446469990 emitting PositionChanged signal at (685.5843, 199.47447)
[GameWorld] OnPlayerPositionChanged: Player 446469990 at (685.5843, 199.47447), IsServer=False
[GameWorld] Client sending position to server
[GameWorld] SyncPlayerPosition RPC received on peer 446469990: Player 446469990 at (688.9176, 199.47447)
[GameWorld] Current player controllers: 3, Keys: [446469990, 1, 1125268556]
[GameWorld] Client updating remote player 446469990, isLocal=Player_446469990
[PlayerController] Ignoring UpdateRemotePosition for local player 446469990
[PlayerController] Player 446469990 emitting PositionChanged signal at (682.251, 199.47447)
[GameWorld] OnPlayerPositionChanged: Player 446469990 at (682.251, 199.47447), IsServer=False
[GameWorld] Client sending position to server
[GameWorld] SyncPlayerPosition RPC received on peer 446469990: Player 446469990 at (685.5843, 199.47447)
[GameWorld] Current player controllers: 3, Keys: [446469990, 1, 1125268556]
[GameWorld] Client updating remote player 446469990, isLocal=Player_446469990
[PlayerController] Ignoring UpdateRemotePosition for local player 446469990
[PlayerController] Player 446469990 emitting PositionChanged signal at (678.91766, 199.47447)
[GameWorld] OnPlayerPositionChanged: Player 446469990 at (678.91766, 199.47447), IsServer=False
[GameWorld] Client sending position to server
[GameWorld] SyncPlayerPosition RPC received on peer 446469990: Player 446469990 at (682.251, 199.47447)
[GameWorld] Current player controllers: 3, Keys: [446469990, 1, 1125268556]
[GameWorld] Client updating remote player 446469990, isLocal=Player_446469990
[PlayerController] Ignoring UpdateRemotePosition for local player 446469990
[PlayerController] Player 446469990 emitting PositionChanged signal at (675.58435, 199.47447)
[GameWorld] OnPlayerPositionChanged: Player 446469990 at (675.58435, 199.47447), IsServer=False
[GameWorld] Client sending position to server
[GameWorld] SyncPlayerPosition RPC received on peer 446469990: Player 446469990 at (678.91766, 199.47447)
[GameWorld] Current player controllers: 3, Keys: [446469990, 1, 1125268556]
[GameWorld] Client updating remote player 446469990, isLocal=Player_446469990
[PlayerController] Ignoring UpdateRemotePosition for local player 446469990
[PlayerController] Player 446469990 emitting PositionChanged signal at (672.25104, 199.47447)
[GameWorld] OnPlayerPositionChanged: Player 446469990 at (672.25104, 199.47447), IsServer=False
[GameWorld] Client sending position to server
[GameWorld] SyncPlayerPosition RPC received on peer 446469990: Player 446469990 at (675.58435, 199.47447)
[GameWorld] Current player controllers: 3, Keys: [446469990, 1, 1125268556]
[GameWorld] Client updating remote player 446469990, isLocal=Player_446469990
[PlayerController] Ignoring UpdateRemotePosition for local player 446469990
[PlayerController] Player 446469990 emitting PositionChanged signal at (668.9177, 199.47447)
[GameWorld] OnPlayerPositionChanged: Player 446469990 at (668.9177, 199.47447), IsServer=False
[GameWorld] Client sending position to server
[GameWorld] SyncPlayerPosition RPC received on peer 446469990: Player 446469990 at (672.25104, 199.47447)
[GameWorld] Current player controllers: 3, Keys: [446469990, 1, 1125268556]
[GameWorld] Client updating remote player 446469990, isLocal=Player_446469990
[PlayerController] Ignoring UpdateRemotePosition for local player 446469990
[PlayerController] Player 446469990 emitting PositionChanged signal at (665.5844, 199.47447)
[GameWorld] OnPlayerPositionChanged: Player 446469990 at (665.5844, 199.47447), IsServer=False
[GameWorld] Client sending position to server
[GameWorld] SyncPlayerPosition RPC received on peer 446469990: Player 446469990 at (668.9177, 199.47447)
[GameWorld] Current player controllers: 3, Keys: [446469990, 1, 1125268556]
[GameWorld] Client updating remote player 446469990, isLocal=Player_446469990
[PlayerController] Ignoring UpdateRemotePosition for local player 446469990
[PlayerController] Player 446469990 emitting PositionChanged signal at (662.2511, 199.47447)
[GameWorld] OnPlayerPositionChanged: Player 446469990 at (662.2511, 199.47447), IsServer=False
[GameWorld] Client sending position to server
[GameWorld] SyncPlayerPosition RPC received on peer 446469990: Player 446469990 at (665.5844, 199.47447)
[GameWorld] Current player controllers: 3, Keys: [446469990, 1, 1125268556]
[GameWorld] Client updating remote player 446469990, isLocal=Player_446469990
[PlayerController] Ignoring UpdateRemotePosition for local player 446469990
[PlayerController] Player 446469990 emitting PositionChanged signal at (658.9178, 199.47447)
[GameWorld] OnPlayerPositionChanged: Player 446469990 at (658.9178, 199.47447), IsServer=False
[GameWorld] Client sending position to server
[GameWorld] SyncPlayerPosition RPC received on peer 446469990: Player 446469990 at (662.2511, 199.47447)
[GameWorld] Current player controllers: 3, Keys: [446469990, 1, 1125268556]
[GameWorld] Client updating remote player 446469990, isLocal=Player_446469990
[PlayerController] Ignoring UpdateRemotePosition for local player 446469990
[PlayerController] Player 446469990 emitting PositionChanged signal at (655.5845, 199.47447)
[GameWorld] OnPlayerPositionChanged: Player 446469990 at (655.5845, 199.47447), IsServer=False
[GameWorld] Client sending position to server
[GameWorld] SyncPlayerPosition RPC received on peer 446469990: Player 446469990 at (658.9178, 199.47447)
[GameWorld] Current player controllers: 3, Keys: [446469990, 1, 1125268556]
[GameWorld] Client updating remote player 446469990, isLocal=Player_446469990
[PlayerController] Ignoring UpdateRemotePosition for local player 446469990
[PlayerController] Player 446469990 emitting PositionChanged signal at (652.25116, 199.47447)
[GameWorld] OnPlayerPositionChanged: Player 446469990 at (652.25116, 199.47447), IsServer=False
[GameWorld] Client sending position to server
[GameWorld] SyncPlayerPosition RPC received on peer 446469990: Player 446469990 at (655.5845, 199.47447)
[GameWorld] Current player controllers: 3, Keys: [446469990, 1, 1125268556]
[GameWorld] Client updating remote player 446469990, isLocal=Player_446469990
[PlayerController] Ignoring UpdateRemotePosition for local player 446469990
[PlayerController] Player 446469990 emitting PositionChanged signal at (648.91785, 199.47447)
[GameWorld] OnPlayerPositionChanged: Player 446469990 at (648.91785, 199.47447), IsServer=False
[GameWorld] Client sending position to server
[GameWorld] SyncPlayerPosition RPC received on peer 446469990: Player 446469990 at (652.25116, 199.47447)
[GameWorld] Current player controllers: 3, Keys: [446469990, 1, 1125268556]
[GameWorld] Client updating remote player 446469990, isLocal=Player_446469990
[PlayerController] Ignoring UpdateRemotePosition for local player 446469990
[PlayerController] Player 446469990 emitting PositionChanged signal at (645.58453, 199.47447)
[GameWorld] OnPlayerPositionChanged: Player 446469990 at (645.58453, 199.47447), IsServer=False
[GameWorld] Client sending position to server
[GameWorld] SyncPlayerPosition RPC received on peer 446469990: Player 446469990 at (648.91785, 199.47447)
[GameWorld] Current player controllers: 3, Keys: [446469990, 1, 1125268556]
[GameWorld] Client updating remote player 446469990, isLocal=Player_446469990
[PlayerController] Ignoring UpdateRemotePosition for local player 446469990
[PlayerController] Player 446469990 emitting PositionChanged signal at (642.2512, 199.47447)
[GameWorld] OnPlayerPositionChanged: Player 446469990 at (642.2512, 199.47447), IsServer=False
[GameWorld] Client sending position to server
[GameWorld] SyncPlayerPosition RPC received on peer 446469990: Player 446469990 at (645.58453, 199.47447)
[GameWorld] Current player controllers: 3, Keys: [446469990, 1, 1125268556]
[GameWorld] Client updating remote player 446469990, isLocal=Player_446469990
[PlayerController] Ignoring UpdateRemotePosition for local player 446469990
[PlayerController] Player 446469990 emitting PositionChanged signal at (638.9179, 199.47447)
[GameWorld] OnPlayerPositionChanged: Player 446469990 at (638.9179, 199.47447), IsServer=False
[GameWorld] Client sending position to server
[GameWorld] SyncPlayerPosition RPC received on peer 446469990: Player 446469990 at (642.2512, 199.47447)
[GameWorld] Current player controllers: 3, Keys: [446469990, 1, 1125268556]
[GameWorld] Client updating remote player 446469990, isLocal=Player_446469990
[PlayerController] Ignoring UpdateRemotePosition for local player 446469990
[PlayerController] Player 446469990 emitting PositionChanged signal at (635.5846, 199.47447)
[GameWorld] OnPlayerPositionChanged: Player 446469990 at (635.5846, 199.47447), IsServer=False
[GameWorld] Client sending position to server
[GameWorld] SyncPlayerPosition RPC received on peer 446469990: Player 446469990 at (638.9179, 199.47447)
[GameWorld] Current player controllers: 3, Keys: [446469990, 1, 1125268556]
[GameWorld] Client updating remote player 446469990, isLocal=Player_446469990
[PlayerController] Ignoring UpdateRemotePosition for local player 446469990
[PlayerController] Player 446469990 emitting PositionChanged signal at (632.2513, 199.47447)
[GameWorld] OnPlayerPositionChanged: Player 446469990 at (632.2513, 199.47447), IsServer=False
[GameWorld] Client sending position to server
[GameWorld] SyncPlayerPosition RPC received on peer 446469990: Player 446469990 at (635.5846, 199.47447)
[GameWorld] Current player controllers: 3, Keys: [446469990, 1, 1125268556]
[GameWorld] Client updating remote player 446469990, isLocal=Player_446469990
[PlayerController] Ignoring UpdateRemotePosition for local player 446469990
[PlayerController] Player 446469990 emitting PositionChanged signal at (628.91797, 199.47447)
[GameWorld] OnPlayerPositionChanged: Player 446469990 at (628.91797, 199.47447), IsServer=False
[GameWorld] Client sending position to server
[GameWorld] SyncPlayerPosition RPC received on peer 446469990: Player 446469990 at (632.2513, 199.47447)
[GameWorld] Current player controllers: 3, Keys: [446469990, 1, 1125268556]
[GameWorld] Client updating remote player 446469990, isLocal=Player_446469990
[PlayerController] Ignoring UpdateRemotePosition for local player 446469990
[PlayerController] Player 446469990 emitting PositionChanged signal at (625.58466, 199.47447)
[GameWorld] OnPlayerPositionChanged: Player 446469990 at (625.58466, 199.47447), IsServer=False
[GameWorld] Client sending position to server
[PlayerController] Player 446469990 emitting PositionChanged signal at (622.25134, 199.47447)
[GameWorld] OnPlayerPositionChanged: Player 446469990 at (622.25134, 199.47447), IsServer=False
[GameWorld] Client sending position to server
[GameWorld] SyncPlayerPosition RPC received on peer 446469990: Player 446469990 at (628.91797, 199.47447)
[GameWorld] Current player controllers: 3, Keys: [446469990, 1, 1125268556]
[GameWorld] Client updating remote player 446469990, isLocal=Player_446469990
[PlayerController] Ignoring UpdateRemotePosition for local player 446469990
[GameWorld] SyncPlayerPosition RPC received on peer 446469990: Player 446469990 at (625.58466, 199.47447)
[GameWorld] Current player controllers: 3, Keys: [446469990, 1, 1125268556]
[GameWorld] Client updating remote player 446469990, isLocal=Player_446469990
[PlayerController] Ignoring UpdateRemotePosition for local player 446469990
[GameWorld] SyncPlayerPosition RPC received on peer 446469990: Player 446469990 at (622.25134, 199.47447)
[GameWorld] Current player controllers: 3, Keys: [446469990, 1, 1125268556]
[GameWorld] Client updating remote player 446469990, isLocal=Player_446469990
[PlayerController] Ignoring UpdateRemotePosition for local player 446469990
Action selected: interview_john for NPC john
[GameWorld] UpdateGameState called on peer 446469990, players before: 3
[PlayerController] Player 446469990 emitting PositionChanged signal at (618.918, 199.47447)
[GameWorld] OnPlayerPositionChanged: Player 446469990 at (618.918, 199.47447), IsServer=False
[GameWorld] Client sending position to server
[PlayerController] Player 446469990 emitting PositionChanged signal at (615.5847, 199.47447)
[GameWorld] OnPlayerPositionChanged: Player 446469990 at (615.5847, 199.47447), IsServer=False
[GameWorld] Client sending position to server
[GameWorld] SyncPlayerPosition RPC received on peer 446469990: Player 446469990 at (618.918, 199.47447)
[GameWorld] Current player controllers: 3, Keys: [446469990, 1, 1125268556]
[GameWorld] Client updating remote player 446469990, isLocal=Player_446469990
[PlayerController] Ignoring UpdateRemotePosition for local player 446469990
[PlayerController] Player 446469990 emitting PositionChanged signal at (612.2514, 199.47447)
[GameWorld] OnPlayerPositionChanged: Player 446469990 at (612.2514, 199.47447), IsServer=False
[GameWorld] Client sending position to server
[GameWorld] SyncPlayerPosition RPC received on peer 446469990: Player 446469990 at (615.5847, 199.47447)
[GameWorld] Current player controllers: 3, Keys: [446469990, 1, 1125268556]
[GameWorld] Client updating remote player 446469990, isLocal=Player_446469990
[PlayerController] Ignoring UpdateRemotePosition for local player 446469990
[PlayerController] Player 446469990 emitting PositionChanged signal at (608.9181, 199.47447)
[GameWorld] OnPlayerPositionChanged: Player 446469990 at (608.9181, 199.47447), IsServer=False
[GameWorld] Client sending position to server
[GameWorld] SyncPlayerPosition RPC received on peer 446469990: Player 446469990 at (612.2514, 199.47447)
[GameWorld] Current player controllers: 3, Keys: [446469990, 1, 1125268556]
[GameWorld] Client updating remote player 446469990, isLocal=Player_446469990
[PlayerController] Ignoring UpdateRemotePosition for local player 446469990
[PlayerController] Player 446469990 emitting PositionChanged signal at (605.5848, 199.47447)
[GameWorld] OnPlayerPositionChanged: Player 446469990 at (605.5848, 199.47447), IsServer=False
[GameWorld] Client sending position to server
[GameWorld] SyncPlayerPosition RPC received on peer 446469990: Player 446469990 at (608.9181, 199.47447)
[GameWorld] Current player controllers: 3, Keys: [446469990, 1, 1125268556]
[GameWorld] Client updating remote player 446469990, isLocal=Player_446469990
[PlayerController] Ignoring UpdateRemotePosition for local player 446469990
[PlayerController] Player 446469990 emitting PositionChanged signal at (602.25146, 199.47447)
[GameWorld] OnPlayerPositionChanged: Player 446469990 at (602.25146, 199.47447), IsServer=False
[GameWorld] Client sending position to server
[GameWorld] SyncPlayerPosition RPC received on peer 446469990: Player 446469990 at (605.5848, 199.47447)
[GameWorld] Current player controllers: 3, Keys: [446469990, 1, 1125268556]
[GameWorld] Client updating remote player 446469990, isLocal=Player_446469990
[PlayerController] Ignoring UpdateRemotePosition for local player 446469990
[PlayerController] Player 446469990 emitting PositionChanged signal at (598.91815, 199.47447)
[GameWorld] OnPlayerPositionChanged: Player 446469990 at (598.91815, 199.47447), IsServer=False
[GameWorld] Client sending position to server
[GameWorld] SyncPlayerPosition RPC received on peer 446469990: Player 446469990 at (602.25146, 199.47447)
[GameWorld] Current player controllers: 3, Keys: [446469990, 1, 1125268556]
[GameWorld] Client updating remote player 446469990, isLocal=Player_446469990
[PlayerController] Ignoring UpdateRemotePosition for local player 446469990
[PlayerController] Player 446469990 emitting PositionChanged signal at (595.58484, 199.47447)
[GameWorld] OnPlayerPositionChanged: Player 446469990 at (595.58484, 199.47447), IsServer=False
[GameWorld] Client sending position to server
[GameWorld] SyncPlayerPosition RPC received on peer 446469990: Player 446469990 at (598.91815, 199.47447)
[GameWorld] Current player controllers: 3, Keys: [446469990, 1, 1125268556]
[GameWorld] Client updating remote player 446469990, isLocal=Player_446469990
[PlayerController] Ignoring UpdateRemotePosition for local player 446469990
[PlayerController] Player 446469990 emitting PositionChanged signal at (592.2515, 199.47447)
[GameWorld] OnPlayerPositionChanged: Player 446469990 at (592.2515, 199.47447), IsServer=False
[GameWorld] Client sending position to server
[GameWorld] SyncPlayerPosition RPC received on peer 446469990: Player 446469990 at (595.58484, 199.47447)
[GameWorld] Current player controllers: 3, Keys: [446469990, 1, 1125268556]
[GameWorld] Client updating remote player 446469990, isLocal=Player_446469990
[PlayerController] Ignoring UpdateRemotePosition for local player 446469990
[PlayerController] Player 446469990 emitting PositionChanged signal at (588.9182, 199.47447)
[GameWorld] OnPlayerPositionChanged: Player 446469990 at (588.9182, 199.47447), IsServer=False
[GameWorld] Client sending position to server
[GameWorld] SyncPlayerPosition RPC received on peer 446469990: Player 446469990 at (592.2515, 199.47447)
[GameWorld] Current player controllers: 3, Keys: [446469990, 1, 1125268556]
[GameWorld] Client updating remote player 446469990, isLocal=Player_446469990
[PlayerController] Ignoring UpdateRemotePosition for local player 446469990
[PlayerController] Player 446469990 emitting PositionChanged signal at (585.5849, 199.47447)
[GameWorld] OnPlayerPositionChanged: Player 446469990 at (585.5849, 199.47447), IsServer=False
[GameWorld] Client sending position to server
[PlayerController] Player 446469990 emitting PositionChanged signal at (582.2516, 199.47447)
[GameWorld] OnPlayerPositionChanged: Player 446469990 at (582.2516, 199.47447), IsServer=False
[GameWorld] Client sending position to server
[GameWorld] SyncPlayerPosition RPC received on peer 446469990: Player 446469990 at (588.9182, 199.47447)
[GameWorld] Current player controllers: 3, Keys: [446469990, 1, 1125268556]
[GameWorld] Client updating remote player 446469990, isLocal=Player_446469990
[PlayerController] Ignoring UpdateRemotePosition for local player 446469990
[GameWorld] SyncPlayerPosition RPC received on peer 446469990: Player 446469990 at (585.5849, 199.47447)
[GameWorld] Current player controllers: 3, Keys: [446469990, 1, 1125268556]
[GameWorld] Client updating remote player 446469990, isLocal=Player_446469990
[PlayerController] Ignoring UpdateRemotePosition for local player 446469990
[PlayerController] Player 446469990 emitting PositionChanged signal at (578.9183, 199.47447)
[GameWorld] OnPlayerPositionChanged: Player 446469990 at (578.9183, 199.47447), IsServer=False
[GameWorld] Client sending position to server
[GameWorld] SyncPlayerPosition RPC received on peer 446469990: Player 446469990 at (582.2516, 199.47447)
[GameWorld] Current player controllers: 3, Keys: [446469990, 1, 1125268556]
[GameWorld] Client updating remote player 446469990, isLocal=Player_446469990
[PlayerController] Ignoring UpdateRemotePosition for local player 446469990
[PlayerController] Player 446469990 emitting PositionChanged signal at (575.58496, 199.47447)
[GameWorld] OnPlayerPositionChanged: Player 446469990 at (575.58496, 199.47447), IsServer=False
[GameWorld] Client sending position to server
[GameWorld] SyncPlayerPosition RPC received on peer 446469990: Player 446469990 at (578.9183, 199.47447)
[GameWorld] Current player controllers: 3, Keys: [446469990, 1, 1125268556]
[GameWorld] Client updating remote player 446469990, isLocal=Player_446469990
[PlayerController] Ignoring UpdateRemotePosition for local player 446469990
[PlayerController] Player 446469990 emitting PositionChanged signal at (572.25165, 199.47447)
[GameWorld] OnPlayerPositionChanged: Player 446469990 at (572.25165, 199.47447), IsServer=False
[GameWorld] Client sending position to server
[GameWorld] SyncPlayerPosition RPC received on peer 446469990: Player 446469990 at (575.58496, 199.47447)
[GameWorld] Current player controllers: 3, Keys: [446469990, 1, 1125268556]
[GameWorld] Client updating remote player 446469990, isLocal=Player_446469990
[PlayerController] Ignoring UpdateRemotePosition for local player 446469990
[PlayerController] Player 446469990 emitting PositionChanged signal at (568.91833, 199.47447)
[GameWorld] OnPlayerPositionChanged: Player 446469990 at (568.91833, 199.47447), IsServer=False
[GameWorld] Client sending position to server
[GameWorld] SyncPlayerPosition RPC received on peer 446469990: Player 446469990 at (572.25165, 199.47447)
[GameWorld] Current player controllers: 3, Keys: [446469990, 1, 1125268556]
[GameWorld] Client updating remote player 446469990, isLocal=Player_446469990
[PlayerController] Ignoring UpdateRemotePosition for local player 446469990
[PlayerController] Player 446469990 emitting PositionChanged signal at (565.585, 199.47447)
[GameWorld] OnPlayerPositionChanged: Player 446469990 at (565.585, 199.47447), IsServer=False
[GameWorld] Client sending position to server
[GameWorld] SyncPlayerPosition RPC received on peer 446469990: Player 446469990 at (568.91833, 199.47447)
[GameWorld] Current player controllers: 3, Keys: [446469990, 1, 1125268556]
[GameWorld] Client updating remote player 446469990, isLocal=Player_446469990
[PlayerController] Ignoring UpdateRemotePosition for local player 446469990
[PlayerController] Player 446469990 emitting PositionChanged signal at (562.2517, 199.47447)
[GameWorld] OnPlayerPositionChanged: Player 446469990 at (562.2517, 199.47447), IsServer=False
[GameWorld] Client sending position to server
[GameWorld] SyncPlayerPosition RPC received on peer 446469990: Player 446469990 at (565.585, 199.47447)
[GameWorld] Current player controllers: 3, Keys: [446469990, 1, 1125268556]
[GameWorld] Client updating remote player 446469990, isLocal=Player_446469990
[PlayerController] Ignoring UpdateRemotePosition for local player 446469990
[PlayerController] Player 446469990 emitting PositionChanged signal at (558.9184, 199.47447)
[GameWorld] OnPlayerPositionChanged: Player 446469990 at (558.9184, 199.47447), IsServer=False
[GameWorld] Client sending position to server
[GameWorld] SyncPlayerPosition RPC received on peer 446469990: Player 446469990 at (562.2517, 199.47447)
[GameWorld] Current player controllers: 3, Keys: [446469990, 1, 1125268556]
[GameWorld] Client updating remote player 446469990, isLocal=Player_446469990
[PlayerController] Ignoring UpdateRemotePosition for local player 446469990
[PlayerController] Player 446469990 emitting PositionChanged signal at (555.5851, 199.47447)
[GameWorld] OnPlayerPositionChanged: Player 446469990 at (555.5851, 199.47447), IsServer=False
[GameWorld] Client sending position to server
[GameWorld] SyncPlayerPosition RPC received on peer 446469990: Player 446469990 at (558.9184, 199.47447)
[GameWorld] Current player controllers: 3, Keys: [446469990, 1, 1125268556]
[GameWorld] Client updating remote player 446469990, isLocal=Player_446469990
[PlayerController] Ignoring UpdateRemotePosition for local player 446469990
[PlayerController] Player 446469990 emitting PositionChanged signal at (552.2518, 199.47447)
[GameWorld] OnPlayerPositionChanged: Player 446469990 at (552.2518, 199.47447), IsServer=False
[GameWorld] Client sending position to server
[GameWorld] SyncPlayerPosition RPC received on peer 446469990: Player 446469990 at (555.5851, 199.47447)
[GameWorld] Current player controllers: 3, Keys: [446469990, 1, 1125268556]
[GameWorld] Client updating remote player 446469990, isLocal=Player_446469990
[PlayerController] Ignoring UpdateRemotePosition for local player 446469990
[PlayerController] Player 446469990 emitting PositionChanged signal at (548.91846, 199.47447)
[GameWorld] OnPlayerPositionChanged: Player 446469990 at (548.91846, 199.47447), IsServer=False
[GameWorld] Client sending position to server
[GameWorld] SyncPlayerPosition RPC received on peer 446469990: Player 446469990 at (552.2518, 199.47447)
[GameWorld] Current player controllers: 3, Keys: [446469990, 1, 1125268556]
[GameWorld] Client updating remote player 446469990, isLocal=Player_446469990
[PlayerController] Ignoring UpdateRemotePosition for local player 446469990
[PlayerController] Player 446469990 emitting PositionChanged signal at (545.58514, 199.47447)
[GameWorld] OnPlayerPositionChanged: Player 446469990 at (545.58514, 199.47447), IsServer=False
[GameWorld] Client sending position to server
[GameWorld] SyncPlayerPosition RPC received on peer 446469990: Player 446469990 at (548.91846, 199.47447)
[GameWorld] Current player controllers: 3, Keys: [446469990, 1, 1125268556]
[GameWorld] Client updating remote player 446469990, isLocal=Player_446469990
[PlayerController] Ignoring UpdateRemotePosition for local player 446469990
[PlayerController] Player 446469990 emitting PositionChanged signal at (542.25183, 199.47447)
[GameWorld] OnPlayerPositionChanged: Player 446469990 at (542.25183, 199.47447), IsServer=False
[GameWorld] Client sending position to server
[GameWorld] SyncPlayerPosition RPC received on peer 446469990: Player 446469990 at (545.58514, 199.47447)
[GameWorld] Current player controllers: 3, Keys: [446469990, 1, 1125268556]
[GameWorld] Client updating remote player 446469990, isLocal=Player_446469990
[PlayerController] Ignoring UpdateRemotePosition for local player 446469990
[PlayerController] Player 446469990 emitting PositionChanged signal at (538.9185, 199.47447)
[GameWorld] OnPlayerPositionChanged: Player 446469990 at (538.9185, 199.47447), IsServer=False
[GameWorld] Client sending position to server
[GameWorld] SyncPlayerPosition RPC received on peer 446469990: Player 446469990 at (542.25183, 199.47447)
[GameWorld] Current player controllers: 3, Keys: [446469990, 1, 1125268556]
[GameWorld] Client updating remote player 446469990, isLocal=Player_446469990
[PlayerController] Ignoring UpdateRemotePosition for local player 446469990
[PlayerController] Player 446469990 emitting PositionChanged signal at (535.5852, 199.47447)
[GameWorld] OnPlayerPositionChanged: Player 446469990 at (535.5852, 199.47447), IsServer=False
[GameWorld] Client sending position to server
[GameWorld] SyncPlayerPosition RPC received on peer 446469990: Player 446469990 at (538.9185, 199.47447)
[GameWorld] Current player controllers: 3, Keys: [446469990, 1, 1125268556]
[GameWorld] Client updating remote player 446469990, isLocal=Player_446469990
[PlayerController] Ignoring UpdateRemotePosition for local player 446469990
[PlayerController] Player 446469990 emitting PositionChanged signal at (532.2519, 199.47447)
[GameWorld] OnPlayerPositionChanged: Player 446469990 at (532.2519, 199.47447), IsServer=False
[GameWorld] Client sending position to server
[GameWorld] SyncPlayerPosition RPC received on peer 446469990: Player 446469990 at (535.5852, 199.47447)
[GameWorld] Current player controllers: 3, Keys: [446469990, 1, 1125268556]
[GameWorld] Client updating remote player 446469990, isLocal=Player_446469990
[PlayerController] Ignoring UpdateRemotePosition for local player 446469990
[PlayerController] Player 446469990 emitting PositionChanged signal at (528.9186, 199.47447)
[GameWorld] OnPlayerPositionChanged: Player 446469990 at (528.9186, 199.47447), IsServer=False
[GameWorld] Client sending position to server
[GameWorld] SyncPlayerPosition RPC received on peer 446469990: Player 446469990 at (532.2519, 199.47447)
[GameWorld] Current player controllers: 3, Keys: [446469990, 1, 1125268556]
[GameWorld] Client updating remote player 446469990, isLocal=Player_446469990
[PlayerController] Ignoring UpdateRemotePosition for local player 446469990
[PlayerController] Player 446469990 emitting PositionChanged signal at (525.58527, 199.47447)
[GameWorld] OnPlayerPositionChanged: Player 446469990 at (525.58527, 199.47447), IsServer=False
[GameWorld] Client sending position to server
[GameWorld] SyncPlayerPosition RPC received on peer 446469990: Player 446469990 at (528.9186, 199.47447)
[GameWorld] Current player controllers: 3, Keys: [446469990, 1, 1125268556]
[GameWorld] Client updating remote player 446469990, isLocal=Player_446469990
[PlayerController] Ignoring UpdateRemotePosition for local player 446469990
[PlayerController] Player 446469990 emitting PositionChanged signal at (522.25195, 199.47447)
[GameWorld] OnPlayerPositionChanged: Player 446469990 at (522.25195, 199.47447), IsServer=False
[GameWorld] Client sending position to server
[GameWorld] SyncPlayerPosition RPC received on peer 446469990: Player 446469990 at (525.58527, 199.47447)
[GameWorld] Current player controllers: 3, Keys: [446469990, 1, 1125268556]
[GameWorld] Client updating remote player 446469990, isLocal=Player_446469990
[PlayerController] Ignoring UpdateRemotePosition for local player 446469990
[PlayerController] Player 446469990 emitting PositionChanged signal at (518.91864, 199.47447)
[GameWorld] OnPlayerPositionChanged: Player 446469990 at (518.91864, 199.47447), IsServer=False
[GameWorld] Client sending position to server
[GameWorld] SyncPlayerPosition RPC received on peer 446469990: Player 446469990 at (522.25195, 199.47447)
[GameWorld] Current player controllers: 3, Keys: [446469990, 1, 1125268556]
[GameWorld] Client updating remote player 446469990, isLocal=Player_446469990
[PlayerController] Ignoring UpdateRemotePosition for local player 446469990
[PlayerController] Player 446469990 emitting PositionChanged signal at (515.5853, 199.47447)
[GameWorld] OnPlayerPositionChanged: Player 446469990 at (515.5853, 199.47447), IsServer=False
[GameWorld] Client sending position to server
[GameWorld] SyncPlayerPosition RPC received on peer 446469990: Player 446469990 at (518.91864, 199.47447)
[GameWorld] Current player controllers: 3, Keys: [446469990, 1, 1125268556]
[GameWorld] Client updating remote player 446469990, isLocal=Player_446469990
[PlayerController] Ignoring UpdateRemotePosition for local player 446469990
[PlayerController] Player 446469990 emitting PositionChanged signal at (512.252, 199.47447)
[GameWorld] OnPlayerPositionChanged: Player 446469990 at (512.252, 199.47447), IsServer=False
[GameWorld] Client sending position to server
[GameWorld] SyncPlayerPosition RPC received on peer 446469990: Player 446469990 at (515.5853, 199.47447)
[GameWorld] Current player controllers: 3, Keys: [446469990, 1, 1125268556]
[GameWorld] Client updating remote player 446469990, isLocal=Player_446469990
[PlayerController] Ignoring UpdateRemotePosition for local player 446469990
[PlayerController] Player 446469990 emitting PositionChanged signal at (508.91867, 199.47447)
[GameWorld] OnPlayerPositionChanged: Player 446469990 at (508.91867, 199.47447), IsServer=False
[GameWorld] Client sending position to server
[GameWorld] SyncPlayerPosition RPC received on peer 446469990: Player 446469990 at (512.252, 199.47447)
[GameWorld] Current player controllers: 3, Keys: [446469990, 1, 1125268556]
[GameWorld] Client updating remote player 446469990, isLocal=Player_446469990
[PlayerController] Ignoring UpdateRemotePosition for local player 446469990
[PlayerController] Player 446469990 emitting PositionChanged signal at (505.58533, 199.47447)
[GameWorld] OnPlayerPositionChanged: Player 446469990 at (505.58533, 199.47447), IsServer=False
[GameWorld] Client sending position to server
[GameWorld] SyncPlayerPosition RPC received on peer 446469990: Player 446469990 at (508.91867, 199.47447)
[GameWorld] Current player controllers: 3, Keys: [446469990, 1, 1125268556]
[GameWorld] Client updating remote player 446469990, isLocal=Player_446469990
[PlayerController] Ignoring UpdateRemotePosition for local player 446469990
[PlayerController] Player 446469990 emitting PositionChanged signal at (502.25198, 199.47447)
[GameWorld] OnPlayerPositionChanged: Player 446469990 at (502.25198, 199.47447), IsServer=False
[GameWorld] Client sending position to server
[GameWorld] SyncPlayerPosition RPC received on peer 446469990: Player 446469990 at (505.58533, 199.47447)
[GameWorld] Current player controllers: 3, Keys: [446469990, 1, 1125268556]
[GameWorld] Client updating remote player 446469990, isLocal=Player_446469990
[PlayerController] Ignoring UpdateRemotePosition for local player 446469990
[PlayerController] Player 446469990 emitting PositionChanged signal at (498.91864, 199.47447)
[GameWorld] OnPlayerPositionChanged: Player 446469990 at (498.91864, 199.47447), IsServer=False
[GameWorld] Client sending position to server
[GameWorld] SyncPlayerPosition RPC received on peer 446469990: Player 446469990 at (502.25198, 199.47447)
[GameWorld] Current player controllers: 3, Keys: [446469990, 1, 1125268556]
[GameWorld] Client updating remote player 446469990, isLocal=Player_446469990
[PlayerController] Ignoring UpdateRemotePosition for local player 446469990
[PlayerController] Player 446469990 emitting PositionChanged signal at (495.5853, 199.47447)
[GameWorld] OnPlayerPositionChanged: Player 446469990 at (495.5853, 199.47447), IsServer=False
[GameWorld] Client sending position to server
[GameWorld] SyncPlayerPosition RPC received on peer 446469990: Player 446469990 at (498.91864, 199.47447)
[GameWorld] Current player controllers: 3, Keys: [446469990, 1, 1125268556]
[GameWorld] Client updating remote player 446469990, isLocal=Player_446469990
[PlayerController] Ignoring UpdateRemotePosition for local player 446469990
[PlayerController] Player 446469990 emitting PositionChanged signal at (492.25195, 199.47447)
[GameWorld] OnPlayerPositionChanged: Player 446469990 at (492.25195, 199.47447), IsServer=False
[GameWorld] Client sending position to server
[GameWorld] SyncPlayerPosition RPC received on peer 446469990: Player 446469990 at (495.5853, 199.47447)
[GameWorld] Current player controllers: 3, Keys: [446469990, 1, 1125268556]
[GameWorld] Client updating remote player 446469990, isLocal=Player_446469990
[PlayerController] Ignoring UpdateRemotePosition for local player 446469990
[PlayerController] Player 446469990 emitting PositionChanged signal at (488.9186, 199.47447)
[GameWorld] OnPlayerPositionChanged: Player 446469990 at (488.9186, 199.47447), IsServer=False
[GameWorld] Client sending position to server
[GameWorld] SyncPlayerPosition RPC received on peer 446469990: Player 446469990 at (492.25195, 199.47447)
[GameWorld] Current player controllers: 3, Keys: [446469990, 1, 1125268556]
[GameWorld] Client updating remote player 446469990, isLocal=Player_446469990
[PlayerController] Ignoring UpdateRemotePosition for local player 446469990
[PlayerController] Player 446469990 emitting PositionChanged signal at (485.58527, 199.47447)
[GameWorld] OnPlayerPositionChanged: Player 446469990 at (485.58527, 199.47447), IsServer=False
[GameWorld] Client sending position to server
[GameWorld] SyncPlayerPosition RPC received on peer 446469990: Player 446469990 at (488.9186, 199.47447)
[GameWorld] Current player controllers: 3, Keys: [446469990, 1, 1125268556]
[GameWorld] Client updating remote player 446469990, isLocal=Player_446469990
[PlayerController] Ignoring UpdateRemotePosition for local player 446469990
[PlayerController] Player 446469990 emitting PositionChanged signal at (482.25192, 199.47447)
[GameWorld] OnPlayerPositionChanged: Player 446469990 at (482.25192, 199.47447), IsServer=False
[GameWorld] Client sending position to server
[GameWorld] SyncPlayerPosition RPC received on peer 446469990: Player 446469990 at (485.58527, 199.47447)
[GameWorld] Current player controllers: 3, Keys: [446469990, 1, 1125268556]
[GameWorld] Client updating remote player 446469990, isLocal=Player_446469990
[PlayerController] Ignoring UpdateRemotePosition for local player 446469990
[PlayerController] Player 446469990 emitting PositionChanged signal at (478.91858, 199.47447)
[GameWorld] OnPlayerPositionChanged: Player 446469990 at (478.91858, 199.47447), IsServer=False
[GameWorld] Client sending position to server
[GameWorld] SyncPlayerPosition RPC received on peer 446469990: Player 446469990 at (482.25192, 199.47447)
[GameWorld] Current player controllers: 3, Keys: [446469990, 1, 1125268556]
[GameWorld] Client updating remote player 446469990, isLocal=Player_446469990
[PlayerController] Ignoring UpdateRemotePosition for local player 446469990
[PlayerController] Player 446469990 emitting PositionChanged signal at (475.58524, 199.47447)
[GameWorld] OnPlayerPositionChanged: Player 446469990 at (475.58524, 199.47447), IsServer=False
[GameWorld] Client sending position to server
[GameWorld] SyncPlayerPosition RPC received on peer 446469990: Player 446469990 at (478.91858, 199.47447)
[GameWorld] Current player controllers: 3, Keys: [446469990, 1, 1125268556]
[GameWorld] Client updating remote player 446469990, isLocal=Player_446469990
[PlayerController] Ignoring UpdateRemotePosition for local player 446469990
[PlayerController] Player 446469990 emitting PositionChanged signal at (472.2519, 199.47447)
[GameWorld] OnPlayerPositionChanged: Player 446469990 at (472.2519, 199.47447), IsServer=False
[GameWorld] Client sending position to server
[GameWorld] SyncPlayerPosition RPC received on peer 446469990: Player 446469990 at (475.58524, 199.47447)
[GameWorld] Current player controllers: 3, Keys: [446469990, 1, 1125268556]
[GameWorld] Client updating remote player 446469990, isLocal=Player_446469990
[PlayerController] Ignoring UpdateRemotePosition for local player 446469990
[PlayerController] Player 446469990 emitting PositionChanged signal at (468.91855, 199.47447)
[GameWorld] OnPlayerPositionChanged: Player 446469990 at (468.91855, 199.47447), IsServer=False
[GameWorld] Client sending position to server
[GameWorld] SyncPlayerPosition RPC received on peer 446469990: Player 446469990 at (472.2519, 199.47447)
[GameWorld] Current player controllers: 3, Keys: [446469990, 1, 1125268556]
[GameWorld] Client updating remote player 446469990, isLocal=Player_446469990
[PlayerController] Ignoring UpdateRemotePosition for local player 446469990
[PlayerController] Player 446469990 emitting PositionChanged signal at (465.5852, 199.47447)
[GameWorld] OnPlayerPositionChanged: Player 446469990 at (465.5852, 199.47447), IsServer=False
[GameWorld] Client sending position to server
[GameWorld] SyncPlayerPosition RPC received on peer 446469990: Player 446469990 at (468.91855, 199.47447)
[GameWorld] Current player controllers: 3, Keys: [446469990, 1, 1125268556]
[GameWorld] Client updating remote player 446469990, isLocal=Player_446469990
[PlayerController] Ignoring UpdateRemotePosition for local player 446469990
[PlayerController] Player 446469990 emitting PositionChanged signal at (462.25186, 199.47447)
[GameWorld] OnPlayerPositionChanged: Player 446469990 at (462.25186, 199.47447), IsServer=False
[GameWorld] Client sending position to server
[GameWorld] SyncPlayerPosition RPC received on peer 446469990: Player 446469990 at (465.5852, 199.47447)
[GameWorld] Current player controllers: 3, Keys: [446469990, 1, 1125268556]
[GameWorld] Client updating remote player 446469990, isLocal=Player_446469990
[PlayerController] Ignoring UpdateRemotePosition for local player 446469990
[PlayerController] Player 446469990 emitting PositionChanged signal at (458.91852, 199.47447)
[GameWorld] OnPlayerPositionChanged: Player 446469990 at (458.91852, 199.47447), IsServer=False
[GameWorld] Client sending position to server
[GameWorld] SyncPlayerPosition RPC received on peer 446469990: Player 446469990 at (462.25186, 199.47447)
[GameWorld] Current player controllers: 3, Keys: [446469990, 1, 1125268556]
[GameWorld] Client updating remote player 446469990, isLocal=Player_446469990
[PlayerController] Ignoring UpdateRemotePosition for local player 446469990
Body exited John: Player_446469990
[PlayerController] Player 446469990 emitting PositionChanged signal at (455.58517, 199.47447)
[GameWorld] OnPlayerPositionChanged: Player 446469990 at (455.58517, 199.47447), IsServer=False
[GameWorld] Client sending position to server
[PlayerController] Player 446469990 emitting PositionChanged signal at (452.25183, 199.47447)
[GameWorld] OnPlayerPositionChanged: Player 446469990 at (452.25183, 199.47447), IsServer=False
[GameWorld] Client sending position to server
[GameWorld] SyncPlayerPosition RPC received on peer 446469990: Player 446469990 at (458.91852, 199.47447)
[GameWorld] Current player controllers: 3, Keys: [446469990, 1, 1125268556]
[GameWorld] Client updating remote player 446469990, isLocal=Player_446469990
[PlayerController] Ignoring UpdateRemotePosition for local player 446469990
[GameWorld] SyncPlayerPosition RPC received on peer 446469990: Player 446469990 at (455.58517, 199.47447)
[GameWorld] Current player controllers: 3, Keys: [446469990, 1, 1125268556]
[GameWorld] Client updating remote player 446469990, isLocal=Player_446469990
[PlayerController] Ignoring UpdateRemotePosition for local player 446469990
[PlayerController] Player 446469990 emitting PositionChanged signal at (448.9185, 199.47447)
[GameWorld] OnPlayerPositionChanged: Player 446469990 at (448.9185, 199.47447), IsServer=False
[GameWorld] Client sending position to server
[GameWorld] SyncPlayerPosition RPC received on peer 446469990: Player 446469990 at (452.25183, 199.47447)
[GameWorld] Current player controllers: 3, Keys: [446469990, 1, 1125268556]
[GameWorld] Client updating remote player 446469990, isLocal=Player_446469990
[PlayerController] Ignoring UpdateRemotePosition for local player 446469990
[PlayerController] Player 446469990 emitting PositionChanged signal at (445.58514, 199.47447)
[GameWorld] OnPlayerPositionChanged: Player 446469990 at (445.58514, 199.47447), IsServer=False
[GameWorld] Client sending position to server
[GameWorld] SyncPlayerPosition RPC received on peer 446469990: Player 446469990 at (448.9185, 199.47447)
[GameWorld] Current player controllers: 3, Keys: [446469990, 1, 1125268556]
[GameWorld] Client updating remote player 446469990, isLocal=Player_446469990
[PlayerController] Ignoring UpdateRemotePosition for local player 446469990
[PlayerController] Player 446469990 emitting PositionChanged signal at (442.2518, 199.47447)
[GameWorld] OnPlayerPositionChanged: Player 446469990 at (442.2518, 199.47447), IsServer=False
[GameWorld] Client sending position to server
[GameWorld] SyncPlayerPosition RPC received on peer 446469990: Player 446469990 at (445.58514, 199.47447)
[GameWorld] Current player controllers: 3, Keys: [446469990, 1, 1125268556]
[GameWorld] Client updating remote player 446469990, isLocal=Player_446469990
[PlayerController] Ignoring UpdateRemotePosition for local player 446469990
[PlayerController] Player 446469990 emitting PositionChanged signal at (438.91846, 199.47447)
[GameWorld] OnPlayerPositionChanged: Player 446469990 at (438.91846, 199.47447), IsServer=False
[GameWorld] Client sending position to server
[PlayerController] Player 446469990 emitting PositionChanged signal at (435.5851, 199.47447)
[GameWorld] OnPlayerPositionChanged: Player 446469990 at (435.5851, 199.47447), IsServer=False
[GameWorld] Client sending position to server
[GameWorld] SyncPlayerPosition RPC received on peer 446469990: Player 446469990 at (442.2518, 199.47447)
[GameWorld] Current player controllers: 3, Keys: [446469990, 1, 1125268556]
[GameWorld] Client updating remote player 446469990, isLocal=Player_446469990
[PlayerController] Ignoring UpdateRemotePosition for local player 446469990
[PlayerController] Player 446469990 emitting PositionChanged signal at (432.25177, 199.47447)
[GameWorld] OnPlayerPositionChanged: Player 446469990 at (432.25177, 199.47447), IsServer=False
[GameWorld] Client sending position to server
[GameWorld] SyncPlayerPosition RPC received on peer 446469990: Player 446469990 at (438.91846, 199.47447)
[GameWorld] Current player controllers: 3, Keys: [446469990, 1, 1125268556]
[GameWorld] Client updating remote player 446469990, isLocal=Player_446469990
[PlayerController] Ignoring UpdateRemotePosition for local player 446469990
[GameWorld] SyncPlayerPosition RPC received on peer 446469990: Player 446469990 at (435.5851, 199.47447)
[GameWorld] Current player controllers: 3, Keys: [446469990, 1, 1125268556]
[GameWorld] Client updating remote player 446469990, isLocal=Player_446469990
[PlayerController] Ignoring UpdateRemotePosition for local player 446469990
[PlayerController] Player 446469990 emitting PositionChanged signal at (428.91843, 199.47447)
[GameWorld] OnPlayerPositionChanged: Player 446469990 at (428.91843, 199.47447), IsServer=False
[GameWorld] Client sending position to server
[GameWorld] SyncPlayerPosition RPC received on peer 446469990: Player 446469990 at (432.25177, 199.47447)
[GameWorld] Current player controllers: 3, Keys: [446469990, 1, 1125268556]
[GameWorld] Client updating remote player 446469990, isLocal=Player_446469990
[PlayerController] Ignoring UpdateRemotePosition for local player 446469990
[PlayerController] Player 446469990 emitting PositionChanged signal at (425.58508, 199.47447)
[GameWorld] OnPlayerPositionChanged: Player 446469990 at (425.58508, 199.47447), IsServer=False
[GameWorld] Client sending position to server
[GameWorld] SyncPlayerPosition RPC received on peer 446469990: Player 446469990 at (428.91843, 199.47447)
[GameWorld] Current player controllers: 3, Keys: [446469990, 1, 1125268556]
[GameWorld] Client updating remote player 446469990, isLocal=Player_446469990
[PlayerController] Ignoring UpdateRemotePosition for local player 446469990
[PlayerController] Player 446469990 emitting PositionChanged signal at (422.25174, 199.47447)
[GameWorld] OnPlayerPositionChanged: Player 446469990 at (422.25174, 199.47447), IsServer=False
[GameWorld] Client sending position to server
[GameWorld] SyncPlayerPosition RPC received on peer 446469990: Player 446469990 at (425.58508, 199.47447)
[GameWorld] Current player controllers: 3, Keys: [446469990, 1, 1125268556]
[GameWorld] Client updating remote player 446469990, isLocal=Player_446469990
[PlayerController] Ignoring UpdateRemotePosition for local player 446469990
[PlayerController] Player 446469990 emitting PositionChanged signal at (418.9184, 199.47447)
[GameWorld] OnPlayerPositionChanged: Player 446469990 at (418.9184, 199.47447), IsServer=False
[GameWorld] Client sending position to server
[GameWorld] SyncPlayerPosition RPC received on peer 446469990: Player 446469990 at (422.25174, 199.47447)
[GameWorld] Current player controllers: 3, Keys: [446469990, 1, 1125268556]
[GameWorld] Client updating remote player 446469990, isLocal=Player_446469990
[PlayerController] Ignoring UpdateRemotePosition for local player 446469990
[PlayerController] Player 446469990 emitting PositionChanged signal at (415.58505, 199.47447)
[GameWorld] OnPlayerPositionChanged: Player 446469990 at (415.58505, 199.47447), IsServer=False
[GameWorld] Client sending position to server
[GameWorld] SyncPlayerPosition RPC received on peer 446469990: Player 446469990 at (418.9184, 199.47447)
[GameWorld] Current player controllers: 3, Keys: [446469990, 1, 1125268556]
[GameWorld] Client updating remote player 446469990, isLocal=Player_446469990
[PlayerController] Ignoring UpdateRemotePosition for local player 446469990
[PlayerController] Player 446469990 emitting PositionChanged signal at (412.2517, 199.47447)
[GameWorld] OnPlayerPositionChanged: Player 446469990 at (412.2517, 199.47447), IsServer=False
[GameWorld] Client sending position to server
[GameWorld] SyncPlayerPosition RPC received on peer 446469990: Player 446469990 at (415.58505, 199.47447)
[GameWorld] Current player controllers: 3, Keys: [446469990, 1, 1125268556]
[GameWorld] Client updating remote player 446469990, isLocal=Player_446469990
[PlayerController] Ignoring UpdateRemotePosition for local player 446469990
[PlayerController] Player 446469990 emitting PositionChanged signal at (408.91837, 199.47447)
[GameWorld] OnPlayerPositionChanged: Player 446469990 at (408.91837, 199.47447), IsServer=False
[GameWorld] Client sending position to server
[PlayerController] Player 446469990 emitting PositionChanged signal at (405.58502, 199.47447)
[GameWorld] OnPlayerPositionChanged: Player 446469990 at (405.58502, 199.47447), IsServer=False
[GameWorld] Client sending position to server
[GameWorld] SyncPlayerPosition RPC received on peer 446469990: Player 446469990 at (412.2517, 199.47447)
[GameWorld] Current player controllers: 3, Keys: [446469990, 1, 1125268556]
[GameWorld] Client updating remote player 446469990, isLocal=Player_446469990
[PlayerController] Ignoring UpdateRemotePosition for local player 446469990
[GameWorld] SyncPlayerPosition RPC received on peer 446469990: Player 446469990 at (408.91837, 199.47447)
[GameWorld] Current player controllers: 3, Keys: [446469990, 1, 1125268556]
[GameWorld] Client updating remote player 446469990, isLocal=Player_446469990
[PlayerController] Ignoring UpdateRemotePosition for local player 446469990
[PlayerController] Player 446469990 emitting PositionChanged signal at (402.25168, 199.47447)
[GameWorld] OnPlayerPositionChanged: Player 446469990 at (402.25168, 199.47447), IsServer=False
[GameWorld] Client sending position to server
[GameWorld] SyncPlayerPosition RPC received on peer 446469990: Player 446469990 at (405.58502, 199.47447)
[GameWorld] Current player controllers: 3, Keys: [446469990, 1, 1125268556]
[GameWorld] Client updating remote player 446469990, isLocal=Player_446469990
[PlayerController] Ignoring UpdateRemotePosition for local player 446469990
[PlayerController] Player 446469990 emitting PositionChanged signal at (398.91833, 199.47447)
[GameWorld] OnPlayerPositionChanged: Player 446469990 at (398.91833, 199.47447), IsServer=False
[GameWorld] Client sending position to server
[GameWorld] SyncPlayerPosition RPC received on peer 446469990: Player 446469990 at (402.25168, 199.47447)
[GameWorld] Current player controllers: 3, Keys: [446469990, 1, 1125268556]
[GameWorld] Client updating remote player 446469990, isLocal=Player_446469990
[PlayerController] Ignoring UpdateRemotePosition for local player 446469990
[PlayerController] Player 446469990 emitting PositionChanged signal at (395.585, 199.47447)
[GameWorld] OnPlayerPositionChanged: Player 446469990 at (395.585, 199.47447), IsServer=False
[GameWorld] Client sending position to server
[GameWorld] SyncPlayerPosition RPC received on peer 446469990: Player 446469990 at (398.91833, 199.47447)
[GameWorld] Current player controllers: 3, Keys: [446469990, 1, 1125268556]
[GameWorld] Client updating remote player 446469990, isLocal=Player_446469990
[PlayerController] Ignoring UpdateRemotePosition for local player 446469990
[PlayerController] Player 446469990 emitting PositionChanged signal at (392.25165, 199.47447)
[GameWorld] OnPlayerPositionChanged: Player 446469990 at (392.25165, 199.47447), IsServer=False
[GameWorld] Client sending position to server
[GameWorld] SyncPlayerPosition RPC received on peer 446469990: Player 446469990 at (395.585, 199.47447)
[GameWorld] Current player controllers: 3, Keys: [446469990, 1, 1125268556]
[GameWorld] Client updating remote player 446469990, isLocal=Player_446469990
[PlayerController] Ignoring UpdateRemotePosition for local player 446469990
[PlayerController] Player 446469990 emitting PositionChanged signal at (388.9183, 199.47447)
[GameWorld] OnPlayerPositionChanged: Player 446469990 at (388.9183, 199.47447), IsServer=False
[GameWorld] Client sending position to server
[GameWorld] SyncPlayerPosition RPC received on peer 446469990: Player 446469990 at (392.25165, 199.47447)
[GameWorld] Current player controllers: 3, Keys: [446469990, 1, 1125268556]
[GameWorld] Client updating remote player 446469990, isLocal=Player_446469990
[PlayerController] Ignoring UpdateRemotePosition for local player 446469990
[PlayerController] Player 446469990 emitting PositionChanged signal at (385.58496, 199.47447)
[GameWorld] OnPlayerPositionChanged: Player 446469990 at (385.58496, 199.47447), IsServer=False
[GameWorld] Client sending position to server
[GameWorld] SyncPlayerPosition RPC received on peer 446469990: Player 446469990 at (388.9183, 199.47447)
[GameWorld] Current player controllers: 3, Keys: [446469990, 1, 1125268556]
[GameWorld] Client updating remote player 446469990, isLocal=Player_446469990
[PlayerController] Ignoring UpdateRemotePosition for local player 446469990
[PlayerController] Player 446469990 emitting PositionChanged signal at (382.25162, 199.47447)
[GameWorld] OnPlayerPositionChanged: Player 446469990 at (382.25162, 199.47447), IsServer=False
[GameWorld] Client sending position to server
[GameWorld] SyncPlayerPosition RPC received on peer 446469990: Player 446469990 at (385.58496, 199.47447)
[GameWorld] Current player controllers: 3, Keys: [446469990, 1, 1125268556]
[GameWorld] Client updating remote player 446469990, isLocal=Player_446469990
[PlayerController] Ignoring UpdateRemotePosition for local player 446469990
[PlayerController] Player 446469990 emitting PositionChanged signal at (378.91827, 199.47447)
[GameWorld] OnPlayerPositionChanged: Player 446469990 at (378.91827, 199.47447), IsServer=False
[GameWorld] Client sending position to server
[GameWorld] SyncPlayerPosition RPC received on peer 446469990: Player 446469990 at (382.25162, 199.47447)
[GameWorld] Current player controllers: 3, Keys: [446469990, 1, 1125268556]
[GameWorld] Client updating remote player 446469990, isLocal=Player_446469990
[PlayerController] Ignoring UpdateRemotePosition for local player 446469990
[PlayerController] Player 446469990 emitting PositionChanged signal at (375.58493, 199.47447)
[GameWorld] OnPlayerPositionChanged: Player 446469990 at (375.58493, 199.47447), IsServer=False
[GameWorld] Client sending position to server
[GameWorld] SyncPlayerPosition RPC received on peer 446469990: Player 446469990 at (378.91827, 199.47447)
[GameWorld] Current player controllers: 3, Keys: [446469990, 1, 1125268556]
[GameWorld] Client updating remote player 446469990, isLocal=Player_446469990
[PlayerController] Ignoring UpdateRemotePosition for local player 446469990
[PlayerController] Player 446469990 emitting PositionChanged signal at (372.2516, 199.47447)
[GameWorld] OnPlayerPositionChanged: Player 446469990 at (372.2516, 199.47447), IsServer=False
[GameWorld] Client sending position to server
[GameWorld] SyncPlayerPosition RPC received on peer 446469990: Player 446469990 at (375.58493, 199.47447)
[GameWorld] Current player controllers: 3, Keys: [446469990, 1, 1125268556]
[GameWorld] Client updating remote player 446469990, isLocal=Player_446469990
[PlayerController] Ignoring UpdateRemotePosition for local player 446469990
[PlayerController] Player 446469990 emitting PositionChanged signal at (368.91824, 199.47447)
[GameWorld] OnPlayerPositionChanged: Player 446469990 at (368.91824, 199.47447), IsServer=False
[GameWorld] Client sending position to server
[GameWorld] SyncPlayerPosition RPC received on peer 446469990: Player 446469990 at (372.2516, 199.47447)
[GameWorld] Current player controllers: 3, Keys: [446469990, 1, 1125268556]
[GameWorld] Client updating remote player 446469990, isLocal=Player_446469990
[PlayerController] Ignoring UpdateRemotePosition for local player 446469990
[PlayerController] Player 446469990 emitting PositionChanged signal at (365.5849, 199.47447)
[GameWorld] OnPlayerPositionChanged: Player 446469990 at (365.5849, 199.47447), IsServer=False
[GameWorld] Client sending position to server
[GameWorld] SyncPlayerPosition RPC received on peer 446469990: Player 446469990 at (368.91824, 199.47447)
[GameWorld] Current player controllers: 3, Keys: [446469990, 1, 1125268556]
[GameWorld] Client updating remote player 446469990, isLocal=Player_446469990
[PlayerController] Ignoring UpdateRemotePosition for local player 446469990
[PlayerController] Player 446469990 emitting PositionChanged signal at (362.25156, 199.47447)
[GameWorld] OnPlayerPositionChanged: Player 446469990 at (362.25156, 199.47447), IsServer=False
[GameWorld] Client sending position to server
[GameWorld] SyncPlayerPosition RPC received on peer 446469990: Player 446469990 at (365.5849, 199.47447)
[GameWorld] Current player controllers: 3, Keys: [446469990, 1, 1125268556]
[GameWorld] Client updating remote player 446469990, isLocal=Player_446469990
[PlayerController] Ignoring UpdateRemotePosition for local player 446469990
[PlayerController] Player 446469990 emitting PositionChanged signal at (358.9182, 199.47447)
[GameWorld] OnPlayerPositionChanged: Player 446469990 at (358.9182, 199.47447), IsServer=False
[GameWorld] Client sending position to server
[GameWorld] SyncPlayerPosition RPC received on peer 446469990: Player 446469990 at (362.25156, 199.47447)
[GameWorld] Current player controllers: 3, Keys: [446469990, 1, 1125268556]
[GameWorld] Client updating remote player 446469990, isLocal=Player_446469990
[PlayerController] Ignoring UpdateRemotePosition for local player 446469990
[PlayerController] Player 446469990 emitting PositionChanged signal at (355.58487, 199.47447)
[GameWorld] OnPlayerPositionChanged: Player 446469990 at (355.58487, 199.47447), IsServer=False
[GameWorld] Client sending position to server
[PlayerController] Player 446469990 emitting PositionChanged signal at (352.25153, 199.47447)
[GameWorld] OnPlayerPositionChanged: Player 446469990 at (352.25153, 199.47447), IsServer=False
[GameWorld] Client sending position to server
[GameWorld] SyncPlayerPosition RPC received on peer 446469990: Player 446469990 at (358.9182, 199.47447)
[GameWorld] Current player controllers: 3, Keys: [446469990, 1, 1125268556]
[GameWorld] Client updating remote player 446469990, isLocal=Player_446469990
[PlayerController] Ignoring UpdateRemotePosition for local player 446469990
[GameWorld] SyncPlayerPosition RPC received on peer 446469990: Player 446469990 at (355.58487, 199.47447)
[GameWorld] Current player controllers: 3, Keys: [446469990, 1, 1125268556]
[GameWorld] Client updating remote player 446469990, isLocal=Player_446469990
[PlayerController] Ignoring UpdateRemotePosition for local player 446469990
[PlayerController] Player 446469990 emitting PositionChanged signal at (348.91818, 199.47447)
[GameWorld] OnPlayerPositionChanged: Player 446469990 at (348.91818, 199.47447), IsServer=False
[GameWorld] Client sending position to server
[GameWorld] SyncPlayerPosition RPC received on peer 446469990: Player 446469990 at (352.25153, 199.47447)
[GameWorld] Current player controllers: 3, Keys: [446469990, 1, 1125268556]
[GameWorld] Client updating remote player 446469990, isLocal=Player_446469990
[PlayerController] Ignoring UpdateRemotePosition for local player 446469990
[PlayerController] Player 446469990 emitting PositionChanged signal at (345.58484, 199.47447)
[GameWorld] OnPlayerPositionChanged: Player 446469990 at (345.58484, 199.47447), IsServer=False
[GameWorld] Client sending position to server
[GameWorld] SyncPlayerPosition RPC received on peer 446469990: Player 446469990 at (348.91818, 199.47447)
[GameWorld] Current player controllers: 3, Keys: [446469990, 1, 1125268556]
[GameWorld] Client updating remote player 446469990, isLocal=Player_446469990
[PlayerController] Ignoring UpdateRemotePosition for local player 446469990
[PlayerController] Player 446469990 emitting PositionChanged signal at (342.2515, 199.47447)
[GameWorld] OnPlayerPositionChanged: Player 446469990 at (342.2515, 199.47447), IsServer=False
[GameWorld] Client sending position to server
[GameWorld] SyncPlayerPosition RPC received on peer 446469990: Player 446469990 at (345.58484, 199.47447)
[GameWorld] Current player controllers: 3, Keys: [446469990, 1, 1125268556]
[GameWorld] Client updating remote player 446469990, isLocal=Player_446469990
[PlayerController] Ignoring UpdateRemotePosition for local player 446469990
[PlayerController] Player 446469990 emitting PositionChanged signal at (338.91815, 199.47447)
[GameWorld] OnPlayerPositionChanged: Player 446469990 at (338.91815, 199.47447), IsServer=False
[GameWorld] Client sending position to server
[GameWorld] SyncPlayerPosition RPC received on peer 446469990: Player 446469990 at (342.2515, 199.47447)
[GameWorld] Current player controllers: 3, Keys: [446469990, 1, 1125268556]
[GameWorld] Client updating remote player 446469990, isLocal=Player_446469990
[PlayerController] Ignoring UpdateRemotePosition for local player 446469990
[PlayerController] Player 446469990 emitting PositionChanged signal at (335.5848, 199.47447)
[GameWorld] OnPlayerPositionChanged: Player 446469990 at (335.5848, 199.47447), IsServer=False
[GameWorld] Client sending position to server
[GameWorld] SyncPlayerPosition RPC received on peer 446469990: Player 446469990 at (338.91815, 199.47447)
[GameWorld] Current player controllers: 3, Keys: [446469990, 1, 1125268556]
[GameWorld] Client updating remote player 446469990, isLocal=Player_446469990
[PlayerController] Ignoring UpdateRemotePosition for local player 446469990
[PlayerController] Player 446469990 emitting PositionChanged signal at (332.25146, 199.47447)
[GameWorld] OnPlayerPositionChanged: Player 446469990 at (332.25146, 199.47447), IsServer=False
[GameWorld] Client sending position to server
[GameWorld] SyncPlayerPosition RPC received on peer 446469990: Player 446469990 at (335.5848, 199.47447)
[GameWorld] Current player controllers: 3, Keys: [446469990, 1, 1125268556]
[GameWorld] Client updating remote player 446469990, isLocal=Player_446469990
[PlayerController] Ignoring UpdateRemotePosition for local player 446469990
Body entered Katy: Player_446469990
Local player entered Katy range. Auto-interacting.
GameWorld received OnNPCClicked for katy. Current Role: 'Producer'
[PlayerController] Player 446469990 emitting PositionChanged signal at (328.91812, 199.47447)
[GameWorld] OnPlayerPositionChanged: Player 446469990 at (328.91812, 199.47447), IsServer=False
[GameWorld] Client sending position to server
[GameWorld] SyncPlayerPosition RPC received on peer 446469990: Player 446469990 at (332.25146, 199.47447)
[GameWorld] Current player controllers: 3, Keys: [446469990, 1, 1125268556]
[GameWorld] Client updating remote player 446469990, isLocal=Player_446469990
[PlayerController] Ignoring UpdateRemotePosition for local player 446469990
[PlayerController] Player 446469990 emitting PositionChanged signal at (325.58478, 199.47447)
[GameWorld] OnPlayerPositionChanged: Player 446469990 at (325.58478, 199.47447), IsServer=False
[GameWorld] Client sending position to server
[GameWorld] SyncPlayerPosition RPC received on peer 446469990: Player 446469990 at (328.91812, 199.47447)
[GameWorld] Current player controllers: 3, Keys: [446469990, 1, 1125268556]
[GameWorld] Client updating remote player 446469990, isLocal=Player_446469990
[PlayerController] Ignoring UpdateRemotePosition for local player 446469990
[PlayerController] Player 446469990 emitting PositionChanged signal at (322.25143, 199.47447)
[GameWorld] OnPlayerPositionChanged: Player 446469990 at (322.25143, 199.47447), IsServer=False
[GameWorld] Client sending position to server
[GameWorld] SyncPlayerPosition RPC received on peer 446469990: Player 446469990 at (325.58478, 199.47447)
[GameWorld] Current player controllers: 3, Keys: [446469990, 1, 1125268556]
[GameWorld] Client updating remote player 446469990, isLocal=Player_446469990
[PlayerController] Ignoring UpdateRemotePosition for local player 446469990
[PlayerController] Player 446469990 emitting PositionChanged signal at (318.9181, 199.47447)
[GameWorld] OnPlayerPositionChanged: Player 446469990 at (318.9181, 199.47447), IsServer=False
[GameWorld] Client sending position to server
[GameWorld] SyncPlayerPosition RPC received on peer 446469990: Player 446469990 at (322.25143, 199.47447)
[GameWorld] Current player controllers: 3, Keys: [446469990, 1, 1125268556]
[GameWorld] Client updating remote player 446469990, isLocal=Player_446469990
[PlayerController] Ignoring UpdateRemotePosition for local player 446469990
[PlayerController] Player 446469990 emitting PositionChanged signal at (315.58475, 199.47447)
[GameWorld] OnPlayerPositionChanged: Player 446469990 at (315.58475, 199.47447), IsServer=False
[GameWorld] Client sending position to server
[GameWorld] SyncPlayerPosition RPC received on peer 446469990: Player 446469990 at (318.9181, 199.47447)
[GameWorld] Current player controllers: 3, Keys: [446469990, 1, 1125268556]
[GameWorld] Client updating remote player 446469990, isLocal=Player_446469990
[PlayerController] Ignoring UpdateRemotePosition for local player 446469990
[PlayerController] Player 446469990 emitting PositionChanged signal at (312.2514, 199.47447)
[GameWorld] OnPlayerPositionChanged: Player 446469990 at (312.2514, 199.47447), IsServer=False
[GameWorld] Client sending position to server
[GameWorld] SyncPlayerPosition RPC received on peer 446469990: Player 446469990 at (315.58475, 199.47447)
[GameWorld] Current player controllers: 3, Keys: [446469990, 1, 1125268556]
[GameWorld] Client updating remote player 446469990, isLocal=Player_446469990
[PlayerController] Ignoring UpdateRemotePosition for local player 446469990
[PlayerController] Player 446469990 emitting PositionChanged signal at (308.91806, 199.47447)
[GameWorld] OnPlayerPositionChanged: Player 446469990 at (308.91806, 199.47447), IsServer=False
[GameWorld] Client sending position to server
[GameWorld] SyncPlayerPosition RPC received on peer 446469990: Player 446469990 at (312.2514, 199.47447)
[GameWorld] Current player controllers: 3, Keys: [446469990, 1, 1125268556]
[GameWorld] Client updating remote player 446469990, isLocal=Player_446469990
[PlayerController] Ignoring UpdateRemotePosition for local player 446469990
[PlayerController] Player 446469990 emitting PositionChanged signal at (305.58472, 199.47447)
[GameWorld] OnPlayerPositionChanged: Player 446469990 at (305.58472, 199.47447), IsServer=False
[GameWorld] Client sending position to server
[PlayerController] Player 446469990 emitting PositionChanged signal at (302.25137, 199.47447)
[GameWorld] OnPlayerPositionChanged: Player 446469990 at (302.25137, 199.47447), IsServer=False
[GameWorld] Client sending position to server
[GameWorld] SyncPlayerPosition RPC received on peer 446469990: Player 446469990 at (308.91806, 199.47447)
[GameWorld] Current player controllers: 3, Keys: [446469990, 1, 1125268556]
[GameWorld] Client updating remote player 446469990, isLocal=Player_446469990
[PlayerController] Ignoring UpdateRemotePosition for local player 446469990
[GameWorld] SyncPlayerPosition RPC received on peer 446469990: Player 446469990 at (305.58472, 199.47447)
[GameWorld] Current player controllers: 3, Keys: [446469990, 1, 1125268556]
[GameWorld] Client updating remote player 446469990, isLocal=Player_446469990
[PlayerController] Ignoring UpdateRemotePosition for local player 446469990
[PlayerController] Player 446469990 emitting PositionChanged signal at (298.91803, 199.47447)
[GameWorld] OnPlayerPositionChanged: Player 446469990 at (298.91803, 199.47447), IsServer=False
[GameWorld] Client sending position to server
[GameWorld] SyncPlayerPosition RPC received on peer 446469990: Player 446469990 at (302.25137, 199.47447)
[GameWorld] Current player controllers: 3, Keys: [446469990, 1, 1125268556]
[GameWorld] Client updating remote player 446469990, isLocal=Player_446469990
[PlayerController] Ignoring UpdateRemotePosition for local player 446469990
[PlayerController] Player 446469990 emitting PositionChanged signal at (295.5847, 199.47447)
[GameWorld] OnPlayerPositionChanged: Player 446469990 at (295.5847, 199.47447), IsServer=False
[GameWorld] Client sending position to server
[GameWorld] SyncPlayerPosition RPC received on peer 446469990: Player 446469990 at (298.91803, 199.47447)
[GameWorld] Current player controllers: 3, Keys: [446469990, 1, 1125268556]
[GameWorld] Client updating remote player 446469990, isLocal=Player_446469990
[PlayerController] Ignoring UpdateRemotePosition for local player 446469990
[PlayerController] Player 446469990 emitting PositionChanged signal at (292.25134, 199.47447)
[GameWorld] OnPlayerPositionChanged: Player 446469990 at (292.25134, 199.47447), IsServer=False
[GameWorld] Client sending position to server
[GameWorld] SyncPlayerPosition RPC received on peer 446469990: Player 446469990 at (295.5847, 199.47447)
[GameWorld] Current player controllers: 3, Keys: [446469990, 1, 1125268556]
[GameWorld] Client updating remote player 446469990, isLocal=Player_446469990
[PlayerController] Ignoring UpdateRemotePosition for local player 446469990
[PlayerController] Player 446469990 emitting PositionChanged signal at (288.918, 199.47447)
[GameWorld] OnPlayerPositionChanged: Player 446469990 at (288.918, 199.47447), IsServer=False
[GameWorld] Client sending position to server
[GameWorld] SyncPlayerPosition RPC received on peer 446469990: Player 446469990 at (292.25134, 199.47447)
[GameWorld] Current player controllers: 3, Keys: [446469990, 1, 1125268556]
[GameWorld] Client updating remote player 446469990, isLocal=Player_446469990
[PlayerController] Ignoring UpdateRemotePosition for local player 446469990
[GameWorld] SyncPlayerPosition RPC received on peer 446469990: Player 446469990 at (288.918, 199.47447)
[GameWorld] Current player controllers: 3, Keys: [446469990, 1, 1125268556]
[GameWorld] Client updating remote player 446469990, isLocal=Player_446469990
[PlayerController] Ignoring UpdateRemotePosition for local player 446469990
Action selected: interview for NPC katy
[GameWorld] UpdateGameState called on peer 446469990, players before: 3
[PlayerController] Player 446469990 emitting PositionChanged signal at (288.918, 202.8078)
[GameWorld] OnPlayerPositionChanged: Player 446469990 at (288.918, 202.8078), IsServer=False
[GameWorld] Client sending position to server
[PlayerController] Player 446469990 emitting PositionChanged signal at (288.918, 206.14113)
[GameWorld] OnPlayerPositionChanged: Player 446469990 at (288.918, 206.14113), IsServer=False
[GameWorld] Client sending position to server
[GameWorld] SyncPlayerPosition RPC received on peer 446469990: Player 446469990 at (288.918, 202.8078)
[GameWorld] Current player controllers: 3, Keys: [446469990, 1, 1125268556]
[GameWorld] Client updating remote player 446469990, isLocal=Player_446469990
[PlayerController] Ignoring UpdateRemotePosition for local player 446469990
[PlayerController] Player 446469990 emitting PositionChanged signal at (288.918, 209.47446)
[GameWorld] OnPlayerPositionChanged: Player 446469990 at (288.918, 209.47446), IsServer=False
[GameWorld] Client sending position to server
[GameWorld] SyncPlayerPosition RPC received on peer 446469990: Player 446469990 at (288.918, 206.14113)
[GameWorld] Current player controllers: 3, Keys: [446469990, 1, 1125268556]
[GameWorld] Client updating remote player 446469990, isLocal=Player_446469990
[PlayerController] Ignoring UpdateRemotePosition for local player 446469990
[PlayerController] Player 446469990 emitting PositionChanged signal at (288.918, 212.80779)
[GameWorld] OnPlayerPositionChanged: Player 446469990 at (288.918, 212.80779), IsServer=False
[GameWorld] Client sending position to server
[GameWorld] SyncPlayerPosition RPC received on peer 446469990: Player 446469990 at (288.918, 209.47446)
[GameWorld] Current player controllers: 3, Keys: [446469990, 1, 1125268556]
[GameWorld] Client updating remote player 446469990, isLocal=Player_446469990
[PlayerController] Ignoring UpdateRemotePosition for local player 446469990
[PlayerController] Player 446469990 emitting PositionChanged signal at (288.918, 216.14111)
[GameWorld] OnPlayerPositionChanged: Player 446469990 at (288.918, 216.14111), IsServer=False
[GameWorld] Client sending position to server
[GameWorld] SyncPlayerPosition RPC received on peer 446469990: Player 446469990 at (288.918, 212.80779)
[GameWorld] Current player controllers: 3, Keys: [446469990, 1, 1125268556]
[GameWorld] Client updating remote player 446469990, isLocal=Player_446469990
[PlayerController] Ignoring UpdateRemotePosition for local player 446469990
[PlayerController] Player 446469990 emitting PositionChanged signal at (288.918, 219.47444)
[GameWorld] OnPlayerPositionChanged: Player 446469990 at (288.918, 219.47444), IsServer=False
[GameWorld] Client sending position to server
[GameWorld] SyncPlayerPosition RPC received on peer 446469990: Player 446469990 at (288.918, 216.14111)
[GameWorld] Current player controllers: 3, Keys: [446469990, 1, 1125268556]
[GameWorld] Client updating remote player 446469990, isLocal=Player_446469990
[PlayerController] Ignoring UpdateRemotePosition for local player 446469990
[PlayerController] Player 446469990 emitting PositionChanged signal at (288.918, 222.80777)
[GameWorld] OnPlayerPositionChanged: Player 446469990 at (288.918, 222.80777), IsServer=False
[GameWorld] Client sending position to server
[PlayerController] Player 446469990 emitting PositionChanged signal at (288.918, 226.1411)
[GameWorld] OnPlayerPositionChanged: Player 446469990 at (288.918, 226.1411), IsServer=False
[GameWorld] Client sending position to server
[GameWorld] SyncPlayerPosition RPC received on peer 446469990: Player 446469990 at (288.918, 219.47444)
[GameWorld] Current player controllers: 3, Keys: [446469990, 1, 1125268556]
[GameWorld] Client updating remote player 446469990, isLocal=Player_446469990
[PlayerController] Ignoring UpdateRemotePosition for local player 446469990
[GameWorld] SyncPlayerPosition RPC received on peer 446469990: Player 446469990 at (288.918, 222.80777)
[GameWorld] Current player controllers: 3, Keys: [446469990, 1, 1125268556]
[GameWorld] Client updating remote player 446469990, isLocal=Player_446469990
[PlayerController] Ignoring UpdateRemotePosition for local player 446469990
[PlayerController] Player 446469990 emitting PositionChanged signal at (288.918, 229.47443)
[GameWorld] OnPlayerPositionChanged: Player 446469990 at (288.918, 229.47443), IsServer=False
[GameWorld] Client sending position to server
[GameWorld] SyncPlayerPosition RPC received on peer 446469990: Player 446469990 at (288.918, 226.1411)
[GameWorld] Current player controllers: 3, Keys: [446469990, 1, 1125268556]
[GameWorld] Client updating remote player 446469990, isLocal=Player_446469990
[PlayerController] Ignoring UpdateRemotePosition for local player 446469990
[PlayerController] Player 446469990 emitting PositionChanged signal at (288.918, 232.80775)
[GameWorld] OnPlayerPositionChanged: Player 446469990 at (288.918, 232.80775), IsServer=False
[GameWorld] Client sending position to server
[GameWorld] SyncPlayerPosition RPC received on peer 446469990: Player 446469990 at (288.918, 229.47443)
[GameWorld] Current player controllers: 3, Keys: [446469990, 1, 1125268556]
[GameWorld] Client updating remote player 446469990, isLocal=Player_446469990
[PlayerController] Ignoring UpdateRemotePosition for local player 446469990
[PlayerController] Player 446469990 emitting PositionChanged signal at (288.918, 236.14108)
[GameWorld] OnPlayerPositionChanged: Player 446469990 at (288.918, 236.14108), IsServer=False
[GameWorld] Client sending position to server
[GameWorld] SyncPlayerPosition RPC received on peer 446469990: Player 446469990 at (288.918, 232.80775)
[GameWorld] Current player controllers: 3, Keys: [446469990, 1, 1125268556]
[GameWorld] Client updating remote player 446469990, isLocal=Player_446469990
[PlayerController] Ignoring UpdateRemotePosition for local player 446469990
[PlayerController] Player 446469990 emitting PositionChanged signal at (288.918, 239.47441)
[GameWorld] OnPlayerPositionChanged: Player 446469990 at (288.918, 239.47441), IsServer=False
[GameWorld] Client sending position to server
[GameWorld] SyncPlayerPosition RPC received on peer 446469990: Player 446469990 at (288.918, 236.14108)
[GameWorld] Current player controllers: 3, Keys: [446469990, 1, 1125268556]
[GameWorld] Client updating remote player 446469990, isLocal=Player_446469990
[PlayerController] Ignoring UpdateRemotePosition for local player 446469990
[PlayerController] Player 446469990 emitting PositionChanged signal at (288.918, 242.80774)
[GameWorld] OnPlayerPositionChanged: Player 446469990 at (288.918, 242.80774), IsServer=False
[GameWorld] Client sending position to server
[GameWorld] SyncPlayerPosition RPC received on peer 446469990: Player 446469990 at (288.918, 239.47441)
[GameWorld] Current player controllers: 3, Keys: [446469990, 1, 1125268556]
[GameWorld] Client updating remote player 446469990, isLocal=Player_446469990
[PlayerController] Ignoring UpdateRemotePosition for local player 446469990
[PlayerController] Player 446469990 emitting PositionChanged signal at (288.918, 246.14107)
[GameWorld] OnPlayerPositionChanged: Player 446469990 at (288.918, 246.14107), IsServer=False
[GameWorld] Client sending position to server
[GameWorld] SyncPlayerPosition RPC received on peer 446469990: Player 446469990 at (288.918, 242.80774)
[GameWorld] Current player controllers: 3, Keys: [446469990, 1, 1125268556]
[GameWorld] Client updating remote player 446469990, isLocal=Player_446469990
[PlayerController] Ignoring UpdateRemotePosition for local player 446469990
[PlayerController] Player 446469990 emitting PositionChanged signal at (288.918, 249.4744)
[GameWorld] OnPlayerPositionChanged: Player 446469990 at (288.918, 249.4744), IsServer=False
[GameWorld] Client sending position to server
[GameWorld] SyncPlayerPosition RPC received on peer 446469990: Player 446469990 at (288.918, 246.14107)
[GameWorld] Current player controllers: 3, Keys: [446469990, 1, 1125268556]
[GameWorld] Client updating remote player 446469990, isLocal=Player_446469990
[PlayerController] Ignoring UpdateRemotePosition for local player 446469990
[PlayerController] Player 446469990 emitting PositionChanged signal at (288.918, 252.80772)
[GameWorld] OnPlayerPositionChanged: Player 446469990 at (288.918, 252.80772), IsServer=False
[GameWorld] Client sending position to server
[GameWorld] SyncPlayerPosition RPC received on peer 446469990: Player 446469990 at (288.918, 249.4744)
[GameWorld] Current player controllers: 3, Keys: [446469990, 1, 1125268556]
[GameWorld] Client updating remote player 446469990, isLocal=Player_446469990
[PlayerController] Ignoring UpdateRemotePosition for local player 446469990
[PlayerController] Player 446469990 emitting PositionChanged signal at (288.918, 256.14105)
[GameWorld] OnPlayerPositionChanged: Player 446469990 at (288.918, 256.14105), IsServer=False
[GameWorld] Client sending position to server
[GameWorld] SyncPlayerPosition RPC received on peer 446469990: Player 446469990 at (288.918, 252.80772)
[GameWorld] Current player controllers: 3, Keys: [446469990, 1, 1125268556]
[GameWorld] Client updating remote player 446469990, isLocal=Player_446469990
[PlayerController] Ignoring UpdateRemotePosition for local player 446469990
[PlayerController] Player 446469990 emitting PositionChanged signal at (288.918, 259.4744)
[GameWorld] OnPlayerPositionChanged: Player 446469990 at (288.918, 259.4744), IsServer=False
[GameWorld] Client sending position to server
[GameWorld] SyncPlayerPosition RPC received on peer 446469990: Player 446469990 at (288.918, 256.14105)
[GameWorld] Current player controllers: 3, Keys: [446469990, 1, 1125268556]
[GameWorld] Client updating remote player 446469990, isLocal=Player_446469990
[PlayerController] Ignoring UpdateRemotePosition for local player 446469990
[PlayerController] Player 446469990 emitting PositionChanged signal at (288.918, 262.80774)
[GameWorld] OnPlayerPositionChanged: Player 446469990 at (288.918, 262.80774), IsServer=False
[GameWorld] Client sending position to server
[GameWorld] SyncPlayerPosition RPC received on peer 446469990: Player 446469990 at (288.918, 259.4744)
[GameWorld] Current player controllers: 3, Keys: [446469990, 1, 1125268556]
[GameWorld] Client updating remote player 446469990, isLocal=Player_446469990
[PlayerController] Ignoring UpdateRemotePosition for local player 446469990
[PlayerController] Player 446469990 emitting PositionChanged signal at (288.918, 266.14108)
[GameWorld] OnPlayerPositionChanged: Player 446469990 at (288.918, 266.14108), IsServer=False
[GameWorld] Client sending position to server
[GameWorld] SyncPlayerPosition RPC received on peer 446469990: Player 446469990 at (288.918, 262.80774)
[GameWorld] Current player controllers: 3, Keys: [446469990, 1, 1125268556]
[GameWorld] Client updating remote player 446469990, isLocal=Player_446469990
[PlayerController] Ignoring UpdateRemotePosition for local player 446469990
[PlayerController] Player 446469990 emitting PositionChanged signal at (288.918, 269.47443)
[GameWorld] OnPlayerPositionChanged: Player 446469990 at (288.918, 269.47443), IsServer=False
[GameWorld] Client sending position to server
[GameWorld] SyncPlayerPosition RPC received on peer 446469990: Player 446469990 at (288.918, 266.14108)
[GameWorld] Current player controllers: 3, Keys: [446469990, 1, 1125268556]
[GameWorld] Client updating remote player 446469990, isLocal=Player_446469990
[PlayerController] Ignoring UpdateRemotePosition for local player 446469990
[PlayerController] Player 446469990 emitting PositionChanged signal at (288.918, 272.80777)
[GameWorld] OnPlayerPositionChanged: Player 446469990 at (288.918, 272.80777), IsServer=False
[GameWorld] Client sending position to server
[GameWorld] SyncPlayerPosition RPC received on peer 446469990: Player 446469990 at (288.918, 269.47443)
[GameWorld] Current player controllers: 3, Keys: [446469990, 1, 1125268556]
[GameWorld] Client updating remote player 446469990, isLocal=Player_446469990
[PlayerController] Ignoring UpdateRemotePosition for local player 446469990
[PlayerController] Player 446469990 emitting PositionChanged signal at (288.918, 276.1411)
[GameWorld] OnPlayerPositionChanged: Player 446469990 at (288.918, 276.1411), IsServer=False
[GameWorld] Client sending position to server
[GameWorld] SyncPlayerPosition RPC received on peer 446469990: Player 446469990 at (288.918, 272.80777)
[GameWorld] Current player controllers: 3, Keys: [446469990, 1, 1125268556]
[GameWorld] Client updating remote player 446469990, isLocal=Player_446469990
[PlayerController] Ignoring UpdateRemotePosition for local player 446469990
[PlayerController] Player 446469990 emitting PositionChanged signal at (288.918, 279.47446)
[GameWorld] OnPlayerPositionChanged: Player 446469990 at (288.918, 279.47446), IsServer=False
[GameWorld] Client sending position to server
[GameWorld] SyncPlayerPosition RPC received on peer 446469990: Player 446469990 at (288.918, 276.1411)
[GameWorld] Current player controllers: 3, Keys: [446469990, 1, 1125268556]
[GameWorld] Client updating remote player 446469990, isLocal=Player_446469990
[PlayerController] Ignoring UpdateRemotePosition for local player 446469990
[PlayerController] Player 446469990 emitting PositionChanged signal at (288.918, 282.8078)
[GameWorld] OnPlayerPositionChanged: Player 446469990 at (288.918, 282.8078), IsServer=False
[GameWorld] Client sending position to server
[GameWorld] SyncPlayerPosition RPC received on peer 446469990: Player 446469990 at (288.918, 279.47446)
[GameWorld] Current player controllers: 3, Keys: [446469990, 1, 1125268556]
[GameWorld] Client updating remote player 446469990, isLocal=Player_446469990
[PlayerController] Ignoring UpdateRemotePosition for local player 446469990
[PlayerController] Player 446469990 emitting PositionChanged signal at (288.918, 286.14114)
[GameWorld] OnPlayerPositionChanged: Player 446469990 at (288.918, 286.14114), IsServer=False
[GameWorld] Client sending position to server
[GameWorld] SyncPlayerPosition RPC received on peer 446469990: Player 446469990 at (288.918, 282.8078)
[GameWorld] Current player controllers: 3, Keys: [446469990, 1, 1125268556]
[GameWorld] Client updating remote player 446469990, isLocal=Player_446469990
[PlayerController] Ignoring UpdateRemotePosition for local player 446469990
[PlayerController] Player 446469990 emitting PositionChanged signal at (288.918, 289.4745)
[GameWorld] OnPlayerPositionChanged: Player 446469990 at (288.918, 289.4745), IsServer=False
[GameWorld] Client sending position to server
[PlayerController] Player 446469990 emitting PositionChanged signal at (288.918, 292.80783)
[GameWorld] OnPlayerPositionChanged: Player 446469990 at (288.918, 292.80783), IsServer=False
[GameWorld] Client sending position to server
[GameWorld] SyncPlayerPosition RPC received on peer 446469990: Player 446469990 at (288.918, 286.14114)
[GameWorld] Current player controllers: 3, Keys: [446469990, 1, 1125268556]
[GameWorld] Client updating remote player 446469990, isLocal=Player_446469990
[PlayerController] Ignoring UpdateRemotePosition for local player 446469990
[GameWorld] SyncPlayerPosition RPC received on peer 446469990: Player 446469990 at (288.918, 289.4745)
[GameWorld] Current player controllers: 3, Keys: [446469990, 1, 1125268556]
[GameWorld] Client updating remote player 446469990, isLocal=Player_446469990
[PlayerController] Ignoring UpdateRemotePosition for local player 446469990
[PlayerController] Player 446469990 emitting PositionChanged signal at (288.918, 296.14117)
[GameWorld] OnPlayerPositionChanged: Player 446469990 at (288.918, 296.14117), IsServer=False
[GameWorld] Client sending position to server
[GameWorld] SyncPlayerPosition RPC received on peer 446469990: Player 446469990 at (288.918, 292.80783)
[GameWorld] Current player controllers: 3, Keys: [446469990, 1, 1125268556]
[GameWorld] Client updating remote player 446469990, isLocal=Player_446469990
[PlayerController] Ignoring UpdateRemotePosition for local player 446469990
[PlayerController] Player 446469990 emitting PositionChanged signal at (288.918, 299.47452)
[GameWorld] OnPlayerPositionChanged: Player 446469990 at (288.918, 299.47452), IsServer=False
[GameWorld] Client sending position to server
[GameWorld] SyncPlayerPosition RPC received on peer 446469990: Player 446469990 at (288.918, 296.14117)
[GameWorld] Current player controllers: 3, Keys: [446469990, 1, 1125268556]
[GameWorld] Client updating remote player 446469990, isLocal=Player_446469990
[PlayerController] Ignoring UpdateRemotePosition for local player 446469990
[PlayerController] Player 446469990 emitting PositionChanged signal at (288.918, 302.80786)
[GameWorld] OnPlayerPositionChanged: Player 446469990 at (288.918, 302.80786), IsServer=False
[GameWorld] Client sending position to server
[GameWorld] SyncPlayerPosition RPC received on peer 446469990: Player 446469990 at (288.918, 299.47452)
[GameWorld] Current player controllers: 3, Keys: [446469990, 1, 1125268556]
[GameWorld] Client updating remote player 446469990, isLocal=Player_446469990
[PlayerController] Ignoring UpdateRemotePosition for local player 446469990
[PlayerController] Player 446469990 emitting PositionChanged signal at (288.918, 306.1412)
[GameWorld] OnPlayerPositionChanged: Player 446469990 at (288.918, 306.1412), IsServer=False
[GameWorld] Client sending position to server
[GameWorld] SyncPlayerPosition RPC received on peer 446469990: Player 446469990 at (288.918, 302.80786)
[GameWorld] Current player controllers: 3, Keys: [446469990, 1, 1125268556]
[GameWorld] Client updating remote player 446469990, isLocal=Player_446469990
[PlayerController] Ignoring UpdateRemotePosition for local player 446469990
[PlayerController] Player 446469990 emitting PositionChanged signal at (288.918, 309.47455)
[GameWorld] OnPlayerPositionChanged: Player 446469990 at (288.918, 309.47455), IsServer=False
[GameWorld] Client sending position to server
[GameWorld] SyncPlayerPosition RPC received on peer 446469990: Player 446469990 at (288.918, 306.1412)
[GameWorld] Current player controllers: 3, Keys: [446469990, 1, 1125268556]
[GameWorld] Client updating remote player 446469990, isLocal=Player_446469990
[PlayerController] Ignoring UpdateRemotePosition for local player 446469990
Body exited Katy: Player_446469990
[PlayerController] Player 446469990 emitting PositionChanged signal at (288.918, 312.8079)
[GameWorld] OnPlayerPositionChanged: Player 446469990 at (288.918, 312.8079), IsServer=False
[GameWorld] Client sending position to server
[GameWorld] SyncPlayerPosition RPC received on peer 446469990: Player 446469990 at (288.918, 309.47455)
[GameWorld] Current player controllers: 3, Keys: [446469990, 1, 1125268556]
[GameWorld] Client updating remote player 446469990, isLocal=Player_446469990
[PlayerController] Ignoring UpdateRemotePosition for local player 446469990
[PlayerController] Player 446469990 emitting PositionChanged signal at (288.918, 316.14124)
[GameWorld] OnPlayerPositionChanged: Player 446469990 at (288.918, 316.14124), IsServer=False
[GameWorld] Client sending position to server
[GameWorld] SyncPlayerPosition RPC received on peer 446469990: Player 446469990 at (288.918, 312.8079)
[GameWorld] Current player controllers: 3, Keys: [446469990, 1, 1125268556]
[GameWorld] Client updating remote player 446469990, isLocal=Player_446469990
[PlayerController] Ignoring UpdateRemotePosition for local player 446469990
[PlayerController] Player 446469990 emitting PositionChanged signal at (288.918, 319.47458)
[GameWorld] OnPlayerPositionChanged: Player 446469990 at (288.918, 319.47458), IsServer=False
[GameWorld] Client sending position to server
[GameWorld] SyncPlayerPosition RPC received on peer 446469990: Player 446469990 at (288.918, 316.14124)
[GameWorld] Current player controllers: 3, Keys: [446469990, 1, 1125268556]
[GameWorld] Client updating remote player 446469990, isLocal=Player_446469990
[PlayerController] Ignoring UpdateRemotePosition for local player 446469990
[PlayerController] Player 446469990 emitting PositionChanged signal at (288.918, 322.80792)
[GameWorld] OnPlayerPositionChanged: Player 446469990 at (288.918, 322.80792), IsServer=False
[GameWorld] Client sending position to server
[GameWorld] SyncPlayerPosition RPC received on peer 446469990: Player 446469990 at (288.918, 319.47458)
[GameWorld] Current player controllers: 3, Keys: [446469990, 1, 1125268556]
[GameWorld] Client updating remote player 446469990, isLocal=Player_446469990
[PlayerController] Ignoring UpdateRemotePosition for local player 446469990
[PlayerController] Player 446469990 emitting PositionChanged signal at (288.918, 326.14127)
[GameWorld] OnPlayerPositionChanged: Player 446469990 at (288.918, 326.14127), IsServer=False
[GameWorld] Client sending position to server
[GameWorld] SyncPlayerPosition RPC received on peer 446469990: Player 446469990 at (288.918, 322.80792)
[GameWorld] Current player controllers: 3, Keys: [446469990, 1, 1125268556]
[GameWorld] Client updating remote player 446469990, isLocal=Player_446469990
[PlayerController] Ignoring UpdateRemotePosition for local player 446469990
[PlayerController] Player 446469990 emitting PositionChanged signal at (288.918, 329.4746)
[GameWorld] OnPlayerPositionChanged: Player 446469990 at (288.918, 329.4746), IsServer=False
[GameWorld] Client sending position to server
[GameWorld] SyncPlayerPosition RPC received on peer 446469990: Player 446469990 at (288.918, 326.14127)
[GameWorld] Current player controllers: 3, Keys: [446469990, 1, 1125268556]
[GameWorld] Client updating remote player 446469990, isLocal=Player_446469990
[PlayerController] Ignoring UpdateRemotePosition for local player 446469990
[PlayerController] Player 446469990 emitting PositionChanged signal at (288.918, 332.80795)
[GameWorld] OnPlayerPositionChanged: Player 446469990 at (288.918, 332.80795), IsServer=False
[GameWorld] Client sending position to server
[GameWorld] SyncPlayerPosition RPC received on peer 446469990: Player 446469990 at (288.918, 329.4746)
[GameWorld] Current player controllers: 3, Keys: [446469990, 1, 1125268556]
[GameWorld] Client updating remote player 446469990, isLocal=Player_446469990
[PlayerController] Ignoring UpdateRemotePosition for local player 446469990
[PlayerController] Player 446469990 emitting PositionChanged signal at (288.918, 336.1413)
[GameWorld] OnPlayerPositionChanged: Player 446469990 at (288.918, 336.1413), IsServer=False
[GameWorld] Client sending position to server
[GameWorld] SyncPlayerPosition RPC received on peer 446469990: Player 446469990 at (288.918, 332.80795)
[GameWorld] Current player controllers: 3, Keys: [446469990, 1, 1125268556]
[GameWorld] Client updating remote player 446469990, isLocal=Player_446469990
[PlayerController] Ignoring UpdateRemotePosition for local player 446469990
[PlayerController] Player 446469990 emitting PositionChanged signal at (288.918, 339.47464)
[GameWorld] OnPlayerPositionChanged: Player 446469990 at (288.918, 339.47464), IsServer=False
[GameWorld] Client sending position to server
[GameWorld] SyncPlayerPosition RPC received on peer 446469990: Player 446469990 at (288.918, 336.1413)
[GameWorld] Current player controllers: 3, Keys: [446469990, 1, 1125268556]
[GameWorld] Client updating remote player 446469990, isLocal=Player_446469990
[PlayerController] Ignoring UpdateRemotePosition for local player 446469990
[PlayerController] Player 446469990 emitting PositionChanged signal at (288.918, 342.80798)
[GameWorld] OnPlayerPositionChanged: Player 446469990 at (288.918, 342.80798), IsServer=False
[GameWorld] Client sending position to server
[GameWorld] SyncPlayerPosition RPC received on peer 446469990: Player 446469990 at (288.918, 339.47464)
[GameWorld] Current player controllers: 3, Keys: [446469990, 1, 1125268556]
[GameWorld] Client updating remote player 446469990, isLocal=Player_446469990
[PlayerController] Ignoring UpdateRemotePosition for local player 446469990
[PlayerController] Player 446469990 emitting PositionChanged signal at (288.918, 346.14133)
[GameWorld] OnPlayerPositionChanged: Player 446469990 at (288.918, 346.14133), IsServer=False
[GameWorld] Client sending position to server
[GameWorld] SyncPlayerPosition RPC received on peer 446469990: Player 446469990 at (288.918, 342.80798)
[GameWorld] Current player controllers: 3, Keys: [446469990, 1, 1125268556]
[GameWorld] Client updating remote player 446469990, isLocal=Player_446469990
[PlayerController] Ignoring UpdateRemotePosition for local player 446469990
[PlayerController] Player 446469990 emitting PositionChanged signal at (288.918, 349.47467)
[GameWorld] OnPlayerPositionChanged: Player 446469990 at (288.918, 349.47467), IsServer=False
[GameWorld] Client sending position to server
[GameWorld] SyncPlayerPosition RPC received on peer 446469990: Player 446469990 at (288.918, 346.14133)
[GameWorld] Current player controllers: 3, Keys: [446469990, 1, 1125268556]
[GameWorld] Client updating remote player 446469990, isLocal=Player_446469990
[PlayerController] Ignoring UpdateRemotePosition for local player 446469990
[PlayerController] Player 446469990 emitting PositionChanged signal at (288.918, 352.808)
[GameWorld] OnPlayerPositionChanged: Player 446469990 at (288.918, 352.808), IsServer=False
[GameWorld] Client sending position to server
[GameWorld] SyncPlayerPosition RPC received on peer 446469990: Player 446469990 at (288.918, 349.47467)
[GameWorld] Current player controllers: 3, Keys: [446469990, 1, 1125268556]
[GameWorld] Client updating remote player 446469990, isLocal=Player_446469990
[PlayerController] Ignoring UpdateRemotePosition for local player 446469990
[PlayerController] Player 446469990 emitting PositionChanged signal at (288.918, 356.14136)
[GameWorld] OnPlayerPositionChanged: Player 446469990 at (288.918, 356.14136), IsServer=False
[GameWorld] Client sending position to server
[GameWorld] SyncPlayerPosition RPC received on peer 446469990: Player 446469990 at (288.918, 352.808)
[GameWorld] Current player controllers: 3, Keys: [446469990, 1, 1125268556]
[GameWorld] Client updating remote player 446469990, isLocal=Player_446469990
[PlayerController] Ignoring UpdateRemotePosition for local player 446469990
[PlayerController] Player 446469990 emitting PositionChanged signal at (288.918, 359.4747)
[GameWorld] OnPlayerPositionChanged: Player 446469990 at (288.918, 359.4747), IsServer=False
[GameWorld] Client sending position to server
[GameWorld] SyncPlayerPosition RPC received on peer 446469990: Player 446469990 at (288.918, 356.14136)
[GameWorld] Current player controllers: 3, Keys: [446469990, 1, 1125268556]
[GameWorld] Client updating remote player 446469990, isLocal=Player_446469990
[PlayerController] Ignoring UpdateRemotePosition for local player 446469990
[PlayerController] Player 446469990 emitting PositionChanged signal at (288.918, 362.80804)
[GameWorld] OnPlayerPositionChanged: Player 446469990 at (288.918, 362.80804), IsServer=False
[GameWorld] Client sending position to server
[GameWorld] SyncPlayerPosition RPC received on peer 446469990: Player 446469990 at (288.918, 359.4747)
[GameWorld] Current player controllers: 3, Keys: [446469990, 1, 1125268556]
[GameWorld] Client updating remote player 446469990, isLocal=Player_446469990
[PlayerController] Ignoring UpdateRemotePosition for local player 446469990
[PlayerController] Player 446469990 emitting PositionChanged signal at (288.918, 366.1414)
[GameWorld] OnPlayerPositionChanged: Player 446469990 at (288.918, 366.1414), IsServer=False
[GameWorld] Client sending position to server
[PlayerController] Player 446469990 emitting PositionChanged signal at (288.918, 369.47473)
[GameWorld] OnPlayerPositionChanged: Player 446469990 at (288.918, 369.47473), IsServer=False
[GameWorld] Client sending position to server
[GameWorld] SyncPlayerPosition RPC received on peer 446469990: Player 446469990 at (288.918, 362.80804)
[GameWorld] Current player controllers: 3, Keys: [446469990, 1, 1125268556]
[GameWorld] Client updating remote player 446469990, isLocal=Player_446469990
[PlayerController] Ignoring UpdateRemotePosition for local player 446469990
[GameWorld] SyncPlayerPosition RPC received on peer 446469990: Player 446469990 at (288.918, 366.1414)
[GameWorld] Current player controllers: 3, Keys: [446469990, 1, 1125268556]
[GameWorld] Client updating remote player 446469990, isLocal=Player_446469990
[PlayerController] Ignoring UpdateRemotePosition for local player 446469990
[PlayerController] Player 446469990 emitting PositionChanged signal at (288.918, 372.80807)
[GameWorld] OnPlayerPositionChanged: Player 446469990 at (288.918, 372.80807), IsServer=False
[GameWorld] Client sending position to server
[GameWorld] SyncPlayerPosition RPC received on peer 446469990: Player 446469990 at (288.918, 369.47473)
[GameWorld] Current player controllers: 3, Keys: [446469990, 1, 1125268556]
[GameWorld] Client updating remote player 446469990, isLocal=Player_446469990
[PlayerController] Ignoring UpdateRemotePosition for local player 446469990
[PlayerController] Player 446469990 emitting PositionChanged signal at (288.918, 376.14142)
[GameWorld] OnPlayerPositionChanged: Player 446469990 at (288.918, 376.14142), IsServer=False
[GameWorld] Client sending position to server
[GameWorld] SyncPlayerPosition RPC received on peer 446469990: Player 446469990 at (288.918, 372.80807)
[GameWorld] Current player controllers: 3, Keys: [446469990, 1, 1125268556]
[GameWorld] Client updating remote player 446469990, isLocal=Player_446469990
[PlayerController] Ignoring UpdateRemotePosition for local player 446469990
[PlayerController] Player 446469990 emitting PositionChanged signal at (288.918, 379.47476)
[GameWorld] OnPlayerPositionChanged: Player 446469990 at (288.918, 379.47476), IsServer=False
[GameWorld] Client sending position to server
[GameWorld] SyncPlayerPosition RPC received on peer 446469990: Player 446469990 at (288.918, 376.14142)
[GameWorld] Current player controllers: 3, Keys: [446469990, 1, 1125268556]
[GameWorld] Client updating remote player 446469990, isLocal=Player_446469990
[PlayerController] Ignoring UpdateRemotePosition for local player 446469990
[PlayerController] Player 446469990 emitting PositionChanged signal at (288.918, 382.8081)
[GameWorld] OnPlayerPositionChanged: Player 446469990 at (288.918, 382.8081), IsServer=False
[GameWorld] Client sending position to server
[PlayerController] Player 446469990 emitting PositionChanged signal at (288.918, 386.14145)
[GameWorld] OnPlayerPositionChanged: Player 446469990 at (288.918, 386.14145), IsServer=False
[GameWorld] Client sending position to server
[GameWorld] SyncPlayerPosition RPC received on peer 446469990: Player 446469990 at (288.918, 379.47476)
[GameWorld] Current player controllers: 3, Keys: [446469990, 1, 1125268556]
[GameWorld] Client updating remote player 446469990, isLocal=Player_446469990
[PlayerController] Ignoring UpdateRemotePosition for local player 446469990
[GameWorld] SyncPlayerPosition RPC received on peer 446469990: Player 446469990 at (288.918, 382.8081)
[GameWorld] Current player controllers: 3, Keys: [446469990, 1, 1125268556]
[GameWorld] Client updating remote player 446469990, isLocal=Player_446469990
[PlayerController] Ignoring UpdateRemotePosition for local player 446469990
[PlayerController] Player 446469990 emitting PositionChanged signal at (288.918, 389.4748)
[GameWorld] OnPlayerPositionChanged: Player 446469990 at (288.918, 389.4748), IsServer=False
[GameWorld] Client sending position to server
[GameWorld] SyncPlayerPosition RPC received on peer 446469990: Player 446469990 at (288.918, 386.14145)
[GameWorld] Current player controllers: 3, Keys: [446469990, 1, 1125268556]
[GameWorld] Client updating remote player 446469990, isLocal=Player_446469990
[PlayerController] Ignoring UpdateRemotePosition for local player 446469990
[PlayerController] Player 446469990 emitting PositionChanged signal at (288.918, 392.80814)
[GameWorld] OnPlayerPositionChanged: Player 446469990 at (288.918, 392.80814), IsServer=False
[GameWorld] Client sending position to server
[GameWorld] SyncPlayerPosition RPC received on peer 446469990: Player 446469990 at (288.918, 389.4748)
[GameWorld] Current player controllers: 3, Keys: [446469990, 1, 1125268556]
[GameWorld] Client updating remote player 446469990, isLocal=Player_446469990
[PlayerController] Ignoring UpdateRemotePosition for local player 446469990
[PlayerController] Player 446469990 emitting PositionChanged signal at (288.918, 396.14148)
[GameWorld] OnPlayerPositionChanged: Player 446469990 at (288.918, 396.14148), IsServer=False
[GameWorld] Client sending position to server
[GameWorld] SyncPlayerPosition RPC received on peer 446469990: Player 446469990 at (288.918, 392.80814)
[GameWorld] Current player controllers: 3, Keys: [446469990, 1, 1125268556]
[GameWorld] Client updating remote player 446469990, isLocal=Player_446469990
[PlayerController] Ignoring UpdateRemotePosition for local player 446469990
[PlayerController] Player 446469990 emitting PositionChanged signal at (288.918, 399.47482)
[GameWorld] OnPlayerPositionChanged: Player 446469990 at (288.918, 399.47482), IsServer=False
[GameWorld] Client sending position to server
[GameWorld] SyncPlayerPosition RPC received on peer 446469990: Player 446469990 at (288.918, 396.14148)
[GameWorld] Current player controllers: 3, Keys: [446469990, 1, 1125268556]
[GameWorld] Client updating remote player 446469990, isLocal=Player_446469990
[PlayerController] Ignoring UpdateRemotePosition for local player 446469990
[PlayerController] Player 446469990 emitting PositionChanged signal at (288.918, 402.80817)
[GameWorld] OnPlayerPositionChanged: Player 446469990 at (288.918, 402.80817), IsServer=False
[GameWorld] Client sending position to server
[GameWorld] SyncPlayerPosition RPC received on peer 446469990: Player 446469990 at (288.918, 399.47482)
[GameWorld] Current player controllers: 3, Keys: [446469990, 1, 1125268556]
[GameWorld] Client updating remote player 446469990, isLocal=Player_446469990
[PlayerController] Ignoring UpdateRemotePosition for local player 446469990
[PlayerController] Player 446469990 emitting PositionChanged signal at (288.918, 406.1415)
[GameWorld] OnPlayerPositionChanged: Player 446469990 at (288.918, 406.1415), IsServer=False
[GameWorld] Client sending position to server
[GameWorld] SyncPlayerPosition RPC received on peer 446469990: Player 446469990 at (288.918, 402.80817)
[GameWorld] Current player controllers: 3, Keys: [446469990, 1, 1125268556]
[GameWorld] Client updating remote player 446469990, isLocal=Player_446469990
[PlayerController] Ignoring UpdateRemotePosition for local player 446469990
[PlayerController] Player 446469990 emitting PositionChanged signal at (288.918, 409.47485)
[GameWorld] OnPlayerPositionChanged: Player 446469990 at (288.918, 409.47485), IsServer=False
[GameWorld] Client sending position to server
[GameWorld] SyncPlayerPosition RPC received on peer 446469990: Player 446469990 at (288.918, 406.1415)
[GameWorld] Current player controllers: 3, Keys: [446469990, 1, 1125268556]
[GameWorld] Client updating remote player 446469990, isLocal=Player_446469990
[PlayerController] Ignoring UpdateRemotePosition for local player 446469990
[PlayerController] Player 446469990 emitting PositionChanged signal at (288.918, 412.8082)
[GameWorld] OnPlayerPositionChanged: Player 446469990 at (288.918, 412.8082), IsServer=False
[GameWorld] Client sending position to server
[GameWorld] SyncPlayerPosition RPC received on peer 446469990: Player 446469990 at (288.918, 409.47485)
[GameWorld] Current player controllers: 3, Keys: [446469990, 1, 1125268556]
[GameWorld] Client updating remote player 446469990, isLocal=Player_446469990
[PlayerController] Ignoring UpdateRemotePosition for local player 446469990
[PlayerController] Player 446469990 emitting PositionChanged signal at (288.918, 416.14154)
[GameWorld] OnPlayerPositionChanged: Player 446469990 at (288.918, 416.14154), IsServer=False
[GameWorld] Client sending position to server
[GameWorld] SyncPlayerPosition RPC received on peer 446469990: Player 446469990 at (288.918, 412.8082)
[GameWorld] Current player controllers: 3, Keys: [446469990, 1, 1125268556]
[GameWorld] Client updating remote player 446469990, isLocal=Player_446469990
[PlayerController] Ignoring UpdateRemotePosition for local player 446469990
[PlayerController] Player 446469990 emitting PositionChanged signal at (288.918, 419.47488)
[GameWorld] OnPlayerPositionChanged: Player 446469990 at (288.918, 419.47488), IsServer=False
[GameWorld] Client sending position to server
[GameWorld] SyncPlayerPosition RPC received on peer 446469990: Player 446469990 at (288.918, 416.14154)
[GameWorld] Current player controllers: 3, Keys: [446469990, 1, 1125268556]
[GameWorld] Client updating remote player 446469990, isLocal=Player_446469990
[PlayerController] Ignoring UpdateRemotePosition for local player 446469990
[PlayerController] Player 446469990 emitting PositionChanged signal at (288.918, 422.80823)
[GameWorld] OnPlayerPositionChanged: Player 446469990 at (288.918, 422.80823), IsServer=False
[GameWorld] Client sending position to server
[GameWorld] SyncPlayerPosition RPC received on peer 446469990: Player 446469990 at (288.918, 419.47488)
[GameWorld] Current player controllers: 3, Keys: [446469990, 1, 1125268556]
[GameWorld] Client updating remote player 446469990, isLocal=Player_446469990
[PlayerController] Ignoring UpdateRemotePosition for local player 446469990
[PlayerController] Player 446469990 emitting PositionChanged signal at (288.918, 426.14157)
[GameWorld] OnPlayerPositionChanged: Player 446469990 at (288.918, 426.14157), IsServer=False
[GameWorld] Client sending position to server
[GameWorld] SyncPlayerPosition RPC received on peer 446469990: Player 446469990 at (288.918, 422.80823)
[GameWorld] Current player controllers: 3, Keys: [446469990, 1, 1125268556]
[GameWorld] Client updating remote player 446469990, isLocal=Player_446469990
[PlayerController] Ignoring UpdateRemotePosition for local player 446469990
Body entered Marcus: Player_446469990
Local player entered Marcus range. Auto-interacting.
GameWorld received OnNPCClicked for marcus. Current Role: 'Producer'
[PlayerController] Player 446469990 emitting PositionChanged signal at (288.918, 429.4749)
[GameWorld] OnPlayerPositionChanged: Player 446469990 at (288.918, 429.4749), IsServer=False
[GameWorld] Client sending position to server
[GameWorld] SyncPlayerPosition RPC received on peer 446469990: Player 446469990 at (288.918, 426.14157)
[GameWorld] Current player controllers: 3, Keys: [446469990, 1, 1125268556]
[GameWorld] Client updating remote player 446469990, isLocal=Player_446469990
[PlayerController] Ignoring UpdateRemotePosition for local player 446469990
[PlayerController] Player 446469990 emitting PositionChanged signal at (288.918, 432.80826)
[GameWorld] OnPlayerPositionChanged: Player 446469990 at (288.918, 432.80826), IsServer=False
[GameWorld] Client sending position to server
[PlayerController] Player 446469990 emitting PositionChanged signal at (288.918, 436.1416)
[GameWorld] OnPlayerPositionChanged: Player 446469990 at (288.918, 436.1416), IsServer=False
[GameWorld] Client sending position to server
[GameWorld] SyncPlayerPosition RPC received on peer 446469990: Player 446469990 at (288.918, 429.4749)
[GameWorld] Current player controllers: 3, Keys: [446469990, 1, 1125268556]
[GameWorld] Client updating remote player 446469990, isLocal=Player_446469990
[PlayerController] Ignoring UpdateRemotePosition for local player 446469990
[GameWorld] SyncPlayerPosition RPC received on peer 446469990: Player 446469990 at (288.918, 432.80826)
[GameWorld] Current player controllers: 3, Keys: [446469990, 1, 1125268556]
[GameWorld] Client updating remote player 446469990, isLocal=Player_446469990
[PlayerController] Ignoring UpdateRemotePosition for local player 446469990
[PlayerController] Player 446469990 emitting PositionChanged signal at (288.918, 439.47495)
[GameWorld] OnPlayerPositionChanged: Player 446469990 at (288.918, 439.47495), IsServer=False
[GameWorld] Client sending position to server
[GameWorld] SyncPlayerPosition RPC received on peer 446469990: Player 446469990 at (288.918, 436.1416)
[GameWorld] Current player controllers: 3, Keys: [446469990, 1, 1125268556]
[GameWorld] Client updating remote player 446469990, isLocal=Player_446469990
[PlayerController] Ignoring UpdateRemotePosition for local player 446469990
[PlayerController] Player 446469990 emitting PositionChanged signal at (288.918, 442.8083)
[GameWorld] OnPlayerPositionChanged: Player 446469990 at (288.918, 442.8083), IsServer=False
[GameWorld] Client sending position to server
[GameWorld] SyncPlayerPosition RPC received on peer 446469990: Player 446469990 at (288.918, 439.47495)
[GameWorld] Current player controllers: 3, Keys: [446469990, 1, 1125268556]
[GameWorld] Client updating remote player 446469990, isLocal=Player_446469990
[PlayerController] Ignoring UpdateRemotePosition for local player 446469990
[PlayerController] Player 446469990 emitting PositionChanged signal at (288.918, 446.14163)
[GameWorld] OnPlayerPositionChanged: Player 446469990 at (288.918, 446.14163), IsServer=False
[GameWorld] Client sending position to server
[GameWorld] SyncPlayerPosition RPC received on peer 446469990: Player 446469990 at (288.918, 442.8083)
[GameWorld] Current player controllers: 3, Keys: [446469990, 1, 1125268556]
[GameWorld] Client updating remote player 446469990, isLocal=Player_446469990
[PlayerController] Ignoring UpdateRemotePosition for local player 446469990
[PlayerController] Player 446469990 emitting PositionChanged signal at (288.918, 449.47498)
[GameWorld] OnPlayerPositionChanged: Player 446469990 at (288.918, 449.47498), IsServer=False
[GameWorld] Client sending position to server
[GameWorld] SyncPlayerPosition RPC received on peer 446469990: Player 446469990 at (288.918, 446.14163)
[GameWorld] Current player controllers: 3, Keys: [446469990, 1, 1125268556]
[GameWorld] Client updating remote player 446469990, isLocal=Player_446469990
[PlayerController] Ignoring UpdateRemotePosition for local player 446469990
[PlayerController] Player 446469990 emitting PositionChanged signal at (288.918, 452.80832)
[GameWorld] OnPlayerPositionChanged: Player 446469990 at (288.918, 452.80832), IsServer=False
[GameWorld] Client sending position to server
[GameWorld] SyncPlayerPosition RPC received on peer 446469990: Player 446469990 at (288.918, 449.47498)
[GameWorld] Current player controllers: 3, Keys: [446469990, 1, 1125268556]
[GameWorld] Client updating remote player 446469990, isLocal=Player_446469990
[PlayerController] Ignoring UpdateRemotePosition for local player 446469990
[PlayerController] Player 446469990 emitting PositionChanged signal at (288.918, 456.14166)
[GameWorld] OnPlayerPositionChanged: Player 446469990 at (288.918, 456.14166), IsServer=False
[GameWorld] Client sending position to server
[GameWorld] SyncPlayerPosition RPC received on peer 446469990: Player 446469990 at (288.918, 452.80832)
[GameWorld] Current player controllers: 3, Keys: [446469990, 1, 1125268556]
[GameWorld] Client updating remote player 446469990, isLocal=Player_446469990
[PlayerController] Ignoring UpdateRemotePosition for local player 446469990
[PlayerController] Player 446469990 emitting PositionChanged signal at (288.918, 459.475)
[GameWorld] OnPlayerPositionChanged: Player 446469990 at (288.918, 459.475), IsServer=False
[GameWorld] Client sending position to server
[GameWorld] SyncPlayerPosition RPC received on peer 446469990: Player 446469990 at (288.918, 456.14166)
[GameWorld] Current player controllers: 3, Keys: [446469990, 1, 1125268556]
[GameWorld] Client updating remote player 446469990, isLocal=Player_446469990
[PlayerController] Ignoring UpdateRemotePosition for local player 446469990
[PlayerController] Player 446469990 emitting PositionChanged signal at (288.918, 462.80835)
[GameWorld] OnPlayerPositionChanged: Player 446469990 at (288.918, 462.80835), IsServer=False
[GameWorld] Client sending position to server
[GameWorld] SyncPlayerPosition RPC received on peer 446469990: Player 446469990 at (288.918, 459.475)
[GameWorld] Current player controllers: 3, Keys: [446469990, 1, 1125268556]
[GameWorld] Client updating remote player 446469990, isLocal=Player_446469990
[PlayerController] Ignoring UpdateRemotePosition for local player 446469990
[PlayerController] Player 446469990 emitting PositionChanged signal at (288.918, 466.1417)
[GameWorld] OnPlayerPositionChanged: Player 446469990 at (288.918, 466.1417), IsServer=False
[GameWorld] Client sending position to server
[PlayerController] Player 446469990 emitting PositionChanged signal at (288.918, 469.47504)
[GameWorld] OnPlayerPositionChanged: Player 446469990 at (288.918, 469.47504), IsServer=False
[GameWorld] Client sending position to server
[GameWorld] SyncPlayerPosition RPC received on peer 446469990: Player 446469990 at (288.918, 462.80835)
[GameWorld] Current player controllers: 3, Keys: [446469990, 1, 1125268556]
[GameWorld] Client updating remote player 446469990, isLocal=Player_446469990
[PlayerController] Ignoring UpdateRemotePosition for local player 446469990
[GameWorld] SyncPlayerPosition RPC received on peer 446469990: Player 446469990 at (288.918, 466.1417)
[GameWorld] Current player controllers: 3, Keys: [446469990, 1, 1125268556]
[GameWorld] Client updating remote player 446469990, isLocal=Player_446469990
[PlayerController] Ignoring UpdateRemotePosition for local player 446469990
[PlayerController] Player 446469990 emitting PositionChanged signal at (288.918, 472.80838)
[GameWorld] OnPlayerPositionChanged: Player 446469990 at (288.918, 472.80838), IsServer=False
[GameWorld] Client sending position to server
[GameWorld] SyncPlayerPosition RPC received on peer 446469990: Player 446469990 at (288.918, 469.47504)
[GameWorld] Current player controllers: 3, Keys: [446469990, 1, 1125268556]
[GameWorld] Client updating remote player 446469990, isLocal=Player_446469990
[PlayerController] Ignoring UpdateRemotePosition for local player 446469990
[PlayerController] Player 446469990 emitting PositionChanged signal at (288.918, 476.14172)
[GameWorld] OnPlayerPositionChanged: Player 446469990 at (288.918, 476.14172), IsServer=False
[GameWorld] Client sending position to server
[GameWorld] SyncPlayerPosition RPC received on peer 446469990: Player 446469990 at (288.918, 472.80838)
[GameWorld] Current player controllers: 3, Keys: [446469990, 1, 1125268556]
[GameWorld] Client updating remote player 446469990, isLocal=Player_446469990
[PlayerController] Ignoring UpdateRemotePosition for local player 446469990
[PlayerController] Player 446469990 emitting PositionChanged signal at (288.918, 479.47507)
[GameWorld] OnPlayerPositionChanged: Player 446469990 at (288.918, 479.47507), IsServer=False
[GameWorld] Client sending position to server
[GameWorld] SyncPlayerPosition RPC received on peer 446469990: Player 446469990 at (288.918, 476.14172)
[GameWorld] Current player controllers: 3, Keys: [446469990, 1, 1125268556]
[GameWorld] Client updating remote player 446469990, isLocal=Player_446469990
[PlayerController] Ignoring UpdateRemotePosition for local player 446469990
[PlayerController] Player 446469990 emitting PositionChanged signal at (288.918, 482.8084)
[GameWorld] OnPlayerPositionChanged: Player 446469990 at (288.918, 482.8084), IsServer=False
[GameWorld] Client sending position to server
[GameWorld] SyncPlayerPosition RPC received on peer 446469990: Player 446469990 at (288.918, 479.47507)
[GameWorld] Current player controllers: 3, Keys: [446469990, 1, 1125268556]
[GameWorld] Client updating remote player 446469990, isLocal=Player_446469990
[PlayerController] Ignoring UpdateRemotePosition for local player 446469990
[PlayerController] Player 446469990 emitting PositionChanged signal at (288.918, 486.14175)
[GameWorld] OnPlayerPositionChanged: Player 446469990 at (288.918, 486.14175), IsServer=False
[GameWorld] Client sending position to server
[GameWorld] SyncPlayerPosition RPC received on peer 446469990: Player 446469990 at (288.918, 482.8084)
[GameWorld] Current player controllers: 3, Keys: [446469990, 1, 1125268556]
[GameWorld] Client updating remote player 446469990, isLocal=Player_446469990
[PlayerController] Ignoring UpdateRemotePosition for local player 446469990
[PlayerController] Player 446469990 emitting PositionChanged signal at (288.918, 489.4751)
[GameWorld] OnPlayerPositionChanged: Player 446469990 at (288.918, 489.4751), IsServer=False
[GameWorld] Client sending position to server
[GameWorld] SyncPlayerPosition RPC received on peer 446469990: Player 446469990 at (288.918, 486.14175)
[GameWorld] Current player controllers: 3, Keys: [446469990, 1, 1125268556]
[GameWorld] Client updating remote player 446469990, isLocal=Player_446469990
[PlayerController] Ignoring UpdateRemotePosition for local player 446469990
[PlayerController] Player 446469990 emitting PositionChanged signal at (288.918, 492.80844)
[GameWorld] OnPlayerPositionChanged: Player 446469990 at (288.918, 492.80844), IsServer=False
[GameWorld] Client sending position to server
[GameWorld] SyncPlayerPosition RPC received on peer 446469990: Player 446469990 at (288.918, 489.4751)
[GameWorld] Current player controllers: 3, Keys: [446469990, 1, 1125268556]
[GameWorld] Client updating remote player 446469990, isLocal=Player_446469990
[PlayerController] Ignoring UpdateRemotePosition for local player 446469990
[PlayerController] Player 446469990 emitting PositionChanged signal at (288.918, 496.14178)
[GameWorld] OnPlayerPositionChanged: Player 446469990 at (288.918, 496.14178), IsServer=False
[GameWorld] Client sending position to server
[GameWorld] SyncPlayerPosition RPC received on peer 446469990: Player 446469990 at (288.918, 492.80844)
[GameWorld] Current player controllers: 3, Keys: [446469990, 1, 1125268556]
[GameWorld] Client updating remote player 446469990, isLocal=Player_446469990
[PlayerController] Ignoring UpdateRemotePosition for local player 446469990
[GameWorld] SyncPlayerPosition RPC received on peer 446469990: Player 446469990 at (288.918, 496.14178)
[GameWorld] Current player controllers: 3, Keys: [446469990, 1, 1125268556]
[GameWorld] Client updating remote player 446469990, isLocal=Player_446469990
[PlayerController] Ignoring UpdateRemotePosition for local player 446469990
[PlayerController] Player 446469990 emitting PositionChanged signal at (292.25134, 496.14178)
[GameWorld] OnPlayerPositionChanged: Player 446469990 at (292.25134, 496.14178), IsServer=False
[GameWorld] Client sending position to server
[PlayerController] Player 446469990 emitting PositionChanged signal at (295.5847, 496.14178)
[GameWorld] OnPlayerPositionChanged: Player 446469990 at (295.5847, 496.14178), IsServer=False
[GameWorld] Client sending position to server
[GameWorld] SyncPlayerPosition RPC received on peer 446469990: Player 446469990 at (292.25134, 496.14178)
[GameWorld] Current player controllers: 3, Keys: [446469990, 1, 1125268556]
[GameWorld] Client updating remote player 446469990, isLocal=Player_446469990
[PlayerController] Ignoring UpdateRemotePosition for local player 446469990
[PlayerController] Player 446469990 emitting PositionChanged signal at (298.91803, 496.14178)
[GameWorld] OnPlayerPositionChanged: Player 446469990 at (298.91803, 496.14178), IsServer=False
[GameWorld] Client sending position to server
[PlayerController] Player 446469990 emitting PositionChanged signal at (302.25137, 496.14178)
[GameWorld] OnPlayerPositionChanged: Player 446469990 at (302.25137, 496.14178), IsServer=False
[GameWorld] Client sending position to server
[GameWorld] SyncPlayerPosition RPC received on peer 446469990: Player 446469990 at (295.5847, 496.14178)
[GameWorld] Current player controllers: 3, Keys: [446469990, 1, 1125268556]
[GameWorld] Client updating remote player 446469990, isLocal=Player_446469990
[PlayerController] Ignoring UpdateRemotePosition for local player 446469990
[GameWorld] SyncPlayerPosition RPC received on peer 446469990: Player 446469990 at (298.91803, 496.14178)
[GameWorld] Current player controllers: 3, Keys: [446469990, 1, 1125268556]
[GameWorld] Client updating remote player 446469990, isLocal=Player_446469990
[PlayerController] Ignoring UpdateRemotePosition for local player 446469990
[PlayerController] Player 446469990 emitting PositionChanged signal at (305.58472, 496.14178)
[GameWorld] OnPlayerPositionChanged: Player 446469990 at (305.58472, 496.14178), IsServer=False
[GameWorld] Client sending position to server
[GameWorld] SyncPlayerPosition RPC received on peer 446469990: Player 446469990 at (302.25137, 496.14178)
[GameWorld] Current player controllers: 3, Keys: [446469990, 1, 1125268556]
[GameWorld] Client updating remote player 446469990, isLocal=Player_446469990
[PlayerController] Ignoring UpdateRemotePosition for local player 446469990
[PlayerController] Player 446469990 emitting PositionChanged signal at (308.91806, 496.14178)
[GameWorld] OnPlayerPositionChanged: Player 446469990 at (308.91806, 496.14178), IsServer=False
[GameWorld] Client sending position to server
[GameWorld] SyncPlayerPosition RPC received on peer 446469990: Player 446469990 at (305.58472, 496.14178)
[GameWorld] Current player controllers: 3, Keys: [446469990, 1, 1125268556]
[GameWorld] Client updating remote player 446469990, isLocal=Player_446469990
[PlayerController] Ignoring UpdateRemotePosition for local player 446469990
[PlayerController] Player 446469990 emitting PositionChanged signal at (312.2514, 496.14178)
[GameWorld] OnPlayerPositionChanged: Player 446469990 at (312.2514, 496.14178), IsServer=False
[GameWorld] Client sending position to server
[GameWorld] SyncPlayerPosition RPC received on peer 446469990: Player 446469990 at (308.91806, 496.14178)
[GameWorld] Current player controllers: 3, Keys: [446469990, 1, 1125268556]
[GameWorld] Client updating remote player 446469990, isLocal=Player_446469990
[PlayerController] Ignoring UpdateRemotePosition for local player 446469990
[PlayerController] Player 446469990 emitting PositionChanged signal at (315.58475, 496.14178)
[GameWorld] OnPlayerPositionChanged: Player 446469990 at (315.58475, 496.14178), IsServer=False
[GameWorld] Client sending position to server
[GameWorld] SyncPlayerPosition RPC received on peer 446469990: Player 446469990 at (312.2514, 496.14178)
[GameWorld] Current player controllers: 3, Keys: [446469990, 1, 1125268556]
[GameWorld] Client updating remote player 446469990, isLocal=Player_446469990
[PlayerController] Ignoring UpdateRemotePosition for local player 446469990
[PlayerController] Player 446469990 emitting PositionChanged signal at (318.9181, 496.14178)
[GameWorld] OnPlayerPositionChanged: Player 446469990 at (318.9181, 496.14178), IsServer=False
[GameWorld] Client sending position to server
[GameWorld] SyncPlayerPosition RPC received on peer 446469990: Player 446469990 at (315.58475, 496.14178)
[GameWorld] Current player controllers: 3, Keys: [446469990, 1, 1125268556]
[GameWorld] Client updating remote player 446469990, isLocal=Player_446469990
[PlayerController] Ignoring UpdateRemotePosition for local player 446469990
[PlayerController] Player 446469990 emitting PositionChanged signal at (322.25143, 496.14178)
[GameWorld] OnPlayerPositionChanged: Player 446469990 at (322.25143, 496.14178), IsServer=False
[GameWorld] Client sending position to server
[GameWorld] SyncPlayerPosition RPC received on peer 446469990: Player 446469990 at (318.9181, 496.14178)
[GameWorld] Current player controllers: 3, Keys: [446469990, 1, 1125268556]
[GameWorld] Client updating remote player 446469990, isLocal=Player_446469990
[PlayerController] Ignoring UpdateRemotePosition for local player 446469990
[PlayerController] Player 446469990 emitting PositionChanged signal at (325.58478, 496.14178)
[GameWorld] OnPlayerPositionChanged: Player 446469990 at (325.58478, 496.14178), IsServer=False
[GameWorld] Client sending position to server
[GameWorld] SyncPlayerPosition RPC received on peer 446469990: Player 446469990 at (322.25143, 496.14178)
[GameWorld] Current player controllers: 3, Keys: [446469990, 1, 1125268556]
[GameWorld] Client updating remote player 446469990, isLocal=Player_446469990
[PlayerController] Ignoring UpdateRemotePosition for local player 446469990
[PlayerController] Player 446469990 emitting PositionChanged signal at (328.91812, 496.14178)
[GameWorld] OnPlayerPositionChanged: Player 446469990 at (328.91812, 496.14178), IsServer=False
[GameWorld] Client sending position to server
[GameWorld] SyncPlayerPosition RPC received on peer 446469990: Player 446469990 at (325.58478, 496.14178)
[GameWorld] Current player controllers: 3, Keys: [446469990, 1, 1125268556]
[GameWorld] Client updating remote player 446469990, isLocal=Player_446469990
[PlayerController] Ignoring UpdateRemotePosition for local player 446469990
[PlayerController] Player 446469990 emitting PositionChanged signal at (332.25146, 496.14178)
[GameWorld] OnPlayerPositionChanged: Player 446469990 at (332.25146, 496.14178), IsServer=False
[GameWorld] Client sending position to server
[GameWorld] SyncPlayerPosition RPC received on peer 446469990: Player 446469990 at (328.91812, 496.14178)
[GameWorld] Current player controllers: 3, Keys: [446469990, 1, 1125268556]
[GameWorld] Client updating remote player 446469990, isLocal=Player_446469990
[PlayerController] Ignoring UpdateRemotePosition for local player 446469990
[PlayerController] Player 446469990 emitting PositionChanged signal at (335.5848, 496.14178)
[GameWorld] OnPlayerPositionChanged: Player 446469990 at (335.5848, 496.14178), IsServer=False
[GameWorld] Client sending position to server
[GameWorld] SyncPlayerPosition RPC received on peer 446469990: Player 446469990 at (332.25146, 496.14178)
[GameWorld] Current player controllers: 3, Keys: [446469990, 1, 1125268556]
[GameWorld] Client updating remote player 446469990, isLocal=Player_446469990
[PlayerController] Ignoring UpdateRemotePosition for local player 446469990
[PlayerController] Player 446469990 emitting PositionChanged signal at (338.91815, 496.14178)
[GameWorld] OnPlayerPositionChanged: Player 446469990 at (338.91815, 496.14178), IsServer=False
[GameWorld] Client sending position to server
[GameWorld] SyncPlayerPosition RPC received on peer 446469990: Player 446469990 at (335.5848, 496.14178)
[GameWorld] Current player controllers: 3, Keys: [446469990, 1, 1125268556]
[GameWorld] Client updating remote player 446469990, isLocal=Player_446469990
[PlayerController] Ignoring UpdateRemotePosition for local player 446469990
[PlayerController] Player 446469990 emitting PositionChanged signal at (342.2515, 496.14178)
[GameWorld] OnPlayerPositionChanged: Player 446469990 at (342.2515, 496.14178), IsServer=False
[GameWorld] Client sending position to server
[GameWorld] SyncPlayerPosition RPC received on peer 446469990: Player 446469990 at (338.91815, 496.14178)
[GameWorld] Current player controllers: 3, Keys: [446469990, 1, 1125268556]
[GameWorld] Client updating remote player 446469990, isLocal=Player_446469990
[PlayerController] Ignoring UpdateRemotePosition for local player 446469990
[PlayerController] Player 446469990 emitting PositionChanged signal at (345.58484, 496.14178)
[GameWorld] OnPlayerPositionChanged: Player 446469990 at (345.58484, 496.14178), IsServer=False
[GameWorld] Client sending position to server
[GameWorld] SyncPlayerPosition RPC received on peer 446469990: Player 446469990 at (342.2515, 496.14178)
[GameWorld] Current player controllers: 3, Keys: [446469990, 1, 1125268556]
[GameWorld] Client updating remote player 446469990, isLocal=Player_446469990
[PlayerController] Ignoring UpdateRemotePosition for local player 446469990
[GameWorld] SyncPlayerPosition RPC received on peer 446469990: Player 446469990 at (345.58484, 496.14178)
[GameWorld] Current player controllers: 3, Keys: [446469990, 1, 1125268556]
[GameWorld] Client updating remote player 446469990, isLocal=Player_446469990
[PlayerController] Ignoring UpdateRemotePosition for local player 446469990
Action selected: interview_marcus for NPC marcus
[GameWorld] UpdateGameState called on peer 446469990, players before: 3
[PlayerController] Player 446469990 emitting PositionChanged signal at (342.2515, 496.14178)
[GameWorld] OnPlayerPositionChanged: Player 446469990 at (342.2515, 496.14178), IsServer=False
[GameWorld] Client sending position to server
[PlayerController] Player 446469990 emitting PositionChanged signal at (338.91815, 496.14178)
[GameWorld] OnPlayerPositionChanged: Player 446469990 at (338.91815, 496.14178), IsServer=False
[GameWorld] Client sending position to server
[GameWorld] SyncPlayerPosition RPC received on peer 446469990: Player 446469990 at (342.2515, 496.14178)
[GameWorld] Current player controllers: 3, Keys: [446469990, 1, 1125268556]
[GameWorld] Client updating remote player 446469990, isLocal=Player_446469990
[PlayerController] Ignoring UpdateRemotePosition for local player 446469990
[PlayerController] Player 446469990 emitting PositionChanged signal at (335.5848, 496.14178)
[GameWorld] OnPlayerPositionChanged: Player 446469990 at (335.5848, 496.14178), IsServer=False
[GameWorld] Client sending position to server
[GameWorld] SyncPlayerPosition RPC received on peer 446469990: Player 446469990 at (338.91815, 496.14178)
[GameWorld] Current player controllers: 3, Keys: [446469990, 1, 1125268556]
[GameWorld] Client updating remote player 446469990, isLocal=Player_446469990
[PlayerController] Ignoring UpdateRemotePosition for local player 446469990
[PlayerController] Player 446469990 emitting PositionChanged signal at (332.25146, 496.14178)
[GameWorld] OnPlayerPositionChanged: Player 446469990 at (332.25146, 496.14178), IsServer=False
[GameWorld] Client sending position to server
[GameWorld] SyncPlayerPosition RPC received on peer 446469990: Player 446469990 at (335.5848, 496.14178)
[GameWorld] Current player controllers: 3, Keys: [446469990, 1, 1125268556]
[GameWorld] Client updating remote player 446469990, isLocal=Player_446469990
[PlayerController] Ignoring UpdateRemotePosition for local player 446469990
[PlayerController] Player 446469990 emitting PositionChanged signal at (328.91812, 496.14178)
[GameWorld] OnPlayerPositionChanged: Player 446469990 at (328.91812, 496.14178), IsServer=False
[GameWorld] Client sending position to server
[GameWorld] SyncPlayerPosition RPC received on peer 446469990: Player 446469990 at (332.25146, 496.14178)
[GameWorld] Current player controllers: 3, Keys: [446469990, 1, 1125268556]
[GameWorld] Client updating remote player 446469990, isLocal=Player_446469990
[PlayerController] Ignoring UpdateRemotePosition for local player 446469990
[PlayerController] Player 446469990 emitting PositionChanged signal at (325.58478, 496.14178)
[GameWorld] OnPlayerPositionChanged: Player 446469990 at (325.58478, 496.14178), IsServer=False
[GameWorld] Client sending position to server
[GameWorld] SyncPlayerPosition RPC received on peer 446469990: Player 446469990 at (328.91812, 496.14178)
[GameWorld] Current player controllers: 3, Keys: [446469990, 1, 1125268556]
[GameWorld] Client updating remote player 446469990, isLocal=Player_446469990
[PlayerController] Ignoring UpdateRemotePosition for local player 446469990
[PlayerController] Player 446469990 emitting PositionChanged signal at (322.25143, 496.14178)
[GameWorld] OnPlayerPositionChanged: Player 446469990 at (322.25143, 496.14178), IsServer=False
[GameWorld] Client sending position to server
[GameWorld] SyncPlayerPosition RPC received on peer 446469990: Player 446469990 at (325.58478, 496.14178)
[GameWorld] Current player controllers: 3, Keys: [446469990, 1, 1125268556]
[GameWorld] Client updating remote player 446469990, isLocal=Player_446469990
[PlayerController] Ignoring UpdateRemotePosition for local player 446469990
[PlayerController] Player 446469990 emitting PositionChanged signal at (318.9181, 496.14178)
[GameWorld] OnPlayerPositionChanged: Player 446469990 at (318.9181, 496.14178), IsServer=False
[GameWorld] Client sending position to server
[GameWorld] SyncPlayerPosition RPC received on peer 446469990: Player 446469990 at (322.25143, 496.14178)
[GameWorld] Current player controllers: 3, Keys: [446469990, 1, 1125268556]
[GameWorld] Client updating remote player 446469990, isLocal=Player_446469990
[PlayerController] Ignoring UpdateRemotePosition for local player 446469990
[PlayerController] Player 446469990 emitting PositionChanged signal at (315.58475, 496.14178)
[GameWorld] OnPlayerPositionChanged: Player 446469990 at (315.58475, 496.14178), IsServer=False
[GameWorld] Client sending position to server
[GameWorld] SyncPlayerPosition RPC received on peer 446469990: Player 446469990 at (318.9181, 496.14178)
[GameWorld] Current player controllers: 3, Keys: [446469990, 1, 1125268556]
[GameWorld] Client updating remote player 446469990, isLocal=Player_446469990
[PlayerController] Ignoring UpdateRemotePosition for local player 446469990
[PlayerController] Player 446469990 emitting PositionChanged signal at (312.2514, 496.14178)
[GameWorld] OnPlayerPositionChanged: Player 446469990 at (312.2514, 496.14178), IsServer=False
[GameWorld] Client sending position to server
[GameWorld] SyncPlayerPosition RPC received on peer 446469990: Player 446469990 at (315.58475, 496.14178)
[GameWorld] Current player controllers: 3, Keys: [446469990, 1, 1125268556]
[GameWorld] Client updating remote player 446469990, isLocal=Player_446469990
[PlayerController] Ignoring UpdateRemotePosition for local player 446469990
[PlayerController] Player 446469990 emitting PositionChanged signal at (308.91806, 496.14178)
[GameWorld] OnPlayerPositionChanged: Player 446469990 at (308.91806, 496.14178), IsServer=False
[GameWorld] Client sending position to server
[GameWorld] SyncPlayerPosition RPC received on peer 446469990: Player 446469990 at (312.2514, 496.14178)
[GameWorld] Current player controllers: 3, Keys: [446469990, 1, 1125268556]
[GameWorld] Client updating remote player 446469990, isLocal=Player_446469990
[PlayerController] Ignoring UpdateRemotePosition for local player 446469990
[PlayerController] Player 446469990 emitting PositionChanged signal at (305.58472, 496.14178)
[GameWorld] OnPlayerPositionChanged: Player 446469990 at (305.58472, 496.14178), IsServer=False
[GameWorld] Client sending position to server
[GameWorld] SyncPlayerPosition RPC received on peer 446469990: Player 446469990 at (308.91806, 496.14178)
[GameWorld] Current player controllers: 3, Keys: [446469990, 1, 1125268556]
[GameWorld] Client updating remote player 446469990, isLocal=Player_446469990
[PlayerController] Ignoring UpdateRemotePosition for local player 446469990
[PlayerController] Player 446469990 emitting PositionChanged signal at (302.25137, 496.14178)
[GameWorld] OnPlayerPositionChanged: Player 446469990 at (302.25137, 496.14178), IsServer=False
[GameWorld] Client sending position to server
[GameWorld] SyncPlayerPosition RPC received on peer 446469990: Player 446469990 at (305.58472, 496.14178)
[GameWorld] Current player controllers: 3, Keys: [446469990, 1, 1125268556]
[GameWorld] Client updating remote player 446469990, isLocal=Player_446469990
[PlayerController] Ignoring UpdateRemotePosition for local player 446469990
[PlayerController] Player 446469990 emitting PositionChanged signal at (298.91803, 496.14178)
[GameWorld] OnPlayerPositionChanged: Player 446469990 at (298.91803, 496.14178), IsServer=False
[GameWorld] Client sending position to server
[GameWorld] SyncPlayerPosition RPC received on peer 446469990: Player 446469990 at (302.25137, 496.14178)
[GameWorld] Current player controllers: 3, Keys: [446469990, 1, 1125268556]
[GameWorld] Client updating remote player 446469990, isLocal=Player_446469990
[PlayerController] Ignoring UpdateRemotePosition for local player 446469990
[GameWorld] SyncPlayerPosition RPC received on peer 446469990: Player 446469990 at (298.91803, 496.14178)
[GameWorld] Current player controllers: 3, Keys: [446469990, 1, 1125268556]
[GameWorld] Client updating remote player 446469990, isLocal=Player_446469990
[PlayerController] Ignoring UpdateRemotePosition for local player 446469990
[PlayerController] Player 446469990 emitting PositionChanged signal at (298.91803, 492.80844)
[GameWorld] OnPlayerPositionChanged: Player 446469990 at (298.91803, 492.80844), IsServer=False
[GameWorld] Client sending position to server
[PlayerController] Player 446469990 emitting PositionChanged signal at (298.91803, 489.4751)
[GameWorld] OnPlayerPositionChanged: Player 446469990 at (298.91803, 489.4751), IsServer=False
[GameWorld] Client sending position to server
[GameWorld] SyncPlayerPosition RPC received on peer 446469990: Player 446469990 at (298.91803, 492.80844)
[GameWorld] Current player controllers: 3, Keys: [446469990, 1, 1125268556]
[GameWorld] Client updating remote player 446469990, isLocal=Player_446469990
[PlayerController] Ignoring UpdateRemotePosition for local player 446469990
[PlayerController] Player 446469990 emitting PositionChanged signal at (298.91803, 486.14175)
[GameWorld] OnPlayerPositionChanged: Player 446469990 at (298.91803, 486.14175), IsServer=False
[GameWorld] Client sending position to server
[GameWorld] SyncPlayerPosition RPC received on peer 446469990: Player 446469990 at (298.91803, 489.4751)
[GameWorld] Current player controllers: 3, Keys: [446469990, 1, 1125268556]
[GameWorld] Client updating remote player 446469990, isLocal=Player_446469990
[PlayerController] Ignoring UpdateRemotePosition for local player 446469990
[PlayerController] Player 446469990 emitting PositionChanged signal at (298.91803, 482.8084)
[GameWorld] OnPlayerPositionChanged: Player 446469990 at (298.91803, 482.8084), IsServer=False
[GameWorld] Client sending position to server
[GameWorld] SyncPlayerPosition RPC received on peer 446469990: Player 446469990 at (298.91803, 486.14175)
[GameWorld] Current player controllers: 3, Keys: [446469990, 1, 1125268556]
[GameWorld] Client updating remote player 446469990, isLocal=Player_446469990
[PlayerController] Ignoring UpdateRemotePosition for local player 446469990
[PlayerController] Player 446469990 emitting PositionChanged signal at (298.91803, 479.47507)
[GameWorld] OnPlayerPositionChanged: Player 446469990 at (298.91803, 479.47507), IsServer=False
[GameWorld] Client sending position to server
[GameWorld] SyncPlayerPosition RPC received on peer 446469990: Player 446469990 at (298.91803, 482.8084)
[GameWorld] Current player controllers: 3, Keys: [446469990, 1, 1125268556]
[GameWorld] Client updating remote player 446469990, isLocal=Player_446469990
[PlayerController] Ignoring UpdateRemotePosition for local player 446469990
[PlayerController] Player 446469990 emitting PositionChanged signal at (298.91803, 476.14172)
[GameWorld] OnPlayerPositionChanged: Player 446469990 at (298.91803, 476.14172), IsServer=False
[GameWorld] Client sending position to server
[GameWorld] SyncPlayerPosition RPC received on peer 446469990: Player 446469990 at (298.91803, 479.47507)
[GameWorld] Current player controllers: 3, Keys: [446469990, 1, 1125268556]
[GameWorld] Client updating remote player 446469990, isLocal=Player_446469990
[PlayerController] Ignoring UpdateRemotePosition for local player 446469990
[PlayerController] Player 446469990 emitting PositionChanged signal at (298.91803, 472.80838)
[GameWorld] OnPlayerPositionChanged: Player 446469990 at (298.91803, 472.80838), IsServer=False
[GameWorld] Client sending position to server
[GameWorld] SyncPlayerPosition RPC received on peer 446469990: Player 446469990 at (298.91803, 476.14172)
[GameWorld] Current player controllers: 3, Keys: [446469990, 1, 1125268556]
[GameWorld] Client updating remote player 446469990, isLocal=Player_446469990
[PlayerController] Ignoring UpdateRemotePosition for local player 446469990
[PlayerController] Player 446469990 emitting PositionChanged signal at (298.91803, 469.47504)
[GameWorld] OnPlayerPositionChanged: Player 446469990 at (298.91803, 469.47504), IsServer=False
[GameWorld] Client sending position to server
[GameWorld] SyncPlayerPosition RPC received on peer 446469990: Player 446469990 at (298.91803, 472.80838)
[GameWorld] Current player controllers: 3, Keys: [446469990, 1, 1125268556]
[GameWorld] Client updating remote player 446469990, isLocal=Player_446469990
[PlayerController] Ignoring UpdateRemotePosition for local player 446469990
[PlayerController] Player 446469990 emitting PositionChanged signal at (298.91803, 466.1417)
[GameWorld] OnPlayerPositionChanged: Player 446469990 at (298.91803, 466.1417), IsServer=False
[GameWorld] Client sending position to server
[GameWorld] SyncPlayerPosition RPC received on peer 446469990: Player 446469990 at (298.91803, 469.47504)
[GameWorld] Current player controllers: 3, Keys: [446469990, 1, 1125268556]
[GameWorld] Client updating remote player 446469990, isLocal=Player_446469990
[PlayerController] Ignoring UpdateRemotePosition for local player 446469990
[PlayerController] Player 446469990 emitting PositionChanged signal at (298.91803, 462.80835)
[GameWorld] OnPlayerPositionChanged: Player 446469990 at (298.91803, 462.80835), IsServer=False
[GameWorld] Client sending position to server
[GameWorld] SyncPlayerPosition RPC received on peer 446469990: Player 446469990 at (298.91803, 466.1417)
[GameWorld] Current player controllers: 3, Keys: [446469990, 1, 1125268556]
[GameWorld] Client updating remote player 446469990, isLocal=Player_446469990
[PlayerController] Ignoring UpdateRemotePosition for local player 446469990
[PlayerController] Player 446469990 emitting PositionChanged signal at (298.91803, 459.475)
[GameWorld] OnPlayerPositionChanged: Player 446469990 at (298.91803, 459.475), IsServer=False
[GameWorld] Client sending position to server
[GameWorld] SyncPlayerPosition RPC received on peer 446469990: Player 446469990 at (298.91803, 462.80835)
[GameWorld] Current player controllers: 3, Keys: [446469990, 1, 1125268556]
[GameWorld] Client updating remote player 446469990, isLocal=Player_446469990
[PlayerController] Ignoring UpdateRemotePosition for local player 446469990
[PlayerController] Player 446469990 emitting PositionChanged signal at (298.91803, 456.14166)
[GameWorld] OnPlayerPositionChanged: Player 446469990 at (298.91803, 456.14166), IsServer=False
[GameWorld] Client sending position to server
[GameWorld] SyncPlayerPosition RPC received on peer 446469990: Player 446469990 at (298.91803, 459.475)
[GameWorld] Current player controllers: 3, Keys: [446469990, 1, 1125268556]
[GameWorld] Client updating remote player 446469990, isLocal=Player_446469990
[PlayerController] Ignoring UpdateRemotePosition for local player 446469990
[PlayerController] Player 446469990 emitting PositionChanged signal at (298.91803, 452.80832)
[GameWorld] OnPlayerPositionChanged: Player 446469990 at (298.91803, 452.80832), IsServer=False
[GameWorld] Client sending position to server
[GameWorld] SyncPlayerPosition RPC received on peer 446469990: Player 446469990 at (298.91803, 456.14166)
[GameWorld] Current player controllers: 3, Keys: [446469990, 1, 1125268556]
[GameWorld] Client updating remote player 446469990, isLocal=Player_446469990
[PlayerController] Ignoring UpdateRemotePosition for local player 446469990
[PlayerController] Player 446469990 emitting PositionChanged signal at (298.91803, 449.47498)
[GameWorld] OnPlayerPositionChanged: Player 446469990 at (298.91803, 449.47498), IsServer=False
[GameWorld] Client sending position to server
[GameWorld] SyncPlayerPosition RPC received on peer 446469990: Player 446469990 at (298.91803, 452.80832)
[GameWorld] Current player controllers: 3, Keys: [446469990, 1, 1125268556]
[GameWorld] Client updating remote player 446469990, isLocal=Player_446469990
[PlayerController] Ignoring UpdateRemotePosition for local player 446469990
[PlayerController] Player 446469990 emitting PositionChanged signal at (298.91803, 446.14163)
[GameWorld] OnPlayerPositionChanged: Player 446469990 at (298.91803, 446.14163), IsServer=False
[GameWorld] Client sending position to server
[GameWorld] SyncPlayerPosition RPC received on peer 446469990: Player 446469990 at (298.91803, 449.47498)
[GameWorld] Current player controllers: 3, Keys: [446469990, 1, 1125268556]
[GameWorld] Client updating remote player 446469990, isLocal=Player_446469990
[PlayerController] Ignoring UpdateRemotePosition for local player 446469990
[PlayerController] Player 446469990 emitting PositionChanged signal at (298.91803, 442.8083)
[GameWorld] OnPlayerPositionChanged: Player 446469990 at (298.91803, 442.8083), IsServer=False
[GameWorld] Client sending position to server
[GameWorld] SyncPlayerPosition RPC received on peer 446469990: Player 446469990 at (298.91803, 446.14163)
[GameWorld] Current player controllers: 3, Keys: [446469990, 1, 1125268556]
[GameWorld] Client updating remote player 446469990, isLocal=Player_446469990
[PlayerController] Ignoring UpdateRemotePosition for local player 446469990
[PlayerController] Player 446469990 emitting PositionChanged signal at (298.91803, 439.47495)
[GameWorld] OnPlayerPositionChanged: Player 446469990 at (298.91803, 439.47495), IsServer=False
[GameWorld] Client sending position to server
[GameWorld] SyncPlayerPosition RPC received on peer 446469990: Player 446469990 at (298.91803, 442.8083)
[GameWorld] Current player controllers: 3, Keys: [446469990, 1, 1125268556]
[GameWorld] Client updating remote player 446469990, isLocal=Player_446469990
[PlayerController] Ignoring UpdateRemotePosition for local player 446469990
[PlayerController] Player 446469990 emitting PositionChanged signal at (298.91803, 436.1416)
[GameWorld] OnPlayerPositionChanged: Player 446469990 at (298.91803, 436.1416), IsServer=False
[GameWorld] Client sending position to server
[GameWorld] SyncPlayerPosition RPC received on peer 446469990: Player 446469990 at (298.91803, 439.47495)
[GameWorld] Current player controllers: 3, Keys: [446469990, 1, 1125268556]
[GameWorld] Client updating remote player 446469990, isLocal=Player_446469990
[PlayerController] Ignoring UpdateRemotePosition for local player 446469990
[PlayerController] Player 446469990 emitting PositionChanged signal at (298.91803, 432.80826)
[GameWorld] OnPlayerPositionChanged: Player 446469990 at (298.91803, 432.80826), IsServer=False
[GameWorld] Client sending position to server
[GameWorld] SyncPlayerPosition RPC received on peer 446469990: Player 446469990 at (298.91803, 436.1416)
[GameWorld] Current player controllers: 3, Keys: [446469990, 1, 1125268556]
[GameWorld] Client updating remote player 446469990, isLocal=Player_446469990
[PlayerController] Ignoring UpdateRemotePosition for local player 446469990
[PlayerController] Player 446469990 emitting PositionChanged signal at (298.91803, 429.4749)
[GameWorld] OnPlayerPositionChanged: Player 446469990 at (298.91803, 429.4749), IsServer=False
[GameWorld] Client sending position to server
[GameWorld] SyncPlayerPosition RPC received on peer 446469990: Player 446469990 at (298.91803, 432.80826)
[GameWorld] Current player controllers: 3, Keys: [446469990, 1, 1125268556]
[GameWorld] Client updating remote player 446469990, isLocal=Player_446469990
[PlayerController] Ignoring UpdateRemotePosition for local player 446469990
[PlayerController] Player 446469990 emitting PositionChanged signal at (298.91803, 426.14157)
[GameWorld] OnPlayerPositionChanged: Player 446469990 at (298.91803, 426.14157), IsServer=False
[GameWorld] Client sending position to server
[GameWorld] SyncPlayerPosition RPC received on peer 446469990: Player 446469990 at (298.91803, 429.4749)
[GameWorld] Current player controllers: 3, Keys: [446469990, 1, 1125268556]
[GameWorld] Client updating remote player 446469990, isLocal=Player_446469990
[PlayerController] Ignoring UpdateRemotePosition for local player 446469990
[PlayerController] Player 446469990 emitting PositionChanged signal at (298.91803, 422.80823)
[GameWorld] OnPlayerPositionChanged: Player 446469990 at (298.91803, 422.80823), IsServer=False
[GameWorld] Client sending position to server
[GameWorld] SyncPlayerPosition RPC received on peer 446469990: Player 446469990 at (298.91803, 426.14157)
[GameWorld] Current player controllers: 3, Keys: [446469990, 1, 1125268556]
[GameWorld] Client updating remote player 446469990, isLocal=Player_446469990
[PlayerController] Ignoring UpdateRemotePosition for local player 446469990
[PlayerController] Player 446469990 emitting PositionChanged signal at (298.91803, 419.47488)
[GameWorld] OnPlayerPositionChanged: Player 446469990 at (298.91803, 419.47488), IsServer=False
[GameWorld] Client sending position to server
[GameWorld] SyncPlayerPosition RPC received on peer 446469990: Player 446469990 at (298.91803, 422.80823)
[GameWorld] Current player controllers: 3, Keys: [446469990, 1, 1125268556]
[GameWorld] Client updating remote player 446469990, isLocal=Player_446469990
[PlayerController] Ignoring UpdateRemotePosition for local player 446469990
[PlayerController] Player 446469990 emitting PositionChanged signal at (298.91803, 416.14154)
[GameWorld] OnPlayerPositionChanged: Player 446469990 at (298.91803, 416.14154), IsServer=False
[GameWorld] Client sending position to server
[GameWorld] SyncPlayerPosition RPC received on peer 446469990: Player 446469990 at (298.91803, 419.47488)
[GameWorld] Current player controllers: 3, Keys: [446469990, 1, 1125268556]
[GameWorld] Client updating remote player 446469990, isLocal=Player_446469990
[PlayerController] Ignoring UpdateRemotePosition for local player 446469990
[PlayerController] Player 446469990 emitting PositionChanged signal at (298.91803, 412.8082)
[GameWorld] OnPlayerPositionChanged: Player 446469990 at (298.91803, 412.8082), IsServer=False
[GameWorld] Client sending position to server
[GameWorld] SyncPlayerPosition RPC received on peer 446469990: Player 446469990 at (298.91803, 416.14154)
[GameWorld] Current player controllers: 3, Keys: [446469990, 1, 1125268556]
[GameWorld] Client updating remote player 446469990, isLocal=Player_446469990
[PlayerController] Ignoring UpdateRemotePosition for local player 446469990
[PlayerController] Player 446469990 emitting PositionChanged signal at (298.91803, 409.47485)
[GameWorld] OnPlayerPositionChanged: Player 446469990 at (298.91803, 409.47485), IsServer=False
[GameWorld] Client sending position to server
[GameWorld] SyncPlayerPosition RPC received on peer 446469990: Player 446469990 at (298.91803, 412.8082)
[GameWorld] Current player controllers: 3, Keys: [446469990, 1, 1125268556]
[GameWorld] Client updating remote player 446469990, isLocal=Player_446469990
[PlayerController] Ignoring UpdateRemotePosition for local player 446469990
[PlayerController] Player 446469990 emitting PositionChanged signal at (298.91803, 406.1415)
[GameWorld] OnPlayerPositionChanged: Player 446469990 at (298.91803, 406.1415), IsServer=False
[GameWorld] Client sending position to server
[GameWorld] SyncPlayerPosition RPC received on peer 446469990: Player 446469990 at (298.91803, 409.47485)
[GameWorld] Current player controllers: 3, Keys: [446469990, 1, 1125268556]
[GameWorld] Client updating remote player 446469990, isLocal=Player_446469990
[PlayerController] Ignoring UpdateRemotePosition for local player 446469990
[PlayerController] Player 446469990 emitting PositionChanged signal at (298.91803, 402.80817)
[GameWorld] OnPlayerPositionChanged: Player 446469990 at (298.91803, 402.80817), IsServer=False
[GameWorld] Client sending position to server
[GameWorld] SyncPlayerPosition RPC received on peer 446469990: Player 446469990 at (298.91803, 406.1415)
[GameWorld] Current player controllers: 3, Keys: [446469990, 1, 1125268556]
[GameWorld] Client updating remote player 446469990, isLocal=Player_446469990
[PlayerController] Ignoring UpdateRemotePosition for local player 446469990
Body exited Marcus: Player_446469990
[PlayerController] Player 446469990 emitting PositionChanged signal at (298.91803, 399.47482)
[GameWorld] OnPlayerPositionChanged: Player 446469990 at (298.91803, 399.47482), IsServer=False
[GameWorld] Client sending position to server
[GameWorld] SyncPlayerPosition RPC received on peer 446469990: Player 446469990 at (298.91803, 402.80817)
[GameWorld] Current player controllers: 3, Keys: [446469990, 1, 1125268556]
[GameWorld] Client updating remote player 446469990, isLocal=Player_446469990
[PlayerController] Ignoring UpdateRemotePosition for local player 446469990
[PlayerController] Player 446469990 emitting PositionChanged signal at (298.91803, 396.14148)
[GameWorld] OnPlayerPositionChanged: Player 446469990 at (298.91803, 396.14148), IsServer=False
[GameWorld] Client sending position to server
[PlayerController] Player 446469990 emitting PositionChanged signal at (298.91803, 392.80814)
[GameWorld] OnPlayerPositionChanged: Player 446469990 at (298.91803, 392.80814), IsServer=False
[GameWorld] Client sending position to server
[GameWorld] SyncPlayerPosition RPC received on peer 446469990: Player 446469990 at (298.91803, 399.47482)
[GameWorld] Current player controllers: 3, Keys: [446469990, 1, 1125268556]
[GameWorld] Client updating remote player 446469990, isLocal=Player_446469990
[PlayerController] Ignoring UpdateRemotePosition for local player 446469990
[GameWorld] SyncPlayerPosition RPC received on peer 446469990: Player 446469990 at (298.91803, 396.14148)
[GameWorld] Current player controllers: 3, Keys: [446469990, 1, 1125268556]
[GameWorld] Client updating remote player 446469990, isLocal=Player_446469990
[PlayerController] Ignoring UpdateRemotePosition for local player 446469990
[PlayerController] Player 446469990 emitting PositionChanged signal at (298.91803, 389.4748)
[GameWorld] OnPlayerPositionChanged: Player 446469990 at (298.91803, 389.4748), IsServer=False
[GameWorld] Client sending position to server
[GameWorld] SyncPlayerPosition RPC received on peer 446469990: Player 446469990 at (298.91803, 392.80814)
[GameWorld] Current player controllers: 3, Keys: [446469990, 1, 1125268556]
[GameWorld] Client updating remote player 446469990, isLocal=Player_446469990
[PlayerController] Ignoring UpdateRemotePosition for local player 446469990
[PlayerController] Player 446469990 emitting PositionChanged signal at (298.91803, 386.14145)
[GameWorld] OnPlayerPositionChanged: Player 446469990 at (298.91803, 386.14145), IsServer=False
[GameWorld] Client sending position to server
[GameWorld] SyncPlayerPosition RPC received on peer 446469990: Player 446469990 at (298.91803, 389.4748)
[GameWorld] Current player controllers: 3, Keys: [446469990, 1, 1125268556]
[GameWorld] Client updating remote player 446469990, isLocal=Player_446469990
[PlayerController] Ignoring UpdateRemotePosition for local player 446469990
[PlayerController] Player 446469990 emitting PositionChanged signal at (298.91803, 382.8081)
[GameWorld] OnPlayerPositionChanged: Player 446469990 at (298.91803, 382.8081), IsServer=False
[GameWorld] Client sending position to server
[GameWorld] SyncPlayerPosition RPC received on peer 446469990: Player 446469990 at (298.91803, 386.14145)
[GameWorld] Current player controllers: 3, Keys: [446469990, 1, 1125268556]
[GameWorld] Client updating remote player 446469990, isLocal=Player_446469990
[PlayerController] Ignoring UpdateRemotePosition for local player 446469990
[PlayerController] Player 446469990 emitting PositionChanged signal at (298.91803, 379.47476)
[GameWorld] OnPlayerPositionChanged: Player 446469990 at (298.91803, 379.47476), IsServer=False
[GameWorld] Client sending position to server
[GameWorld] SyncPlayerPosition RPC received on peer 446469990: Player 446469990 at (298.91803, 382.8081)
[GameWorld] Current player controllers: 3, Keys: [446469990, 1, 1125268556]
[GameWorld] Client updating remote player 446469990, isLocal=Player_446469990
[PlayerController] Ignoring UpdateRemotePosition for local player 446469990
[PlayerController] Player 446469990 emitting PositionChanged signal at (298.91803, 376.14142)
[GameWorld] OnPlayerPositionChanged: Player 446469990 at (298.91803, 376.14142), IsServer=False
[GameWorld] Client sending position to server
[GameWorld] SyncPlayerPosition RPC received on peer 446469990: Player 446469990 at (298.91803, 379.47476)
[GameWorld] Current player controllers: 3, Keys: [446469990, 1, 1125268556]
[GameWorld] Client updating remote player 446469990, isLocal=Player_446469990
[PlayerController] Ignoring UpdateRemotePosition for local player 446469990
[PlayerController] Player 446469990 emitting PositionChanged signal at (298.91803, 372.80807)
[GameWorld] OnPlayerPositionChanged: Player 446469990 at (298.91803, 372.80807), IsServer=False
[GameWorld] Client sending position to server
[GameWorld] SyncPlayerPosition RPC received on peer 446469990: Player 446469990 at (298.91803, 376.14142)
[GameWorld] Current player controllers: 3, Keys: [446469990, 1, 1125268556]
[GameWorld] Client updating remote player 446469990, isLocal=Player_446469990
[PlayerController] Ignoring UpdateRemotePosition for local player 446469990
[PlayerController] Player 446469990 emitting PositionChanged signal at (298.91803, 369.47473)
[GameWorld] OnPlayerPositionChanged: Player 446469990 at (298.91803, 369.47473), IsServer=False
[GameWorld] Client sending position to server
[GameWorld] SyncPlayerPosition RPC received on peer 446469990: Player 446469990 at (298.91803, 372.80807)
[GameWorld] Current player controllers: 3, Keys: [446469990, 1, 1125268556]
[GameWorld] Client updating remote player 446469990, isLocal=Player_446469990
[PlayerController] Ignoring UpdateRemotePosition for local player 446469990
[PlayerController] Player 446469990 emitting PositionChanged signal at (298.91803, 366.1414)
[GameWorld] OnPlayerPositionChanged: Player 446469990 at (298.91803, 366.1414), IsServer=False
[GameWorld] Client sending position to server
[PlayerController] Player 446469990 emitting PositionChanged signal at (298.91803, 362.80804)
[GameWorld] OnPlayerPositionChanged: Player 446469990 at (298.91803, 362.80804), IsServer=False
[GameWorld] Client sending position to server
[GameWorld] SyncPlayerPosition RPC received on peer 446469990: Player 446469990 at (298.91803, 369.47473)
[GameWorld] Current player controllers: 3, Keys: [446469990, 1, 1125268556]
[GameWorld] Client updating remote player 446469990, isLocal=Player_446469990
[PlayerController] Ignoring UpdateRemotePosition for local player 446469990
[GameWorld] SyncPlayerPosition RPC received on peer 446469990: Player 446469990 at (298.91803, 366.1414)
[GameWorld] Current player controllers: 3, Keys: [446469990, 1, 1125268556]
[GameWorld] Client updating remote player 446469990, isLocal=Player_446469990
[PlayerController] Ignoring UpdateRemotePosition for local player 446469990
[PlayerController] Player 446469990 emitting PositionChanged signal at (298.91803, 359.4747)
[GameWorld] OnPlayerPositionChanged: Player 446469990 at (298.91803, 359.4747), IsServer=False
[GameWorld] Client sending position to server
[GameWorld] SyncPlayerPosition RPC received on peer 446469990: Player 446469990 at (298.91803, 362.80804)
[GameWorld] Current player controllers: 3, Keys: [446469990, 1, 1125268556]
[GameWorld] Client updating remote player 446469990, isLocal=Player_446469990
[PlayerController] Ignoring UpdateRemotePosition for local player 446469990
[PlayerController] Player 446469990 emitting PositionChanged signal at (298.91803, 356.14136)
[GameWorld] OnPlayerPositionChanged: Player 446469990 at (298.91803, 356.14136), IsServer=False
[GameWorld] Client sending position to server
[GameWorld] SyncPlayerPosition RPC received on peer 446469990: Player 446469990 at (298.91803, 359.4747)
[GameWorld] Current player controllers: 3, Keys: [446469990, 1, 1125268556]
[GameWorld] Client updating remote player 446469990, isLocal=Player_446469990
[PlayerController] Ignoring UpdateRemotePosition for local player 446469990
[PlayerController] Player 446469990 emitting PositionChanged signal at (298.91803, 352.808)
[GameWorld] OnPlayerPositionChanged: Player 446469990 at (298.91803, 352.808), IsServer=False
[GameWorld] Client sending position to server
[GameWorld] SyncPlayerPosition RPC received on peer 446469990: Player 446469990 at (298.91803, 356.14136)
[GameWorld] Current player controllers: 3, Keys: [446469990, 1, 1125268556]
[GameWorld] Client updating remote player 446469990, isLocal=Player_446469990
[PlayerController] Ignoring UpdateRemotePosition for local player 446469990
[PlayerController] Player 446469990 emitting PositionChanged signal at (298.91803, 349.47467)
[GameWorld] OnPlayerPositionChanged: Player 446469990 at (298.91803, 349.47467), IsServer=False
[GameWorld] Client sending position to server
[GameWorld] SyncPlayerPosition RPC received on peer 446469990: Player 446469990 at (298.91803, 352.808)
[GameWorld] Current player controllers: 3, Keys: [446469990, 1, 1125268556]
[GameWorld] Client updating remote player 446469990, isLocal=Player_446469990
[PlayerController] Ignoring UpdateRemotePosition for local player 446469990
[PlayerController] Player 446469990 emitting PositionChanged signal at (298.91803, 346.14133)
[GameWorld] OnPlayerPositionChanged: Player 446469990 at (298.91803, 346.14133), IsServer=False
[GameWorld] Client sending position to server
[GameWorld] SyncPlayerPosition RPC received on peer 446469990: Player 446469990 at (298.91803, 349.47467)
[GameWorld] Current player controllers: 3, Keys: [446469990, 1, 1125268556]
[GameWorld] Client updating remote player 446469990, isLocal=Player_446469990
[PlayerController] Ignoring UpdateRemotePosition for local player 446469990
[PlayerController] Player 446469990 emitting PositionChanged signal at (298.91803, 342.80798)
[GameWorld] OnPlayerPositionChanged: Player 446469990 at (298.91803, 342.80798), IsServer=False
[GameWorld] Client sending position to server
[GameWorld] SyncPlayerPosition RPC received on peer 446469990: Player 446469990 at (298.91803, 346.14133)
[GameWorld] Current player controllers: 3, Keys: [446469990, 1, 1125268556]
[GameWorld] Client updating remote player 446469990, isLocal=Player_446469990
[PlayerController] Ignoring UpdateRemotePosition for local player 446469990
[PlayerController] Player 446469990 emitting PositionChanged signal at (298.91803, 339.47464)
[GameWorld] OnPlayerPositionChanged: Player 446469990 at (298.91803, 339.47464), IsServer=False
[GameWorld] Client sending position to server
[GameWorld] SyncPlayerPosition RPC received on peer 446469990: Player 446469990 at (298.91803, 342.80798)
[GameWorld] Current player controllers: 3, Keys: [446469990, 1, 1125268556]
[GameWorld] Client updating remote player 446469990, isLocal=Player_446469990
[PlayerController] Ignoring UpdateRemotePosition for local player 446469990
[PlayerController] Player 446469990 emitting PositionChanged signal at (298.91803, 336.1413)
[GameWorld] OnPlayerPositionChanged: Player 446469990 at (298.91803, 336.1413), IsServer=False
[GameWorld] Client sending position to server
[GameWorld] SyncPlayerPosition RPC received on peer 446469990: Player 446469990 at (298.91803, 339.47464)
[GameWorld] Current player controllers: 3, Keys: [446469990, 1, 1125268556]
[GameWorld] Client updating remote player 446469990, isLocal=Player_446469990
[PlayerController] Ignoring UpdateRemotePosition for local player 446469990
[PlayerController] Player 446469990 emitting PositionChanged signal at (298.91803, 332.80795)
[GameWorld] OnPlayerPositionChanged: Player 446469990 at (298.91803, 332.80795), IsServer=False
[GameWorld] Client sending position to server
[GameWorld] SyncPlayerPosition RPC received on peer 446469990: Player 446469990 at (298.91803, 336.1413)
[GameWorld] Current player controllers: 3, Keys: [446469990, 1, 1125268556]
[GameWorld] Client updating remote player 446469990, isLocal=Player_446469990
[PlayerController] Ignoring UpdateRemotePosition for local player 446469990
[PlayerController] Player 446469990 emitting PositionChanged signal at (298.91803, 329.4746)
[GameWorld] OnPlayerPositionChanged: Player 446469990 at (298.91803, 329.4746), IsServer=False
[GameWorld] Client sending position to server
[GameWorld] SyncPlayerPosition RPC received on peer 446469990: Player 446469990 at (298.91803, 332.80795)
[GameWorld] Current player controllers: 3, Keys: [446469990, 1, 1125268556]
[GameWorld] Client updating remote player 446469990, isLocal=Player_446469990
[PlayerController] Ignoring UpdateRemotePosition for local player 446469990
[PlayerController] Player 446469990 emitting PositionChanged signal at (298.91803, 326.14127)
[GameWorld] OnPlayerPositionChanged: Player 446469990 at (298.91803, 326.14127), IsServer=False
[GameWorld] Client sending position to server
[GameWorld] SyncPlayerPosition RPC received on peer 446469990: Player 446469990 at (298.91803, 329.4746)
[GameWorld] Current player controllers: 3, Keys: [446469990, 1, 1125268556]
[GameWorld] Client updating remote player 446469990, isLocal=Player_446469990
[PlayerController] Ignoring UpdateRemotePosition for local player 446469990
[PlayerController] Player 446469990 emitting PositionChanged signal at (298.91803, 322.80792)
[GameWorld] OnPlayerPositionChanged: Player 446469990 at (298.91803, 322.80792), IsServer=False
[GameWorld] Client sending position to server
[GameWorld] SyncPlayerPosition RPC received on peer 446469990: Player 446469990 at (298.91803, 326.14127)
[GameWorld] Current player controllers: 3, Keys: [446469990, 1, 1125268556]
[GameWorld] Client updating remote player 446469990, isLocal=Player_446469990
[PlayerController] Ignoring UpdateRemotePosition for local player 446469990
[PlayerController] Player 446469990 emitting PositionChanged signal at (298.91803, 319.47458)
[GameWorld] OnPlayerPositionChanged: Player 446469990 at (298.91803, 319.47458), IsServer=False
[GameWorld] Client sending position to server
[GameWorld] SyncPlayerPosition RPC received on peer 446469990: Player 446469990 at (298.91803, 322.80792)
[GameWorld] Current player controllers: 3, Keys: [446469990, 1, 1125268556]
[GameWorld] Client updating remote player 446469990, isLocal=Player_446469990
[PlayerController] Ignoring UpdateRemotePosition for local player 446469990
[PlayerController] Player 446469990 emitting PositionChanged signal at (298.91803, 316.14124)
[GameWorld] OnPlayerPositionChanged: Player 446469990 at (298.91803, 316.14124), IsServer=False
[GameWorld] Client sending position to server
[GameWorld] SyncPlayerPosition RPC received on peer 446469990: Player 446469990 at (298.91803, 319.47458)
[GameWorld] Current player controllers: 3, Keys: [446469990, 1, 1125268556]
[GameWorld] Client updating remote player 446469990, isLocal=Player_446469990
[PlayerController] Ignoring UpdateRemotePosition for local player 446469990
[PlayerController] Player 446469990 emitting PositionChanged signal at (298.91803, 312.8079)
[GameWorld] OnPlayerPositionChanged: Player 446469990 at (298.91803, 312.8079), IsServer=False
[GameWorld] Client sending position to server
[GameWorld] SyncPlayerPosition RPC received on peer 446469990: Player 446469990 at (298.91803, 316.14124)
[GameWorld] Current player controllers: 3, Keys: [446469990, 1, 1125268556]
[GameWorld] Client updating remote player 446469990, isLocal=Player_446469990
[PlayerController] Ignoring UpdateRemotePosition for local player 446469990
[PlayerController] Player 446469990 emitting PositionChanged signal at (298.91803, 309.47455)
[GameWorld] OnPlayerPositionChanged: Player 446469990 at (298.91803, 309.47455), IsServer=False
[GameWorld] Client sending position to server
[GameWorld] SyncPlayerPosition RPC received on peer 446469990: Player 446469990 at (298.91803, 312.8079)
[GameWorld] Current player controllers: 3, Keys: [446469990, 1, 1125268556]
[GameWorld] Client updating remote player 446469990, isLocal=Player_446469990
[PlayerController] Ignoring UpdateRemotePosition for local player 446469990
[PlayerController] Player 446469990 emitting PositionChanged signal at (298.91803, 306.1412)
[GameWorld] OnPlayerPositionChanged: Player 446469990 at (298.91803, 306.1412), IsServer=False
[GameWorld] Client sending position to server
[GameWorld] SyncPlayerPosition RPC received on peer 446469990: Player 446469990 at (298.91803, 309.47455)
[GameWorld] Current player controllers: 3, Keys: [446469990, 1, 1125268556]
[GameWorld] Client updating remote player 446469990, isLocal=Player_446469990
[PlayerController] Ignoring UpdateRemotePosition for local player 446469990
[PlayerController] Player 446469990 emitting PositionChanged signal at (298.91803, 302.80786)
[GameWorld] OnPlayerPositionChanged: Player 446469990 at (298.91803, 302.80786), IsServer=False
[GameWorld] Client sending position to server
[GameWorld] SyncPlayerPosition RPC received on peer 446469990: Player 446469990 at (298.91803, 306.1412)
[GameWorld] Current player controllers: 3, Keys: [446469990, 1, 1125268556]
[GameWorld] Client updating remote player 446469990, isLocal=Player_446469990
[PlayerController] Ignoring UpdateRemotePosition for local player 446469990
[PlayerController] Player 446469990 emitting PositionChanged signal at (298.91803, 299.47452)
[GameWorld] OnPlayerPositionChanged: Player 446469990 at (298.91803, 299.47452), IsServer=False
[GameWorld] Client sending position to server
[PlayerController] Player 446469990 emitting PositionChanged signal at (298.91803, 296.14117)
[GameWorld] OnPlayerPositionChanged: Player 446469990 at (298.91803, 296.14117), IsServer=False
[GameWorld] Client sending position to server
[GameWorld] SyncPlayerPosition RPC received on peer 446469990: Player 446469990 at (298.91803, 302.80786)
[GameWorld] Current player controllers: 3, Keys: [446469990, 1, 1125268556]
[GameWorld] Client updating remote player 446469990, isLocal=Player_446469990
[PlayerController] Ignoring UpdateRemotePosition for local player 446469990
[GameWorld] SyncPlayerPosition RPC received on peer 446469990: Player 446469990 at (298.91803, 299.47452)
[GameWorld] Current player controllers: 3, Keys: [446469990, 1, 1125268556]
[GameWorld] Client updating remote player 446469990, isLocal=Player_446469990
[PlayerController] Ignoring UpdateRemotePosition for local player 446469990
[PlayerController] Player 446469990 emitting PositionChanged signal at (298.91803, 292.80783)
[GameWorld] OnPlayerPositionChanged: Player 446469990 at (298.91803, 292.80783), IsServer=False
[GameWorld] Client sending position to server
[GameWorld] SyncPlayerPosition RPC received on peer 446469990: Player 446469990 at (298.91803, 296.14117)
[GameWorld] Current player controllers: 3, Keys: [446469990, 1, 1125268556]
[GameWorld] Client updating remote player 446469990, isLocal=Player_446469990
[PlayerController] Ignoring UpdateRemotePosition for local player 446469990
[PlayerController] Player 446469990 emitting PositionChanged signal at (298.91803, 289.4745)
[GameWorld] OnPlayerPositionChanged: Player 446469990 at (298.91803, 289.4745), IsServer=False
[GameWorld] Client sending position to server
[GameWorld] SyncPlayerPosition RPC received on peer 446469990: Player 446469990 at (298.91803, 292.80783)
[GameWorld] Current player controllers: 3, Keys: [446469990, 1, 1125268556]
[GameWorld] Client updating remote player 446469990, isLocal=Player_446469990
[PlayerController] Ignoring UpdateRemotePosition for local player 446469990
Body entered Katy: Player_446469990
Local player entered Katy range. Auto-interacting.
GameWorld received OnNPCClicked for katy. Current Role: 'Producer'
[PlayerController] Player 446469990 emitting PositionChanged signal at (298.91803, 286.14114)
[GameWorld] OnPlayerPositionChanged: Player 446469990 at (298.91803, 286.14114), IsServer=False
[GameWorld] Client sending position to server
[GameWorld] SyncPlayerPosition RPC received on peer 446469990: Player 446469990 at (298.91803, 289.4745)
[GameWorld] Current player controllers: 3, Keys: [446469990, 1, 1125268556]
[GameWorld] Client updating remote player 446469990, isLocal=Player_446469990
[PlayerController] Ignoring UpdateRemotePosition for local player 446469990
[PlayerController] Player 446469990 emitting PositionChanged signal at (298.91803, 282.8078)
[GameWorld] OnPlayerPositionChanged: Player 446469990 at (298.91803, 282.8078), IsServer=False
[GameWorld] Client sending position to server
[GameWorld] SyncPlayerPosition RPC received on peer 446469990: Player 446469990 at (298.91803, 286.14114)
[GameWorld] Current player controllers: 3, Keys: [446469990, 1, 1125268556]
[GameWorld] Client updating remote player 446469990, isLocal=Player_446469990
[PlayerController] Ignoring UpdateRemotePosition for local player 446469990
[PlayerController] Player 446469990 emitting PositionChanged signal at (298.91803, 279.47446)
[GameWorld] OnPlayerPositionChanged: Player 446469990 at (298.91803, 279.47446), IsServer=False
[GameWorld] Client sending position to server
[PlayerController] Player 446469990 emitting PositionChanged signal at (298.91803, 276.1411)
[GameWorld] OnPlayerPositionChanged: Player 446469990 at (298.91803, 276.1411), IsServer=False
[GameWorld] Client sending position to server
[GameWorld] SyncPlayerPosition RPC received on peer 446469990: Player 446469990 at (298.91803, 282.8078)
[GameWorld] Current player controllers: 3, Keys: [446469990, 1, 1125268556]
[GameWorld] Client updating remote player 446469990, isLocal=Player_446469990
[PlayerController] Ignoring UpdateRemotePosition for local player 446469990
[GameWorld] SyncPlayerPosition RPC received on peer 446469990: Player 446469990 at (298.91803, 279.47446)
[GameWorld] Current player controllers: 3, Keys: [446469990, 1, 1125268556]
[GameWorld] Client updating remote player 446469990, isLocal=Player_446469990
[PlayerController] Ignoring UpdateRemotePosition for local player 446469990
[PlayerController] Player 446469990 emitting PositionChanged signal at (298.91803, 272.80777)
[GameWorld] OnPlayerPositionChanged: Player 446469990 at (298.91803, 272.80777), IsServer=False
[GameWorld] Client sending position to server
[GameWorld] SyncPlayerPosition RPC received on peer 446469990: Player 446469990 at (298.91803, 276.1411)
[GameWorld] Current player controllers: 3, Keys: [446469990, 1, 1125268556]
[GameWorld] Client updating remote player 446469990, isLocal=Player_446469990
[PlayerController] Ignoring UpdateRemotePosition for local player 446469990
[PlayerController] Player 446469990 emitting PositionChanged signal at (298.91803, 269.47443)
[GameWorld] OnPlayerPositionChanged: Player 446469990 at (298.91803, 269.47443), IsServer=False
[GameWorld] Client sending position to server
[PlayerController] Player 446469990 emitting PositionChanged signal at (298.91803, 266.14108)
[GameWorld] OnPlayerPositionChanged: Player 446469990 at (298.91803, 266.14108), IsServer=False
[GameWorld] Client sending position to server
[GameWorld] SyncPlayerPosition RPC received on peer 446469990: Player 446469990 at (298.91803, 272.80777)
[GameWorld] Current player controllers: 3, Keys: [446469990, 1, 1125268556]
[GameWorld] Client updating remote player 446469990, isLocal=Player_446469990
[PlayerController] Ignoring UpdateRemotePosition for local player 446469990
[GameWorld] SyncPlayerPosition RPC received on peer 446469990: Player 446469990 at (298.91803, 269.47443)
[GameWorld] Current player controllers: 3, Keys: [446469990, 1, 1125268556]
[GameWorld] Client updating remote player 446469990, isLocal=Player_446469990
[PlayerController] Ignoring UpdateRemotePosition for local player 446469990
[PlayerController] Player 446469990 emitting PositionChanged signal at (298.91803, 262.80774)
[GameWorld] OnPlayerPositionChanged: Player 446469990 at (298.91803, 262.80774), IsServer=False
[GameWorld] Client sending position to server
[GameWorld] SyncPlayerPosition RPC received on peer 446469990: Player 446469990 at (298.91803, 266.14108)
[GameWorld] Current player controllers: 3, Keys: [446469990, 1, 1125268556]
[GameWorld] Client updating remote player 446469990, isLocal=Player_446469990
[PlayerController] Ignoring UpdateRemotePosition for local player 446469990
[PlayerController] Player 446469990 emitting PositionChanged signal at (298.91803, 259.4744)
[GameWorld] OnPlayerPositionChanged: Player 446469990 at (298.91803, 259.4744), IsServer=False
[GameWorld] Client sending position to server
[GameWorld] SyncPlayerPosition RPC received on peer 446469990: Player 446469990 at (298.91803, 262.80774)
[GameWorld] Current player controllers: 3, Keys: [446469990, 1, 1125268556]
[GameWorld] Client updating remote player 446469990, isLocal=Player_446469990
[PlayerController] Ignoring UpdateRemotePosition for local player 446469990
[PlayerController] Player 446469990 emitting PositionChanged signal at (298.91803, 256.14105)
[GameWorld] OnPlayerPositionChanged: Player 446469990 at (298.91803, 256.14105), IsServer=False
[GameWorld] Client sending position to server
[GameWorld] SyncPlayerPosition RPC received on peer 446469990: Player 446469990 at (298.91803, 259.4744)
[GameWorld] Current player controllers: 3, Keys: [446469990, 1, 1125268556]
[GameWorld] Client updating remote player 446469990, isLocal=Player_446469990
[PlayerController] Ignoring UpdateRemotePosition for local player 446469990
[PlayerController] Player 446469990 emitting PositionChanged signal at (298.91803, 252.80772)
[GameWorld] OnPlayerPositionChanged: Player 446469990 at (298.91803, 252.80772), IsServer=False
[GameWorld] Client sending position to server
[GameWorld] SyncPlayerPosition RPC received on peer 446469990: Player 446469990 at (298.91803, 256.14105)
[GameWorld] Current player controllers: 3, Keys: [446469990, 1, 1125268556]
[GameWorld] Client updating remote player 446469990, isLocal=Player_446469990
[PlayerController] Ignoring UpdateRemotePosition for local player 446469990
[PlayerController] Player 446469990 emitting PositionChanged signal at (298.91803, 249.4744)
[GameWorld] OnPlayerPositionChanged: Player 446469990 at (298.91803, 249.4744), IsServer=False
[GameWorld] Client sending position to server
[GameWorld] SyncPlayerPosition RPC received on peer 446469990: Player 446469990 at (298.91803, 252.80772)
[GameWorld] Current player controllers: 3, Keys: [446469990, 1, 1125268556]
[GameWorld] Client updating remote player 446469990, isLocal=Player_446469990
[PlayerController] Ignoring UpdateRemotePosition for local player 446469990
[PlayerController] Player 446469990 emitting PositionChanged signal at (298.91803, 246.14107)
[GameWorld] OnPlayerPositionChanged: Player 446469990 at (298.91803, 246.14107), IsServer=False
[GameWorld] Client sending position to server
[GameWorld] SyncPlayerPosition RPC received on peer 446469990: Player 446469990 at (298.91803, 249.4744)
[GameWorld] Current player controllers: 3, Keys: [446469990, 1, 1125268556]
[GameWorld] Client updating remote player 446469990, isLocal=Player_446469990
[PlayerController] Ignoring UpdateRemotePosition for local player 446469990
[PlayerController] Player 446469990 emitting PositionChanged signal at (298.91803, 242.80774)
[GameWorld] OnPlayerPositionChanged: Player 446469990 at (298.91803, 242.80774), IsServer=False
[GameWorld] Client sending position to server
[GameWorld] SyncPlayerPosition RPC received on peer 446469990: Player 446469990 at (298.91803, 246.14107)
[GameWorld] Current player controllers: 3, Keys: [446469990, 1, 1125268556]
[GameWorld] Client updating remote player 446469990, isLocal=Player_446469990
[PlayerController] Ignoring UpdateRemotePosition for local player 446469990
[PlayerController] Player 446469990 emitting PositionChanged signal at (298.91803, 239.47441)
[GameWorld] OnPlayerPositionChanged: Player 446469990 at (298.91803, 239.47441), IsServer=False
[GameWorld] Client sending position to server
[GameWorld] SyncPlayerPosition RPC received on peer 446469990: Player 446469990 at (298.91803, 242.80774)
[GameWorld] Current player controllers: 3, Keys: [446469990, 1, 1125268556]
[GameWorld] Client updating remote player 446469990, isLocal=Player_446469990
[PlayerController] Ignoring UpdateRemotePosition for local player 446469990
[PlayerController] Player 446469990 emitting PositionChanged signal at (298.91803, 236.14108)
[GameWorld] OnPlayerPositionChanged: Player 446469990 at (298.91803, 236.14108), IsServer=False
[GameWorld] Client sending position to server
[GameWorld] SyncPlayerPosition RPC received on peer 446469990: Player 446469990 at (298.91803, 239.47441)
[GameWorld] Current player controllers: 3, Keys: [446469990, 1, 1125268556]
[GameWorld] Client updating remote player 446469990, isLocal=Player_446469990
[PlayerController] Ignoring UpdateRemotePosition for local player 446469990
[PlayerController] Player 446469990 emitting PositionChanged signal at (298.91803, 232.80775)
[GameWorld] OnPlayerPositionChanged: Player 446469990 at (298.91803, 232.80775), IsServer=False
[GameWorld] Client sending position to server
[GameWorld] SyncPlayerPosition RPC received on peer 446469990: Player 446469990 at (298.91803, 236.14108)
[GameWorld] Current player controllers: 3, Keys: [446469990, 1, 1125268556]
[GameWorld] Client updating remote player 446469990, isLocal=Player_446469990
[PlayerController] Ignoring UpdateRemotePosition for local player 446469990
[PlayerController] Player 446469990 emitting PositionChanged signal at (298.91803, 229.47443)
[GameWorld] OnPlayerPositionChanged: Player 446469990 at (298.91803, 229.47443), IsServer=False
[GameWorld] Client sending position to server
[GameWorld] SyncPlayerPosition RPC received on peer 446469990: Player 446469990 at (298.91803, 232.80775)
[GameWorld] Current player controllers: 3, Keys: [446469990, 1, 1125268556]
[GameWorld] Client updating remote player 446469990, isLocal=Player_446469990
[PlayerController] Ignoring UpdateRemotePosition for local player 446469990
[PlayerController] Player 446469990 emitting PositionChanged signal at (298.91803, 226.1411)
[GameWorld] OnPlayerPositionChanged: Player 446469990 at (298.91803, 226.1411), IsServer=False
[GameWorld] Client sending position to server
[GameWorld] SyncPlayerPosition RPC received on peer 446469990: Player 446469990 at (298.91803, 229.47443)
[GameWorld] Current player controllers: 3, Keys: [446469990, 1, 1125268556]
[GameWorld] Client updating remote player 446469990, isLocal=Player_446469990
[PlayerController] Ignoring UpdateRemotePosition for local player 446469990
[GameWorld] SyncPlayerPosition RPC received on peer 446469990: Player 446469990 at (298.91803, 226.1411)
[GameWorld] Current player controllers: 3, Keys: [446469990, 1, 1125268556]
[GameWorld] Client updating remote player 446469990, isLocal=Player_446469990
[PlayerController] Ignoring UpdateRemotePosition for local player 446469990
[PlayerController] Player 446469990 emitting PositionChanged signal at (298.91803, 222.80777)
[GameWorld] OnPlayerPositionChanged: Player 446469990 at (298.91803, 222.80777), IsServer=False
[GameWorld] Client sending position to server
[PlayerController] Player 446469990 emitting PositionChanged signal at (298.91803, 219.47444)
[GameWorld] OnPlayerPositionChanged: Player 446469990 at (298.91803, 219.47444), IsServer=False
[GameWorld] Client sending position to server
[GameWorld] SyncPlayerPosition RPC received on peer 446469990: Player 446469990 at (298.91803, 222.80777)
[GameWorld] Current player controllers: 3, Keys: [446469990, 1, 1125268556]
[GameWorld] Client updating remote player 446469990, isLocal=Player_446469990
[PlayerController] Ignoring UpdateRemotePosition for local player 446469990
[PlayerController] Player 446469990 emitting PositionChanged signal at (298.91803, 216.14111)
[GameWorld] OnPlayerPositionChanged: Player 446469990 at (298.91803, 216.14111), IsServer=False
[GameWorld] Client sending position to server
[GameWorld] SyncPlayerPosition RPC received on peer 446469990: Player 446469990 at (298.91803, 219.47444)
[GameWorld] Current player controllers: 3, Keys: [446469990, 1, 1125268556]
[GameWorld] Client updating remote player 446469990, isLocal=Player_446469990
[PlayerController] Ignoring UpdateRemotePosition for local player 446469990
[PlayerController] Player 446469990 emitting PositionChanged signal at (298.91803, 212.80779)
[GameWorld] OnPlayerPositionChanged: Player 446469990 at (298.91803, 212.80779), IsServer=False
[GameWorld] Client sending position to server
[GameWorld] SyncPlayerPosition RPC received on peer 446469990: Player 446469990 at (298.91803, 216.14111)
[GameWorld] Current player controllers: 3, Keys: [446469990, 1, 1125268556]
[GameWorld] Client updating remote player 446469990, isLocal=Player_446469990
[PlayerController] Ignoring UpdateRemotePosition for local player 446469990
[PlayerController] Player 446469990 emitting PositionChanged signal at (298.91803, 209.47446)
[GameWorld] OnPlayerPositionChanged: Player 446469990 at (298.91803, 209.47446), IsServer=False
[GameWorld] Client sending position to server
[GameWorld] SyncPlayerPosition RPC received on peer 446469990: Player 446469990 at (298.91803, 212.80779)
[GameWorld] Current player controllers: 3, Keys: [446469990, 1, 1125268556]
[GameWorld] Client updating remote player 446469990, isLocal=Player_446469990
[PlayerController] Ignoring UpdateRemotePosition for local player 446469990
[PlayerController] Player 446469990 emitting PositionChanged signal at (298.91803, 206.14113)
[GameWorld] OnPlayerPositionChanged: Player 446469990 at (298.91803, 206.14113), IsServer=False
[GameWorld] Client sending position to server
[GameWorld] SyncPlayerPosition RPC received on peer 446469990: Player 446469990 at (298.91803, 209.47446)
[GameWorld] Current player controllers: 3, Keys: [446469990, 1, 1125268556]
[GameWorld] Client updating remote player 446469990, isLocal=Player_446469990
[PlayerController] Ignoring UpdateRemotePosition for local player 446469990
[PlayerController] Player 446469990 emitting PositionChanged signal at (298.91803, 202.8078)
[GameWorld] OnPlayerPositionChanged: Player 446469990 at (298.91803, 202.8078), IsServer=False
[GameWorld] Client sending position to server
[GameWorld] SyncPlayerPosition RPC received on peer 446469990: Player 446469990 at (298.91803, 206.14113)
[GameWorld] Current player controllers: 3, Keys: [446469990, 1, 1125268556]
[GameWorld] Client updating remote player 446469990, isLocal=Player_446469990
[PlayerController] Ignoring UpdateRemotePosition for local player 446469990
[PlayerController] Player 446469990 emitting PositionChanged signal at (298.91803, 199.47447)
[GameWorld] OnPlayerPositionChanged: Player 446469990 at (298.91803, 199.47447), IsServer=False
[GameWorld] Client sending position to server
[PlayerController] Player 446469990 emitting PositionChanged signal at (298.91803, 196.14114)
[GameWorld] OnPlayerPositionChanged: Player 446469990 at (298.91803, 196.14114), IsServer=False
[GameWorld] Client sending position to server
[GameWorld] SyncPlayerPosition RPC received on peer 446469990: Player 446469990 at (298.91803, 202.8078)
[GameWorld] Current player controllers: 3, Keys: [446469990, 1, 1125268556]
[GameWorld] Client updating remote player 446469990, isLocal=Player_446469990
[PlayerController] Ignoring UpdateRemotePosition for local player 446469990
[GameWorld] SyncPlayerPosition RPC received on peer 446469990: Player 446469990 at (298.91803, 199.47447)
[GameWorld] Current player controllers: 3, Keys: [446469990, 1, 1125268556]
[GameWorld] Client updating remote player 446469990, isLocal=Player_446469990
[PlayerController] Ignoring UpdateRemotePosition for local player 446469990
[PlayerController] Player 446469990 emitting PositionChanged signal at (298.91803, 192.80782)
[GameWorld] OnPlayerPositionChanged: Player 446469990 at (298.91803, 192.80782), IsServer=False
[GameWorld] Client sending position to server
[GameWorld] SyncPlayerPosition RPC received on peer 446469990: Player 446469990 at (298.91803, 196.14114)
[GameWorld] Current player controllers: 3, Keys: [446469990, 1, 1125268556]
[GameWorld] Client updating remote player 446469990, isLocal=Player_446469990
[PlayerController] Ignoring UpdateRemotePosition for local player 446469990
[PlayerController] Player 446469990 emitting PositionChanged signal at (298.91803, 189.47449)
[GameWorld] OnPlayerPositionChanged: Player 446469990 at (298.91803, 189.47449), IsServer=False
[GameWorld] Client sending position to server
[GameWorld] SyncPlayerPosition RPC received on peer 446469990: Player 446469990 at (298.91803, 192.80782)
[GameWorld] Current player controllers: 3, Keys: [446469990, 1, 1125268556]
[GameWorld] Client updating remote player 446469990, isLocal=Player_446469990
[PlayerController] Ignoring UpdateRemotePosition for local player 446469990
[PlayerController] Player 446469990 emitting PositionChanged signal at (298.91803, 186.14116)
[GameWorld] OnPlayerPositionChanged: Player 446469990 at (298.91803, 186.14116), IsServer=False
[GameWorld] Client sending position to server
[GameWorld] SyncPlayerPosition RPC received on peer 446469990: Player 446469990 at (298.91803, 189.47449)
[GameWorld] Current player controllers: 3, Keys: [446469990, 1, 1125268556]
[GameWorld] Client updating remote player 446469990, isLocal=Player_446469990
[PlayerController] Ignoring UpdateRemotePosition for local player 446469990
[PlayerController] Player 446469990 emitting PositionChanged signal at (298.91803, 182.80783)
[GameWorld] OnPlayerPositionChanged: Player 446469990 at (298.91803, 182.80783), IsServer=False
[GameWorld] Client sending position to server
[GameWorld] SyncPlayerPosition RPC received on peer 446469990: Player 446469990 at (298.91803, 186.14116)
[GameWorld] Current player controllers: 3, Keys: [446469990, 1, 1125268556]
[GameWorld] Client updating remote player 446469990, isLocal=Player_446469990
[PlayerController] Ignoring UpdateRemotePosition for local player 446469990
[PlayerController] Player 446469990 emitting PositionChanged signal at (298.91803, 179.4745)
[GameWorld] OnPlayerPositionChanged: Player 446469990 at (298.91803, 179.4745), IsServer=False
[GameWorld] Client sending position to server
[GameWorld] SyncPlayerPosition RPC received on peer 446469990: Player 446469990 at (298.91803, 182.80783)
[GameWorld] Current player controllers: 3, Keys: [446469990, 1, 1125268556]
[GameWorld] Client updating remote player 446469990, isLocal=Player_446469990
[PlayerController] Ignoring UpdateRemotePosition for local player 446469990
[PlayerController] Player 446469990 emitting PositionChanged signal at (298.91803, 176.14117)
[GameWorld] OnPlayerPositionChanged: Player 446469990 at (298.91803, 176.14117), IsServer=False
[GameWorld] Client sending position to server
[GameWorld] SyncPlayerPosition RPC received on peer 446469990: Player 446469990 at (298.91803, 179.4745)
[GameWorld] Current player controllers: 3, Keys: [446469990, 1, 1125268556]
[GameWorld] Client updating remote player 446469990, isLocal=Player_446469990
[PlayerController] Ignoring UpdateRemotePosition for local player 446469990
[GameWorld] SyncPlayerPosition RPC received on peer 446469990: Player 446469990 at (298.91803, 176.14117)
[GameWorld] Current player controllers: 3, Keys: [446469990, 1, 1125268556]
[GameWorld] Client updating remote player 446469990, isLocal=Player_446469990
[PlayerController] Ignoring UpdateRemotePosition for local player 446469990
[PlayerController] Player 446469990 emitting PositionChanged signal at (295.5847, 176.14117)
[GameWorld] OnPlayerPositionChanged: Player 446469990 at (295.5847, 176.14117), IsServer=False
[GameWorld] Client sending position to server
[PlayerController] Player 446469990 emitting PositionChanged signal at (292.25134, 176.14117)
[GameWorld] OnPlayerPositionChanged: Player 446469990 at (292.25134, 176.14117), IsServer=False
[GameWorld] Client sending position to server
[PlayerController] Player 446469990 emitting PositionChanged signal at (288.918, 176.14117)
[GameWorld] OnPlayerPositionChanged: Player 446469990 at (288.918, 176.14117), IsServer=False
[GameWorld] Client sending position to server
[GameWorld] SyncPlayerPosition RPC received on peer 446469990: Player 446469990 at (295.5847, 176.14117)
[GameWorld] Current player controllers: 3, Keys: [446469990, 1, 1125268556]
[GameWorld] Client updating remote player 446469990, isLocal=Player_446469990
[PlayerController] Ignoring UpdateRemotePosition for local player 446469990
[GameWorld] SyncPlayerPosition RPC received on peer 446469990: Player 446469990 at (292.25134, 176.14117)
[GameWorld] Current player controllers: 3, Keys: [446469990, 1, 1125268556]
[GameWorld] Client updating remote player 446469990, isLocal=Player_446469990
[PlayerController] Ignoring UpdateRemotePosition for local player 446469990
[PlayerController] Player 446469990 emitting PositionChanged signal at (285.58466, 176.14117)
[GameWorld] OnPlayerPositionChanged: Player 446469990 at (285.58466, 176.14117), IsServer=False
[GameWorld] Client sending position to server
[GameWorld] SyncPlayerPosition RPC received on peer 446469990: Player 446469990 at (288.918, 176.14117)
[GameWorld] Current player controllers: 3, Keys: [446469990, 1, 1125268556]
[GameWorld] Client updating remote player 446469990, isLocal=Player_446469990
[PlayerController] Ignoring UpdateRemotePosition for local player 446469990
[PlayerController] Player 446469990 emitting PositionChanged signal at (282.2513, 176.14117)
[GameWorld] OnPlayerPositionChanged: Player 446469990 at (282.2513, 176.14117), IsServer=False
[GameWorld] Client sending position to server
[GameWorld] SyncPlayerPosition RPC received on peer 446469990: Player 446469990 at (285.58466, 176.14117)
[GameWorld] Current player controllers: 3, Keys: [446469990, 1, 1125268556]
[GameWorld] Client updating remote player 446469990, isLocal=Player_446469990
[PlayerController] Ignoring UpdateRemotePosition for local player 446469990
[PlayerController] Player 446469990 emitting PositionChanged signal at (278.91797, 176.14117)
[GameWorld] OnPlayerPositionChanged: Player 446469990 at (278.91797, 176.14117), IsServer=False
[GameWorld] Client sending position to server
[GameWorld] SyncPlayerPosition RPC received on peer 446469990: Player 446469990 at (282.2513, 176.14117)
[GameWorld] Current player controllers: 3, Keys: [446469990, 1, 1125268556]
[GameWorld] Client updating remote player 446469990, isLocal=Player_446469990
[PlayerController] Ignoring UpdateRemotePosition for local player 446469990
[PlayerController] Player 446469990 emitting PositionChanged signal at (275.58463, 176.14117)
[GameWorld] OnPlayerPositionChanged: Player 446469990 at (275.58463, 176.14117), IsServer=False
[GameWorld] Client sending position to server
[GameWorld] SyncPlayerPosition RPC received on peer 446469990: Player 446469990 at (278.91797, 176.14117)
[GameWorld] Current player controllers: 3, Keys: [446469990, 1, 1125268556]
[GameWorld] Client updating remote player 446469990, isLocal=Player_446469990
[PlayerController] Ignoring UpdateRemotePosition for local player 446469990
[PlayerController] Player 446469990 emitting PositionChanged signal at (272.25128, 176.14117)
[GameWorld] OnPlayerPositionChanged: Player 446469990 at (272.25128, 176.14117), IsServer=False
[GameWorld] Client sending position to server
[GameWorld] SyncPlayerPosition RPC received on peer 446469990: Player 446469990 at (275.58463, 176.14117)
[GameWorld] Current player controllers: 3, Keys: [446469990, 1, 1125268556]
[GameWorld] Client updating remote player 446469990, isLocal=Player_446469990
[PlayerController] Ignoring UpdateRemotePosition for local player 446469990
[PlayerController] Player 446469990 emitting PositionChanged signal at (268.91794, 176.14117)
[GameWorld] OnPlayerPositionChanged: Player 446469990 at (268.91794, 176.14117), IsServer=False
[GameWorld] Client sending position to server
[GameWorld] SyncPlayerPosition RPC received on peer 446469990: Player 446469990 at (272.25128, 176.14117)
[GameWorld] Current player controllers: 3, Keys: [446469990, 1, 1125268556]
[GameWorld] Client updating remote player 446469990, isLocal=Player_446469990
[PlayerController] Ignoring UpdateRemotePosition for local player 446469990
[PlayerController] Player 446469990 emitting PositionChanged signal at (265.5846, 176.14117)
[GameWorld] OnPlayerPositionChanged: Player 446469990 at (265.5846, 176.14117), IsServer=False
[GameWorld] Client sending position to server
[GameWorld] SyncPlayerPosition RPC received on peer 446469990: Player 446469990 at (268.91794, 176.14117)
[GameWorld] Current player controllers: 3, Keys: [446469990, 1, 1125268556]
[GameWorld] Client updating remote player 446469990, isLocal=Player_446469990
[PlayerController] Ignoring UpdateRemotePosition for local player 446469990
[PlayerController] Player 446469990 emitting PositionChanged signal at (262.25125, 176.14117)
[GameWorld] OnPlayerPositionChanged: Player 446469990 at (262.25125, 176.14117), IsServer=False
[GameWorld] Client sending position to server
[GameWorld] SyncPlayerPosition RPC received on peer 446469990: Player 446469990 at (265.5846, 176.14117)
[GameWorld] Current player controllers: 3, Keys: [446469990, 1, 1125268556]
[GameWorld] Client updating remote player 446469990, isLocal=Player_446469990
[PlayerController] Ignoring UpdateRemotePosition for local player 446469990
[PlayerController] Player 446469990 emitting PositionChanged signal at (258.9179, 176.14117)
[GameWorld] OnPlayerPositionChanged: Player 446469990 at (258.9179, 176.14117), IsServer=False
[GameWorld] Client sending position to server
[GameWorld] SyncPlayerPosition RPC received on peer 446469990: Player 446469990 at (262.25125, 176.14117)
[GameWorld] Current player controllers: 3, Keys: [446469990, 1, 1125268556]
[GameWorld] Client updating remote player 446469990, isLocal=Player_446469990
[PlayerController] Ignoring UpdateRemotePosition for local player 446469990
[PlayerController] Player 446469990 emitting PositionChanged signal at (255.58458, 176.14117)
[GameWorld] OnPlayerPositionChanged: Player 446469990 at (255.58458, 176.14117), IsServer=False
[GameWorld] Client sending position to server
[GameWorld] SyncPlayerPosition RPC received on peer 446469990: Player 446469990 at (258.9179, 176.14117)
[GameWorld] Current player controllers: 3, Keys: [446469990, 1, 1125268556]
[GameWorld] Client updating remote player 446469990, isLocal=Player_446469990
[PlayerController] Ignoring UpdateRemotePosition for local player 446469990
[PlayerController] Player 446469990 emitting PositionChanged signal at (252.25125, 176.14117)
[GameWorld] OnPlayerPositionChanged: Player 446469990 at (252.25125, 176.14117), IsServer=False
[GameWorld] Client sending position to server
[GameWorld] SyncPlayerPosition RPC received on peer 446469990: Player 446469990 at (255.58458, 176.14117)
[GameWorld] Current player controllers: 3, Keys: [446469990, 1, 1125268556]
[GameWorld] Client updating remote player 446469990, isLocal=Player_446469990
[PlayerController] Ignoring UpdateRemotePosition for local player 446469990
[PlayerController] Player 446469990 emitting PositionChanged signal at (248.91792, 176.14117)
[GameWorld] OnPlayerPositionChanged: Player 446469990 at (248.91792, 176.14117), IsServer=False
[GameWorld] Client sending position to server
[GameWorld] SyncPlayerPosition RPC received on peer 446469990: Player 446469990 at (252.25125, 176.14117)
[GameWorld] Current player controllers: 3, Keys: [446469990, 1, 1125268556]
[GameWorld] Client updating remote player 446469990, isLocal=Player_446469990
[PlayerController] Ignoring UpdateRemotePosition for local player 446469990
[PlayerController] Player 446469990 emitting PositionChanged signal at (245.5846, 176.14117)
[GameWorld] OnPlayerPositionChanged: Player 446469990 at (245.5846, 176.14117), IsServer=False
[GameWorld] Client sending position to server
[GameWorld] SyncPlayerPosition RPC received on peer 446469990: Player 446469990 at (248.91792, 176.14117)
[GameWorld] Current player controllers: 3, Keys: [446469990, 1, 1125268556]
[GameWorld] Client updating remote player 446469990, isLocal=Player_446469990
[PlayerController] Ignoring UpdateRemotePosition for local player 446469990
[PlayerController] Player 446469990 emitting PositionChanged signal at (242.25127, 176.14117)
[GameWorld] OnPlayerPositionChanged: Player 446469990 at (242.25127, 176.14117), IsServer=False
[GameWorld] Client sending position to server
[GameWorld] SyncPlayerPosition RPC received on peer 446469990: Player 446469990 at (245.5846, 176.14117)
[GameWorld] Current player controllers: 3, Keys: [446469990, 1, 1125268556]
[GameWorld] Client updating remote player 446469990, isLocal=Player_446469990
[PlayerController] Ignoring UpdateRemotePosition for local player 446469990
[PlayerController] Player 446469990 emitting PositionChanged signal at (238.91794, 176.14117)
[GameWorld] OnPlayerPositionChanged: Player 446469990 at (238.91794, 176.14117), IsServer=False
[GameWorld] Client sending position to server
[GameWorld] SyncPlayerPosition RPC received on peer 446469990: Player 446469990 at (242.25127, 176.14117)
[GameWorld] Current player controllers: 3, Keys: [446469990, 1, 1125268556]
[GameWorld] Client updating remote player 446469990, isLocal=Player_446469990
[PlayerController] Ignoring UpdateRemotePosition for local player 446469990
[GameWorld] SyncPlayerPosition RPC received on peer 446469990: Player 446469990 at (238.91794, 176.14117)
[GameWorld] Current player controllers: 3, Keys: [446469990, 1, 1125268556]
[GameWorld] Client updating remote player 446469990, isLocal=Player_446469990
[PlayerController] Ignoring UpdateRemotePosition for local player 446469990
Action selected: interview for NPC katy
[GameWorld] UpdateGameState called on peer 446469990, players before: 3
[PlayerController] Player 446469990 emitting PositionChanged signal at (242.25127, 176.14117)
[GameWorld] OnPlayerPositionChanged: Player 446469990 at (242.25127, 176.14117), IsServer=False
[GameWorld] Client sending position to server
[PlayerController] Player 446469990 emitting PositionChanged signal at (245.5846, 176.14117)
[GameWorld] OnPlayerPositionChanged: Player 446469990 at (245.5846, 176.14117), IsServer=False
[GameWorld] Client sending position to server
[GameWorld] SyncPlayerPosition RPC received on peer 446469990: Player 446469990 at (242.25127, 176.14117)
[GameWorld] Current player controllers: 3, Keys: [446469990, 1, 1125268556]
[GameWorld] Client updating remote player 446469990, isLocal=Player_446469990
[PlayerController] Ignoring UpdateRemotePosition for local player 446469990
[PlayerController] Player 446469990 emitting PositionChanged signal at (248.91792, 176.14117)
[GameWorld] OnPlayerPositionChanged: Player 446469990 at (248.91792, 176.14117), IsServer=False
[GameWorld] Client sending position to server
[GameWorld] SyncPlayerPosition RPC received on peer 446469990: Player 446469990 at (245.5846, 176.14117)
[GameWorld] Current player controllers: 3, Keys: [446469990, 1, 1125268556]
[GameWorld] Client updating remote player 446469990, isLocal=Player_446469990
[PlayerController] Ignoring UpdateRemotePosition for local player 446469990
[PlayerController] Player 446469990 emitting PositionChanged signal at (252.25125, 176.14117)
[GameWorld] OnPlayerPositionChanged: Player 446469990 at (252.25125, 176.14117), IsServer=False
[GameWorld] Client sending position to server
[GameWorld] SyncPlayerPosition RPC received on peer 446469990: Player 446469990 at (248.91792, 176.14117)
[GameWorld] Current player controllers: 3, Keys: [446469990, 1, 1125268556]
[GameWorld] Client updating remote player 446469990, isLocal=Player_446469990
[PlayerController] Ignoring UpdateRemotePosition for local player 446469990
[PlayerController] Player 446469990 emitting PositionChanged signal at (255.58458, 176.14117)
[GameWorld] OnPlayerPositionChanged: Player 446469990 at (255.58458, 176.14117), IsServer=False
[GameWorld] Client sending position to server
[GameWorld] SyncPlayerPosition RPC received on peer 446469990: Player 446469990 at (252.25125, 176.14117)
[GameWorld] Current player controllers: 3, Keys: [446469990, 1, 1125268556]
[GameWorld] Client updating remote player 446469990, isLocal=Player_446469990
[PlayerController] Ignoring UpdateRemotePosition for local player 446469990
[PlayerController] Player 446469990 emitting PositionChanged signal at (258.9179, 176.14117)
[GameWorld] OnPlayerPositionChanged: Player 446469990 at (258.9179, 176.14117), IsServer=False
[GameWorld] Client sending position to server
[GameWorld] SyncPlayerPosition RPC received on peer 446469990: Player 446469990 at (255.58458, 176.14117)
[GameWorld] Current player controllers: 3, Keys: [446469990, 1, 1125268556]
[GameWorld] Client updating remote player 446469990, isLocal=Player_446469990
[PlayerController] Ignoring UpdateRemotePosition for local player 446469990
[PlayerController] Player 446469990 emitting PositionChanged signal at (262.25125, 176.14117)
[GameWorld] OnPlayerPositionChanged: Player 446469990 at (262.25125, 176.14117), IsServer=False
[GameWorld] Client sending position to server
[GameWorld] SyncPlayerPosition RPC received on peer 446469990: Player 446469990 at (258.9179, 176.14117)
[GameWorld] Current player controllers: 3, Keys: [446469990, 1, 1125268556]
[GameWorld] Client updating remote player 446469990, isLocal=Player_446469990
[PlayerController] Ignoring UpdateRemotePosition for local player 446469990
[PlayerController] Player 446469990 emitting PositionChanged signal at (265.5846, 176.14117)
[GameWorld] OnPlayerPositionChanged: Player 446469990 at (265.5846, 176.14117), IsServer=False
[GameWorld] Client sending position to server
[GameWorld] SyncPlayerPosition RPC received on peer 446469990: Player 446469990 at (262.25125, 176.14117)
[GameWorld] Current player controllers: 3, Keys: [446469990, 1, 1125268556]
[GameWorld] Client updating remote player 446469990, isLocal=Player_446469990
[PlayerController] Ignoring UpdateRemotePosition for local player 446469990
[PlayerController] Player 446469990 emitting PositionChanged signal at (268.91794, 176.14117)
[GameWorld] OnPlayerPositionChanged: Player 446469990 at (268.91794, 176.14117), IsServer=False
[GameWorld] Client sending position to server
[GameWorld] SyncPlayerPosition RPC received on peer 446469990: Player 446469990 at (265.5846, 176.14117)
[GameWorld] Current player controllers: 3, Keys: [446469990, 1, 1125268556]
[GameWorld] Client updating remote player 446469990, isLocal=Player_446469990
[PlayerController] Ignoring UpdateRemotePosition for local player 446469990
[PlayerController] Player 446469990 emitting PositionChanged signal at (272.25128, 176.14117)
[GameWorld] OnPlayerPositionChanged: Player 446469990 at (272.25128, 176.14117), IsServer=False
[GameWorld] Client sending position to server
[GameWorld] SyncPlayerPosition RPC received on peer 446469990: Player 446469990 at (268.91794, 176.14117)
[GameWorld] Current player controllers: 3, Keys: [446469990, 1, 1125268556]
[GameWorld] Client updating remote player 446469990, isLocal=Player_446469990
[PlayerController] Ignoring UpdateRemotePosition for local player 446469990
[PlayerController] Player 446469990 emitting PositionChanged signal at (275.58463, 176.14117)
[GameWorld] OnPlayerPositionChanged: Player 446469990 at (275.58463, 176.14117), IsServer=False
[GameWorld] Client sending position to server
[GameWorld] SyncPlayerPosition RPC received on peer 446469990: Player 446469990 at (272.25128, 176.14117)
[GameWorld] Current player controllers: 3, Keys: [446469990, 1, 1125268556]
[GameWorld] Client updating remote player 446469990, isLocal=Player_446469990
[PlayerController] Ignoring UpdateRemotePosition for local player 446469990
[PlayerController] Player 446469990 emitting PositionChanged signal at (278.91797, 176.14117)
[GameWorld] OnPlayerPositionChanged: Player 446469990 at (278.91797, 176.14117), IsServer=False
[GameWorld] Client sending position to server
[GameWorld] SyncPlayerPosition RPC received on peer 446469990: Player 446469990 at (275.58463, 176.14117)
[GameWorld] Current player controllers: 3, Keys: [446469990, 1, 1125268556]
[GameWorld] Client updating remote player 446469990, isLocal=Player_446469990
[PlayerController] Ignoring UpdateRemotePosition for local player 446469990
[PlayerController] Player 446469990 emitting PositionChanged signal at (282.2513, 176.14117)
[GameWorld] OnPlayerPositionChanged: Player 446469990 at (282.2513, 176.14117), IsServer=False
[GameWorld] Client sending position to server
[GameWorld] SyncPlayerPosition RPC received on peer 446469990: Player 446469990 at (278.91797, 176.14117)
[GameWorld] Current player controllers: 3, Keys: [446469990, 1, 1125268556]
[GameWorld] Client updating remote player 446469990, isLocal=Player_446469990
[PlayerController] Ignoring UpdateRemotePosition for local player 446469990
[PlayerController] Player 446469990 emitting PositionChanged signal at (285.58466, 176.14117)
[GameWorld] OnPlayerPositionChanged: Player 446469990 at (285.58466, 176.14117), IsServer=False
[GameWorld] Client sending position to server
[GameWorld] SyncPlayerPosition RPC received on peer 446469990: Player 446469990 at (282.2513, 176.14117)
[GameWorld] Current player controllers: 3, Keys: [446469990, 1, 1125268556]
[GameWorld] Client updating remote player 446469990, isLocal=Player_446469990
[PlayerController] Ignoring UpdateRemotePosition for local player 446469990
[PlayerController] Player 446469990 emitting PositionChanged signal at (288.918, 176.14117)
[GameWorld] OnPlayerPositionChanged: Player 446469990 at (288.918, 176.14117), IsServer=False
[GameWorld] Client sending position to server
[GameWorld] SyncPlayerPosition RPC received on peer 446469990: Player 446469990 at (285.58466, 176.14117)
[GameWorld] Current player controllers: 3, Keys: [446469990, 1, 1125268556]
[GameWorld] Client updating remote player 446469990, isLocal=Player_446469990
[PlayerController] Ignoring UpdateRemotePosition for local player 446469990
[PlayerController] Player 446469990 emitting PositionChanged signal at (292.25134, 176.14117)
[GameWorld] OnPlayerPositionChanged: Player 446469990 at (292.25134, 176.14117), IsServer=False
[GameWorld] Client sending position to server
[GameWorld] SyncPlayerPosition RPC received on peer 446469990: Player 446469990 at (288.918, 176.14117)
[GameWorld] Current player controllers: 3, Keys: [446469990, 1, 1125268556]
[GameWorld] Client updating remote player 446469990, isLocal=Player_446469990
[PlayerController] Ignoring UpdateRemotePosition for local player 446469990
[PlayerController] Player 446469990 emitting PositionChanged signal at (295.5847, 176.14117)
[GameWorld] OnPlayerPositionChanged: Player 446469990 at (295.5847, 176.14117), IsServer=False
[GameWorld] Client sending position to server
[GameWorld] SyncPlayerPosition RPC received on peer 446469990: Player 446469990 at (292.25134, 176.14117)
[GameWorld] Current player controllers: 3, Keys: [446469990, 1, 1125268556]
[GameWorld] Client updating remote player 446469990, isLocal=Player_446469990
[PlayerController] Ignoring UpdateRemotePosition for local player 446469990
[PlayerController] Player 446469990 emitting PositionChanged signal at (298.91803, 176.14117)
[GameWorld] OnPlayerPositionChanged: Player 446469990 at (298.91803, 176.14117), IsServer=False
[GameWorld] Client sending position to server
[GameWorld] SyncPlayerPosition RPC received on peer 446469990: Player 446469990 at (295.5847, 176.14117)
[GameWorld] Current player controllers: 3, Keys: [446469990, 1, 1125268556]
[GameWorld] Client updating remote player 446469990, isLocal=Player_446469990
[PlayerController] Ignoring UpdateRemotePosition for local player 446469990
[PlayerController] Player 446469990 emitting PositionChanged signal at (302.25137, 176.14117)
[GameWorld] OnPlayerPositionChanged: Player 446469990 at (302.25137, 176.14117), IsServer=False
[GameWorld] Client sending position to server
[GameWorld] SyncPlayerPosition RPC received on peer 446469990: Player 446469990 at (298.91803, 176.14117)
[GameWorld] Current player controllers: 3, Keys: [446469990, 1, 1125268556]
[GameWorld] Client updating remote player 446469990, isLocal=Player_446469990
[PlayerController] Ignoring UpdateRemotePosition for local player 446469990
[PlayerController] Player 446469990 emitting PositionChanged signal at (305.58472, 176.14117)
[GameWorld] OnPlayerPositionChanged: Player 446469990 at (305.58472, 176.14117), IsServer=False
[GameWorld] Client sending position to server
[PlayerController] Player 446469990 emitting PositionChanged signal at (308.91806, 176.14117)
[GameWorld] OnPlayerPositionChanged: Player 446469990 at (308.91806, 176.14117), IsServer=False
[GameWorld] Client sending position to server
[GameWorld] SyncPlayerPosition RPC received on peer 446469990: Player 446469990 at (302.25137, 176.14117)
[GameWorld] Current player controllers: 3, Keys: [446469990, 1, 1125268556]
[GameWorld] Client updating remote player 446469990, isLocal=Player_446469990
[PlayerController] Ignoring UpdateRemotePosition for local player 446469990
[GameWorld] SyncPlayerPosition RPC received on peer 446469990: Player 446469990 at (305.58472, 176.14117)
[GameWorld] Current player controllers: 3, Keys: [446469990, 1, 1125268556]
[GameWorld] Client updating remote player 446469990, isLocal=Player_446469990
[PlayerController] Ignoring UpdateRemotePosition for local player 446469990
[PlayerController] Player 446469990 emitting PositionChanged signal at (312.2514, 176.14117)
[GameWorld] OnPlayerPositionChanged: Player 446469990 at (312.2514, 176.14117), IsServer=False
[GameWorld] Client sending position to server
[GameWorld] SyncPlayerPosition RPC received on peer 446469990: Player 446469990 at (308.91806, 176.14117)
[GameWorld] Current player controllers: 3, Keys: [446469990, 1, 1125268556]
[GameWorld] Client updating remote player 446469990, isLocal=Player_446469990
[PlayerController] Ignoring UpdateRemotePosition for local player 446469990
[PlayerController] Player 446469990 emitting PositionChanged signal at (315.58475, 176.14117)
[GameWorld] OnPlayerPositionChanged: Player 446469990 at (315.58475, 176.14117), IsServer=False
[GameWorld] Client sending position to server
[GameWorld] SyncPlayerPosition RPC received on peer 446469990: Player 446469990 at (312.2514, 176.14117)
[GameWorld] Current player controllers: 3, Keys: [446469990, 1, 1125268556]
[GameWorld] Client updating remote player 446469990, isLocal=Player_446469990
[PlayerController] Ignoring UpdateRemotePosition for local player 446469990
[PlayerController] Player 446469990 emitting PositionChanged signal at (318.9181, 176.14117)
[GameWorld] OnPlayerPositionChanged: Player 446469990 at (318.9181, 176.14117), IsServer=False
[GameWorld] Client sending position to server
[GameWorld] SyncPlayerPosition RPC received on peer 446469990: Player 446469990 at (315.58475, 176.14117)
[GameWorld] Current player controllers: 3, Keys: [446469990, 1, 1125268556]
[GameWorld] Client updating remote player 446469990, isLocal=Player_446469990
[PlayerController] Ignoring UpdateRemotePosition for local player 446469990
[PlayerController] Player 446469990 emitting PositionChanged signal at (322.25143, 176.14117)
[GameWorld] OnPlayerPositionChanged: Player 446469990 at (322.25143, 176.14117), IsServer=False
[GameWorld] Client sending position to server
[GameWorld] SyncPlayerPosition RPC received on peer 446469990: Player 446469990 at (318.9181, 176.14117)
[GameWorld] Current player controllers: 3, Keys: [446469990, 1, 1125268556]
[GameWorld] Client updating remote player 446469990, isLocal=Player_446469990
[PlayerController] Ignoring UpdateRemotePosition for local player 446469990
[PlayerController] Player 446469990 emitting PositionChanged signal at (325.58478, 176.14117)
[GameWorld] OnPlayerPositionChanged: Player 446469990 at (325.58478, 176.14117), IsServer=False
[GameWorld] Client sending position to server
[GameWorld] SyncPlayerPosition RPC received on peer 446469990: Player 446469990 at (322.25143, 176.14117)
[GameWorld] Current player controllers: 3, Keys: [446469990, 1, 1125268556]
[GameWorld] Client updating remote player 446469990, isLocal=Player_446469990
[PlayerController] Ignoring UpdateRemotePosition for local player 446469990
[PlayerController] Player 446469990 emitting PositionChanged signal at (328.91812, 176.14117)
[GameWorld] OnPlayerPositionChanged: Player 446469990 at (328.91812, 176.14117), IsServer=False
[GameWorld] Client sending position to server
[PlayerController] Player 446469990 emitting PositionChanged signal at (332.25146, 176.14117)
[GameWorld] OnPlayerPositionChanged: Player 446469990 at (332.25146, 176.14117), IsServer=False
[GameWorld] Client sending position to server
[GameWorld] SyncPlayerPosition RPC received on peer 446469990: Player 446469990 at (325.58478, 176.14117)
[GameWorld] Current player controllers: 3, Keys: [446469990, 1, 1125268556]
[GameWorld] Client updating remote player 446469990, isLocal=Player_446469990
[PlayerController] Ignoring UpdateRemotePosition for local player 446469990
[GameWorld] SyncPlayerPosition RPC received on peer 446469990: Player 446469990 at (328.91812, 176.14117)
[GameWorld] Current player controllers: 3, Keys: [446469990, 1, 1125268556]
[GameWorld] Client updating remote player 446469990, isLocal=Player_446469990
[PlayerController] Ignoring UpdateRemotePosition for local player 446469990
[PlayerController] Player 446469990 emitting PositionChanged signal at (335.5848, 176.14117)
[GameWorld] OnPlayerPositionChanged: Player 446469990 at (335.5848, 176.14117), IsServer=False
[GameWorld] Client sending position to server
[GameWorld] SyncPlayerPosition RPC received on peer 446469990: Player 446469990 at (332.25146, 176.14117)
[GameWorld] Current player controllers: 3, Keys: [446469990, 1, 1125268556]
[GameWorld] Client updating remote player 446469990, isLocal=Player_446469990
[PlayerController] Ignoring UpdateRemotePosition for local player 446469990
[GameWorld] SyncPlayerPosition RPC received on peer 446469990: Player 446469990 at (335.5848, 176.14117)
[GameWorld] Current player controllers: 3, Keys: [446469990, 1, 1125268556]
[GameWorld] Client updating remote player 446469990, isLocal=Player_446469990
[PlayerController] Ignoring UpdateRemotePosition for local player 446469990
[PlayerController] Player 446469990 emitting PositionChanged signal at (338.91815, 176.14117)
[GameWorld] OnPlayerPositionChanged: Player 446469990 at (338.91815, 176.14117), IsServer=False
[GameWorld] Client sending position to server
Body exited Katy: Player_446469990
[PlayerController] Player 446469990 emitting PositionChanged signal at (342.2515, 176.14117)
[GameWorld] OnPlayerPositionChanged: Player 446469990 at (342.2515, 176.14117), IsServer=False
[GameWorld] Client sending position to server
[GameWorld] SyncPlayerPosition RPC received on peer 446469990: Player 446469990 at (338.91815, 176.14117)
[GameWorld] Current player controllers: 3, Keys: [446469990, 1, 1125268556]
[GameWorld] Client updating remote player 446469990, isLocal=Player_446469990
[PlayerController] Ignoring UpdateRemotePosition for local player 446469990
[PlayerController] Player 446469990 emitting PositionChanged signal at (345.58484, 176.14117)
[GameWorld] OnPlayerPositionChanged: Player 446469990 at (345.58484, 176.14117), IsServer=False
[GameWorld] Client sending position to server
[PlayerController] Player 446469990 emitting PositionChanged signal at (348.91818, 176.14117)
[GameWorld] OnPlayerPositionChanged: Player 446469990 at (348.91818, 176.14117), IsServer=False
[GameWorld] Client sending position to server
[GameWorld] SyncPlayerPosition RPC received on peer 446469990: Player 446469990 at (342.2515, 176.14117)
[GameWorld] Current player controllers: 3, Keys: [446469990, 1, 1125268556]
[GameWorld] Client updating remote player 446469990, isLocal=Player_446469990
[PlayerController] Ignoring UpdateRemotePosition for local player 446469990
[GameWorld] SyncPlayerPosition RPC received on peer 446469990: Player 446469990 at (345.58484, 176.14117)
[GameWorld] Current player controllers: 3, Keys: [446469990, 1, 1125268556]
[GameWorld] Client updating remote player 446469990, isLocal=Player_446469990
[PlayerController] Ignoring UpdateRemotePosition for local player 446469990
[PlayerController] Player 446469990 emitting PositionChanged signal at (352.25153, 176.14117)
[GameWorld] OnPlayerPositionChanged: Player 446469990 at (352.25153, 176.14117), IsServer=False
[GameWorld] Client sending position to server
[GameWorld] SyncPlayerPosition RPC received on peer 446469990: Player 446469990 at (348.91818, 176.14117)
[GameWorld] Current player controllers: 3, Keys: [446469990, 1, 1125268556]
[GameWorld] Client updating remote player 446469990, isLocal=Player_446469990
[PlayerController] Ignoring UpdateRemotePosition for local player 446469990
[PlayerController] Player 446469990 emitting PositionChanged signal at (355.58487, 176.14117)
[GameWorld] OnPlayerPositionChanged: Player 446469990 at (355.58487, 176.14117), IsServer=False
[GameWorld] Client sending position to server
[PlayerController] Player 446469990 emitting PositionChanged signal at (358.9182, 176.14117)
[GameWorld] OnPlayerPositionChanged: Player 446469990 at (358.9182, 176.14117), IsServer=False
[GameWorld] Client sending position to server
[GameWorld] SyncPlayerPosition RPC received on peer 446469990: Player 446469990 at (352.25153, 176.14117)
[GameWorld] Current player controllers: 3, Keys: [446469990, 1, 1125268556]
[GameWorld] Client updating remote player 446469990, isLocal=Player_446469990
[PlayerController] Ignoring UpdateRemotePosition for local player 446469990
[GameWorld] SyncPlayerPosition RPC received on peer 446469990: Player 446469990 at (355.58487, 176.14117)
[GameWorld] Current player controllers: 3, Keys: [446469990, 1, 1125268556]
[GameWorld] Client updating remote player 446469990, isLocal=Player_446469990
[PlayerController] Ignoring UpdateRemotePosition for local player 446469990
[PlayerController] Player 446469990 emitting PositionChanged signal at (362.25156, 176.14117)
[GameWorld] OnPlayerPositionChanged: Player 446469990 at (362.25156, 176.14117), IsServer=False
[GameWorld] Client sending position to server
[GameWorld] SyncPlayerPosition RPC received on peer 446469990: Player 446469990 at (358.9182, 176.14117)
[GameWorld] Current player controllers: 3, Keys: [446469990, 1, 1125268556]
[GameWorld] Client updating remote player 446469990, isLocal=Player_446469990
[PlayerController] Ignoring UpdateRemotePosition for local player 446469990
[PlayerController] Player 446469990 emitting PositionChanged signal at (365.5849, 176.14117)
[GameWorld] OnPlayerPositionChanged: Player 446469990 at (365.5849, 176.14117), IsServer=False
[GameWorld] Client sending position to server
[GameWorld] SyncPlayerPosition RPC received on peer 446469990: Player 446469990 at (362.25156, 176.14117)
[GameWorld] Current player controllers: 3, Keys: [446469990, 1, 1125268556]
[GameWorld] Client updating remote player 446469990, isLocal=Player_446469990
[PlayerController] Ignoring UpdateRemotePosition for local player 446469990
[PlayerController] Player 446469990 emitting PositionChanged signal at (368.91824, 176.14117)
[GameWorld] OnPlayerPositionChanged: Player 446469990 at (368.91824, 176.14117), IsServer=False
[GameWorld] Client sending position to server
[GameWorld] SyncPlayerPosition RPC received on peer 446469990: Player 446469990 at (365.5849, 176.14117)
[GameWorld] Current player controllers: 3, Keys: [446469990, 1, 1125268556]
[GameWorld] Client updating remote player 446469990, isLocal=Player_446469990
[PlayerController] Ignoring UpdateRemotePosition for local player 446469990
[PlayerController] Player 446469990 emitting PositionChanged signal at (372.2516, 176.14117)
[GameWorld] OnPlayerPositionChanged: Player 446469990 at (372.2516, 176.14117), IsServer=False
[GameWorld] Client sending position to server
[GameWorld] SyncPlayerPosition RPC received on peer 446469990: Player 446469990 at (368.91824, 176.14117)
[GameWorld] Current player controllers: 3, Keys: [446469990, 1, 1125268556]
[GameWorld] Client updating remote player 446469990, isLocal=Player_446469990
[PlayerController] Ignoring UpdateRemotePosition for local player 446469990
[PlayerController] Player 446469990 emitting PositionChanged signal at (375.58493, 176.14117)
[GameWorld] OnPlayerPositionChanged: Player 446469990 at (375.58493, 176.14117), IsServer=False
[GameWorld] Client sending position to server
[GameWorld] SyncPlayerPosition RPC received on peer 446469990: Player 446469990 at (372.2516, 176.14117)
[GameWorld] Current player controllers: 3, Keys: [446469990, 1, 1125268556]
[GameWorld] Client updating remote player 446469990, isLocal=Player_446469990
[PlayerController] Ignoring UpdateRemotePosition for local player 446469990
[PlayerController] Player 446469990 emitting PositionChanged signal at (378.91827, 176.14117)
[GameWorld] OnPlayerPositionChanged: Player 446469990 at (378.91827, 176.14117), IsServer=False
[GameWorld] Client sending position to server
[GameWorld] SyncPlayerPosition RPC received on peer 446469990: Player 446469990 at (375.58493, 176.14117)
[GameWorld] Current player controllers: 3, Keys: [446469990, 1, 1125268556]
[GameWorld] Client updating remote player 446469990, isLocal=Player_446469990
[PlayerController] Ignoring UpdateRemotePosition for local player 446469990
[PlayerController] Player 446469990 emitting PositionChanged signal at (382.25162, 176.14117)
[GameWorld] OnPlayerPositionChanged: Player 446469990 at (382.25162, 176.14117), IsServer=False
[GameWorld] Client sending position to server
[GameWorld] SyncPlayerPosition RPC received on peer 446469990: Player 446469990 at (378.91827, 176.14117)
[GameWorld] Current player controllers: 3, Keys: [446469990, 1, 1125268556]
[GameWorld] Client updating remote player 446469990, isLocal=Player_446469990
[PlayerController] Ignoring UpdateRemotePosition for local player 446469990
[PlayerController] Player 446469990 emitting PositionChanged signal at (385.58496, 176.14117)
[GameWorld] OnPlayerPositionChanged: Player 446469990 at (385.58496, 176.14117), IsServer=False
[GameWorld] Client sending position to server
[GameWorld] SyncPlayerPosition RPC received on peer 446469990: Player 446469990 at (382.25162, 176.14117)
[GameWorld] Current player controllers: 3, Keys: [446469990, 1, 1125268556]
[GameWorld] Client updating remote player 446469990, isLocal=Player_446469990
[PlayerController] Ignoring UpdateRemotePosition for local player 446469990
[PlayerController] Player 446469990 emitting PositionChanged signal at (388.9183, 176.14117)
[GameWorld] OnPlayerPositionChanged: Player 446469990 at (388.9183, 176.14117), IsServer=False
[GameWorld] Client sending position to server
[PlayerController] Player 446469990 emitting PositionChanged signal at (392.25165, 176.14117)
[GameWorld] OnPlayerPositionChanged: Player 446469990 at (392.25165, 176.14117), IsServer=False
[GameWorld] Client sending position to server
[GameWorld] SyncPlayerPosition RPC received on peer 446469990: Player 446469990 at (385.58496, 176.14117)
[GameWorld] Current player controllers: 3, Keys: [446469990, 1, 1125268556]
[GameWorld] Client updating remote player 446469990, isLocal=Player_446469990
[PlayerController] Ignoring UpdateRemotePosition for local player 446469990
[GameWorld] SyncPlayerPosition RPC received on peer 446469990: Player 446469990 at (388.9183, 176.14117)
[GameWorld] Current player controllers: 3, Keys: [446469990, 1, 1125268556]
[GameWorld] Client updating remote player 446469990, isLocal=Player_446469990
[PlayerController] Ignoring UpdateRemotePosition for local player 446469990
[PlayerController] Player 446469990 emitting PositionChanged signal at (395.585, 176.14117)
[GameWorld] OnPlayerPositionChanged: Player 446469990 at (395.585, 176.14117), IsServer=False
[GameWorld] Client sending position to server
[GameWorld] SyncPlayerPosition RPC received on peer 446469990: Player 446469990 at (392.25165, 176.14117)
[GameWorld] Current player controllers: 3, Keys: [446469990, 1, 1125268556]
[GameWorld] Client updating remote player 446469990, isLocal=Player_446469990
[PlayerController] Ignoring UpdateRemotePosition for local player 446469990
[PlayerController] Player 446469990 emitting PositionChanged signal at (398.91833, 176.14117)
[GameWorld] OnPlayerPositionChanged: Player 446469990 at (398.91833, 176.14117), IsServer=False
[GameWorld] Client sending position to server
[GameWorld] SyncPlayerPosition RPC received on peer 446469990: Player 446469990 at (395.585, 176.14117)
[GameWorld] Current player controllers: 3, Keys: [446469990, 1, 1125268556]
[GameWorld] Client updating remote player 446469990, isLocal=Player_446469990
[PlayerController] Ignoring UpdateRemotePosition for local player 446469990
[PlayerController] Player 446469990 emitting PositionChanged signal at (402.25168, 176.14117)
[GameWorld] OnPlayerPositionChanged: Player 446469990 at (402.25168, 176.14117), IsServer=False
[GameWorld] Client sending position to server
[GameWorld] SyncPlayerPosition RPC received on peer 446469990: Player 446469990 at (398.91833, 176.14117)
[GameWorld] Current player controllers: 3, Keys: [446469990, 1, 1125268556]
[GameWorld] Client updating remote player 446469990, isLocal=Player_446469990
[PlayerController] Ignoring UpdateRemotePosition for local player 446469990
[PlayerController] Player 446469990 emitting PositionChanged signal at (405.58502, 176.14117)
[GameWorld] OnPlayerPositionChanged: Player 446469990 at (405.58502, 176.14117), IsServer=False
[GameWorld] Client sending position to server
[PlayerController] Player 446469990 emitting PositionChanged signal at (408.91837, 176.14117)
[GameWorld] OnPlayerPositionChanged: Player 446469990 at (408.91837, 176.14117), IsServer=False
[GameWorld] Client sending position to server
[GameWorld] SyncPlayerPosition RPC received on peer 446469990: Player 446469990 at (402.25168, 176.14117)
[GameWorld] Current player controllers: 3, Keys: [446469990, 1, 1125268556]
[GameWorld] Client updating remote player 446469990, isLocal=Player_446469990
[PlayerController] Ignoring UpdateRemotePosition for local player 446469990
[GameWorld] SyncPlayerPosition RPC received on peer 446469990: Player 446469990 at (405.58502, 176.14117)
[GameWorld] Current player controllers: 3, Keys: [446469990, 1, 1125268556]
[GameWorld] Client updating remote player 446469990, isLocal=Player_446469990
[PlayerController] Ignoring UpdateRemotePosition for local player 446469990
[PlayerController] Player 446469990 emitting PositionChanged signal at (412.2517, 176.14117)
[GameWorld] OnPlayerPositionChanged: Player 446469990 at (412.2517, 176.14117), IsServer=False
[GameWorld] Client sending position to server
[PlayerController] Player 446469990 emitting PositionChanged signal at (415.58505, 176.14117)
[GameWorld] OnPlayerPositionChanged: Player 446469990 at (415.58505, 176.14117), IsServer=False
[GameWorld] Client sending position to server
[GameWorld] SyncPlayerPosition RPC received on peer 446469990: Player 446469990 at (408.91837, 176.14117)
[GameWorld] Current player controllers: 3, Keys: [446469990, 1, 1125268556]
[GameWorld] Client updating remote player 446469990, isLocal=Player_446469990
[PlayerController] Ignoring UpdateRemotePosition for local player 446469990
[GameWorld] SyncPlayerPosition RPC received on peer 446469990: Player 446469990 at (412.2517, 176.14117)
[GameWorld] Current player controllers: 3, Keys: [446469990, 1, 1125268556]
[GameWorld] Client updating remote player 446469990, isLocal=Player_446469990
[PlayerController] Ignoring UpdateRemotePosition for local player 446469990
[PlayerController] Player 446469990 emitting PositionChanged signal at (418.9184, 176.14117)
[GameWorld] OnPlayerPositionChanged: Player 446469990 at (418.9184, 176.14117), IsServer=False
[GameWorld] Client sending position to server
[GameWorld] SyncPlayerPosition RPC received on peer 446469990: Player 446469990 at (415.58505, 176.14117)
[GameWorld] Current player controllers: 3, Keys: [446469990, 1, 1125268556]
[GameWorld] Client updating remote player 446469990, isLocal=Player_446469990
[PlayerController] Ignoring UpdateRemotePosition for local player 446469990
[PlayerController] Player 446469990 emitting PositionChanged signal at (422.25174, 176.14117)
[GameWorld] OnPlayerPositionChanged: Player 446469990 at (422.25174, 176.14117), IsServer=False
[GameWorld] Client sending position to server
[GameWorld] SyncPlayerPosition RPC received on peer 446469990: Player 446469990 at (418.9184, 176.14117)
[GameWorld] Current player controllers: 3, Keys: [446469990, 1, 1125268556]
[GameWorld] Client updating remote player 446469990, isLocal=Player_446469990
[PlayerController] Ignoring UpdateRemotePosition for local player 446469990
[PlayerController] Player 446469990 emitting PositionChanged signal at (425.58508, 176.14117)
[GameWorld] OnPlayerPositionChanged: Player 446469990 at (425.58508, 176.14117), IsServer=False
[GameWorld] Client sending position to server
[GameWorld] SyncPlayerPosition RPC received on peer 446469990: Player 446469990 at (422.25174, 176.14117)
[GameWorld] Current player controllers: 3, Keys: [446469990, 1, 1125268556]
[GameWorld] Client updating remote player 446469990, isLocal=Player_446469990
[PlayerController] Ignoring UpdateRemotePosition for local player 446469990
[PlayerController] Player 446469990 emitting PositionChanged signal at (428.91843, 176.14117)
[GameWorld] OnPlayerPositionChanged: Player 446469990 at (428.91843, 176.14117), IsServer=False
[GameWorld] Client sending position to server
[GameWorld] SyncPlayerPosition RPC received on peer 446469990: Player 446469990 at (425.58508, 176.14117)
[GameWorld] Current player controllers: 3, Keys: [446469990, 1, 1125268556]
[GameWorld] Client updating remote player 446469990, isLocal=Player_446469990
[PlayerController] Ignoring UpdateRemotePosition for local player 446469990
[PlayerController] Player 446469990 emitting PositionChanged signal at (432.25177, 176.14117)
[GameWorld] OnPlayerPositionChanged: Player 446469990 at (432.25177, 176.14117), IsServer=False
[GameWorld] Client sending position to server
[GameWorld] SyncPlayerPosition RPC received on peer 446469990: Player 446469990 at (428.91843, 176.14117)
[GameWorld] Current player controllers: 3, Keys: [446469990, 1, 1125268556]
[GameWorld] Client updating remote player 446469990, isLocal=Player_446469990
[PlayerController] Ignoring UpdateRemotePosition for local player 446469990
[PlayerController] Player 446469990 emitting PositionChanged signal at (435.5851, 176.14117)
[GameWorld] OnPlayerPositionChanged: Player 446469990 at (435.5851, 176.14117), IsServer=False
[GameWorld] Client sending position to server
[PlayerController] Player 446469990 emitting PositionChanged signal at (438.91846, 176.14117)
[GameWorld] OnPlayerPositionChanged: Player 446469990 at (438.91846, 176.14117), IsServer=False
[GameWorld] Client sending position to server
[GameWorld] SyncPlayerPosition RPC received on peer 446469990: Player 446469990 at (432.25177, 176.14117)
[GameWorld] Current player controllers: 3, Keys: [446469990, 1, 1125268556]
[GameWorld] Client updating remote player 446469990, isLocal=Player_446469990
[PlayerController] Ignoring UpdateRemotePosition for local player 446469990
[GameWorld] SyncPlayerPosition RPC received on peer 446469990: Player 446469990 at (435.5851, 176.14117)
[GameWorld] Current player controllers: 3, Keys: [446469990, 1, 1125268556]
[GameWorld] Client updating remote player 446469990, isLocal=Player_446469990
[PlayerController] Ignoring UpdateRemotePosition for local player 446469990
[PlayerController] Player 446469990 emitting PositionChanged signal at (442.2518, 176.14117)
[GameWorld] OnPlayerPositionChanged: Player 446469990 at (442.2518, 176.14117), IsServer=False
[GameWorld] Client sending position to server
[GameWorld] SyncPlayerPosition RPC received on peer 446469990: Player 446469990 at (438.91846, 176.14117)
[GameWorld] Current player controllers: 3, Keys: [446469990, 1, 1125268556]
[GameWorld] Client updating remote player 446469990, isLocal=Player_446469990
[PlayerController] Ignoring UpdateRemotePosition for local player 446469990
[PlayerController] Player 446469990 emitting PositionChanged signal at (445.58514, 176.14117)
[GameWorld] OnPlayerPositionChanged: Player 446469990 at (445.58514, 176.14117), IsServer=False
[GameWorld] Client sending position to server
[GameWorld] SyncPlayerPosition RPC received on peer 446469990: Player 446469990 at (442.2518, 176.14117)
[GameWorld] Current player controllers: 3, Keys: [446469990, 1, 1125268556]
[GameWorld] Client updating remote player 446469990, isLocal=Player_446469990
[PlayerController] Ignoring UpdateRemotePosition for local player 446469990
[PlayerController] Player 446469990 emitting PositionChanged signal at (448.9185, 176.14117)
[GameWorld] OnPlayerPositionChanged: Player 446469990 at (448.9185, 176.14117), IsServer=False
[GameWorld] Client sending position to server
[GameWorld] SyncPlayerPosition RPC received on peer 446469990: Player 446469990 at (445.58514, 176.14117)
[GameWorld] Current player controllers: 3, Keys: [446469990, 1, 1125268556]
[GameWorld] Client updating remote player 446469990, isLocal=Player_446469990
[PlayerController] Ignoring UpdateRemotePosition for local player 446469990
[PlayerController] Player 446469990 emitting PositionChanged signal at (452.25183, 176.14117)
[GameWorld] OnPlayerPositionChanged: Player 446469990 at (452.25183, 176.14117), IsServer=False
[GameWorld] Client sending position to server
[GameWorld] SyncPlayerPosition RPC received on peer 446469990: Player 446469990 at (448.9185, 176.14117)
[GameWorld] Current player controllers: 3, Keys: [446469990, 1, 1125268556]
[GameWorld] Client updating remote player 446469990, isLocal=Player_446469990
[PlayerController] Ignoring UpdateRemotePosition for local player 446469990
[PlayerController] Player 446469990 emitting PositionChanged signal at (455.58517, 176.14117)
[GameWorld] OnPlayerPositionChanged: Player 446469990 at (455.58517, 176.14117), IsServer=False
[GameWorld] Client sending position to server
[GameWorld] SyncPlayerPosition RPC received on peer 446469990: Player 446469990 at (452.25183, 176.14117)
[GameWorld] Current player controllers: 3, Keys: [446469990, 1, 1125268556]
[GameWorld] Client updating remote player 446469990, isLocal=Player_446469990
[PlayerController] Ignoring UpdateRemotePosition for local player 446469990
[PlayerController] Player 446469990 emitting PositionChanged signal at (458.91852, 176.14117)
[GameWorld] OnPlayerPositionChanged: Player 446469990 at (458.91852, 176.14117), IsServer=False
[GameWorld] Client sending position to server
[GameWorld] SyncPlayerPosition RPC received on peer 446469990: Player 446469990 at (455.58517, 176.14117)
[GameWorld] Current player controllers: 3, Keys: [446469990, 1, 1125268556]
[GameWorld] Client updating remote player 446469990, isLocal=Player_446469990
[PlayerController] Ignoring UpdateRemotePosition for local player 446469990
[PlayerController] Player 446469990 emitting PositionChanged signal at (462.25186, 176.14117)
[GameWorld] OnPlayerPositionChanged: Player 446469990 at (462.25186, 176.14117), IsServer=False
[GameWorld] Client sending position to server
[GameWorld] SyncPlayerPosition RPC received on peer 446469990: Player 446469990 at (458.91852, 176.14117)
[GameWorld] Current player controllers: 3, Keys: [446469990, 1, 1125268556]
[GameWorld] Client updating remote player 446469990, isLocal=Player_446469990
[PlayerController] Ignoring UpdateRemotePosition for local player 446469990
[PlayerController] Player 446469990 emitting PositionChanged signal at (465.5852, 176.14117)
[GameWorld] OnPlayerPositionChanged: Player 446469990 at (465.5852, 176.14117), IsServer=False
[GameWorld] Client sending position to server
[PlayerController] Player 446469990 emitting PositionChanged signal at (468.91855, 176.14117)
[GameWorld] OnPlayerPositionChanged: Player 446469990 at (468.91855, 176.14117), IsServer=False
[GameWorld] Client sending position to server
[GameWorld] SyncPlayerPosition RPC received on peer 446469990: Player 446469990 at (462.25186, 176.14117)
[GameWorld] Current player controllers: 3, Keys: [446469990, 1, 1125268556]
[GameWorld] Client updating remote player 446469990, isLocal=Player_446469990
[PlayerController] Ignoring UpdateRemotePosition for local player 446469990
[GameWorld] SyncPlayerPosition RPC received on peer 446469990: Player 446469990 at (465.5852, 176.14117)
[GameWorld] Current player controllers: 3, Keys: [446469990, 1, 1125268556]
[GameWorld] Client updating remote player 446469990, isLocal=Player_446469990
[PlayerController] Ignoring UpdateRemotePosition for local player 446469990
[PlayerController] Player 446469990 emitting PositionChanged signal at (472.2519, 176.14117)
[GameWorld] OnPlayerPositionChanged: Player 446469990 at (472.2519, 176.14117), IsServer=False
[GameWorld] Client sending position to server
[GameWorld] SyncPlayerPosition RPC received on peer 446469990: Player 446469990 at (468.91855, 176.14117)
[GameWorld] Current player controllers: 3, Keys: [446469990, 1, 1125268556]
[GameWorld] Client updating remote player 446469990, isLocal=Player_446469990
[PlayerController] Ignoring UpdateRemotePosition for local player 446469990
Body entered John: Player_446469990
Local player entered John range. Auto-interacting.
GameWorld received OnNPCClicked for john. Current Role: 'Producer'
[PlayerController] Player 446469990 emitting PositionChanged signal at (475.58524, 176.14117)
[GameWorld] OnPlayerPositionChanged: Player 446469990 at (475.58524, 176.14117), IsServer=False
[GameWorld] Client sending position to server
[GameWorld] SyncPlayerPosition RPC received on peer 446469990: Player 446469990 at (472.2519, 176.14117)
[GameWorld] Current player controllers: 3, Keys: [446469990, 1, 1125268556]
[GameWorld] Client updating remote player 446469990, isLocal=Player_446469990
[PlayerController] Ignoring UpdateRemotePosition for local player 446469990
[PlayerController] Player 446469990 emitting PositionChanged signal at (478.91858, 176.14117)
[GameWorld] OnPlayerPositionChanged: Player 446469990 at (478.91858, 176.14117), IsServer=False
[GameWorld] Client sending position to server
[GameWorld] SyncPlayerPosition RPC received on peer 446469990: Player 446469990 at (475.58524, 176.14117)
[GameWorld] Current player controllers: 3, Keys: [446469990, 1, 1125268556]
[GameWorld] Client updating remote player 446469990, isLocal=Player_446469990
[PlayerController] Ignoring UpdateRemotePosition for local player 446469990
[PlayerController] Player 446469990 emitting PositionChanged signal at (482.25192, 176.14117)
[GameWorld] OnPlayerPositionChanged: Player 446469990 at (482.25192, 176.14117), IsServer=False
[GameWorld] Client sending position to server
[GameWorld] SyncPlayerPosition RPC received on peer 446469990: Player 446469990 at (478.91858, 176.14117)
[GameWorld] Current player controllers: 3, Keys: [446469990, 1, 1125268556]
[GameWorld] Client updating remote player 446469990, isLocal=Player_446469990
[PlayerController] Ignoring UpdateRemotePosition for local player 446469990
[PlayerController] Player 446469990 emitting PositionChanged signal at (485.58527, 176.14117)
[GameWorld] OnPlayerPositionChanged: Player 446469990 at (485.58527, 176.14117), IsServer=False
[GameWorld] Client sending position to server
[GameWorld] SyncPlayerPosition RPC received on peer 446469990: Player 446469990 at (482.25192, 176.14117)
[GameWorld] Current player controllers: 3, Keys: [446469990, 1, 1125268556]
[GameWorld] Client updating remote player 446469990, isLocal=Player_446469990
[PlayerController] Ignoring UpdateRemotePosition for local player 446469990
[PlayerController] Player 446469990 emitting PositionChanged signal at (488.9186, 176.14117)
[GameWorld] OnPlayerPositionChanged: Player 446469990 at (488.9186, 176.14117), IsServer=False
[GameWorld] Client sending position to server
[PlayerController] Player 446469990 emitting PositionChanged signal at (492.25195, 176.14117)
[GameWorld] OnPlayerPositionChanged: Player 446469990 at (492.25195, 176.14117), IsServer=False
[GameWorld] Client sending position to server
[GameWorld] SyncPlayerPosition RPC received on peer 446469990: Player 446469990 at (485.58527, 176.14117)
[GameWorld] Current player controllers: 3, Keys: [446469990, 1, 1125268556]
[GameWorld] Client updating remote player 446469990, isLocal=Player_446469990
[PlayerController] Ignoring UpdateRemotePosition for local player 446469990
[GameWorld] SyncPlayerPosition RPC received on peer 446469990: Player 446469990 at (488.9186, 176.14117)
[GameWorld] Current player controllers: 3, Keys: [446469990, 1, 1125268556]
[GameWorld] Client updating remote player 446469990, isLocal=Player_446469990
[PlayerController] Ignoring UpdateRemotePosition for local player 446469990
[PlayerController] Player 446469990 emitting PositionChanged signal at (495.5853, 176.14117)
[GameWorld] OnPlayerPositionChanged: Player 446469990 at (495.5853, 176.14117), IsServer=False
[GameWorld] Client sending position to server
[GameWorld] SyncPlayerPosition RPC received on peer 446469990: Player 446469990 at (492.25195, 176.14117)
[GameWorld] Current player controllers: 3, Keys: [446469990, 1, 1125268556]
[GameWorld] Client updating remote player 446469990, isLocal=Player_446469990
[PlayerController] Ignoring UpdateRemotePosition for local player 446469990
[PlayerController] Player 446469990 emitting PositionChanged signal at (498.91864, 176.14117)
[GameWorld] OnPlayerPositionChanged: Player 446469990 at (498.91864, 176.14117), IsServer=False
[GameWorld] Client sending position to server
[GameWorld] SyncPlayerPosition RPC received on peer 446469990: Player 446469990 at (495.5853, 176.14117)
[GameWorld] Current player controllers: 3, Keys: [446469990, 1, 1125268556]
[GameWorld] Client updating remote player 446469990, isLocal=Player_446469990
[PlayerController] Ignoring UpdateRemotePosition for local player 446469990
[PlayerController] Player 446469990 emitting PositionChanged signal at (502.25198, 176.14117)
[GameWorld] OnPlayerPositionChanged: Player 446469990 at (502.25198, 176.14117), IsServer=False
[GameWorld] Client sending position to server
[GameWorld] SyncPlayerPosition RPC received on peer 446469990: Player 446469990 at (498.91864, 176.14117)
[GameWorld] Current player controllers: 3, Keys: [446469990, 1, 1125268556]
[GameWorld] Client updating remote player 446469990, isLocal=Player_446469990
[PlayerController] Ignoring UpdateRemotePosition for local player 446469990
[PlayerController] Player 446469990 emitting PositionChanged signal at (505.58533, 176.14117)
[GameWorld] OnPlayerPositionChanged: Player 446469990 at (505.58533, 176.14117), IsServer=False
[GameWorld] Client sending position to server
[GameWorld] SyncPlayerPosition RPC received on peer 446469990: Player 446469990 at (502.25198, 176.14117)
[GameWorld] Current player controllers: 3, Keys: [446469990, 1, 1125268556]
[GameWorld] Client updating remote player 446469990, isLocal=Player_446469990
[PlayerController] Ignoring UpdateRemotePosition for local player 446469990
[PlayerController] Player 446469990 emitting PositionChanged signal at (508.91867, 176.14117)
[GameWorld] OnPlayerPositionChanged: Player 446469990 at (508.91867, 176.14117), IsServer=False
[GameWorld] Client sending position to server
[GameWorld] SyncPlayerPosition RPC received on peer 446469990: Player 446469990 at (505.58533, 176.14117)
[GameWorld] Current player controllers: 3, Keys: [446469990, 1, 1125268556]
[GameWorld] Client updating remote player 446469990, isLocal=Player_446469990
[PlayerController] Ignoring UpdateRemotePosition for local player 446469990
[PlayerController] Player 446469990 emitting PositionChanged signal at (512.252, 176.14117)
[GameWorld] OnPlayerPositionChanged: Player 446469990 at (512.252, 176.14117), IsServer=False
[GameWorld] Client sending position to server
[GameWorld] SyncPlayerPosition RPC received on peer 446469990: Player 446469990 at (508.91867, 176.14117)
[GameWorld] Current player controllers: 3, Keys: [446469990, 1, 1125268556]
[GameWorld] Client updating remote player 446469990, isLocal=Player_446469990
[PlayerController] Ignoring UpdateRemotePosition for local player 446469990
[PlayerController] Player 446469990 emitting PositionChanged signal at (515.5853, 176.14117)
[GameWorld] OnPlayerPositionChanged: Player 446469990 at (515.5853, 176.14117), IsServer=False
[GameWorld] Client sending position to server
[GameWorld] SyncPlayerPosition RPC received on peer 446469990: Player 446469990 at (512.252, 176.14117)
[GameWorld] Current player controllers: 3, Keys: [446469990, 1, 1125268556]
[GameWorld] Client updating remote player 446469990, isLocal=Player_446469990
[PlayerController] Ignoring UpdateRemotePosition for local player 446469990
[PlayerController] Player 446469990 emitting PositionChanged signal at (518.91864, 176.14117)
[GameWorld] OnPlayerPositionChanged: Player 446469990 at (518.91864, 176.14117), IsServer=False
[GameWorld] Client sending position to server
[GameWorld] SyncPlayerPosition RPC received on peer 446469990: Player 446469990 at (515.5853, 176.14117)
[GameWorld] Current player controllers: 3, Keys: [446469990, 1, 1125268556]
[GameWorld] Client updating remote player 446469990, isLocal=Player_446469990
[PlayerController] Ignoring UpdateRemotePosition for local player 446469990
[PlayerController] Player 446469990 emitting PositionChanged signal at (522.25195, 176.14117)
[GameWorld] OnPlayerPositionChanged: Player 446469990 at (522.25195, 176.14117), IsServer=False
[GameWorld] Client sending position to server
[GameWorld] SyncPlayerPosition RPC received on peer 446469990: Player 446469990 at (518.91864, 176.14117)
[GameWorld] Current player controllers: 3, Keys: [446469990, 1, 1125268556]
[GameWorld] Client updating remote player 446469990, isLocal=Player_446469990
[PlayerController] Ignoring UpdateRemotePosition for local player 446469990
[PlayerController] Player 446469990 emitting PositionChanged signal at (525.58527, 176.14117)
[GameWorld] OnPlayerPositionChanged: Player 446469990 at (525.58527, 176.14117), IsServer=False
[GameWorld] Client sending position to server
[GameWorld] SyncPlayerPosition RPC received on peer 446469990: Player 446469990 at (522.25195, 176.14117)
[GameWorld] Current player controllers: 3, Keys: [446469990, 1, 1125268556]
[GameWorld] Client updating remote player 446469990, isLocal=Player_446469990
[PlayerController] Ignoring UpdateRemotePosition for local player 446469990
[PlayerController] Player 446469990 emitting PositionChanged signal at (528.9186, 176.14117)
[GameWorld] OnPlayerPositionChanged: Player 446469990 at (528.9186, 176.14117), IsServer=False
[GameWorld] Client sending position to server
[GameWorld] SyncPlayerPosition RPC received on peer 446469990: Player 446469990 at (525.58527, 176.14117)
[GameWorld] Current player controllers: 3, Keys: [446469990, 1, 1125268556]
[GameWorld] Client updating remote player 446469990, isLocal=Player_446469990
[PlayerController] Ignoring UpdateRemotePosition for local player 446469990
[PlayerController] Player 446469990 emitting PositionChanged signal at (532.2519, 176.14117)
[GameWorld] OnPlayerPositionChanged: Player 446469990 at (532.2519, 176.14117), IsServer=False
[GameWorld] Client sending position to server
[GameWorld] SyncPlayerPosition RPC received on peer 446469990: Player 446469990 at (528.9186, 176.14117)
[GameWorld] Current player controllers: 3, Keys: [446469990, 1, 1125268556]
[GameWorld] Client updating remote player 446469990, isLocal=Player_446469990
[PlayerController] Ignoring UpdateRemotePosition for local player 446469990
[PlayerController] Player 446469990 emitting PositionChanged signal at (535.5852, 176.14117)
[GameWorld] OnPlayerPositionChanged: Player 446469990 at (535.5852, 176.14117), IsServer=False
[GameWorld] Client sending position to server
[GameWorld] SyncPlayerPosition RPC received on peer 446469990: Player 446469990 at (532.2519, 176.14117)
[GameWorld] Current player controllers: 3, Keys: [446469990, 1, 1125268556]
[GameWorld] Client updating remote player 446469990, isLocal=Player_446469990
[PlayerController] Ignoring UpdateRemotePosition for local player 446469990
[PlayerController] Player 446469990 emitting PositionChanged signal at (538.9185, 176.14117)
[GameWorld] OnPlayerPositionChanged: Player 446469990 at (538.9185, 176.14117), IsServer=False
[GameWorld] Client sending position to server
[GameWorld] SyncPlayerPosition RPC received on peer 446469990: Player 446469990 at (535.5852, 176.14117)
[GameWorld] Current player controllers: 3, Keys: [446469990, 1, 1125268556]
[GameWorld] Client updating remote player 446469990, isLocal=Player_446469990
[PlayerController] Ignoring UpdateRemotePosition for local player 446469990
[PlayerController] Player 446469990 emitting PositionChanged signal at (542.25183, 176.14117)
[GameWorld] OnPlayerPositionChanged: Player 446469990 at (542.25183, 176.14117), IsServer=False
[GameWorld] Client sending position to server
[GameWorld] SyncPlayerPosition RPC received on peer 446469990: Player 446469990 at (538.9185, 176.14117)
[GameWorld] Current player controllers: 3, Keys: [446469990, 1, 1125268556]
[GameWorld] Client updating remote player 446469990, isLocal=Player_446469990
[PlayerController] Ignoring UpdateRemotePosition for local player 446469990
[PlayerController] Player 446469990 emitting PositionChanged signal at (545.58514, 176.14117)
[GameWorld] OnPlayerPositionChanged: Player 446469990 at (545.58514, 176.14117), IsServer=False
[GameWorld] Client sending position to server
[PlayerController] Player 446469990 emitting PositionChanged signal at (548.91846, 176.14117)
[GameWorld] OnPlayerPositionChanged: Player 446469990 at (548.91846, 176.14117), IsServer=False
[GameWorld] Client sending position to server
[GameWorld] SyncPlayerPosition RPC received on peer 446469990: Player 446469990 at (542.25183, 176.14117)
[GameWorld] Current player controllers: 3, Keys: [446469990, 1, 1125268556]
[GameWorld] Client updating remote player 446469990, isLocal=Player_446469990
[PlayerController] Ignoring UpdateRemotePosition for local player 446469990
[PlayerController] Player 446469990 emitting PositionChanged signal at (552.2518, 176.14117)
[GameWorld] OnPlayerPositionChanged: Player 446469990 at (552.2518, 176.14117), IsServer=False
[GameWorld] Client sending position to server
[GameWorld] SyncPlayerPosition RPC received on peer 446469990: Player 446469990 at (545.58514, 176.14117)
[GameWorld] Current player controllers: 3, Keys: [446469990, 1, 1125268556]
[GameWorld] Client updating remote player 446469990, isLocal=Player_446469990
[PlayerController] Ignoring UpdateRemotePosition for local player 446469990
[GameWorld] SyncPlayerPosition RPC received on peer 446469990: Player 446469990 at (548.91846, 176.14117)
[GameWorld] Current player controllers: 3, Keys: [446469990, 1, 1125268556]
[GameWorld] Client updating remote player 446469990, isLocal=Player_446469990
[PlayerController] Ignoring UpdateRemotePosition for local player 446469990
[PlayerController] Player 446469990 emitting PositionChanged signal at (555.5851, 176.14117)
[GameWorld] OnPlayerPositionChanged: Player 446469990 at (555.5851, 176.14117), IsServer=False
[GameWorld] Client sending position to server
[GameWorld] SyncPlayerPosition RPC received on peer 446469990: Player 446469990 at (552.2518, 176.14117)
[GameWorld] Current player controllers: 3, Keys: [446469990, 1, 1125268556]
[GameWorld] Client updating remote player 446469990, isLocal=Player_446469990
[PlayerController] Ignoring UpdateRemotePosition for local player 446469990
[PlayerController] Player 446469990 emitting PositionChanged signal at (558.9184, 176.14117)
[GameWorld] OnPlayerPositionChanged: Player 446469990 at (558.9184, 176.14117), IsServer=False
[GameWorld] Client sending position to server
[GameWorld] SyncPlayerPosition RPC received on peer 446469990: Player 446469990 at (555.5851, 176.14117)
[GameWorld] Current player controllers: 3, Keys: [446469990, 1, 1125268556]
[GameWorld] Client updating remote player 446469990, isLocal=Player_446469990
[PlayerController] Ignoring UpdateRemotePosition for local player 446469990
[PlayerController] Player 446469990 emitting PositionChanged signal at (562.2517, 176.14117)
[GameWorld] OnPlayerPositionChanged: Player 446469990 at (562.2517, 176.14117), IsServer=False
[GameWorld] Client sending position to server
[GameWorld] SyncPlayerPosition RPC received on peer 446469990: Player 446469990 at (558.9184, 176.14117)
[GameWorld] Current player controllers: 3, Keys: [446469990, 1, 1125268556]
[GameWorld] Client updating remote player 446469990, isLocal=Player_446469990
[PlayerController] Ignoring UpdateRemotePosition for local player 446469990
[GameWorld] SyncPlayerPosition RPC received on peer 446469990: Player 446469990 at (562.2517, 176.14117)
[GameWorld] Current player controllers: 3, Keys: [446469990, 1, 1125268556]
[GameWorld] Client updating remote player 446469990, isLocal=Player_446469990
[PlayerController] Ignoring UpdateRemotePosition for local player 446469990
Action selected: interview_john for NPC john
[GameWorld] UpdateGameState called on peer 446469990, players before: 3
[PlayerController] Player 446469990 emitting PositionChanged signal at (565.585, 176.14117)
[GameWorld] OnPlayerPositionChanged: Player 446469990 at (565.585, 176.14117), IsServer=False
[GameWorld] Client sending position to server
[PlayerController] Player 446469990 emitting PositionChanged signal at (568.91833, 176.14117)
[GameWorld] OnPlayerPositionChanged: Player 446469990 at (568.91833, 176.14117), IsServer=False
[GameWorld] Client sending position to server
[GameWorld] SyncPlayerPosition RPC received on peer 446469990: Player 446469990 at (565.585, 176.14117)
[GameWorld] Current player controllers: 3, Keys: [446469990, 1, 1125268556]
[GameWorld] Client updating remote player 446469990, isLocal=Player_446469990
[PlayerController] Ignoring UpdateRemotePosition for local player 446469990
[PlayerController] Player 446469990 emitting PositionChanged signal at (572.25165, 176.14117)
[GameWorld] OnPlayerPositionChanged: Player 446469990 at (572.25165, 176.14117), IsServer=False
[GameWorld] Client sending position to server
[GameWorld] SyncPlayerPosition RPC received on peer 446469990: Player 446469990 at (568.91833, 176.14117)
[GameWorld] Current player controllers: 3, Keys: [446469990, 1, 1125268556]
[GameWorld] Client updating remote player 446469990, isLocal=Player_446469990
[PlayerController] Ignoring UpdateRemotePosition for local player 446469990
[PlayerController] Player 446469990 emitting PositionChanged signal at (575.58496, 176.14117)
[GameWorld] OnPlayerPositionChanged: Player 446469990 at (575.58496, 176.14117), IsServer=False
[GameWorld] Client sending position to server
[GameWorld] SyncPlayerPosition RPC received on peer 446469990: Player 446469990 at (572.25165, 176.14117)
[GameWorld] Current player controllers: 3, Keys: [446469990, 1, 1125268556]
[GameWorld] Client updating remote player 446469990, isLocal=Player_446469990
[PlayerController] Ignoring UpdateRemotePosition for local player 446469990
[PlayerController] Player 446469990 emitting PositionChanged signal at (578.9183, 176.14117)
[GameWorld] OnPlayerPositionChanged: Player 446469990 at (578.9183, 176.14117), IsServer=False
[GameWorld] Client sending position to server
[GameWorld] SyncPlayerPosition RPC received on peer 446469990: Player 446469990 at (575.58496, 176.14117)
[GameWorld] Current player controllers: 3, Keys: [446469990, 1, 1125268556]
[GameWorld] Client updating remote player 446469990, isLocal=Player_446469990
[PlayerController] Ignoring UpdateRemotePosition for local player 446469990
[PlayerController] Player 446469990 emitting PositionChanged signal at (582.2516, 176.14117)
[GameWorld] OnPlayerPositionChanged: Player 446469990 at (582.2516, 176.14117), IsServer=False
[GameWorld] Client sending position to server
[GameWorld] SyncPlayerPosition RPC received on peer 446469990: Player 446469990 at (578.9183, 176.14117)
[GameWorld] Current player controllers: 3, Keys: [446469990, 1, 1125268556]
[GameWorld] Client updating remote player 446469990, isLocal=Player_446469990
[PlayerController] Ignoring UpdateRemotePosition for local player 446469990
[PlayerController] Player 446469990 emitting PositionChanged signal at (585.5849, 176.14117)
[GameWorld] OnPlayerPositionChanged: Player 446469990 at (585.5849, 176.14117), IsServer=False
[GameWorld] Client sending position to server
[GameWorld] SyncPlayerPosition RPC received on peer 446469990: Player 446469990 at (582.2516, 176.14117)
[GameWorld] Current player controllers: 3, Keys: [446469990, 1, 1125268556]
[GameWorld] Client updating remote player 446469990, isLocal=Player_446469990
[PlayerController] Ignoring UpdateRemotePosition for local player 446469990
[PlayerController] Player 446469990 emitting PositionChanged signal at (588.9182, 176.14117)
[GameWorld] OnPlayerPositionChanged: Player 446469990 at (588.9182, 176.14117), IsServer=False
[GameWorld] Client sending position to server
[PlayerController] Player 446469990 emitting PositionChanged signal at (592.2515, 176.14117)
[GameWorld] OnPlayerPositionChanged: Player 446469990 at (592.2515, 176.14117), IsServer=False
[GameWorld] Client sending position to server
[GameWorld] SyncPlayerPosition RPC received on peer 446469990: Player 446469990 at (585.5849, 176.14117)
[GameWorld] Current player controllers: 3, Keys: [446469990, 1, 1125268556]
[GameWorld] Client updating remote player 446469990, isLocal=Player_446469990
[PlayerController] Ignoring UpdateRemotePosition for local player 446469990
[GameWorld] SyncPlayerPosition RPC received on peer 446469990: Player 446469990 at (588.9182, 176.14117)
[GameWorld] Current player controllers: 3, Keys: [446469990, 1, 1125268556]
[GameWorld] Client updating remote player 446469990, isLocal=Player_446469990
[PlayerController] Ignoring UpdateRemotePosition for local player 446469990
[PlayerController] Player 446469990 emitting PositionChanged signal at (595.58484, 176.14117)
[GameWorld] OnPlayerPositionChanged: Player 446469990 at (595.58484, 176.14117), IsServer=False
[GameWorld] Client sending position to server
[GameWorld] SyncPlayerPosition RPC received on peer 446469990: Player 446469990 at (592.2515, 176.14117)
[GameWorld] Current player controllers: 3, Keys: [446469990, 1, 1125268556]
[GameWorld] Client updating remote player 446469990, isLocal=Player_446469990
[PlayerController] Ignoring UpdateRemotePosition for local player 446469990
[PlayerController] Player 446469990 emitting PositionChanged signal at (598.91815, 176.14117)
[GameWorld] OnPlayerPositionChanged: Player 446469990 at (598.91815, 176.14117), IsServer=False
[GameWorld] Client sending position to server
[GameWorld] SyncPlayerPosition RPC received on peer 446469990: Player 446469990 at (595.58484, 176.14117)
[GameWorld] Current player controllers: 3, Keys: [446469990, 1, 1125268556]
[GameWorld] Client updating remote player 446469990, isLocal=Player_446469990
[PlayerController] Ignoring UpdateRemotePosition for local player 446469990
[PlayerController] Player 446469990 emitting PositionChanged signal at (602.25146, 176.14117)
[GameWorld] OnPlayerPositionChanged: Player 446469990 at (602.25146, 176.14117), IsServer=False
[GameWorld] Client sending position to server
[GameWorld] SyncPlayerPosition RPC received on peer 446469990: Player 446469990 at (598.91815, 176.14117)
[GameWorld] Current player controllers: 3, Keys: [446469990, 1, 1125268556]
[GameWorld] Client updating remote player 446469990, isLocal=Player_446469990
[PlayerController] Ignoring UpdateRemotePosition for local player 446469990
[PlayerController] Player 446469990 emitting PositionChanged signal at (605.5848, 176.14117)
[GameWorld] OnPlayerPositionChanged: Player 446469990 at (605.5848, 176.14117), IsServer=False
[GameWorld] Client sending position to server
[GameWorld] SyncPlayerPosition RPC received on peer 446469990: Player 446469990 at (602.25146, 176.14117)
[GameWorld] Current player controllers: 3, Keys: [446469990, 1, 1125268556]
[GameWorld] Client updating remote player 446469990, isLocal=Player_446469990
[PlayerController] Ignoring UpdateRemotePosition for local player 446469990
[PlayerController] Player 446469990 emitting PositionChanged signal at (608.9181, 176.14117)
[GameWorld] OnPlayerPositionChanged: Player 446469990 at (608.9181, 176.14117), IsServer=False
[GameWorld] Client sending position to server
[GameWorld] SyncPlayerPosition RPC received on peer 446469990: Player 446469990 at (605.5848, 176.14117)
[GameWorld] Current player controllers: 3, Keys: [446469990, 1, 1125268556]
[GameWorld] Client updating remote player 446469990, isLocal=Player_446469990
[PlayerController] Ignoring UpdateRemotePosition for local player 446469990
[PlayerController] Player 446469990 emitting PositionChanged signal at (612.2514, 176.14117)
[GameWorld] OnPlayerPositionChanged: Player 446469990 at (612.2514, 176.14117), IsServer=False
[GameWorld] Client sending position to server
[GameWorld] SyncPlayerPosition RPC received on peer 446469990: Player 446469990 at (608.9181, 176.14117)
[GameWorld] Current player controllers: 3, Keys: [446469990, 1, 1125268556]
[GameWorld] Client updating remote player 446469990, isLocal=Player_446469990
[PlayerController] Ignoring UpdateRemotePosition for local player 446469990
[PlayerController] Player 446469990 emitting PositionChanged signal at (615.5847, 176.14117)
[GameWorld] OnPlayerPositionChanged: Player 446469990 at (615.5847, 176.14117), IsServer=False
[GameWorld] Client sending position to server
[GameWorld] SyncPlayerPosition RPC received on peer 446469990: Player 446469990 at (612.2514, 176.14117)
[GameWorld] Current player controllers: 3, Keys: [446469990, 1, 1125268556]
[GameWorld] Client updating remote player 446469990, isLocal=Player_446469990
[PlayerController] Ignoring UpdateRemotePosition for local player 446469990
[PlayerController] Player 446469990 emitting PositionChanged signal at (618.918, 176.14117)
[GameWorld] OnPlayerPositionChanged: Player 446469990 at (618.918, 176.14117), IsServer=False
[GameWorld] Client sending position to server
[GameWorld] SyncPlayerPosition RPC received on peer 446469990: Player 446469990 at (615.5847, 176.14117)
[GameWorld] Current player controllers: 3, Keys: [446469990, 1, 1125268556]
[GameWorld] Client updating remote player 446469990, isLocal=Player_446469990
[PlayerController] Ignoring UpdateRemotePosition for local player 446469990
[PlayerController] Player 446469990 emitting PositionChanged signal at (622.25134, 176.14117)
[GameWorld] OnPlayerPositionChanged: Player 446469990 at (622.25134, 176.14117), IsServer=False
[GameWorld] Client sending position to server
[GameWorld] SyncPlayerPosition RPC received on peer 446469990: Player 446469990 at (618.918, 176.14117)
[GameWorld] Current player controllers: 3, Keys: [446469990, 1, 1125268556]
[GameWorld] Client updating remote player 446469990, isLocal=Player_446469990
[PlayerController] Ignoring UpdateRemotePosition for local player 446469990
[PlayerController] Player 446469990 emitting PositionChanged signal at (625.58466, 176.14117)
[GameWorld] OnPlayerPositionChanged: Player 446469990 at (625.58466, 176.14117), IsServer=False
[GameWorld] Client sending position to server
[GameWorld] SyncPlayerPosition RPC received on peer 446469990: Player 446469990 at (622.25134, 176.14117)
[GameWorld] Current player controllers: 3, Keys: [446469990, 1, 1125268556]
[GameWorld] Client updating remote player 446469990, isLocal=Player_446469990
[PlayerController] Ignoring UpdateRemotePosition for local player 446469990
[PlayerController] Player 446469990 emitting PositionChanged signal at (628.91797, 176.14117)
[GameWorld] OnPlayerPositionChanged: Player 446469990 at (628.91797, 176.14117), IsServer=False
[GameWorld] Client sending position to server
[GameWorld] SyncPlayerPosition RPC received on peer 446469990: Player 446469990 at (625.58466, 176.14117)
[GameWorld] Current player controllers: 3, Keys: [446469990, 1, 1125268556]
[GameWorld] Client updating remote player 446469990, isLocal=Player_446469990
[PlayerController] Ignoring UpdateRemotePosition for local player 446469990
[PlayerController] Player 446469990 emitting PositionChanged signal at (632.2513, 176.14117)
[GameWorld] OnPlayerPositionChanged: Player 446469990 at (632.2513, 176.14117), IsServer=False
[GameWorld] Client sending position to server
[GameWorld] SyncPlayerPosition RPC received on peer 446469990: Player 446469990 at (628.91797, 176.14117)
[GameWorld] Current player controllers: 3, Keys: [446469990, 1, 1125268556]
[GameWorld] Client updating remote player 446469990, isLocal=Player_446469990
[PlayerController] Ignoring UpdateRemotePosition for local player 446469990
[PlayerController] Player 446469990 emitting PositionChanged signal at (635.5846, 176.14117)
[GameWorld] OnPlayerPositionChanged: Player 446469990 at (635.5846, 176.14117), IsServer=False
[GameWorld] Client sending position to server
[GameWorld] SyncPlayerPosition RPC received on peer 446469990: Player 446469990 at (632.2513, 176.14117)
[GameWorld] Current player controllers: 3, Keys: [446469990, 1, 1125268556]
[GameWorld] Client updating remote player 446469990, isLocal=Player_446469990
[PlayerController] Ignoring UpdateRemotePosition for local player 446469990
[PlayerController] Player 446469990 emitting PositionChanged signal at (638.9179, 176.14117)
[GameWorld] OnPlayerPositionChanged: Player 446469990 at (638.9179, 176.14117), IsServer=False
[GameWorld] Client sending position to server
[GameWorld] SyncPlayerPosition RPC received on peer 446469990: Player 446469990 at (635.5846, 176.14117)
[GameWorld] Current player controllers: 3, Keys: [446469990, 1, 1125268556]
[GameWorld] Client updating remote player 446469990, isLocal=Player_446469990
[PlayerController] Ignoring UpdateRemotePosition for local player 446469990
[PlayerController] Player 446469990 emitting PositionChanged signal at (642.2512, 176.14117)
[GameWorld] OnPlayerPositionChanged: Player 446469990 at (642.2512, 176.14117), IsServer=False
[GameWorld] Client sending position to server
[GameWorld] SyncPlayerPosition RPC received on peer 446469990: Player 446469990 at (638.9179, 176.14117)
[GameWorld] Current player controllers: 3, Keys: [446469990, 1, 1125268556]
[GameWorld] Client updating remote player 446469990, isLocal=Player_446469990
[PlayerController] Ignoring UpdateRemotePosition for local player 446469990
[PlayerController] Player 446469990 emitting PositionChanged signal at (645.58453, 176.14117)
[GameWorld] OnPlayerPositionChanged: Player 446469990 at (645.58453, 176.14117), IsServer=False
[GameWorld] Client sending position to server
[GameWorld] SyncPlayerPosition RPC received on peer 446469990: Player 446469990 at (642.2512, 176.14117)
[GameWorld] Current player controllers: 3, Keys: [446469990, 1, 1125268556]
[GameWorld] Client updating remote player 446469990, isLocal=Player_446469990
[PlayerController] Ignoring UpdateRemotePosition for local player 446469990
[PlayerController] Player 446469990 emitting PositionChanged signal at (648.91785, 176.14117)
[GameWorld] OnPlayerPositionChanged: Player 446469990 at (648.91785, 176.14117), IsServer=False
[GameWorld] Client sending position to server
[GameWorld] SyncPlayerPosition RPC received on peer 446469990: Player 446469990 at (645.58453, 176.14117)
[GameWorld] Current player controllers: 3, Keys: [446469990, 1, 1125268556]
[GameWorld] Client updating remote player 446469990, isLocal=Player_446469990
[PlayerController] Ignoring UpdateRemotePosition for local player 446469990
[PlayerController] Player 446469990 emitting PositionChanged signal at (652.25116, 176.14117)
[GameWorld] OnPlayerPositionChanged: Player 446469990 at (652.25116, 176.14117), IsServer=False
[GameWorld] Client sending position to server
[GameWorld] SyncPlayerPosition RPC received on peer 446469990: Player 446469990 at (648.91785, 176.14117)
[GameWorld] Current player controllers: 3, Keys: [446469990, 1, 1125268556]
[GameWorld] Client updating remote player 446469990, isLocal=Player_446469990
[PlayerController] Ignoring UpdateRemotePosition for local player 446469990
[PlayerController] Player 446469990 emitting PositionChanged signal at (655.5845, 176.14117)
[GameWorld] OnPlayerPositionChanged: Player 446469990 at (655.5845, 176.14117), IsServer=False
[GameWorld] Client sending position to server
[GameWorld] SyncPlayerPosition RPC received on peer 446469990: Player 446469990 at (652.25116, 176.14117)
[GameWorld] Current player controllers: 3, Keys: [446469990, 1, 1125268556]
[GameWorld] Client updating remote player 446469990, isLocal=Player_446469990
[PlayerController] Ignoring UpdateRemotePosition for local player 446469990
[PlayerController] Player 446469990 emitting PositionChanged signal at (658.9178, 176.14117)
[GameWorld] OnPlayerPositionChanged: Player 446469990 at (658.9178, 176.14117), IsServer=False
[GameWorld] Client sending position to server
[GameWorld] SyncPlayerPosition RPC received on peer 446469990: Player 446469990 at (655.5845, 176.14117)
[GameWorld] Current player controllers: 3, Keys: [446469990, 1, 1125268556]
[GameWorld] Client updating remote player 446469990, isLocal=Player_446469990
[PlayerController] Ignoring UpdateRemotePosition for local player 446469990
[PlayerController] Player 446469990 emitting PositionChanged signal at (662.2511, 176.14117)
[GameWorld] OnPlayerPositionChanged: Player 446469990 at (662.2511, 176.14117), IsServer=False
[GameWorld] Client sending position to server
[GameWorld] SyncPlayerPosition RPC received on peer 446469990: Player 446469990 at (658.9178, 176.14117)
[GameWorld] Current player controllers: 3, Keys: [446469990, 1, 1125268556]
[GameWorld] Client updating remote player 446469990, isLocal=Player_446469990
[PlayerController] Ignoring UpdateRemotePosition for local player 446469990
[PlayerController] Player 446469990 emitting PositionChanged signal at (665.5844, 176.14117)
[GameWorld] OnPlayerPositionChanged: Player 446469990 at (665.5844, 176.14117), IsServer=False
[GameWorld] Client sending position to server
[GameWorld] SyncPlayerPosition RPC received on peer 446469990: Player 446469990 at (662.2511, 176.14117)
[GameWorld] Current player controllers: 3, Keys: [446469990, 1, 1125268556]
[GameWorld] Client updating remote player 446469990, isLocal=Player_446469990
[PlayerController] Ignoring UpdateRemotePosition for local player 446469990
[PlayerController] Player 446469990 emitting PositionChanged signal at (668.9177, 176.14117)
[GameWorld] OnPlayerPositionChanged: Player 446469990 at (668.9177, 176.14117), IsServer=False
[GameWorld] Client sending position to server
[GameWorld] SyncPlayerPosition RPC received on peer 446469990: Player 446469990 at (665.5844, 176.14117)
[GameWorld] Current player controllers: 3, Keys: [446469990, 1, 1125268556]
[GameWorld] Client updating remote player 446469990, isLocal=Player_446469990
[PlayerController] Ignoring UpdateRemotePosition for local player 446469990
[PlayerController] Player 446469990 emitting PositionChanged signal at (672.25104, 176.14117)
[GameWorld] OnPlayerPositionChanged: Player 446469990 at (672.25104, 176.14117), IsServer=False
[GameWorld] Client sending position to server
[GameWorld] SyncPlayerPosition RPC received on peer 446469990: Player 446469990 at (668.9177, 176.14117)
[GameWorld] Current player controllers: 3, Keys: [446469990, 1, 1125268556]
[GameWorld] Client updating remote player 446469990, isLocal=Player_446469990
[PlayerController] Ignoring UpdateRemotePosition for local player 446469990
[PlayerController] Player 446469990 emitting PositionChanged signal at (675.58435, 176.14117)
[GameWorld] OnPlayerPositionChanged: Player 446469990 at (675.58435, 176.14117), IsServer=False
[GameWorld] Client sending position to server
[GameWorld] SyncPlayerPosition RPC received on peer 446469990: Player 446469990 at (672.25104, 176.14117)
[GameWorld] Current player controllers: 3, Keys: [446469990, 1, 1125268556]
[GameWorld] Client updating remote player 446469990, isLocal=Player_446469990
[PlayerController] Ignoring UpdateRemotePosition for local player 446469990
[PlayerController] Player 446469990 emitting PositionChanged signal at (678.91766, 176.14117)
[GameWorld] OnPlayerPositionChanged: Player 446469990 at (678.91766, 176.14117), IsServer=False
[GameWorld] Client sending position to server
[GameWorld] SyncPlayerPosition RPC received on peer 446469990: Player 446469990 at (675.58435, 176.14117)
[GameWorld] Current player controllers: 3, Keys: [446469990, 1, 1125268556]
[GameWorld] Client updating remote player 446469990, isLocal=Player_446469990
[PlayerController] Ignoring UpdateRemotePosition for local player 446469990
[PlayerController] Player 446469990 emitting PositionChanged signal at (682.251, 176.14117)
[GameWorld] OnPlayerPositionChanged: Player 446469990 at (682.251, 176.14117), IsServer=False
[GameWorld] Client sending position to server
[GameWorld] SyncPlayerPosition RPC received on peer 446469990: Player 446469990 at (678.91766, 176.14117)
[GameWorld] Current player controllers: 3, Keys: [446469990, 1, 1125268556]
[GameWorld] Client updating remote player 446469990, isLocal=Player_446469990
[PlayerController] Ignoring UpdateRemotePosition for local player 446469990
[PlayerController] Player 446469990 emitting PositionChanged signal at (685.5843, 176.14117)
[GameWorld] OnPlayerPositionChanged: Player 446469990 at (685.5843, 176.14117), IsServer=False
[GameWorld] Client sending position to server
[GameWorld] SyncPlayerPosition RPC received on peer 446469990: Player 446469990 at (682.251, 176.14117)
[GameWorld] Current player controllers: 3, Keys: [446469990, 1, 1125268556]
[GameWorld] Client updating remote player 446469990, isLocal=Player_446469990
[PlayerController] Ignoring UpdateRemotePosition for local player 446469990
[PlayerController] Player 446469990 emitting PositionChanged signal at (688.9176, 176.14117)
[GameWorld] OnPlayerPositionChanged: Player 446469990 at (688.9176, 176.14117), IsServer=False
[GameWorld] Client sending position to server
[GameWorld] SyncPlayerPosition RPC received on peer 446469990: Player 446469990 at (685.5843, 176.14117)
[GameWorld] Current player controllers: 3, Keys: [446469990, 1, 1125268556]
[GameWorld] Client updating remote player 446469990, isLocal=Player_446469990
[PlayerController] Ignoring UpdateRemotePosition for local player 446469990
[PlayerController] Player 446469990 emitting PositionChanged signal at (692.2509, 176.14117)
[GameWorld] OnPlayerPositionChanged: Player 446469990 at (692.2509, 176.14117), IsServer=False
[GameWorld] Client sending position to server
[GameWorld] SyncPlayerPosition RPC received on peer 446469990: Player 446469990 at (688.9176, 176.14117)
[GameWorld] Current player controllers: 3, Keys: [446469990, 1, 1125268556]
[GameWorld] Client updating remote player 446469990, isLocal=Player_446469990
[PlayerController] Ignoring UpdateRemotePosition for local player 446469990
[PlayerController] Player 446469990 emitting PositionChanged signal at (695.5842, 176.14117)
[GameWorld] OnPlayerPositionChanged: Player 446469990 at (695.5842, 176.14117), IsServer=False
[GameWorld] Client sending position to server
[GameWorld] SyncPlayerPosition RPC received on peer 446469990: Player 446469990 at (692.2509, 176.14117)
[GameWorld] Current player controllers: 3, Keys: [446469990, 1, 1125268556]
[GameWorld] Client updating remote player 446469990, isLocal=Player_446469990
[PlayerController] Ignoring UpdateRemotePosition for local player 446469990
[PlayerController] Player 446469990 emitting PositionChanged signal at (698.91754, 176.14117)
[GameWorld] OnPlayerPositionChanged: Player 446469990 at (698.91754, 176.14117), IsServer=False
[GameWorld] Client sending position to server
[GameWorld] SyncPlayerPosition RPC received on peer 446469990: Player 446469990 at (695.5842, 176.14117)
[GameWorld] Current player controllers: 3, Keys: [446469990, 1, 1125268556]
[GameWorld] Client updating remote player 446469990, isLocal=Player_446469990
[PlayerController] Ignoring UpdateRemotePosition for local player 446469990
[PlayerController] Player 446469990 emitting PositionChanged signal at (702.25085, 176.14117)
[GameWorld] OnPlayerPositionChanged: Player 446469990 at (702.25085, 176.14117), IsServer=False
[GameWorld] Client sending position to server
[GameWorld] SyncPlayerPosition RPC received on peer 446469990: Player 446469990 at (698.91754, 176.14117)
[GameWorld] Current player controllers: 3, Keys: [446469990, 1, 1125268556]
[GameWorld] Client updating remote player 446469990, isLocal=Player_446469990
[PlayerController] Ignoring UpdateRemotePosition for local player 446469990
[PlayerController] Player 446469990 emitting PositionChanged signal at (705.58417, 176.14117)
[GameWorld] OnPlayerPositionChanged: Player 446469990 at (705.58417, 176.14117), IsServer=False
[GameWorld] Client sending position to server
[GameWorld] SyncPlayerPosition RPC received on peer 446469990: Player 446469990 at (702.25085, 176.14117)
[GameWorld] Current player controllers: 3, Keys: [446469990, 1, 1125268556]
[GameWorld] Client updating remote player 446469990, isLocal=Player_446469990
[PlayerController] Ignoring UpdateRemotePosition for local player 446469990
[PlayerController] Player 446469990 emitting PositionChanged signal at (708.9175, 176.14117)
[GameWorld] OnPlayerPositionChanged: Player 446469990 at (708.9175, 176.14117), IsServer=False
[GameWorld] Client sending position to server
[GameWorld] SyncPlayerPosition RPC received on peer 446469990: Player 446469990 at (705.58417, 176.14117)
[GameWorld] Current player controllers: 3, Keys: [446469990, 1, 1125268556]
[GameWorld] Client updating remote player 446469990, isLocal=Player_446469990
[PlayerController] Ignoring UpdateRemotePosition for local player 446469990
[PlayerController] Player 446469990 emitting PositionChanged signal at (712.2508, 176.14117)
[GameWorld] OnPlayerPositionChanged: Player 446469990 at (712.2508, 176.14117), IsServer=False
[GameWorld] Client sending position to server
[GameWorld] SyncPlayerPosition RPC received on peer 446469990: Player 446469990 at (708.9175, 176.14117)
[GameWorld] Current player controllers: 3, Keys: [446469990, 1, 1125268556]
[GameWorld] Client updating remote player 446469990, isLocal=Player_446469990
[PlayerController] Ignoring UpdateRemotePosition for local player 446469990
[PlayerController] Player 446469990 emitting PositionChanged signal at (715.5841, 176.14117)
[GameWorld] OnPlayerPositionChanged: Player 446469990 at (715.5841, 176.14117), IsServer=False
[GameWorld] Client sending position to server
[GameWorld] SyncPlayerPosition RPC received on peer 446469990: Player 446469990 at (712.2508, 176.14117)
[GameWorld] Current player controllers: 3, Keys: [446469990, 1, 1125268556]
[GameWorld] Client updating remote player 446469990, isLocal=Player_446469990
[PlayerController] Ignoring UpdateRemotePosition for local player 446469990
[PlayerController] Player 446469990 emitting PositionChanged signal at (718.9174, 176.14117)
[GameWorld] OnPlayerPositionChanged: Player 446469990 at (718.9174, 176.14117), IsServer=False
[GameWorld] Client sending position to server
[GameWorld] SyncPlayerPosition RPC received on peer 446469990: Player 446469990 at (715.5841, 176.14117)
[GameWorld] Current player controllers: 3, Keys: [446469990, 1, 1125268556]
[GameWorld] Client updating remote player 446469990, isLocal=Player_446469990
[PlayerController] Ignoring UpdateRemotePosition for local player 446469990
[PlayerController] Player 446469990 emitting PositionChanged signal at (722.25073, 176.14117)
[GameWorld] OnPlayerPositionChanged: Player 446469990 at (722.25073, 176.14117), IsServer=False
[GameWorld] Client sending position to server
[GameWorld] SyncPlayerPosition RPC received on peer 446469990: Player 446469990 at (718.9174, 176.14117)
[GameWorld] Current player controllers: 3, Keys: [446469990, 1, 1125268556]
[GameWorld] Client updating remote player 446469990, isLocal=Player_446469990
[PlayerController] Ignoring UpdateRemotePosition for local player 446469990
[PlayerController] Player 446469990 emitting PositionChanged signal at (725.58405, 176.14117)
[GameWorld] OnPlayerPositionChanged: Player 446469990 at (725.58405, 176.14117), IsServer=False
[GameWorld] Client sending position to server
[GameWorld] SyncPlayerPosition RPC received on peer 446469990: Player 446469990 at (722.25073, 176.14117)
[GameWorld] Current player controllers: 3, Keys: [446469990, 1, 1125268556]
[GameWorld] Client updating remote player 446469990, isLocal=Player_446469990
[PlayerController] Ignoring UpdateRemotePosition for local player 446469990
[PlayerController] Player 446469990 emitting PositionChanged signal at (728.91736, 176.14117)
[GameWorld] OnPlayerPositionChanged: Player 446469990 at (728.91736, 176.14117), IsServer=False
[GameWorld] Client sending position to server
[GameWorld] SyncPlayerPosition RPC received on peer 446469990: Player 446469990 at (725.58405, 176.14117)
[GameWorld] Current player controllers: 3, Keys: [446469990, 1, 1125268556]
[GameWorld] Client updating remote player 446469990, isLocal=Player_446469990
[PlayerController] Ignoring UpdateRemotePosition for local player 446469990
[PlayerController] Player 446469990 emitting PositionChanged signal at (732.2507, 176.14117)
[GameWorld] OnPlayerPositionChanged: Player 446469990 at (732.2507, 176.14117), IsServer=False
[GameWorld] Client sending position to server
[GameWorld] SyncPlayerPosition RPC received on peer 446469990: Player 446469990 at (728.91736, 176.14117)
[GameWorld] Current player controllers: 3, Keys: [446469990, 1, 1125268556]
[GameWorld] Client updating remote player 446469990, isLocal=Player_446469990
[PlayerController] Ignoring UpdateRemotePosition for local player 446469990
[PlayerController] Player 446469990 emitting PositionChanged signal at (735.584, 176.14117)
[GameWorld] OnPlayerPositionChanged: Player 446469990 at (735.584, 176.14117), IsServer=False
[GameWorld] Client sending position to server
[GameWorld] SyncPlayerPosition RPC received on peer 446469990: Player 446469990 at (732.2507, 176.14117)
[GameWorld] Current player controllers: 3, Keys: [446469990, 1, 1125268556]
[GameWorld] Client updating remote player 446469990, isLocal=Player_446469990
[PlayerController] Ignoring UpdateRemotePosition for local player 446469990
[PlayerController] Player 446469990 emitting PositionChanged signal at (738.9173, 176.14117)
[GameWorld] OnPlayerPositionChanged: Player 446469990 at (738.9173, 176.14117), IsServer=False
[GameWorld] Client sending position to server
[GameWorld] SyncPlayerPosition RPC received on peer 446469990: Player 446469990 at (735.584, 176.14117)
[GameWorld] Current player controllers: 3, Keys: [446469990, 1, 1125268556]
[GameWorld] Client updating remote player 446469990, isLocal=Player_446469990
[PlayerController] Ignoring UpdateRemotePosition for local player 446469990
Body exited John: Player_446469990
[PlayerController] Player 446469990 emitting PositionChanged signal at (742.2506, 176.14117)
[GameWorld] OnPlayerPositionChanged: Player 446469990 at (742.2506, 176.14117), IsServer=False
[GameWorld] Client sending position to server
[GameWorld] SyncPlayerPosition RPC received on peer 446469990: Player 446469990 at (738.9173, 176.14117)
[GameWorld] Current player controllers: 3, Keys: [446469990, 1, 1125268556]
[GameWorld] Client updating remote player 446469990, isLocal=Player_446469990
[PlayerController] Ignoring UpdateRemotePosition for local player 446469990
[PlayerController] Player 446469990 emitting PositionChanged signal at (745.5839, 176.14117)
[GameWorld] OnPlayerPositionChanged: Player 446469990 at (745.5839, 176.14117), IsServer=False
[GameWorld] Client sending position to server
[GameWorld] SyncPlayerPosition RPC received on peer 446469990: Player 446469990 at (742.2506, 176.14117)
[GameWorld] Current player controllers: 3, Keys: [446469990, 1, 1125268556]
[GameWorld] Client updating remote player 446469990, isLocal=Player_446469990
[PlayerController] Ignoring UpdateRemotePosition for local player 446469990
[PlayerController] Player 446469990 emitting PositionChanged signal at (748.91724, 176.14117)
[GameWorld] OnPlayerPositionChanged: Player 446469990 at (748.91724, 176.14117), IsServer=False
[GameWorld] Client sending position to server
[PlayerController] Player 446469990 emitting PositionChanged signal at (752.25055, 176.14117)
[GameWorld] OnPlayerPositionChanged: Player 446469990 at (752.25055, 176.14117), IsServer=False
[GameWorld] Client sending position to server
[GameWorld] SyncPlayerPosition RPC received on peer 446469990: Player 446469990 at (745.5839, 176.14117)
[GameWorld] Current player controllers: 3, Keys: [446469990, 1, 1125268556]
[GameWorld] Client updating remote player 446469990, isLocal=Player_446469990
[PlayerController] Ignoring UpdateRemotePosition for local player 446469990
[GameWorld] SyncPlayerPosition RPC received on peer 446469990: Player 446469990 at (748.91724, 176.14117)
[GameWorld] Current player controllers: 3, Keys: [446469990, 1, 1125268556]
[GameWorld] Client updating remote player 446469990, isLocal=Player_446469990
[PlayerController] Ignoring UpdateRemotePosition for local player 446469990
[PlayerController] Player 446469990 emitting PositionChanged signal at (755.58386, 176.14117)
[GameWorld] OnPlayerPositionChanged: Player 446469990 at (755.58386, 176.14117), IsServer=False
[GameWorld] Client sending position to server
[GameWorld] SyncPlayerPosition RPC received on peer 446469990: Player 446469990 at (752.25055, 176.14117)
[GameWorld] Current player controllers: 3, Keys: [446469990, 1, 1125268556]
[GameWorld] Client updating remote player 446469990, isLocal=Player_446469990
[PlayerController] Ignoring UpdateRemotePosition for local player 446469990
[PlayerController] Player 446469990 emitting PositionChanged signal at (758.9172, 176.14117)
[GameWorld] OnPlayerPositionChanged: Player 446469990 at (758.9172, 176.14117), IsServer=False
[GameWorld] Client sending position to server
[GameWorld] SyncPlayerPosition RPC received on peer 446469990: Player 446469990 at (755.58386, 176.14117)
[GameWorld] Current player controllers: 3, Keys: [446469990, 1, 1125268556]
[GameWorld] Client updating remote player 446469990, isLocal=Player_446469990
[PlayerController] Ignoring UpdateRemotePosition for local player 446469990
[PlayerController] Player 446469990 emitting PositionChanged signal at (762.2505, 176.14117)
[GameWorld] OnPlayerPositionChanged: Player 446469990 at (762.2505, 176.14117), IsServer=False
[GameWorld] Client sending position to server
[GameWorld] SyncPlayerPosition RPC received on peer 446469990: Player 446469990 at (758.9172, 176.14117)
[GameWorld] Current player controllers: 3, Keys: [446469990, 1, 1125268556]
[GameWorld] Client updating remote player 446469990, isLocal=Player_446469990
[PlayerController] Ignoring UpdateRemotePosition for local player 446469990
[PlayerController] Player 446469990 emitting PositionChanged signal at (765.5838, 176.14117)
[GameWorld] OnPlayerPositionChanged: Player 446469990 at (765.5838, 176.14117), IsServer=False
[GameWorld] Client sending position to server
[GameWorld] SyncPlayerPosition RPC received on peer 446469990: Player 446469990 at (762.2505, 176.14117)
[GameWorld] Current player controllers: 3, Keys: [446469990, 1, 1125268556]
[GameWorld] Client updating remote player 446469990, isLocal=Player_446469990
[PlayerController] Ignoring UpdateRemotePosition for local player 446469990
[PlayerController] Player 446469990 emitting PositionChanged signal at (768.9171, 176.14117)
[GameWorld] OnPlayerPositionChanged: Player 446469990 at (768.9171, 176.14117), IsServer=False
[GameWorld] Client sending position to server
[GameWorld] SyncPlayerPosition RPC received on peer 446469990: Player 446469990 at (765.5838, 176.14117)
[GameWorld] Current player controllers: 3, Keys: [446469990, 1, 1125268556]
[GameWorld] Client updating remote player 446469990, isLocal=Player_446469990
[PlayerController] Ignoring UpdateRemotePosition for local player 446469990
[PlayerController] Player 446469990 emitting PositionChanged signal at (772.2504, 176.14117)
[GameWorld] OnPlayerPositionChanged: Player 446469990 at (772.2504, 176.14117), IsServer=False
[GameWorld] Client sending position to server
[PlayerController] Player 446469990 emitting PositionChanged signal at (775.58374, 176.14117)
[GameWorld] OnPlayerPositionChanged: Player 446469990 at (775.58374, 176.14117), IsServer=False
[GameWorld] Client sending position to server
[GameWorld] SyncPlayerPosition RPC received on peer 446469990: Player 446469990 at (768.9171, 176.14117)
[GameWorld] Current player controllers: 3, Keys: [446469990, 1, 1125268556]
[GameWorld] Client updating remote player 446469990, isLocal=Player_446469990
[PlayerController] Ignoring UpdateRemotePosition for local player 446469990
[PlayerController] Player 446469990 emitting PositionChanged signal at (778.91705, 176.14117)
[GameWorld] OnPlayerPositionChanged: Player 446469990 at (778.91705, 176.14117), IsServer=False
[GameWorld] Client sending position to server
[GameWorld] SyncPlayerPosition RPC received on peer 446469990: Player 446469990 at (772.2504, 176.14117)
[GameWorld] Current player controllers: 3, Keys: [446469990, 1, 1125268556]
[GameWorld] Client updating remote player 446469990, isLocal=Player_446469990
[PlayerController] Ignoring UpdateRemotePosition for local player 446469990
[PlayerController] Player 446469990 emitting PositionChanged signal at (782.25037, 176.14117)
[GameWorld] OnPlayerPositionChanged: Player 446469990 at (782.25037, 176.14117), IsServer=False
[GameWorld] Client sending position to server
[GameWorld] SyncPlayerPosition RPC received on peer 446469990: Player 446469990 at (775.58374, 176.14117)
[GameWorld] Current player controllers: 3, Keys: [446469990, 1, 1125268556]
[GameWorld] Client updating remote player 446469990, isLocal=Player_446469990
[PlayerController] Ignoring UpdateRemotePosition for local player 446469990
[GameWorld] SyncPlayerPosition RPC received on peer 446469990: Player 446469990 at (778.91705, 176.14117)
[GameWorld] Current player controllers: 3, Keys: [446469990, 1, 1125268556]
[GameWorld] Client updating remote player 446469990, isLocal=Player_446469990
[PlayerController] Ignoring UpdateRemotePosition for local player 446469990
[PlayerController] Player 446469990 emitting PositionChanged signal at (785.5837, 176.14117)
[GameWorld] OnPlayerPositionChanged: Player 446469990 at (785.5837, 176.14117), IsServer=False
[GameWorld] Client sending position to server
[PlayerController] Player 446469990 emitting PositionChanged signal at (788.917, 176.14117)
[GameWorld] OnPlayerPositionChanged: Player 446469990 at (788.917, 176.14117), IsServer=False
[GameWorld] Client sending position to server
[GameWorld] SyncPlayerPosition RPC received on peer 446469990: Player 446469990 at (782.25037, 176.14117)
[GameWorld] Current player controllers: 3, Keys: [446469990, 1, 1125268556]
[GameWorld] Client updating remote player 446469990, isLocal=Player_446469990
[PlayerController] Ignoring UpdateRemotePosition for local player 446469990
[GameWorld] SyncPlayerPosition RPC received on peer 446469990: Player 446469990 at (785.5837, 176.14117)
[GameWorld] Current player controllers: 3, Keys: [446469990, 1, 1125268556]
[GameWorld] Client updating remote player 446469990, isLocal=Player_446469990
[PlayerController] Ignoring UpdateRemotePosition for local player 446469990
[PlayerController] Player 446469990 emitting PositionChanged signal at (792.2503, 176.14117)
[GameWorld] OnPlayerPositionChanged: Player 446469990 at (792.2503, 176.14117), IsServer=False
[GameWorld] Client sending position to server
[PlayerController] Player 446469990 emitting PositionChanged signal at (795.5836, 176.14117)
[GameWorld] OnPlayerPositionChanged: Player 446469990 at (795.5836, 176.14117), IsServer=False
[GameWorld] Client sending position to server
[GameWorld] SyncPlayerPosition RPC received on peer 446469990: Player 446469990 at (788.917, 176.14117)
[GameWorld] Current player controllers: 3, Keys: [446469990, 1, 1125268556]
[GameWorld] Client updating remote player 446469990, isLocal=Player_446469990
[PlayerController] Ignoring UpdateRemotePosition for local player 446469990
[GameWorld] SyncPlayerPosition RPC received on peer 446469990: Player 446469990 at (792.2503, 176.14117)
[GameWorld] Current player controllers: 3, Keys: [446469990, 1, 1125268556]
[GameWorld] Client updating remote player 446469990, isLocal=Player_446469990
[PlayerController] Ignoring UpdateRemotePosition for local player 446469990
[PlayerController] Player 446469990 emitting PositionChanged signal at (798.91693, 176.14117)
[GameWorld] OnPlayerPositionChanged: Player 446469990 at (798.91693, 176.14117), IsServer=False
[GameWorld] Client sending position to server
[GameWorld] SyncPlayerPosition RPC received on peer 446469990: Player 446469990 at (795.5836, 176.14117)
[GameWorld] Current player controllers: 3, Keys: [446469990, 1, 1125268556]
[GameWorld] Client updating remote player 446469990, isLocal=Player_446469990
[PlayerController] Ignoring UpdateRemotePosition for local player 446469990
[PlayerController] Player 446469990 emitting PositionChanged signal at (802.25024, 176.14117)
[GameWorld] OnPlayerPositionChanged: Player 446469990 at (802.25024, 176.14117), IsServer=False
[GameWorld] Client sending position to server
[GameWorld] SyncPlayerPosition RPC received on peer 446469990: Player 446469990 at (798.91693, 176.14117)
[GameWorld] Current player controllers: 3, Keys: [446469990, 1, 1125268556]
[GameWorld] Client updating remote player 446469990, isLocal=Player_446469990
[PlayerController] Ignoring UpdateRemotePosition for local player 446469990
[PlayerController] Player 446469990 emitting PositionChanged signal at (805.58356, 176.14117)
[GameWorld] OnPlayerPositionChanged: Player 446469990 at (805.58356, 176.14117), IsServer=False
[GameWorld] Client sending position to server
[GameWorld] SyncPlayerPosition RPC received on peer 446469990: Player 446469990 at (802.25024, 176.14117)
[GameWorld] Current player controllers: 3, Keys: [446469990, 1, 1125268556]
[GameWorld] Client updating remote player 446469990, isLocal=Player_446469990
[PlayerController] Ignoring UpdateRemotePosition for local player 446469990
[PlayerController] Player 446469990 emitting PositionChanged signal at (808.9169, 176.14117)
[GameWorld] OnPlayerPositionChanged: Player 446469990 at (808.9169, 176.14117), IsServer=False
[GameWorld] Client sending position to server
[GameWorld] SyncPlayerPosition RPC received on peer 446469990: Player 446469990 at (805.58356, 176.14117)
[GameWorld] Current player controllers: 3, Keys: [446469990, 1, 1125268556]
[GameWorld] Client updating remote player 446469990, isLocal=Player_446469990
[PlayerController] Ignoring UpdateRemotePosition for local player 446469990
[PlayerController] Player 446469990 emitting PositionChanged signal at (812.2502, 176.14117)
[GameWorld] OnPlayerPositionChanged: Player 446469990 at (812.2502, 176.14117), IsServer=False
[GameWorld] Client sending position to server
[GameWorld] SyncPlayerPosition RPC received on peer 446469990: Player 446469990 at (808.9169, 176.14117)
[GameWorld] Current player controllers: 3, Keys: [446469990, 1, 1125268556]
[GameWorld] Client updating remote player 446469990, isLocal=Player_446469990
[PlayerController] Ignoring UpdateRemotePosition for local player 446469990
[PlayerController] Player 446469990 emitting PositionChanged signal at (815.5835, 176.14117)
[GameWorld] OnPlayerPositionChanged: Player 446469990 at (815.5835, 176.14117), IsServer=False
[GameWorld] Client sending position to server
[GameWorld] SyncPlayerPosition RPC received on peer 446469990: Player 446469990 at (812.2502, 176.14117)
[GameWorld] Current player controllers: 3, Keys: [446469990, 1, 1125268556]
[GameWorld] Client updating remote player 446469990, isLocal=Player_446469990
[PlayerController] Ignoring UpdateRemotePosition for local player 446469990
[PlayerController] Player 446469990 emitting PositionChanged signal at (818.9168, 176.14117)
[GameWorld] OnPlayerPositionChanged: Player 446469990 at (818.9168, 176.14117), IsServer=False
[GameWorld] Client sending position to server
[GameWorld] SyncPlayerPosition RPC received on peer 446469990: Player 446469990 at (815.5835, 176.14117)
[GameWorld] Current player controllers: 3, Keys: [446469990, 1, 1125268556]
[GameWorld] Client updating remote player 446469990, isLocal=Player_446469990
[PlayerController] Ignoring UpdateRemotePosition for local player 446469990
[PlayerController] Player 446469990 emitting PositionChanged signal at (822.2501, 176.14117)
[GameWorld] OnPlayerPositionChanged: Player 446469990 at (822.2501, 176.14117), IsServer=False
[GameWorld] Client sending position to server
[GameWorld] SyncPlayerPosition RPC received on peer 446469990: Player 446469990 at (818.9168, 176.14117)
[GameWorld] Current player controllers: 3, Keys: [446469990, 1, 1125268556]
[GameWorld] Client updating remote player 446469990, isLocal=Player_446469990
[PlayerController] Ignoring UpdateRemotePosition for local player 446469990
[PlayerController] Player 446469990 emitting PositionChanged signal at (825.58344, 176.14117)
[GameWorld] OnPlayerPositionChanged: Player 446469990 at (825.58344, 176.14117), IsServer=False
[GameWorld] Client sending position to server
[GameWorld] SyncPlayerPosition RPC received on peer 446469990: Player 446469990 at (822.2501, 176.14117)
[GameWorld] Current player controllers: 3, Keys: [446469990, 1, 1125268556]
[GameWorld] Client updating remote player 446469990, isLocal=Player_446469990
[PlayerController] Ignoring UpdateRemotePosition for local player 446469990
[PlayerController] Player 446469990 emitting PositionChanged signal at (828.91675, 176.14117)
[GameWorld] OnPlayerPositionChanged: Player 446469990 at (828.91675, 176.14117), IsServer=False
[GameWorld] Client sending position to server
[GameWorld] SyncPlayerPosition RPC received on peer 446469990: Player 446469990 at (825.58344, 176.14117)
[GameWorld] Current player controllers: 3, Keys: [446469990, 1, 1125268556]
[GameWorld] Client updating remote player 446469990, isLocal=Player_446469990
[PlayerController] Ignoring UpdateRemotePosition for local player 446469990
[PlayerController] Player 446469990 emitting PositionChanged signal at (832.25006, 176.14117)
[GameWorld] OnPlayerPositionChanged: Player 446469990 at (832.25006, 176.14117), IsServer=False
[GameWorld] Client sending position to server
[GameWorld] SyncPlayerPosition RPC received on peer 446469990: Player 446469990 at (828.91675, 176.14117)
[GameWorld] Current player controllers: 3, Keys: [446469990, 1, 1125268556]
[GameWorld] Client updating remote player 446469990, isLocal=Player_446469990
[PlayerController] Ignoring UpdateRemotePosition for local player 446469990
[PlayerController] Player 446469990 emitting PositionChanged signal at (835.5834, 176.14117)
[GameWorld] OnPlayerPositionChanged: Player 446469990 at (835.5834, 176.14117), IsServer=False
[GameWorld] Client sending position to server
[GameWorld] SyncPlayerPosition RPC received on peer 446469990: Player 446469990 at (832.25006, 176.14117)
[GameWorld] Current player controllers: 3, Keys: [446469990, 1, 1125268556]
[GameWorld] Client updating remote player 446469990, isLocal=Player_446469990
[PlayerController] Ignoring UpdateRemotePosition for local player 446469990
[PlayerController] Player 446469990 emitting PositionChanged signal at (838.9167, 176.14117)
[GameWorld] OnPlayerPositionChanged: Player 446469990 at (838.9167, 176.14117), IsServer=False
[GameWorld] Client sending position to server
[GameWorld] SyncPlayerPosition RPC received on peer 446469990: Player 446469990 at (835.5834, 176.14117)
[GameWorld] Current player controllers: 3, Keys: [446469990, 1, 1125268556]
[GameWorld] Client updating remote player 446469990, isLocal=Player_446469990
[PlayerController] Ignoring UpdateRemotePosition for local player 446469990
[PlayerController] Player 446469990 emitting PositionChanged signal at (842.25, 176.14117)
[GameWorld] OnPlayerPositionChanged: Player 446469990 at (842.25, 176.14117), IsServer=False
[GameWorld] Client sending position to server
[GameWorld] SyncPlayerPosition RPC received on peer 446469990: Player 446469990 at (838.9167, 176.14117)
[GameWorld] Current player controllers: 3, Keys: [446469990, 1, 1125268556]
[GameWorld] Client updating remote player 446469990, isLocal=Player_446469990
[PlayerController] Ignoring UpdateRemotePosition for local player 446469990
[PlayerController] Player 446469990 emitting PositionChanged signal at (845.5833, 176.14117)
[GameWorld] OnPlayerPositionChanged: Player 446469990 at (845.5833, 176.14117), IsServer=False
[GameWorld] Client sending position to server
[GameWorld] SyncPlayerPosition RPC received on peer 446469990: Player 446469990 at (842.25, 176.14117)
[GameWorld] Current player controllers: 3, Keys: [446469990, 1, 1125268556]
[GameWorld] Client updating remote player 446469990, isLocal=Player_446469990
[PlayerController] Ignoring UpdateRemotePosition for local player 446469990
[PlayerController] Player 446469990 emitting PositionChanged signal at (848.9166, 176.14117)
[GameWorld] OnPlayerPositionChanged: Player 446469990 at (848.9166, 176.14117), IsServer=False
[GameWorld] Client sending position to server
[GameWorld] SyncPlayerPosition RPC received on peer 446469990: Player 446469990 at (845.5833, 176.14117)
[GameWorld] Current player controllers: 3, Keys: [446469990, 1, 1125268556]
[GameWorld] Client updating remote player 446469990, isLocal=Player_446469990
[PlayerController] Ignoring UpdateRemotePosition for local player 446469990
[PlayerController] Player 446469990 emitting PositionChanged signal at (852.24994, 176.14117)
[GameWorld] OnPlayerPositionChanged: Player 446469990 at (852.24994, 176.14117), IsServer=False
[GameWorld] Client sending position to server
[GameWorld] SyncPlayerPosition RPC received on peer 446469990: Player 446469990 at (848.9166, 176.14117)
[GameWorld] Current player controllers: 3, Keys: [446469990, 1, 1125268556]
[GameWorld] Client updating remote player 446469990, isLocal=Player_446469990
[PlayerController] Ignoring UpdateRemotePosition for local player 446469990
[PlayerController] Player 446469990 emitting PositionChanged signal at (855.58325, 176.14117)
[GameWorld] OnPlayerPositionChanged: Player 446469990 at (855.58325, 176.14117), IsServer=False
[GameWorld] Client sending position to server
[PlayerController] Player 446469990 emitting PositionChanged signal at (858.91656, 176.14117)
[GameWorld] OnPlayerPositionChanged: Player 446469990 at (858.91656, 176.14117), IsServer=False
[GameWorld] Client sending position to server
[GameWorld] SyncPlayerPosition RPC received on peer 446469990: Player 446469990 at (852.24994, 176.14117)
[GameWorld] Current player controllers: 3, Keys: [446469990, 1, 1125268556]
[GameWorld] Client updating remote player 446469990, isLocal=Player_446469990
[PlayerController] Ignoring UpdateRemotePosition for local player 446469990
[GameWorld] SyncPlayerPosition RPC received on peer 446469990: Player 446469990 at (855.58325, 176.14117)
[GameWorld] Current player controllers: 3, Keys: [446469990, 1, 1125268556]
[GameWorld] Client updating remote player 446469990, isLocal=Player_446469990
[PlayerController] Ignoring UpdateRemotePosition for local player 446469990
[PlayerController] Player 446469990 emitting PositionChanged signal at (862.2499, 176.14117)
[GameWorld] OnPlayerPositionChanged: Player 446469990 at (862.2499, 176.14117), IsServer=False
[GameWorld] Client sending position to server
[GameWorld] SyncPlayerPosition RPC received on peer 446469990: Player 446469990 at (858.91656, 176.14117)
[GameWorld] Current player controllers: 3, Keys: [446469990, 1, 1125268556]
[GameWorld] Client updating remote player 446469990, isLocal=Player_446469990
[PlayerController] Ignoring UpdateRemotePosition for local player 446469990
[PlayerController] Player 446469990 emitting PositionChanged signal at (865.5832, 176.14117)
[GameWorld] OnPlayerPositionChanged: Player 446469990 at (865.5832, 176.14117), IsServer=False
[GameWorld] Client sending position to server
[GameWorld] SyncPlayerPosition RPC received on peer 446469990: Player 446469990 at (862.2499, 176.14117)
[GameWorld] Current player controllers: 3, Keys: [446469990, 1, 1125268556]
[GameWorld] Client updating remote player 446469990, isLocal=Player_446469990
[PlayerController] Ignoring UpdateRemotePosition for local player 446469990
[PlayerController] Player 446469990 emitting PositionChanged signal at (868.9165, 176.14117)
[GameWorld] OnPlayerPositionChanged: Player 446469990 at (868.9165, 176.14117), IsServer=False
[GameWorld] Client sending position to server
[GameWorld] SyncPlayerPosition RPC received on peer 446469990: Player 446469990 at (865.5832, 176.14117)
[GameWorld] Current player controllers: 3, Keys: [446469990, 1, 1125268556]
[GameWorld] Client updating remote player 446469990, isLocal=Player_446469990
[PlayerController] Ignoring UpdateRemotePosition for local player 446469990
[PlayerController] Player 446469990 emitting PositionChanged signal at (872.2498, 176.14117)
[GameWorld] OnPlayerPositionChanged: Player 446469990 at (872.2498, 176.14117), IsServer=False
[GameWorld] Client sending position to server
[GameWorld] SyncPlayerPosition RPC received on peer 446469990: Player 446469990 at (868.9165, 176.14117)
[GameWorld] Current player controllers: 3, Keys: [446469990, 1, 1125268556]
[GameWorld] Client updating remote player 446469990, isLocal=Player_446469990
[PlayerController] Ignoring UpdateRemotePosition for local player 446469990
Body entered Rebecca: Player_446469990
Local player entered Rebecca range. Auto-interacting.
GameWorld received OnNPCClicked for rebecca. Current Role: 'Producer'
[PlayerController] Player 446469990 emitting PositionChanged signal at (875.5831, 176.14117)
[GameWorld] OnPlayerPositionChanged: Player 446469990 at (875.5831, 176.14117), IsServer=False
[GameWorld] Client sending position to server
[GameWorld] SyncPlayerPosition RPC received on peer 446469990: Player 446469990 at (872.2498, 176.14117)
[GameWorld] Current player controllers: 3, Keys: [446469990, 1, 1125268556]
[GameWorld] Client updating remote player 446469990, isLocal=Player_446469990
[PlayerController] Ignoring UpdateRemotePosition for local player 446469990
[PlayerController] Player 446469990 emitting PositionChanged signal at (878.91644, 176.14117)
[GameWorld] OnPlayerPositionChanged: Player 446469990 at (878.91644, 176.14117), IsServer=False
[GameWorld] Client sending position to server
[GameWorld] SyncPlayerPosition RPC received on peer 446469990: Player 446469990 at (875.5831, 176.14117)
[GameWorld] Current player controllers: 3, Keys: [446469990, 1, 1125268556]
[GameWorld] Client updating remote player 446469990, isLocal=Player_446469990
[PlayerController] Ignoring UpdateRemotePosition for local player 446469990
[PlayerController] Player 446469990 emitting PositionChanged signal at (882.24976, 176.14117)
[GameWorld] OnPlayerPositionChanged: Player 446469990 at (882.24976, 176.14117), IsServer=False
[GameWorld] Client sending position to server
[GameWorld] SyncPlayerPosition RPC received on peer 446469990: Player 446469990 at (878.91644, 176.14117)
[GameWorld] Current player controllers: 3, Keys: [446469990, 1, 1125268556]
[GameWorld] Client updating remote player 446469990, isLocal=Player_446469990
[PlayerController] Ignoring UpdateRemotePosition for local player 446469990
[PlayerController] Player 446469990 emitting PositionChanged signal at (885.58307, 176.14117)
[GameWorld] OnPlayerPositionChanged: Player 446469990 at (885.58307, 176.14117), IsServer=False
[GameWorld] Client sending position to server
[GameWorld] SyncPlayerPosition RPC received on peer 446469990: Player 446469990 at (882.24976, 176.14117)
[GameWorld] Current player controllers: 3, Keys: [446469990, 1, 1125268556]
[GameWorld] Client updating remote player 446469990, isLocal=Player_446469990
[PlayerController] Ignoring UpdateRemotePosition for local player 446469990
[PlayerController] Player 446469990 emitting PositionChanged signal at (888.9164, 176.14117)
[GameWorld] OnPlayerPositionChanged: Player 446469990 at (888.9164, 176.14117), IsServer=False
[GameWorld] Client sending position to server
[GameWorld] SyncPlayerPosition RPC received on peer 446469990: Player 446469990 at (885.58307, 176.14117)
[GameWorld] Current player controllers: 3, Keys: [446469990, 1, 1125268556]
[GameWorld] Client updating remote player 446469990, isLocal=Player_446469990
[PlayerController] Ignoring UpdateRemotePosition for local player 446469990
[PlayerController] Player 446469990 emitting PositionChanged signal at (892.2497, 176.14117)
[GameWorld] OnPlayerPositionChanged: Player 446469990 at (892.2497, 176.14117), IsServer=False
[GameWorld] Client sending position to server
[GameWorld] SyncPlayerPosition RPC received on peer 446469990: Player 446469990 at (888.9164, 176.14117)
[GameWorld] Current player controllers: 3, Keys: [446469990, 1, 1125268556]
[GameWorld] Client updating remote player 446469990, isLocal=Player_446469990
[PlayerController] Ignoring UpdateRemotePosition for local player 446469990
[PlayerController] Player 446469990 emitting PositionChanged signal at (895.583, 176.14117)
[GameWorld] OnPlayerPositionChanged: Player 446469990 at (895.583, 176.14117), IsServer=False
[GameWorld] Client sending position to server
[GameWorld] SyncPlayerPosition RPC received on peer 446469990: Player 446469990 at (892.2497, 176.14117)
[GameWorld] Current player controllers: 3, Keys: [446469990, 1, 1125268556]
[GameWorld] Client updating remote player 446469990, isLocal=Player_446469990
[PlayerController] Ignoring UpdateRemotePosition for local player 446469990
[PlayerController] Player 446469990 emitting PositionChanged signal at (898.9163, 176.14117)
[GameWorld] OnPlayerPositionChanged: Player 446469990 at (898.9163, 176.14117), IsServer=False
[GameWorld] Client sending position to server
[GameWorld] SyncPlayerPosition RPC received on peer 446469990: Player 446469990 at (895.583, 176.14117)
[GameWorld] Current player controllers: 3, Keys: [446469990, 1, 1125268556]
[GameWorld] Client updating remote player 446469990, isLocal=Player_446469990
[PlayerController] Ignoring UpdateRemotePosition for local player 446469990
[PlayerController] Player 446469990 emitting PositionChanged signal at (902.24963, 176.14117)
[GameWorld] OnPlayerPositionChanged: Player 446469990 at (902.24963, 176.14117), IsServer=False
[GameWorld] Client sending position to server
[GameWorld] SyncPlayerPosition RPC received on peer 446469990: Player 446469990 at (898.9163, 176.14117)
[GameWorld] Current player controllers: 3, Keys: [446469990, 1, 1125268556]
[GameWorld] Client updating remote player 446469990, isLocal=Player_446469990
[PlayerController] Ignoring UpdateRemotePosition for local player 446469990
[PlayerController] Player 446469990 emitting PositionChanged signal at (905.58295, 176.14117)
[GameWorld] OnPlayerPositionChanged: Player 446469990 at (905.58295, 176.14117), IsServer=False
[GameWorld] Client sending position to server
[GameWorld] SyncPlayerPosition RPC received on peer 446469990: Player 446469990 at (902.24963, 176.14117)
[GameWorld] Current player controllers: 3, Keys: [446469990, 1, 1125268556]
[GameWorld] Client updating remote player 446469990, isLocal=Player_446469990
[PlayerController] Ignoring UpdateRemotePosition for local player 446469990
[PlayerController] Player 446469990 emitting PositionChanged signal at (908.91626, 176.14117)
[GameWorld] OnPlayerPositionChanged: Player 446469990 at (908.91626, 176.14117), IsServer=False
[GameWorld] Client sending position to server
[GameWorld] SyncPlayerPosition RPC received on peer 446469990: Player 446469990 at (905.58295, 176.14117)
[GameWorld] Current player controllers: 3, Keys: [446469990, 1, 1125268556]
[GameWorld] Client updating remote player 446469990, isLocal=Player_446469990
[PlayerController] Ignoring UpdateRemotePosition for local player 446469990
[PlayerController] Player 446469990 emitting PositionChanged signal at (912.2496, 176.14117)
[GameWorld] OnPlayerPositionChanged: Player 446469990 at (912.2496, 176.14117), IsServer=False
[GameWorld] Client sending position to server
[GameWorld] SyncPlayerPosition RPC received on peer 446469990: Player 446469990 at (908.91626, 176.14117)
[GameWorld] Current player controllers: 3, Keys: [446469990, 1, 1125268556]
[GameWorld] Client updating remote player 446469990, isLocal=Player_446469990
[PlayerController] Ignoring UpdateRemotePosition for local player 446469990
[PlayerController] Player 446469990 emitting PositionChanged signal at (915.5829, 176.14117)
[GameWorld] OnPlayerPositionChanged: Player 446469990 at (915.5829, 176.14117), IsServer=False
[GameWorld] Client sending position to server
[GameWorld] SyncPlayerPosition RPC received on peer 446469990: Player 446469990 at (912.2496, 176.14117)
[GameWorld] Current player controllers: 3, Keys: [446469990, 1, 1125268556]
[GameWorld] Client updating remote player 446469990, isLocal=Player_446469990
[PlayerController] Ignoring UpdateRemotePosition for local player 446469990
[PlayerController] Player 446469990 emitting PositionChanged signal at (918.9162, 176.14117)
[GameWorld] OnPlayerPositionChanged: Player 446469990 at (918.9162, 176.14117), IsServer=False
[GameWorld] Client sending position to server
[GameWorld] SyncPlayerPosition RPC received on peer 446469990: Player 446469990 at (915.5829, 176.14117)
[GameWorld] Current player controllers: 3, Keys: [446469990, 1, 1125268556]
[GameWorld] Client updating remote player 446469990, isLocal=Player_446469990
[PlayerController] Ignoring UpdateRemotePosition for local player 446469990
[PlayerController] Player 446469990 emitting PositionChanged signal at (922.2495, 176.14117)
[GameWorld] OnPlayerPositionChanged: Player 446469990 at (922.2495, 176.14117), IsServer=False
[GameWorld] Client sending position to server
[GameWorld] SyncPlayerPosition RPC received on peer 446469990: Player 446469990 at (918.9162, 176.14117)
[GameWorld] Current player controllers: 3, Keys: [446469990, 1, 1125268556]
[GameWorld] Client updating remote player 446469990, isLocal=Player_446469990
[PlayerController] Ignoring UpdateRemotePosition for local player 446469990
[PlayerController] Player 446469990 emitting PositionChanged signal at (925.5828, 176.14117)
[GameWorld] OnPlayerPositionChanged: Player 446469990 at (925.5828, 176.14117), IsServer=False
[GameWorld] Client sending position to server
[GameWorld] SyncPlayerPosition RPC received on peer 446469990: Player 446469990 at (922.2495, 176.14117)
[GameWorld] Current player controllers: 3, Keys: [446469990, 1, 1125268556]
[GameWorld] Client updating remote player 446469990, isLocal=Player_446469990
[PlayerController] Ignoring UpdateRemotePosition for local player 446469990
[PlayerController] Player 446469990 emitting PositionChanged signal at (928.91614, 176.14117)
[GameWorld] OnPlayerPositionChanged: Player 446469990 at (928.91614, 176.14117), IsServer=False
[GameWorld] Client sending position to server
[GameWorld] SyncPlayerPosition RPC received on peer 446469990: Player 446469990 at (925.5828, 176.14117)
[GameWorld] Current player controllers: 3, Keys: [446469990, 1, 1125268556]
[GameWorld] Client updating remote player 446469990, isLocal=Player_446469990
[PlayerController] Ignoring UpdateRemotePosition for local player 446469990
[PlayerController] Player 446469990 emitting PositionChanged signal at (932.24945, 176.14117)
[GameWorld] OnPlayerPositionChanged: Player 446469990 at (932.24945, 176.14117), IsServer=False
[GameWorld] Client sending position to server
[GameWorld] SyncPlayerPosition RPC received on peer 446469990: Player 446469990 at (928.91614, 176.14117)
[GameWorld] Current player controllers: 3, Keys: [446469990, 1, 1125268556]
[GameWorld] Client updating remote player 446469990, isLocal=Player_446469990
[PlayerController] Ignoring UpdateRemotePosition for local player 446469990
[PlayerController] Player 446469990 emitting PositionChanged signal at (935.58276, 176.14117)
[GameWorld] OnPlayerPositionChanged: Player 446469990 at (935.58276, 176.14117), IsServer=False
[GameWorld] Client sending position to server
[GameWorld] SyncPlayerPosition RPC received on peer 446469990: Player 446469990 at (932.24945, 176.14117)
[GameWorld] Current player controllers: 3, Keys: [446469990, 1, 1125268556]
[GameWorld] Client updating remote player 446469990, isLocal=Player_446469990
[PlayerController] Ignoring UpdateRemotePosition for local player 446469990
[PlayerController] Player 446469990 emitting PositionChanged signal at (938.9161, 176.14117)
[GameWorld] OnPlayerPositionChanged: Player 446469990 at (938.9161, 176.14117), IsServer=False
[GameWorld] Client sending position to server
[GameWorld] SyncPlayerPosition RPC received on peer 446469990: Player 446469990 at (935.58276, 176.14117)
[GameWorld] Current player controllers: 3, Keys: [446469990, 1, 1125268556]
[GameWorld] Client updating remote player 446469990, isLocal=Player_446469990
[PlayerController] Ignoring UpdateRemotePosition for local player 446469990
[PlayerController] Player 446469990 emitting PositionChanged signal at (942.2494, 176.14117)
[GameWorld] OnPlayerPositionChanged: Player 446469990 at (942.2494, 176.14117), IsServer=False
[GameWorld] Client sending position to server
[GameWorld] SyncPlayerPosition RPC received on peer 446469990: Player 446469990 at (938.9161, 176.14117)
[GameWorld] Current player controllers: 3, Keys: [446469990, 1, 1125268556]
[GameWorld] Client updating remote player 446469990, isLocal=Player_446469990
[PlayerController] Ignoring UpdateRemotePosition for local player 446469990
[PlayerController] Player 446469990 emitting PositionChanged signal at (945.5827, 176.14117)
[GameWorld] OnPlayerPositionChanged: Player 446469990 at (945.5827, 176.14117), IsServer=False
[GameWorld] Client sending position to server
[GameWorld] SyncPlayerPosition RPC received on peer 446469990: Player 446469990 at (942.2494, 176.14117)
[GameWorld] Current player controllers: 3, Keys: [446469990, 1, 1125268556]
[GameWorld] Client updating remote player 446469990, isLocal=Player_446469990
[PlayerController] Ignoring UpdateRemotePosition for local player 446469990
[PlayerController] Player 446469990 emitting PositionChanged signal at (948.916, 176.14117)
[GameWorld] OnPlayerPositionChanged: Player 446469990 at (948.916, 176.14117), IsServer=False
[GameWorld] Client sending position to server
[GameWorld] SyncPlayerPosition RPC received on peer 446469990: Player 446469990 at (945.5827, 176.14117)
[GameWorld] Current player controllers: 3, Keys: [446469990, 1, 1125268556]
[GameWorld] Client updating remote player 446469990, isLocal=Player_446469990
[PlayerController] Ignoring UpdateRemotePosition for local player 446469990
[PlayerController] Player 446469990 emitting PositionChanged signal at (952.2493, 176.14117)
[GameWorld] OnPlayerPositionChanged: Player 446469990 at (952.2493, 176.14117), IsServer=False
[GameWorld] Client sending position to server
[GameWorld] SyncPlayerPosition RPC received on peer 446469990: Player 446469990 at (948.916, 176.14117)
[GameWorld] Current player controllers: 3, Keys: [446469990, 1, 1125268556]
[GameWorld] Client updating remote player 446469990, isLocal=Player_446469990
[PlayerController] Ignoring UpdateRemotePosition for local player 446469990
[PlayerController] Player 446469990 emitting PositionChanged signal at (955.58264, 176.14117)
[GameWorld] OnPlayerPositionChanged: Player 446469990 at (955.58264, 176.14117), IsServer=False
[GameWorld] Client sending position to server
[PlayerController] Player 446469990 emitting PositionChanged signal at (958.91595, 176.14117)
[GameWorld] OnPlayerPositionChanged: Player 446469990 at (958.91595, 176.14117), IsServer=False
[GameWorld] Client sending position to server
[GameWorld] SyncPlayerPosition RPC received on peer 446469990: Player 446469990 at (952.2493, 176.14117)
[GameWorld] Current player controllers: 3, Keys: [446469990, 1, 1125268556]
[GameWorld] Client updating remote player 446469990, isLocal=Player_446469990
[PlayerController] Ignoring UpdateRemotePosition for local player 446469990
[GameWorld] SyncPlayerPosition RPC received on peer 446469990: Player 446469990 at (955.58264, 176.14117)
[GameWorld] Current player controllers: 3, Keys: [446469990, 1, 1125268556]
[GameWorld] Client updating remote player 446469990, isLocal=Player_446469990
[PlayerController] Ignoring UpdateRemotePosition for local player 446469990
[PlayerController] Player 446469990 emitting PositionChanged signal at (962.24927, 176.14117)
[GameWorld] OnPlayerPositionChanged: Player 446469990 at (962.24927, 176.14117), IsServer=False
[GameWorld] Client sending position to server
[PlayerController] Player 446469990 emitting PositionChanged signal at (965.5826, 176.14117)
[GameWorld] OnPlayerPositionChanged: Player 446469990 at (965.5826, 176.14117), IsServer=False
[GameWorld] Client sending position to server
[GameWorld] SyncPlayerPosition RPC received on peer 446469990: Player 446469990 at (958.91595, 176.14117)
[GameWorld] Current player controllers: 3, Keys: [446469990, 1, 1125268556]
[GameWorld] Client updating remote player 446469990, isLocal=Player_446469990
[PlayerController] Ignoring UpdateRemotePosition for local player 446469990
[GameWorld] SyncPlayerPosition RPC received on peer 446469990: Player 446469990 at (962.24927, 176.14117)
[GameWorld] Current player controllers: 3, Keys: [446469990, 1, 1125268556]
[GameWorld] Client updating remote player 446469990, isLocal=Player_446469990
[PlayerController] Ignoring UpdateRemotePosition for local player 446469990
[PlayerController] Player 446469990 emitting PositionChanged signal at (968.9159, 176.14117)
[GameWorld] OnPlayerPositionChanged: Player 446469990 at (968.9159, 176.14117), IsServer=False
[GameWorld] Client sending position to server
[GameWorld] SyncPlayerPosition RPC received on peer 446469990: Player 446469990 at (965.5826, 176.14117)
[GameWorld] Current player controllers: 3, Keys: [446469990, 1, 1125268556]
[GameWorld] Client updating remote player 446469990, isLocal=Player_446469990
[PlayerController] Ignoring UpdateRemotePosition for local player 446469990
[PlayerController] Player 446469990 emitting PositionChanged signal at (972.2492, 176.14117)
[GameWorld] OnPlayerPositionChanged: Player 446469990 at (972.2492, 176.14117), IsServer=False
[GameWorld] Client sending position to server
[GameWorld] SyncPlayerPosition RPC received on peer 446469990: Player 446469990 at (968.9159, 176.14117)
[GameWorld] Current player controllers: 3, Keys: [446469990, 1, 1125268556]
[GameWorld] Client updating remote player 446469990, isLocal=Player_446469990
[PlayerController] Ignoring UpdateRemotePosition for local player 446469990
[PlayerController] Player 446469990 emitting PositionChanged signal at (975.5825, 176.14117)
[GameWorld] OnPlayerPositionChanged: Player 446469990 at (975.5825, 176.14117), IsServer=False
[GameWorld] Client sending position to server
[GameWorld] SyncPlayerPosition RPC received on peer 446469990: Player 446469990 at (972.2492, 176.14117)
[GameWorld] Current player controllers: 3, Keys: [446469990, 1, 1125268556]
[GameWorld] Client updating remote player 446469990, isLocal=Player_446469990
[PlayerController] Ignoring UpdateRemotePosition for local player 446469990
[PlayerController] Player 446469990 emitting PositionChanged signal at (978.91583, 176.14117)
[GameWorld] OnPlayerPositionChanged: Player 446469990 at (978.91583, 176.14117), IsServer=False
[GameWorld] Client sending position to server
[GameWorld] SyncPlayerPosition RPC received on peer 446469990: Player 446469990 at (975.5825, 176.14117)
[GameWorld] Current player controllers: 3, Keys: [446469990, 1, 1125268556]
[GameWorld] Client updating remote player 446469990, isLocal=Player_446469990
[PlayerController] Ignoring UpdateRemotePosition for local player 446469990
[PlayerController] Player 446469990 emitting PositionChanged signal at (982.24915, 176.14117)
[GameWorld] OnPlayerPositionChanged: Player 446469990 at (982.24915, 176.14117), IsServer=False
[GameWorld] Client sending position to server
[GameWorld] SyncPlayerPosition RPC received on peer 446469990: Player 446469990 at (978.91583, 176.14117)
[GameWorld] Current player controllers: 3, Keys: [446469990, 1, 1125268556]
[GameWorld] Client updating remote player 446469990, isLocal=Player_446469990
[PlayerController] Ignoring UpdateRemotePosition for local player 446469990
[PlayerController] Player 446469990 emitting PositionChanged signal at (985.58246, 176.14117)
[GameWorld] OnPlayerPositionChanged: Player 446469990 at (985.58246, 176.14117), IsServer=False
[GameWorld] Client sending position to server
[GameWorld] SyncPlayerPosition RPC received on peer 446469990: Player 446469990 at (982.24915, 176.14117)
[GameWorld] Current player controllers: 3, Keys: [446469990, 1, 1125268556]
[GameWorld] Client updating remote player 446469990, isLocal=Player_446469990
[PlayerController] Ignoring UpdateRemotePosition for local player 446469990
[PlayerController] Player 446469990 emitting PositionChanged signal at (988.9158, 176.14117)
[GameWorld] OnPlayerPositionChanged: Player 446469990 at (988.9158, 176.14117), IsServer=False
[GameWorld] Client sending position to server
[GameWorld] SyncPlayerPosition RPC received on peer 446469990: Player 446469990 at (985.58246, 176.14117)
[GameWorld] Current player controllers: 3, Keys: [446469990, 1, 1125268556]
[GameWorld] Client updating remote player 446469990, isLocal=Player_446469990
[PlayerController] Ignoring UpdateRemotePosition for local player 446469990
[PlayerController] Player 446469990 emitting PositionChanged signal at (992.2491, 176.14117)
[GameWorld] OnPlayerPositionChanged: Player 446469990 at (992.2491, 176.14117), IsServer=False
[GameWorld] Client sending position to server
[GameWorld] SyncPlayerPosition RPC received on peer 446469990: Player 446469990 at (988.9158, 176.14117)
[GameWorld] Current player controllers: 3, Keys: [446469990, 1, 1125268556]
[GameWorld] Client updating remote player 446469990, isLocal=Player_446469990
[PlayerController] Ignoring UpdateRemotePosition for local player 446469990
[PlayerController] Player 446469990 emitting PositionChanged signal at (995.5824, 176.14117)
[GameWorld] OnPlayerPositionChanged: Player 446469990 at (995.5824, 176.14117), IsServer=False
[GameWorld] Client sending position to server
[GameWorld] SyncPlayerPosition RPC received on peer 446469990: Player 446469990 at (992.2491, 176.14117)
[GameWorld] Current player controllers: 3, Keys: [446469990, 1, 1125268556]
[GameWorld] Client updating remote player 446469990, isLocal=Player_446469990
[PlayerController] Ignoring UpdateRemotePosition for local player 446469990
[PlayerController] Player 446469990 emitting PositionChanged signal at (998.9157, 176.14117)
[GameWorld] OnPlayerPositionChanged: Player 446469990 at (998.9157, 176.14117), IsServer=False
[GameWorld] Client sending position to server
[GameWorld] SyncPlayerPosition RPC received on peer 446469990: Player 446469990 at (995.5824, 176.14117)
[GameWorld] Current player controllers: 3, Keys: [446469990, 1, 1125268556]
[GameWorld] Client updating remote player 446469990, isLocal=Player_446469990
[PlayerController] Ignoring UpdateRemotePosition for local player 446469990
[GameWorld] SyncPlayerPosition RPC received on peer 446469990: Player 446469990 at (998.9157, 176.14117)
[GameWorld] Current player controllers: 3, Keys: [446469990, 1, 1125268556]
[GameWorld] Client updating remote player 446469990, isLocal=Player_446469990
[PlayerController] Ignoring UpdateRemotePosition for local player 446469990
Action selected: interview_rebecca for NPC rebecca
[GameWorld] UpdateGameState called on peer 446469990, players before: 3
[GameWorld] UpdateGameState called on peer 446469990, players before: 3
Body exited Rebecca: Player_446469990
