Godot Engine v4.5.1.stable.mono.official.f62fdbde1 - https://godotengine.org
Metal 3.1 - Forward+ - Using Device #0: Apple - Apple M3 (Apple9)

Start clicked - transitioning to Info scene
Skip clicked - transitioning to Lobby scene
[Lobby] Checking local IP addresses...
[Lobby] Found IP: fe80:0:0:0:8ac5:b6c5:9aef:f307
[Lobby] Found IP: fe80:0:0:0:ce81:b1c:bd2c:69e
[Lobby] Found IP: fe80:0:0:0:3b43:a4ac:b7fa:a5bd
[Lobby] Found IP: fe80:0:0:0:ad2c:5233:6547:3fec
[Lobby] Found IP: fe80:0:0:0:7013:64ff:fea2:6d0e
[Lobby] Found IP: fe80:0:0:0:7013:64ff:fea2:6d0e
[Lobby] Found IP: fe80:0:0:0:8cb:7250:d17b:3db3
[Lobby] Found IP: 2601:2c3:c082:8230:86c:a14b:7739:817
[Lobby] Found IP: 2601:2c3:c082:8230:a969:4d93:8e74:8e38
[Lobby] Found IP: 10.0.0.158
[Lobby] Found IP: 2601:2c3:c082:8230:0:0:0:2624
[Lobby] Found IP: 127.0.0.1
[Lobby] Found IP: 0:0:0:0:0:0:0:1
[Lobby] Found IP: fe80:0:0:0:0:0:0:1
[Lobby] IP Label updated: Your IP: 10.0.0.158
Server started. Waiting for players...
[Auto] Hosting as Producer
Peer connected: 862683848
Peer connected: 2092002388
Server sending StartGame RPC to 2 peers.
StartGame RPC received from 1 on peer 1
Lobby: GameStarted signal received. Transitioning scene...

=== RUNNING MURDER DETECTION TESTS ===
Loading config from: data/game_configuration.json

--- Testing Room: Room1 ---
Producer Active Cameras: Room1
NPC 'John' is in 'Room1'
[DEBUG] Kill attempt on john. NPC Room: 'Room1'. Active Cams: Room1
Action Result: Success=False, Reason='Invalid action'
[PASS] Murder CAUGHT in Room1

--- Testing Room: Room2 ---
Producer Active Cameras: Room2
NPC 'John' is in 'Room2'
[DEBUG] Kill attempt on john. NPC Room: 'Room2'. Active Cams: Room2
Action Result: Success=False, Reason='Invalid action'
[PASS] Murder CAUGHT in Room2

--- Testing Room: Room3 ---
Producer Active Cameras: Room3
NPC 'John' is in 'Room3'
[DEBUG] Kill attempt on john. NPC Room: 'Room3'. Active Cams: Room3
Action Result: Success=False, Reason='Invalid action'
[PASS] Murder CAUGHT in Room3

--- Testing Room: Room4 ---
Producer Active Cameras: Room4
NPC 'John' is in 'Room4'
[DEBUG] Kill attempt on john. NPC Room: 'Room4'. Active Cams: Room4
Action Result: Success=False, Reason='Invalid action'
[PASS] Murder CAUGHT in Room4

--- Testing Room: Room5 ---
Producer Active Cameras: Room5
NPC 'John' is in 'Room5'
[DEBUG] Kill attempt on john. NPC Room: 'Room5'. Active Cams: Room5
Action Result: Success=False, Reason='Invalid action'
[PASS] Murder CAUGHT in Room5

--- Testing Room: Hallways ---
Producer Active Cameras: Hallways
NPC 'John' is in 'Hallways'
[DEBUG] Kill attempt on john. NPC Room: 'Hallways'. Active Cams: Hallways
Action Result: Success=False, Reason='Invalid action'
[PASS] Murder CAUGHT in Hallways

=== TESTS COMPLETE: 6 PASS, 0 FAIL ===
[GameWorld] Connected signals for Room1 (using existing collision shapes)
[GameWorld] Connected signals for Room2 (using existing collision shapes)
[GameWorld] Connected signals for Room3 (using existing collision shapes)
[GameWorld] Connected signals for Room4 (using existing collision shapes)
[GameWorld] Connected signals for Room5 (using existing collision shapes)
[GameWorld] Connected signals for Hallways (using existing collision shapes)
Room Ready: Room 1
Created poly for Room 1
Room Ready: Room 2
Created poly for Room 2
Room Ready: Room 3
Created poly for Room 3
Room Ready: Room 4
Created poly for Room 4
Room Ready: Room 5
Created poly for Room 5
Room Ready: Hallways
Created poly for Hallways
TileMapLayer found! Original Pos: (11, -46)
TileMapLayer scaled to (4, 4) and positioned at (500, 200)
[GameWorld] Aligned Room1 to World: Pos (456, 384) (was (0, 0)), Scale (4, 4)
[GameWorld] Aligned Room2 to World: Pos (456, 384) (was (0, 0)), Scale (4, 4)
[GameWorld] Aligned Room3 to World: Pos (456, 384) (was (0, 0)), Scale (4, 4)
[GameWorld] Aligned Room4 to World: Pos (164, 720) (was (-73, 84)), Scale (4, 4)
[GameWorld] Aligned Room5 to World: Pos (456, 384) (was (0, 0)), Scale (4, 4)
[GameWorld] Aligned Hallways to World: Pos (456, 384) (was (0, 0)), Scale (4, 4)
Loaded NPC sprite for katy: res://assets/sprite-0001.png
NPCEntity: Set collision layer=4, mask=1
Loaded NPC sprite for john: res://assets/sprite-0002.png
NPCEntity: Set collision layer=4, mask=1
Loaded NPC sprite for rebecca: res://assets/sprite-0003.png
NPCEntity: Set collision layer=4, mask=1
WARNING: Case mismatch opening requested file '/Users/famoco/Desktop/fatal-attraction/assets/sprite-0004.png.import', stored as '/Users/famoco/Desktop/fatal-attraction/assets/Sprite-0004.png.import' in the filesystem. This file will not open when exported to other case-sensitive platforms.
     at: open_internal (drivers/unix/file_access_unix.cpp:113)
     C# backtrace (most recent call first):
         [0] Godot.GodotObject Godot.NativeCalls.godot_icall_3_1180(nint, nint, string, string, int) (/root/godot/modules/mono/glue/GodotSharp/GodotSharp/Generated/NativeCalls.cs:10851)
         [1] Godot.Resource Godot.ResourceLoader.Load(string, string, Godot.ResourceLoader+CacheMode) (/root/godot/modules/mono/glue/GodotSharp/GodotSharp/Generated/GodotObjects/ResourceLoader.cs:120)
         [2] T Godot.ResourceLoader.Load<T>(string, string, Godot.ResourceLoader+CacheMode) (/root/godot/modules/mono/glue/GodotSharp/GodotSharp/Core/Extensions/ResourceLoaderExtensions.cs:27)
         [3] T Godot.GD.Load<T>(string) (/root/godot/modules/mono/glue/GodotSharp/GodotSharp/Core/GD.cs:129)
         [4] void NPCEntity.LoadSpriteForNPC() (/Users/famoco/Desktop/fatal-attraction/scripts/NPCEntity.cs:416)
         [5] void NPCEntity.SetupVisuals() (/Users/famoco/Desktop/fatal-attraction/scripts/NPCEntity.cs:357)
         [6] void NPCEntity._Ready() (/Users/famoco/Desktop/fatal-attraction/scripts/NPCEntity.cs:123)
         [7] bool Godot.Node.InvokeGodotClassMethod(Godot.NativeInterop.godot_string_name&, Godot.NativeInterop.NativeVariantPtrArgs, Godot.NativeInterop.godot_variant&) (/root/godot/modules/mono/glue/GodotSharp/GodotSharp/Generated/GodotObjects/Node.cs:2660)
         [8] bool Godot.CanvasItem.InvokeGodotClassMethod(Godot.NativeInterop.godot_string_name&, Godot.NativeInterop.NativeVariantPtrArgs, Godot.NativeInterop.godot_variant&) (/root/godot/modules/mono/glue/GodotSharp/GodotSharp/Generated/GodotObjects/CanvasItem.cs:1758)
         [9] bool Godot.Node2D.InvokeGodotClassMethod(Godot.NativeInterop.godot_string_name&, Godot.NativeInterop.NativeVariantPtrArgs, Godot.NativeInterop.godot_variant&) (/root/godot/modules/mono/glue/GodotSharp/GodotSharp/Generated/GodotObjects/Node2D.cs:557)
         [10] bool Godot.CollisionObject2D.InvokeGodotClassMethod(Godot.NativeInterop.godot_string_name&, Godot.NativeInterop.NativeVariantPtrArgs, Godot.NativeInterop.godot_variant&) (/root/godot/modules/mono/glue/GodotSharp/GodotSharp/Generated/GodotObjects/CollisionObject2D.cs:712)
         [11] bool Godot.PhysicsBody2D.InvokeGodotClassMethod(Godot.NativeInterop.godot_string_name&, Godot.NativeInterop.NativeVariantPtrArgs, Godot.NativeInterop.godot_variant&) (/root/godot/modules/mono/glue/GodotSharp/GodotSharp/Generated/GodotObjects/PhysicsBody2D.cs:122)
         [12] bool Godot.CharacterBody2D.InvokeGodotClassMethod(Godot.NativeInterop.godot_string_name&, Godot.NativeInterop.NativeVariantPtrArgs, Godot.NativeInterop.godot_variant&) (/root/godot/modules/mono/glue/GodotSharp/GodotSharp/Generated/GodotObjects/CharacterBody2D.cs:797)
         [13] bool NPCEntity.InvokeGodotClassMethod(Godot.NativeInterop.godot_string_name&, Godot.NativeInterop.NativeVariantPtrArgs, Godot.NativeInterop.godot_variant&) (/Users/famoco/Desktop/fatal-attraction/.godot/mono/temp/obj/Debug/Godot.SourceGenerators/Godot.SourceGenerators.ScriptMethodsGenerator/NPCEntity_ScriptMethods.generated.cs:228)
         [14] Godot.NativeInterop.godot_bool Godot.Bridge.CSharpInstanceBridge.Call(nint, Godot.NativeInterop.godot_string_name*, Godot.NativeInterop.godot_variant**, int, Godot.NativeInterop.godot_variant_call_error*, Godot.NativeInterop.godot_variant*) (/root/godot/modules/mono/glue/GodotSharp/GodotSharp/Core/Bridge/CSharpInstanceBridge.cs:24)
         [15] void Godot.NativeInterop.NativeFuncs.godotsharp_method_bind_ptrcall(nint, nint, System.Void**, System.Void*) (/root/godot/modules/mono/glue/GodotSharp/GodotSharp/Godot.SourceGenerators.Internal/Godot.SourceGenerators.Internal.UnmanagedCallbacksGenerator/Godot.NativeInterop.NativeFuncs.generated.cs:380)
         [16] void Godot.NativeCalls.godot_icall_3_864(nint, nint, nint, Godot.NativeInterop.godot_bool, int) (/root/godot/modules/mono/glue/GodotSharp/GodotSharp/Generated/NativeCalls.cs:7676)
         [17] void Godot.Node.AddChild(Godot.Node, bool, Godot.Node+InternalMode) (/root/godot/modules/mono/glue/GodotSharp/GodotSharp/Generated/GodotObjects/Node.cs:834)
         [18] void GameWorld.SpawnNPCs() (/Users/famoco/Desktop/fatal-attraction/scripts/GameWorld.cs:852)
         [19] void GameWorld.InitializeServer() (/Users/famoco/Desktop/fatal-attraction/scripts/GameWorld.cs:792)
         [20] void GameWorld._Ready() (/Users/famoco/Desktop/fatal-attraction/scripts/GameWorld.cs:132)
         [21] bool Godot.Node.InvokeGodotClassMethod(Godot.NativeInterop.godot_string_name&, Godot.NativeInterop.NativeVariantPtrArgs, Godot.NativeInterop.godot_variant&) (/root/godot/modules/mono/glue/GodotSharp/GodotSharp/Generated/GodotObjects/Node.cs:2660)
         [22] bool Godot.CanvasItem.InvokeGodotClassMethod(Godot.NativeInterop.godot_string_name&, Godot.NativeInterop.NativeVariantPtrArgs, Godot.NativeInterop.godot_variant&) (/root/godot/modules/mono/glue/GodotSharp/GodotSharp/Generated/GodotObjects/CanvasItem.cs:1758)
         [23] bool Godot.Node2D.InvokeGodotClassMethod(Godot.NativeInterop.godot_string_name&, Godot.NativeInterop.NativeVariantPtrArgs, Godot.NativeInterop.godot_variant&) (/root/godot/modules/mono/glue/GodotSharp/GodotSharp/Generated/GodotObjects/Node2D.cs:557)
         [24] bool GameWorld.InvokeGodotClassMethod(Godot.NativeInterop.godot_string_name&, Godot.NativeInterop.NativeVariantPtrArgs, Godot.NativeInterop.godot_variant&) (/Users/famoco/Desktop/fatal-attraction/.godot/mono/temp/obj/Debug/Godot.SourceGenerators/Godot.SourceGenerators.ScriptMethodsGenerator/GameWorld_ScriptMethods.generated.cs:468)
         [25] Godot.NativeInterop.godot_bool Godot.Bridge.CSharpInstanceBridge.Call(nint, Godot.NativeInterop.godot_string_name*, Godot.NativeInterop.godot_variant**, int, Godot.NativeInterop.godot_variant_call_error*, Godot.NativeInterop.godot_variant*) (/root/godot/modules/mono/glue/GodotSharp/GodotSharp/Core/Bridge/CSharpInstanceBridge.cs:24)
Loaded NPC sprite for marcus: res://assets/sprite-0004.png
NPCEntity: Set collision layer=4, mask=1
WARNING: Case mismatch opening requested file '/Users/famoco/Desktop/fatal-attraction/assets/sprite-0005.png.import', stored as '/Users/famoco/Desktop/fatal-attraction/assets/Sprite-0005.png.import' in the filesystem. This file will not open when exported to other case-sensitive platforms.
     at: open_internal (drivers/unix/file_access_unix.cpp:113)
     C# backtrace (most recent call first):
         [0] Godot.GodotObject Godot.NativeCalls.godot_icall_3_1180(nint, nint, string, string, int) (/root/godot/modules/mono/glue/GodotSharp/GodotSharp/Generated/NativeCalls.cs:10851)
         [1] Godot.Resource Godot.ResourceLoader.Load(string, string, Godot.ResourceLoader+CacheMode) (/root/godot/modules/mono/glue/GodotSharp/GodotSharp/Generated/GodotObjects/ResourceLoader.cs:120)
         [2] T Godot.ResourceLoader.Load<T>(string, string, Godot.ResourceLoader+CacheMode) (/root/godot/modules/mono/glue/GodotSharp/GodotSharp/Core/Extensions/ResourceLoaderExtensions.cs:27)
         [3] T Godot.GD.Load<T>(string) (/root/godot/modules/mono/glue/GodotSharp/GodotSharp/Core/GD.cs:129)
         [4] void NPCEntity.LoadSpriteForNPC() (/Users/famoco/Desktop/fatal-attraction/scripts/NPCEntity.cs:416)
         [5] void NPCEntity.SetupVisuals() (/Users/famoco/Desktop/fatal-attraction/scripts/NPCEntity.cs:357)
         [6] void NPCEntity._Ready() (/Users/famoco/Desktop/fatal-attraction/scripts/NPCEntity.cs:123)
         [7] bool Godot.Node.InvokeGodotClassMethod(Godot.NativeInterop.godot_string_name&, Godot.NativeInterop.NativeVariantPtrArgs, Godot.NativeInterop.godot_variant&) (/root/godot/modules/mono/glue/GodotSharp/GodotSharp/Generated/GodotObjects/Node.cs:2660)
         [8] bool Godot.CanvasItem.InvokeGodotClassMethod(Godot.NativeInterop.godot_string_name&, Godot.NativeInterop.NativeVariantPtrArgs, Godot.NativeInterop.godot_variant&) (/root/godot/modules/mono/glue/GodotSharp/GodotSharp/Generated/GodotObjects/CanvasItem.cs:1758)
         [9] bool Godot.Node2D.InvokeGodotClassMethod(Godot.NativeInterop.godot_string_name&, Godot.NativeInterop.NativeVariantPtrArgs, Godot.NativeInterop.godot_variant&) (/root/godot/modules/mono/glue/GodotSharp/GodotSharp/Generated/GodotObjects/Node2D.cs:557)
         [10] bool Godot.CollisionObject2D.InvokeGodotClassMethod(Godot.NativeInterop.godot_string_name&, Godot.NativeInterop.NativeVariantPtrArgs, Godot.NativeInterop.godot_variant&) (/root/godot/modules/mono/glue/GodotSharp/GodotSharp/Generated/GodotObjects/CollisionObject2D.cs:712)
         [11] bool Godot.PhysicsBody2D.InvokeGodotClassMethod(Godot.NativeInterop.godot_string_name&, Godot.NativeInterop.NativeVariantPtrArgs, Godot.NativeInterop.godot_variant&) (/root/godot/modules/mono/glue/GodotSharp/GodotSharp/Generated/GodotObjects/PhysicsBody2D.cs:122)
         [12] bool Godot.CharacterBody2D.InvokeGodotClassMethod(Godot.NativeInterop.godot_string_name&, Godot.NativeInterop.NativeVariantPtrArgs, Godot.NativeInterop.godot_variant&) (/root/godot/modules/mono/glue/GodotSharp/GodotSharp/Generated/GodotObjects/CharacterBody2D.cs:797)
         [13] bool NPCEntity.InvokeGodotClassMethod(Godot.NativeInterop.godot_string_name&, Godot.NativeInterop.NativeVariantPtrArgs, Godot.NativeInterop.godot_variant&) (/Users/famoco/Desktop/fatal-attraction/.godot/mono/temp/obj/Debug/Godot.SourceGenerators/Godot.SourceGenerators.ScriptMethodsGenerator/NPCEntity_ScriptMethods.generated.cs:228)
         [14] Godot.NativeInterop.godot_bool Godot.Bridge.CSharpInstanceBridge.Call(nint, Godot.NativeInterop.godot_string_name*, Godot.NativeInterop.godot_variant**, int, Godot.NativeInterop.godot_variant_call_error*, Godot.NativeInterop.godot_variant*) (/root/godot/modules/mono/glue/GodotSharp/GodotSharp/Core/Bridge/CSharpInstanceBridge.cs:24)
         [15] void Godot.NativeInterop.NativeFuncs.godotsharp_method_bind_ptrcall(nint, nint, System.Void**, System.Void*) (/root/godot/modules/mono/glue/GodotSharp/GodotSharp/Godot.SourceGenerators.Internal/Godot.SourceGenerators.Internal.UnmanagedCallbacksGenerator/Godot.NativeInterop.NativeFuncs.generated.cs:380)
         [16] void Godot.NativeCalls.godot_icall_3_864(nint, nint, nint, Godot.NativeInterop.godot_bool, int) (/root/godot/modules/mono/glue/GodotSharp/GodotSharp/Generated/NativeCalls.cs:7676)
         [17] void Godot.Node.AddChild(Godot.Node, bool, Godot.Node+InternalMode) (/root/godot/modules/mono/glue/GodotSharp/GodotSharp/Generated/GodotObjects/Node.cs:834)
         [18] void GameWorld.SpawnNPCs() (/Users/famoco/Desktop/fatal-attraction/scripts/GameWorld.cs:852)
         [19] void GameWorld.InitializeServer() (/Users/famoco/Desktop/fatal-attraction/scripts/GameWorld.cs:792)
         [20] void GameWorld._Ready() (/Users/famoco/Desktop/fatal-attraction/scripts/GameWorld.cs:132)
         [21] bool Godot.Node.InvokeGodotClassMethod(Godot.NativeInterop.godot_string_name&, Godot.NativeInterop.NativeVariantPtrArgs, Godot.NativeInterop.godot_variant&) (/root/godot/modules/mono/glue/GodotSharp/GodotSharp/Generated/GodotObjects/Node.cs:2660)
         [22] bool Godot.CanvasItem.InvokeGodotClassMethod(Godot.NativeInterop.godot_string_name&, Godot.NativeInterop.NativeVariantPtrArgs, Godot.NativeInterop.godot_variant&) (/root/godot/modules/mono/glue/GodotSharp/GodotSharp/Generated/GodotObjects/CanvasItem.cs:1758)
         [23] bool Godot.Node2D.InvokeGodotClassMethod(Godot.NativeInterop.godot_string_name&, Godot.NativeInterop.NativeVariantPtrArgs, Godot.NativeInterop.godot_variant&) (/root/godot/modules/mono/glue/GodotSharp/GodotSharp/Generated/GodotObjects/Node2D.cs:557)
         [24] bool GameWorld.InvokeGodotClassMethod(Godot.NativeInterop.godot_string_name&, Godot.NativeInterop.NativeVariantPtrArgs, Godot.NativeInterop.godot_variant&) (/Users/famoco/Desktop/fatal-attraction/.godot/mono/temp/obj/Debug/Godot.SourceGenerators/Godot.SourceGenerators.ScriptMethodsGenerator/GameWorld_ScriptMethods.generated.cs:468)
         [25] Godot.NativeInterop.godot_bool Godot.Bridge.CSharpInstanceBridge.Call(nint, Godot.NativeInterop.godot_string_name*, Godot.NativeInterop.godot_variant**, int, Godot.NativeInterop.godot_variant_call_error*, Godot.NativeInterop.godot_variant*) (/root/godot/modules/mono/glue/GodotSharp/GodotSharp/Core/Bridge/CSharpInstanceBridge.cs:24)
Loaded NPC sprite for sofia: res://assets/sprite-0005.png
NPCEntity: Set collision layer=4, mask=1
WARNING: Case mismatch opening requested file '/Users/famoco/Desktop/fatal-attraction/assets/sprite-0006.png.import', stored as '/Users/famoco/Desktop/fatal-attraction/assets/Sprite-0006.png.import' in the filesystem. This file will not open when exported to other case-sensitive platforms.
     at: open_internal (drivers/unix/file_access_unix.cpp:113)
     C# backtrace (most recent call first):
         [0] Godot.GodotObject Godot.NativeCalls.godot_icall_3_1180(nint, nint, string, string, int) (/root/godot/modules/mono/glue/GodotSharp/GodotSharp/Generated/NativeCalls.cs:10851)
         [1] Godot.Resource Godot.ResourceLoader.Load(string, string, Godot.ResourceLoader+CacheMode) (/root/godot/modules/mono/glue/GodotSharp/GodotSharp/Generated/GodotObjects/ResourceLoader.cs:120)
         [2] T Godot.ResourceLoader.Load<T>(string, string, Godot.ResourceLoader+CacheMode) (/root/godot/modules/mono/glue/GodotSharp/GodotSharp/Core/Extensions/ResourceLoaderExtensions.cs:27)
         [3] T Godot.GD.Load<T>(string) (/root/godot/modules/mono/glue/GodotSharp/GodotSharp/Core/GD.cs:129)
         [4] void NPCEntity.LoadSpriteForNPC() (/Users/famoco/Desktop/fatal-attraction/scripts/NPCEntity.cs:416)
         [5] void NPCEntity.SetupVisuals() (/Users/famoco/Desktop/fatal-attraction/scripts/NPCEntity.cs:357)
         [6] void NPCEntity._Ready() (/Users/famoco/Desktop/fatal-attraction/scripts/NPCEntity.cs:123)
         [7] bool Godot.Node.InvokeGodotClassMethod(Godot.NativeInterop.godot_string_name&, Godot.NativeInterop.NativeVariantPtrArgs, Godot.NativeInterop.godot_variant&) (/root/godot/modules/mono/glue/GodotSharp/GodotSharp/Generated/GodotObjects/Node.cs:2660)
         [8] bool Godot.CanvasItem.InvokeGodotClassMethod(Godot.NativeInterop.godot_string_name&, Godot.NativeInterop.NativeVariantPtrArgs, Godot.NativeInterop.godot_variant&) (/root/godot/modules/mono/glue/GodotSharp/GodotSharp/Generated/GodotObjects/CanvasItem.cs:1758)
         [9] bool Godot.Node2D.InvokeGodotClassMethod(Godot.NativeInterop.godot_string_name&, Godot.NativeInterop.NativeVariantPtrArgs, Godot.NativeInterop.godot_variant&) (/root/godot/modules/mono/glue/GodotSharp/GodotSharp/Generated/GodotObjects/Node2D.cs:557)
         [10] bool Godot.CollisionObject2D.InvokeGodotClassMethod(Godot.NativeInterop.godot_string_name&, Godot.NativeInterop.NativeVariantPtrArgs, Godot.NativeInterop.godot_variant&) (/root/godot/modules/mono/glue/GodotSharp/GodotSharp/Generated/GodotObjects/CollisionObject2D.cs:712)
         [11] bool Godot.PhysicsBody2D.InvokeGodotClassMethod(Godot.NativeInterop.godot_string_name&, Godot.NativeInterop.NativeVariantPtrArgs, Godot.NativeInterop.godot_variant&) (/root/godot/modules/mono/glue/GodotSharp/GodotSharp/Generated/GodotObjects/PhysicsBody2D.cs:122)
         [12] bool Godot.CharacterBody2D.InvokeGodotClassMethod(Godot.NativeInterop.godot_string_name&, Godot.NativeInterop.NativeVariantPtrArgs, Godot.NativeInterop.godot_variant&) (/root/godot/modules/mono/glue/GodotSharp/GodotSharp/Generated/GodotObjects/CharacterBody2D.cs:797)
         [13] bool NPCEntity.InvokeGodotClassMethod(Godot.NativeInterop.godot_string_name&, Godot.NativeInterop.NativeVariantPtrArgs, Godot.NativeInterop.godot_variant&) (/Users/famoco/Desktop/fatal-attraction/.godot/mono/temp/obj/Debug/Godot.SourceGenerators/Godot.SourceGenerators.ScriptMethodsGenerator/NPCEntity_ScriptMethods.generated.cs:228)
         [14] Godot.NativeInterop.godot_bool Godot.Bridge.CSharpInstanceBridge.Call(nint, Godot.NativeInterop.godot_string_name*, Godot.NativeInterop.godot_variant**, int, Godot.NativeInterop.godot_variant_call_error*, Godot.NativeInterop.godot_variant*) (/root/godot/modules/mono/glue/GodotSharp/GodotSharp/Core/Bridge/CSharpInstanceBridge.cs:24)
         [15] void Godot.NativeInterop.NativeFuncs.godotsharp_method_bind_ptrcall(nint, nint, System.Void**, System.Void*) (/root/godot/modules/mono/glue/GodotSharp/GodotSharp/Godot.SourceGenerators.Internal/Godot.SourceGenerators.Internal.UnmanagedCallbacksGenerator/Godot.NativeInterop.NativeFuncs.generated.cs:380)
         [16] void Godot.NativeCalls.godot_icall_3_864(nint, nint, nint, Godot.NativeInterop.godot_bool, int) (/root/godot/modules/mono/glue/GodotSharp/GodotSharp/Generated/NativeCalls.cs:7676)
         [17] void Godot.Node.AddChild(Godot.Node, bool, Godot.Node+InternalMode) (/root/godot/modules/mono/glue/GodotSharp/GodotSharp/Generated/GodotObjects/Node.cs:834)
         [18] void GameWorld.SpawnNPCs() (/Users/famoco/Desktop/fatal-attraction/scripts/GameWorld.cs:852)
         [19] void GameWorld.InitializeServer() (/Users/famoco/Desktop/fatal-attraction/scripts/GameWorld.cs:792)
         [20] void GameWorld._Ready() (/Users/famoco/Desktop/fatal-attraction/scripts/GameWorld.cs:132)
         [21] bool Godot.Node.InvokeGodotClassMethod(Godot.NativeInterop.godot_string_name&, Godot.NativeInterop.NativeVariantPtrArgs, Godot.NativeInterop.godot_variant&) (/root/godot/modules/mono/glue/GodotSharp/GodotSharp/Generated/GodotObjects/Node.cs:2660)
         [22] bool Godot.CanvasItem.InvokeGodotClassMethod(Godot.NativeInterop.godot_string_name&, Godot.NativeInterop.NativeVariantPtrArgs, Godot.NativeInterop.godot_variant&) (/root/godot/modules/mono/glue/GodotSharp/GodotSharp/Generated/GodotObjects/CanvasItem.cs:1758)
         [23] bool Godot.Node2D.InvokeGodotClassMethod(Godot.NativeInterop.godot_string_name&, Godot.NativeInterop.NativeVariantPtrArgs, Godot.NativeInterop.godot_variant&) (/root/godot/modules/mono/glue/GodotSharp/GodotSharp/Generated/GodotObjects/Node2D.cs:557)
         [24] bool GameWorld.InvokeGodotClassMethod(Godot.NativeInterop.godot_string_name&, Godot.NativeInterop.NativeVariantPtrArgs, Godot.NativeInterop.godot_variant&) (/Users/famoco/Desktop/fatal-attraction/.godot/mono/temp/obj/Debug/Godot.SourceGenerators/Godot.SourceGenerators.ScriptMethodsGenerator/GameWorld_ScriptMethods.generated.cs:468)
         [25] Godot.NativeInterop.godot_bool Godot.Bridge.CSharpInstanceBridge.Call(nint, Godot.NativeInterop.godot_string_name*, Godot.NativeInterop.godot_variant**, int, Godot.NativeInterop.godot_variant_call_error*, Godot.NativeInterop.godot_variant*) (/root/godot/modules/mono/glue/GodotSharp/GodotSharp/Core/Bridge/CSharpInstanceBridge.cs:24)
Loaded NPC sprite for amir: res://assets/sprite-0006.png
NPCEntity: Set collision layer=4, mask=1
WARNING: Case mismatch opening requested file '/Users/famoco/Desktop/fatal-attraction/assets/sprite-0007.png.import', stored as '/Users/famoco/Desktop/fatal-attraction/assets/Sprite-0007.png.import' in the filesystem. This file will not open when exported to other case-sensitive platforms.
     at: open_internal (drivers/unix/file_access_unix.cpp:113)
     C# backtrace (most recent call first):
         [0] Godot.GodotObject Godot.NativeCalls.godot_icall_3_1180(nint, nint, string, string, int) (/root/godot/modules/mono/glue/GodotSharp/GodotSharp/Generated/NativeCalls.cs:10851)
         [1] Godot.Resource Godot.ResourceLoader.Load(string, string, Godot.ResourceLoader+CacheMode) (/root/godot/modules/mono/glue/GodotSharp/GodotSharp/Generated/GodotObjects/ResourceLoader.cs:120)
         [2] T Godot.ResourceLoader.Load<T>(string, string, Godot.ResourceLoader+CacheMode) (/root/godot/modules/mono/glue/GodotSharp/GodotSharp/Core/Extensions/ResourceLoaderExtensions.cs:27)
         [3] T Godot.GD.Load<T>(string) (/root/godot/modules/mono/glue/GodotSharp/GodotSharp/Core/GD.cs:129)
         [4] void NPCEntity.LoadSpriteForNPC() (/Users/famoco/Desktop/fatal-attraction/scripts/NPCEntity.cs:416)
         [5] void NPCEntity.SetupVisuals() (/Users/famoco/Desktop/fatal-attraction/scripts/NPCEntity.cs:357)
         [6] void NPCEntity._Ready() (/Users/famoco/Desktop/fatal-attraction/scripts/NPCEntity.cs:123)
         [7] bool Godot.Node.InvokeGodotClassMethod(Godot.NativeInterop.godot_string_name&, Godot.NativeInterop.NativeVariantPtrArgs, Godot.NativeInterop.godot_variant&) (/root/godot/modules/mono/glue/GodotSharp/GodotSharp/Generated/GodotObjects/Node.cs:2660)
         [8] bool Godot.CanvasItem.InvokeGodotClassMethod(Godot.NativeInterop.godot_string_name&, Godot.NativeInterop.NativeVariantPtrArgs, Godot.NativeInterop.godot_variant&) (/root/godot/modules/mono/glue/GodotSharp/GodotSharp/Generated/GodotObjects/CanvasItem.cs:1758)
         [9] bool Godot.Node2D.InvokeGodotClassMethod(Godot.NativeInterop.godot_string_name&, Godot.NativeInterop.NativeVariantPtrArgs, Godot.NativeInterop.godot_variant&) (/root/godot/modules/mono/glue/GodotSharp/GodotSharp/Generated/GodotObjects/Node2D.cs:557)
         [10] bool Godot.CollisionObject2D.InvokeGodotClassMethod(Godot.NativeInterop.godot_string_name&, Godot.NativeInterop.NativeVariantPtrArgs, Godot.NativeInterop.godot_variant&) (/root/godot/modules/mono/glue/GodotSharp/GodotSharp/Generated/GodotObjects/CollisionObject2D.cs:712)
         [11] bool Godot.PhysicsBody2D.InvokeGodotClassMethod(Godot.NativeInterop.godot_string_name&, Godot.NativeInterop.NativeVariantPtrArgs, Godot.NativeInterop.godot_variant&) (/root/godot/modules/mono/glue/GodotSharp/GodotSharp/Generated/GodotObjects/PhysicsBody2D.cs:122)
         [12] bool Godot.CharacterBody2D.InvokeGodotClassMethod(Godot.NativeInterop.godot_string_name&, Godot.NativeInterop.NativeVariantPtrArgs, Godot.NativeInterop.godot_variant&) (/root/godot/modules/mono/glue/GodotSharp/GodotSharp/Generated/GodotObjects/CharacterBody2D.cs:797)
         [13] bool NPCEntity.InvokeGodotClassMethod(Godot.NativeInterop.godot_string_name&, Godot.NativeInterop.NativeVariantPtrArgs, Godot.NativeInterop.godot_variant&) (/Users/famoco/Desktop/fatal-attraction/.godot/mono/temp/obj/Debug/Godot.SourceGenerators/Godot.SourceGenerators.ScriptMethodsGenerator/NPCEntity_ScriptMethods.generated.cs:228)
         [14] Godot.NativeInterop.godot_bool Godot.Bridge.CSharpInstanceBridge.Call(nint, Godot.NativeInterop.godot_string_name*, Godot.NativeInterop.godot_variant**, int, Godot.NativeInterop.godot_variant_call_error*, Godot.NativeInterop.godot_variant*) (/root/godot/modules/mono/glue/GodotSharp/GodotSharp/Core/Bridge/CSharpInstanceBridge.cs:24)
         [15] void Godot.NativeInterop.NativeFuncs.godotsharp_method_bind_ptrcall(nint, nint, System.Void**, System.Void*) (/root/godot/modules/mono/glue/GodotSharp/GodotSharp/Godot.SourceGenerators.Internal/Godot.SourceGenerators.Internal.UnmanagedCallbacksGenerator/Godot.NativeInterop.NativeFuncs.generated.cs:380)
         [16] void Godot.NativeCalls.godot_icall_3_864(nint, nint, nint, Godot.NativeInterop.godot_bool, int) (/root/godot/modules/mono/glue/GodotSharp/GodotSharp/Generated/NativeCalls.cs:7676)
         [17] void Godot.Node.AddChild(Godot.Node, bool, Godot.Node+InternalMode) (/root/godot/modules/mono/glue/GodotSharp/GodotSharp/Generated/GodotObjects/Node.cs:834)
         [18] void GameWorld.SpawnNPCs() (/Users/famoco/Desktop/fatal-attraction/scripts/GameWorld.cs:852)
         [19] void GameWorld.InitializeServer() (/Users/famoco/Desktop/fatal-attraction/scripts/GameWorld.cs:792)
         [20] void GameWorld._Ready() (/Users/famoco/Desktop/fatal-attraction/scripts/GameWorld.cs:132)
         [21] bool Godot.Node.InvokeGodotClassMethod(Godot.NativeInterop.godot_string_name&, Godot.NativeInterop.NativeVariantPtrArgs, Godot.NativeInterop.godot_variant&) (/root/godot/modules/mono/glue/GodotSharp/GodotSharp/Generated/GodotObjects/Node.cs:2660)
         [22] bool Godot.CanvasItem.InvokeGodotClassMethod(Godot.NativeInterop.godot_string_name&, Godot.NativeInterop.NativeVariantPtrArgs, Godot.NativeInterop.godot_variant&) (/root/godot/modules/mono/glue/GodotSharp/GodotSharp/Generated/GodotObjects/CanvasItem.cs:1758)
         [23] bool Godot.Node2D.InvokeGodotClassMethod(Godot.NativeInterop.godot_string_name&, Godot.NativeInterop.NativeVariantPtrArgs, Godot.NativeInterop.godot_variant&) (/root/godot/modules/mono/glue/GodotSharp/GodotSharp/Generated/GodotObjects/Node2D.cs:557)
         [24] bool GameWorld.InvokeGodotClassMethod(Godot.NativeInterop.godot_string_name&, Godot.NativeInterop.NativeVariantPtrArgs, Godot.NativeInterop.godot_variant&) (/Users/famoco/Desktop/fatal-attraction/.godot/mono/temp/obj/Debug/Godot.SourceGenerators/Godot.SourceGenerators.ScriptMethodsGenerator/GameWorld_ScriptMethods.generated.cs:468)
         [25] Godot.NativeInterop.godot_bool Godot.Bridge.CSharpInstanceBridge.Call(nint, Godot.NativeInterop.godot_string_name*, Godot.NativeInterop.godot_variant**, int, Godot.NativeInterop.godot_variant_call_error*, Godot.NativeInterop.godot_variant*) (/root/godot/modules/mono/glue/GodotSharp/GodotSharp/Core/Bridge/CSharpInstanceBridge.cs:24)
Loaded NPC sprite for bella: res://assets/sprite-0007.png
NPCEntity: Set collision layer=4, mask=1
WARNING: Case mismatch opening requested file '/Users/famoco/Desktop/fatal-attraction/assets/sprite-0008.png.import', stored as '/Users/famoco/Desktop/fatal-attraction/assets/Sprite-0008.png.import' in the filesystem. This file will not open when exported to other case-sensitive platforms.
     at: open_internal (drivers/unix/file_access_unix.cpp:113)
     C# backtrace (most recent call first):
         [0] Godot.GodotObject Godot.NativeCalls.godot_icall_3_1180(nint, nint, string, string, int) (/root/godot/modules/mono/glue/GodotSharp/GodotSharp/Generated/NativeCalls.cs:10851)
         [1] Godot.Resource Godot.ResourceLoader.Load(string, string, Godot.ResourceLoader+CacheMode) (/root/godot/modules/mono/glue/GodotSharp/GodotSharp/Generated/GodotObjects/ResourceLoader.cs:120)
         [2] T Godot.ResourceLoader.Load<T>(string, string, Godot.ResourceLoader+CacheMode) (/root/godot/modules/mono/glue/GodotSharp/GodotSharp/Core/Extensions/ResourceLoaderExtensions.cs:27)
         [3] T Godot.GD.Load<T>(string) (/root/godot/modules/mono/glue/GodotSharp/GodotSharp/Core/GD.cs:129)
         [4] void NPCEntity.LoadSpriteForNPC() (/Users/famoco/Desktop/fatal-attraction/scripts/NPCEntity.cs:416)
         [5] void NPCEntity.SetupVisuals() (/Users/famoco/Desktop/fatal-attraction/scripts/NPCEntity.cs:357)
         [6] void NPCEntity._Ready() (/Users/famoco/Desktop/fatal-attraction/scripts/NPCEntity.cs:123)
         [7] bool Godot.Node.InvokeGodotClassMethod(Godot.NativeInterop.godot_string_name&, Godot.NativeInterop.NativeVariantPtrArgs, Godot.NativeInterop.godot_variant&) (/root/godot/modules/mono/glue/GodotSharp/GodotSharp/Generated/GodotObjects/Node.cs:2660)
         [8] bool Godot.CanvasItem.InvokeGodotClassMethod(Godot.NativeInterop.godot_string_name&, Godot.NativeInterop.NativeVariantPtrArgs, Godot.NativeInterop.godot_variant&) (/root/godot/modules/mono/glue/GodotSharp/GodotSharp/Generated/GodotObjects/CanvasItem.cs:1758)
         [9] bool Godot.Node2D.InvokeGodotClassMethod(Godot.NativeInterop.godot_string_name&, Godot.NativeInterop.NativeVariantPtrArgs, Godot.NativeInterop.godot_variant&) (/root/godot/modules/mono/glue/GodotSharp/GodotSharp/Generated/GodotObjects/Node2D.cs:557)
         [10] bool Godot.CollisionObject2D.InvokeGodotClassMethod(Godot.NativeInterop.godot_string_name&, Godot.NativeInterop.NativeVariantPtrArgs, Godot.NativeInterop.godot_variant&) (/root/godot/modules/mono/glue/GodotSharp/GodotSharp/Generated/GodotObjects/CollisionObject2D.cs:712)
         [11] bool Godot.PhysicsBody2D.InvokeGodotClassMethod(Godot.NativeInterop.godot_string_name&, Godot.NativeInterop.NativeVariantPtrArgs, Godot.NativeInterop.godot_variant&) (/root/godot/modules/mono/glue/GodotSharp/GodotSharp/Generated/GodotObjects/PhysicsBody2D.cs:122)
         [12] bool Godot.CharacterBody2D.InvokeGodotClassMethod(Godot.NativeInterop.godot_string_name&, Godot.NativeInterop.NativeVariantPtrArgs, Godot.NativeInterop.godot_variant&) (/root/godot/modules/mono/glue/GodotSharp/GodotSharp/Generated/GodotObjects/CharacterBody2D.cs:797)
         [13] bool NPCEntity.InvokeGodotClassMethod(Godot.NativeInterop.godot_string_name&, Godot.NativeInterop.NativeVariantPtrArgs, Godot.NativeInterop.godot_variant&) (/Users/famoco/Desktop/fatal-attraction/.godot/mono/temp/obj/Debug/Godot.SourceGenerators/Godot.SourceGenerators.ScriptMethodsGenerator/NPCEntity_ScriptMethods.generated.cs:228)
         [14] Godot.NativeInterop.godot_bool Godot.Bridge.CSharpInstanceBridge.Call(nint, Godot.NativeInterop.godot_string_name*, Godot.NativeInterop.godot_variant**, int, Godot.NativeInterop.godot_variant_call_error*, Godot.NativeInterop.godot_variant*) (/root/godot/modules/mono/glue/GodotSharp/GodotSharp/Core/Bridge/CSharpInstanceBridge.cs:24)
         [15] void Godot.NativeInterop.NativeFuncs.godotsharp_method_bind_ptrcall(nint, nint, System.Void**, System.Void*) (/root/godot/modules/mono/glue/GodotSharp/GodotSharp/Godot.SourceGenerators.Internal/Godot.SourceGenerators.Internal.UnmanagedCallbacksGenerator/Godot.NativeInterop.NativeFuncs.generated.cs:380)
         [16] void Godot.NativeCalls.godot_icall_3_864(nint, nint, nint, Godot.NativeInterop.godot_bool, int) (/root/godot/modules/mono/glue/GodotSharp/GodotSharp/Generated/NativeCalls.cs:7676)
         [17] void Godot.Node.AddChild(Godot.Node, bool, Godot.Node+InternalMode) (/root/godot/modules/mono/glue/GodotSharp/GodotSharp/Generated/GodotObjects/Node.cs:834)
         [18] void GameWorld.SpawnNPCs() (/Users/famoco/Desktop/fatal-attraction/scripts/GameWorld.cs:852)
         [19] void GameWorld.InitializeServer() (/Users/famoco/Desktop/fatal-attraction/scripts/GameWorld.cs:792)
         [20] void GameWorld._Ready() (/Users/famoco/Desktop/fatal-attraction/scripts/GameWorld.cs:132)
         [21] bool Godot.Node.InvokeGodotClassMethod(Godot.NativeInterop.godot_string_name&, Godot.NativeInterop.NativeVariantPtrArgs, Godot.NativeInterop.godot_variant&) (/root/godot/modules/mono/glue/GodotSharp/GodotSharp/Generated/GodotObjects/Node.cs:2660)
         [22] bool Godot.CanvasItem.InvokeGodotClassMethod(Godot.NativeInterop.godot_string_name&, Godot.NativeInterop.NativeVariantPtrArgs, Godot.NativeInterop.godot_variant&) (/root/godot/modules/mono/glue/GodotSharp/GodotSharp/Generated/GodotObjects/CanvasItem.cs:1758)
         [23] bool Godot.Node2D.InvokeGodotClassMethod(Godot.NativeInterop.godot_string_name&, Godot.NativeInterop.NativeVariantPtrArgs, Godot.NativeInterop.godot_variant&) (/root/godot/modules/mono/glue/GodotSharp/GodotSharp/Generated/GodotObjects/Node2D.cs:557)
         [24] bool GameWorld.InvokeGodotClassMethod(Godot.NativeInterop.godot_string_name&, Godot.NativeInterop.NativeVariantPtrArgs, Godot.NativeInterop.godot_variant&) (/Users/famoco/Desktop/fatal-attraction/.godot/mono/temp/obj/Debug/Godot.SourceGenerators/Godot.SourceGenerators.ScriptMethodsGenerator/GameWorld_ScriptMethods.generated.cs:468)
         [25] Godot.NativeInterop.godot_bool Godot.Bridge.CSharpInstanceBridge.Call(nint, Godot.NativeInterop.godot_string_name*, Godot.NativeInterop.godot_variant**, int, Godot.NativeInterop.godot_variant_call_error*, Godot.NativeInterop.godot_variant*) (/root/godot/modules/mono/glue/GodotSharp/GodotSharp/Core/Bridge/CSharpInstanceBridge.cs:24)
Loaded NPC sprite for chris: res://assets/sprite-0008.png
NPCEntity: Set collision layer=4, mask=1
WARNING: Case mismatch opening requested file '/Users/famoco/Desktop/fatal-attraction/assets/sprite-0009.png.import', stored as '/Users/famoco/Desktop/fatal-attraction/assets/Sprite-0009.png.import' in the filesystem. This file will not open when exported to other case-sensitive platforms.
     at: open_internal (drivers/unix/file_access_unix.cpp:113)
     C# backtrace (most recent call first):
         [0] Godot.GodotObject Godot.NativeCalls.godot_icall_3_1180(nint, nint, string, string, int) (/root/godot/modules/mono/glue/GodotSharp/GodotSharp/Generated/NativeCalls.cs:10851)
         [1] Godot.Resource Godot.ResourceLoader.Load(string, string, Godot.ResourceLoader+CacheMode) (/root/godot/modules/mono/glue/GodotSharp/GodotSharp/Generated/GodotObjects/ResourceLoader.cs:120)
         [2] T Godot.ResourceLoader.Load<T>(string, string, Godot.ResourceLoader+CacheMode) (/root/godot/modules/mono/glue/GodotSharp/GodotSharp/Core/Extensions/ResourceLoaderExtensions.cs:27)
         [3] T Godot.GD.Load<T>(string) (/root/godot/modules/mono/glue/GodotSharp/GodotSharp/Core/GD.cs:129)
         [4] void NPCEntity.LoadSpriteForNPC() (/Users/famoco/Desktop/fatal-attraction/scripts/NPCEntity.cs:416)
         [5] void NPCEntity.SetupVisuals() (/Users/famoco/Desktop/fatal-attraction/scripts/NPCEntity.cs:357)
         [6] void NPCEntity._Ready() (/Users/famoco/Desktop/fatal-attraction/scripts/NPCEntity.cs:123)
         [7] bool Godot.Node.InvokeGodotClassMethod(Godot.NativeInterop.godot_string_name&, Godot.NativeInterop.NativeVariantPtrArgs, Godot.NativeInterop.godot_variant&) (/root/godot/modules/mono/glue/GodotSharp/GodotSharp/Generated/GodotObjects/Node.cs:2660)
         [8] bool Godot.CanvasItem.InvokeGodotClassMethod(Godot.NativeInterop.godot_string_name&, Godot.NativeInterop.NativeVariantPtrArgs, Godot.NativeInterop.godot_variant&) (/root/godot/modules/mono/glue/GodotSharp/GodotSharp/Generated/GodotObjects/CanvasItem.cs:1758)
         [9] bool Godot.Node2D.InvokeGodotClassMethod(Godot.NativeInterop.godot_string_name&, Godot.NativeInterop.NativeVariantPtrArgs, Godot.NativeInterop.godot_variant&) (/root/godot/modules/mono/glue/GodotSharp/GodotSharp/Generated/GodotObjects/Node2D.cs:557)
         [10] bool Godot.CollisionObject2D.InvokeGodotClassMethod(Godot.NativeInterop.godot_string_name&, Godot.NativeInterop.NativeVariantPtrArgs, Godot.NativeInterop.godot_variant&) (/root/godot/modules/mono/glue/GodotSharp/GodotSharp/Generated/GodotObjects/CollisionObject2D.cs:712)
         [11] bool Godot.PhysicsBody2D.InvokeGodotClassMethod(Godot.NativeInterop.godot_string_name&, Godot.NativeInterop.NativeVariantPtrArgs, Godot.NativeInterop.godot_variant&) (/root/godot/modules/mono/glue/GodotSharp/GodotSharp/Generated/GodotObjects/PhysicsBody2D.cs:122)
         [12] bool Godot.CharacterBody2D.InvokeGodotClassMethod(Godot.NativeInterop.godot_string_name&, Godot.NativeInterop.NativeVariantPtrArgs, Godot.NativeInterop.godot_variant&) (/root/godot/modules/mono/glue/GodotSharp/GodotSharp/Generated/GodotObjects/CharacterBody2D.cs:797)
         [13] bool NPCEntity.InvokeGodotClassMethod(Godot.NativeInterop.godot_string_name&, Godot.NativeInterop.NativeVariantPtrArgs, Godot.NativeInterop.godot_variant&) (/Users/famoco/Desktop/fatal-attraction/.godot/mono/temp/obj/Debug/Godot.SourceGenerators/Godot.SourceGenerators.ScriptMethodsGenerator/NPCEntity_ScriptMethods.generated.cs:228)
         [14] Godot.NativeInterop.godot_bool Godot.Bridge.CSharpInstanceBridge.Call(nint, Godot.NativeInterop.godot_string_name*, Godot.NativeInterop.godot_variant**, int, Godot.NativeInterop.godot_variant_call_error*, Godot.NativeInterop.godot_variant*) (/root/godot/modules/mono/glue/GodotSharp/GodotSharp/Core/Bridge/CSharpInstanceBridge.cs:24)
         [15] void Godot.NativeInterop.NativeFuncs.godotsharp_method_bind_ptrcall(nint, nint, System.Void**, System.Void*) (/root/godot/modules/mono/glue/GodotSharp/GodotSharp/Godot.SourceGenerators.Internal/Godot.SourceGenerators.Internal.UnmanagedCallbacksGenerator/Godot.NativeInterop.NativeFuncs.generated.cs:380)
         [16] void Godot.NativeCalls.godot_icall_3_864(nint, nint, nint, Godot.NativeInterop.godot_bool, int) (/root/godot/modules/mono/glue/GodotSharp/GodotSharp/Generated/NativeCalls.cs:7676)
         [17] void Godot.Node.AddChild(Godot.Node, bool, Godot.Node+InternalMode) (/root/godot/modules/mono/glue/GodotSharp/GodotSharp/Generated/GodotObjects/Node.cs:834)
         [18] void GameWorld.SpawnNPCs() (/Users/famoco/Desktop/fatal-attraction/scripts/GameWorld.cs:852)
         [19] void GameWorld.InitializeServer() (/Users/famoco/Desktop/fatal-attraction/scripts/GameWorld.cs:792)
         [20] void GameWorld._Ready() (/Users/famoco/Desktop/fatal-attraction/scripts/GameWorld.cs:132)
         [21] bool Godot.Node.InvokeGodotClassMethod(Godot.NativeInterop.godot_string_name&, Godot.NativeInterop.NativeVariantPtrArgs, Godot.NativeInterop.godot_variant&) (/root/godot/modules/mono/glue/GodotSharp/GodotSharp/Generated/GodotObjects/Node.cs:2660)
         [22] bool Godot.CanvasItem.InvokeGodotClassMethod(Godot.NativeInterop.godot_string_name&, Godot.NativeInterop.NativeVariantPtrArgs, Godot.NativeInterop.godot_variant&) (/root/godot/modules/mono/glue/GodotSharp/GodotSharp/Generated/GodotObjects/CanvasItem.cs:1758)
         [23] bool Godot.Node2D.InvokeGodotClassMethod(Godot.NativeInterop.godot_string_name&, Godot.NativeInterop.NativeVariantPtrArgs, Godot.NativeInterop.godot_variant&) (/root/godot/modules/mono/glue/GodotSharp/GodotSharp/Generated/GodotObjects/Node2D.cs:557)
         [24] bool GameWorld.InvokeGodotClassMethod(Godot.NativeInterop.godot_string_name&, Godot.NativeInterop.NativeVariantPtrArgs, Godot.NativeInterop.godot_variant&) (/Users/famoco/Desktop/fatal-attraction/.godot/mono/temp/obj/Debug/Godot.SourceGenerators/Godot.SourceGenerators.ScriptMethodsGenerator/GameWorld_ScriptMethods.generated.cs:468)
         [25] Godot.NativeInterop.godot_bool Godot.Bridge.CSharpInstanceBridge.Call(nint, Godot.NativeInterop.godot_string_name*, Godot.NativeInterop.godot_variant**, int, Godot.NativeInterop.godot_variant_call_error*, Godot.NativeInterop.godot_variant*) (/root/godot/modules/mono/glue/GodotSharp/GodotSharp/Core/Bridge/CSharpInstanceBridge.cs:24)
Loaded NPC sprite for diana: res://assets/sprite-0009.png
NPCEntity: Set collision layer=4, mask=1
Loaded NPC sprite for eli: res://assets/sprite-0010.png
NPCEntity: Set collision layer=4, mask=1
SetRole called: role=Producer
SetLocalPlayer called: isLocal=True, _sprite exists=False
Camera reference is null!
[GameWorld] Connected PositionChanged signal for local player 1
[GameWorld] Spawning player 1 as Producer, sprite=1, isLocal=True, pos=(100, 700)
Loaded player sprite for Producer: res://assets/producer-sprite.png
PlayerController: Set collision layer=2, mask=1
SetLocalPlayer called: isLocal=True, _sprite exists=True
Camera enabled and made current for local player 1
SetRole called: role=Admirer
SetLocalPlayer called: isLocal=False, _sprite exists=False
Camera reference is null!
[GameWorld] Spawning player 862683848 as Admirer, sprite=2, isLocal=False, pos=(600, 700)
Loaded player sprite for Admirer: res://assets/admirer-sprite.png
PlayerController: Set collision layer=2, mask=1
SetLocalPlayer called: isLocal=False, _sprite exists=True
SetRole called: role=Prophet
SetLocalPlayer called: isLocal=False, _sprite exists=False
Camera reference is null!
[GameWorld] Spawning player 2092002388 as Prophet, sprite=3, isLocal=False, pos=(1100, 700)
Loaded player sprite for Prophet: res://assets/prophet-sprite.png
PlayerController: Set collision layer=2, mask=1
SetLocalPlayer called: isLocal=False, _sprite exists=True
[GameWorld] OnPlayerPositionChanged: Player 1 at (155.13414, 700), IsServer=True
[GameWorld] Server updated own position for player 1
[GameWorld] Server broadcasting position to all clients
[GameWorld] Server updated NPC Rebecca (ID: rebecca) location to: Room1
[GameWorld] Server updated NPC Amir (ID: amir) location to: Room1
[GameWorld] Server updated NPC Diana (ID: diana) location to: Room1
[GameWorld] Server updated NPC Eli (ID: eli) location to: Room1
[GameWorld] Server updated NPC Marcus (ID: marcus) location to: Room2
[GameWorld] Server updated NPC Bella (ID: bella) location to: Room3
[GameWorld] Server updated NPC Chris (ID: chris) location to: Room4
[GameWorld] Server updated NPC Katy (ID: katy) location to: Hallways
[GameWorld] Server updated NPC John (ID: john) location to: Hallways
[GameWorld] Server updated NPC Sofia (ID: sofia) location to: Hallways
[GameWorld] Server received position from client: Player 862683848 at (155.13414, 700)
[GameWorld] Server updated remote player 862683848 position
[GameWorld] Server broadcasting to all clients
[GameWorld] Server received position from client: Player 2092002388 at (155.13414, 700)
[GameWorld] Server updated remote player 2092002388 position
[GameWorld] Server broadcasting to all clients
marcus heading to corridor 1
diana heading to corridor 3
katy heading to corridor 1
[GameWorld] Server updated NPC Marcus (ID: marcus) location to: Hallways
[GameWorld] Server received position from client: Player 2092002388 at (156.00978, 704.1667)
[GameWorld] Server updated remote player 2092002388 position
[GameWorld] Server broadcasting to all clients
[GameWorld] Server received position from client: Player 2092002388 at (156.00978, 708.3334)
[GameWorld] Server updated remote player 2092002388 position
[GameWorld] Server broadcasting to all clients
[GameWorld] Server received position from client: Player 2092002388 at (156.00978, 712.50006)
[GameWorld] Server updated remote player 2092002388 position
[GameWorld] Server broadcasting to all clients
[GameWorld] Server received position from client: Player 2092002388 at (156.00978, 716.66675)
[GameWorld] Server updated remote player 2092002388 position
[GameWorld] Server broadcasting to all clients
[GameWorld] Server received position from client: Player 2092002388 at (156.00978, 720.83344)
[GameWorld] Server updated remote player 2092002388 position
[GameWorld] Server broadcasting to all clients
[GameWorld] Server received position from client: Player 2092002388 at (156.00978, 725.0001)
[GameWorld] Server updated remote player 2092002388 position
[GameWorld] Server broadcasting to all clients
[GameWorld] Server received position from client: Player 2092002388 at (156.00978, 729.1668)
[GameWorld] Server updated remote player 2092002388 position
[GameWorld] Server broadcasting to all clients
[GameWorld] Server received position from client: Player 2092002388 at (156.00978, 733.3335)
[GameWorld] Server updated remote player 2092002388 position
[GameWorld] Server broadcasting to all clients
[GameWorld] Server received position from client: Player 2092002388 at (156.00978, 737.5002)
[GameWorld] Server updated remote player 2092002388 position
[GameWorld] Server broadcasting to all clients
[GameWorld] Server received position from client: Player 2092002388 at (156.00978, 741.6669)
[GameWorld] Server updated remote player 2092002388 position
[GameWorld] Server broadcasting to all clients
[GameWorld] Server received position from client: Player 2092002388 at (156.00978, 745.83356)
[GameWorld] Server updated remote player 2092002388 position
[GameWorld] Server broadcasting to all clients
[GameWorld] Server received position from client: Player 2092002388 at (156.00978, 750.00024)
[GameWorld] Server updated remote player 2092002388 position
[GameWorld] Server broadcasting to all clients
[GameWorld] Server received position from client: Player 2092002388 at (156.00978, 745.83356)
[GameWorld] Server updated remote player 2092002388 position
[GameWorld] Server broadcasting to all clients
[GameWorld] Server received position from client: Player 2092002388 at (156.00978, 741.6669)
[GameWorld] Server updated remote player 2092002388 position
[GameWorld] Server broadcasting to all clients
[GameWorld] Server received position from client: Player 2092002388 at (156.00978, 737.5002)
[GameWorld] Server updated remote player 2092002388 position
[GameWorld] Server broadcasting to all clients
[GameWorld] Server received position from client: Player 2092002388 at (156.00978, 733.3335)
[GameWorld] Server updated remote player 2092002388 position
[GameWorld] Server broadcasting to all clients
[GameWorld] Server received position from client: Player 2092002388 at (156.00978, 729.1668)
[GameWorld] Server updated remote player 2092002388 position
[GameWorld] Server broadcasting to all clients
[GameWorld] Server received position from client: Player 2092002388 at (156.00978, 725.0001)
[GameWorld] Server updated remote player 2092002388 position
[GameWorld] Server broadcasting to all clients
[GameWorld] Server received position from client: Player 2092002388 at (156.00978, 720.83344)
[GameWorld] Server updated remote player 2092002388 position
[GameWorld] Server broadcasting to all clients
[GameWorld] Server received position from client: Player 2092002388 at (156.00978, 716.66675)
[GameWorld] Server updated remote player 2092002388 position
[GameWorld] Server broadcasting to all clients
[GameWorld] Server received position from client: Player 2092002388 at (156.00978, 712.50006)
[GameWorld] Server updated remote player 2092002388 position
[GameWorld] Server broadcasting to all clients
[GameWorld] Server received position from client: Player 2092002388 at (156.00978, 708.3334)
[GameWorld] Server updated remote player 2092002388 position
[GameWorld] Server broadcasting to all clients
[GameWorld] Server received position from client: Player 2092002388 at (156.00978, 704.1667)
[GameWorld] Server updated remote player 2092002388 position
[GameWorld] Server broadcasting to all clients
[GameWorld] Server received position from client: Player 2092002388 at (156.00978, 700)
[GameWorld] Server updated remote player 2092002388 position
[GameWorld] Server broadcasting to all clients
[GameWorld] Server received position from client: Player 2092002388 at (156.00978, 695.8333)
[GameWorld] Server updated remote player 2092002388 position
[GameWorld] Server broadcasting to all clients
[GameWorld] Server received position from client: Player 2092002388 at (156.00978, 691.6666)
[GameWorld] Server updated remote player 2092002388 position
[GameWorld] Server broadcasting to all clients
[GameWorld] Server received position from client: Player 2092002388 at (156.00978, 687.49994)
[GameWorld] Server updated remote player 2092002388 position
[GameWorld] Server broadcasting to all clients
[GameWorld] Server received position from client: Player 2092002388 at (156.00978, 683.33325)
[GameWorld] Server updated remote player 2092002388 position
[GameWorld] Server broadcasting to all clients
[GameWorld] Server received position from client: Player 2092002388 at (156.00978, 679.16656)
[GameWorld] Server updated remote player 2092002388 position
[GameWorld] Server broadcasting to all clients
[GameWorld] Server received position from client: Player 2092002388 at (156.00978, 674.9999)
[GameWorld] Server updated remote player 2092002388 position
[GameWorld] Server broadcasting to all clients
[GameWorld] Server received position from client: Player 2092002388 at (156.00978, 670.8332)
[GameWorld] Server updated remote player 2092002388 position
[GameWorld] Server broadcasting to all clients
[GameWorld] Server received position from client: Player 2092002388 at (156.00978, 666.6665)
[GameWorld] Server updated remote player 2092002388 position
[GameWorld] Server broadcasting to all clients
[GameWorld] Server received position from client: Player 2092002388 at (156.00978, 662.4998)
[GameWorld] Server updated remote player 2092002388 position
[GameWorld] Server broadcasting to all clients
[GameWorld] Server received position from client: Player 2092002388 at (156.00978, 658.3331)
[GameWorld] Server updated remote player 2092002388 position
[GameWorld] Server broadcasting to all clients
[GameWorld] Server received position from client: Player 2092002388 at (156.00978, 654.16644)
[GameWorld] Server updated remote player 2092002388 position
[GameWorld] Server broadcasting to all clients
[GameWorld] Server received position from client: Player 2092002388 at (156.00978, 649.99976)
[GameWorld] Server updated remote player 2092002388 position
[GameWorld] Server broadcasting to all clients
[GameWorld] Server received position from client: Player 2092002388 at (156.00978, 645.83307)
[GameWorld] Server updated remote player 2092002388 position
[GameWorld] Server broadcasting to all clients
[GameWorld] Server received position from client: Player 2092002388 at (156.00978, 641.6664)
[GameWorld] Server updated remote player 2092002388 position
[GameWorld] Server broadcasting to all clients
[GameWorld] Server received position from client: Player 2092002388 at (156.00978, 637.4997)
[GameWorld] Server updated remote player 2092002388 position
[GameWorld] Server broadcasting to all clients
[GameWorld] Server received position from client: Player 2092002388 at (156.00978, 633.333)
[GameWorld] Server updated remote player 2092002388 position
[GameWorld] Server broadcasting to all clients
[GameWorld] Server received position from client: Player 2092002388 at (156.00978, 629.1663)
[GameWorld] Server updated remote player 2092002388 position
[GameWorld] Server broadcasting to all clients
[GameWorld] Server received position from client: Player 2092002388 at (156.00978, 624.99963)
[GameWorld] Server updated remote player 2092002388 position
[GameWorld] Server broadcasting to all clients
[GameWorld] Server received position from client: Player 2092002388 at (156.00978, 620.83295)
[GameWorld] Server updated remote player 2092002388 position
[GameWorld] Server broadcasting to all clients
[GameWorld] Server received position from client: Player 2092002388 at (156.00978, 616.66626)
[GameWorld] Server updated remote player 2092002388 position
[GameWorld] Server broadcasting to all clients
[GameWorld] Server received position from client: Player 2092002388 at (156.00978, 612.4996)
[GameWorld] Server updated remote player 2092002388 position
[GameWorld] Server broadcasting to all clients
[GameWorld] Server received position from client: Player 2092002388 at (156.00978, 608.3329)
[GameWorld] Server updated remote player 2092002388 position
[GameWorld] Server broadcasting to all clients
[GameWorld] Server received position from client: Player 2092002388 at (156.00978, 604.1662)
[GameWorld] Server updated remote player 2092002388 position
[GameWorld] Server broadcasting to all clients
[GameWorld] Server received position from client: Player 2092002388 at (156.00978, 599.9995)
[GameWorld] Server updated remote player 2092002388 position
[GameWorld] Server broadcasting to all clients
[GameWorld] Server received position from client: Player 2092002388 at (156.00978, 595.8328)
[GameWorld] Server updated remote player 2092002388 position
[GameWorld] Server broadcasting to all clients
[GameWorld] Server received position from client: Player 2092002388 at (156.00978, 591.66614)
[GameWorld] Server updated remote player 2092002388 position
[GameWorld] Server broadcasting to all clients
[GameWorld] Server received position from client: Player 2092002388 at (156.00978, 587.49945)
[GameWorld] Server updated remote player 2092002388 position
[GameWorld] Server broadcasting to all clients
[GameWorld] Server received position from client: Player 2092002388 at (156.00978, 583.33276)
[GameWorld] Server updated remote player 2092002388 position
[GameWorld] Server broadcasting to all clients
[GameWorld] Server received position from client: Player 2092002388 at (156.00978, 579.1661)
[GameWorld] Server updated remote player 2092002388 position
[GameWorld] Server broadcasting to all clients
[GameWorld] Server received position from client: Player 2092002388 at (156.00978, 574.9994)
[GameWorld] Server updated remote player 2092002388 position
[GameWorld] Server broadcasting to all clients
[GameWorld] Server received position from client: Player 2092002388 at (156.00978, 570.8327)
[GameWorld] Server updated remote player 2092002388 position
[GameWorld] Server broadcasting to all clients
[GameWorld] Server received position from client: Player 2092002388 at (156.00978, 566.666)
[GameWorld] Server updated remote player 2092002388 position
[GameWorld] Server broadcasting to all clients
[GameWorld] Server received position from client: Player 2092002388 at (156.00978, 562.4993)
[GameWorld] Server updated remote player 2092002388 position
[GameWorld] Server broadcasting to all clients
[GameWorld] Server received position from client: Player 2092002388 at (156.00978, 558.33264)
[GameWorld] Server updated remote player 2092002388 position
[GameWorld] Server broadcasting to all clients
[GameWorld] Server received position from client: Player 2092002388 at (156.00978, 554.16595)
[GameWorld] Server updated remote player 2092002388 position
[GameWorld] Server broadcasting to all clients
[GameWorld] Server received position from client: Player 2092002388 at (156.00978, 549.99927)
[GameWorld] Server updated remote player 2092002388 position
[GameWorld] Server broadcasting to all clients
[GameWorld] Server received position from client: Player 2092002388 at (156.00978, 545.8326)
[GameWorld] Server updated remote player 2092002388 position
[GameWorld] Server broadcasting to all clients
[GameWorld] Server received position from client: Player 2092002388 at (156.00978, 541.6659)
[GameWorld] Server updated remote player 2092002388 position
[GameWorld] Server broadcasting to all clients
[GameWorld] Server received position from client: Player 2092002388 at (156.00978, 537.4992)
[GameWorld] Server updated remote player 2092002388 position
[GameWorld] Server broadcasting to all clients
[GameWorld] Server received position from client: Player 2092002388 at (156.00978, 533.3325)
[GameWorld] Server updated remote player 2092002388 position
[GameWorld] Server broadcasting to all clients
[GameWorld] Server received position from client: Player 2092002388 at (156.00978, 529.16583)
[GameWorld] Server updated remote player 2092002388 position
[GameWorld] Server broadcasting to all clients
[GameWorld] Server received position from client: Player 2092002388 at (156.00978, 524.99915)
[GameWorld] Server updated remote player 2092002388 position
[GameWorld] Server broadcasting to all clients
[GameWorld] Server received position from client: Player 2092002388 at (156.00978, 520.83246)
[GameWorld] Server updated remote player 2092002388 position
[GameWorld] Server broadcasting to all clients
[GameWorld] Server received position from client: Player 2092002388 at (156.00978, 516.6658)
[GameWorld] Server updated remote player 2092002388 position
[GameWorld] Server broadcasting to all clients
[GameWorld] Server received position from client: Player 2092002388 at (156.00978, 512.4991)
[GameWorld] Server updated remote player 2092002388 position
[GameWorld] Server broadcasting to all clients
Body entered Amir: Player_2092002388
[GameWorld] Server received position from client: Player 2092002388 at (156.00978, 508.33243)
[GameWorld] Server updated remote player 2092002388 position
[GameWorld] Server broadcasting to all clients
[GameWorld] Server received position from client: Player 2092002388 at (156.00978, 504.16577)
[GameWorld] Server updated remote player 2092002388 position
[GameWorld] Server broadcasting to all clients
[GameWorld] Server received position from client: Player 2092002388 at (156.00978, 499.9991)
[GameWorld] Server updated remote player 2092002388 position
[GameWorld] Server broadcasting to all clients
[GameWorld] Server received position from client: Player 2092002388 at (156.00978, 495.83246)
[GameWorld] Server updated remote player 2092002388 position
[GameWorld] Server broadcasting to all clients
[GameWorld] Server received position from client: Player 2092002388 at (156.00978, 491.6658)
[GameWorld] Server updated remote player 2092002388 position
[GameWorld] Server broadcasting to all clients
[GameWorld] Server received position from client: Player 2092002388 at (156.00978, 487.49915)
[GameWorld] Server updated remote player 2092002388 position
[GameWorld] Server broadcasting to all clients
[GameWorld] Server received position from client: Player 2092002388 at (156.00978, 483.3325)
[GameWorld] Server updated remote player 2092002388 position
[GameWorld] Server broadcasting to all clients
[GameWorld] Server received position from client: Player 2092002388 at (156.00978, 479.16583)
[GameWorld] Server updated remote player 2092002388 position
[GameWorld] Server broadcasting to all clients
eli heading to corridor 2
[GameWorld] Server received position from client: Player 2092002388 at (160.17645, 479.16583)
[GameWorld] Server updated remote player 2092002388 position
[GameWorld] Server broadcasting to all clients
[GameWorld] Server updated NPC Diana (ID: diana) location to: Hallways
[GameWorld] Server received position from client: Player 2092002388 at (164.34312, 479.16583)
[GameWorld] Server updated remote player 2092002388 position
[GameWorld] Server broadcasting to all clients
[GameWorld] Server received position from client: Player 2092002388 at (168.5098, 479.16583)
[GameWorld] Server updated remote player 2092002388 position
[GameWorld] Server broadcasting to all clients
[GameWorld] Server received position from client: Player 2092002388 at (172.67647, 479.16583)
[GameWorld] Server updated remote player 2092002388 position
[GameWorld] Server broadcasting to all clients
[GameWorld] Server received position from client: Player 2092002388 at (176.84314, 479.16583)
[GameWorld] Server updated remote player 2092002388 position
[GameWorld] Server broadcasting to all clients
[GameWorld] Server received position from client: Player 2092002388 at (181.00981, 479.16583)
[GameWorld] Server updated remote player 2092002388 position
[GameWorld] Server broadcasting to all clients
[GameWorld] Server received position from client: Player 2092002388 at (185.17648, 479.16583)
[GameWorld] Server updated remote player 2092002388 position
[GameWorld] Server broadcasting to all clients
[GameWorld] Server received position from client: Player 2092002388 at (189.34315, 479.16583)
[GameWorld] Server updated remote player 2092002388 position
[GameWorld] Server broadcasting to all clients
[GameWorld] Server received position from client: Player 2092002388 at (193.50983, 479.16583)
[GameWorld] Server updated remote player 2092002388 position
[GameWorld] Server broadcasting to all clients
[GameWorld] Server received position from client: Player 2092002388 at (197.6765, 479.16583)
[GameWorld] Server updated remote player 2092002388 position
[GameWorld] Server broadcasting to all clients
[GameWorld] Server received position from client: Player 2092002388 at (201.84317, 479.16583)
[GameWorld] Server updated remote player 2092002388 position
[GameWorld] Server broadcasting to all clients
[GameWorld] Server received position from client: Player 2092002388 at (206.00984, 479.16583)
[GameWorld] Server updated remote player 2092002388 position
[GameWorld] Server broadcasting to all clients
[GameWorld] Server received position from client: Player 2092002388 at (210.17651, 479.16583)
[GameWorld] Server updated remote player 2092002388 position
[GameWorld] Server broadcasting to all clients
[GameWorld] Server received position from client: Player 2092002388 at (214.34319, 479.16583)
[GameWorld] Server updated remote player 2092002388 position
[GameWorld] Server broadcasting to all clients
[GameWorld] Server received position from client: Player 2092002388 at (218.50986, 479.16583)
[GameWorld] Server updated remote player 2092002388 position
[GameWorld] Server broadcasting to all clients
[GameWorld] Server received position from client: Player 2092002388 at (222.67653, 479.16583)
[GameWorld] Server updated remote player 2092002388 position
[GameWorld] Server broadcasting to all clients
[GameWorld] Server received position from client: Player 2092002388 at (226.8432, 479.16583)
[GameWorld] Server updated remote player 2092002388 position
[GameWorld] Server broadcasting to all clients
[GameWorld] Server received position from client: Player 2092002388 at (231.00987, 479.16583)
[GameWorld] Server updated remote player 2092002388 position
[GameWorld] Server broadcasting to all clients
amir heading to corridor 0
[GameWorld] Server received position from client: Player 2092002388 at (235.17654, 479.16583)
[GameWorld] Server updated remote player 2092002388 position
[GameWorld] Server broadcasting to all clients
[GameWorld] Server received position from client: Player 2092002388 at (239.34322, 479.16583)
[GameWorld] Server updated remote player 2092002388 position
[GameWorld] Server broadcasting to all clients
[GameWorld] Server received position from client: Player 2092002388 at (243.50989, 479.16583)
[GameWorld] Server updated remote player 2092002388 position
[GameWorld] Server broadcasting to all clients
[GameWorld] Server received position from client: Player 2092002388 at (247.67656, 479.16583)
[GameWorld] Server updated remote player 2092002388 position
[GameWorld] Server broadcasting to all clients
[GameWorld] Server received position from client: Player 2092002388 at (251.84323, 479.16583)
[GameWorld] Server updated remote player 2092002388 position
[GameWorld] Server broadcasting to all clients
[GameWorld] Server received position from client: Player 2092002388 at (256.0099, 479.16583)
[GameWorld] Server updated remote player 2092002388 position
[GameWorld] Server broadcasting to all clients
[GameWorld] Server received position from client: Player 2092002388 at (260.17654, 479.16583)
[GameWorld] Server updated remote player 2092002388 position
[GameWorld] Server broadcasting to all clients
[GameWorld] Server received position from client: Player 2092002388 at (264.3432, 479.16583)
[GameWorld] Server updated remote player 2092002388 position
[GameWorld] Server broadcasting to all clients
[GameWorld] Server received position from client: Player 2092002388 at (268.50986, 479.16583)
[GameWorld] Server updated remote player 2092002388 position
[GameWorld] Server broadcasting to all clients
[GameWorld] Server received position from client: Player 2092002388 at (272.6765, 479.16583)
[GameWorld] Server updated remote player 2092002388 position
[GameWorld] Server broadcasting to all clients
[GameWorld] Server received position from client: Player 2092002388 at (276.84317, 479.16583)
[GameWorld] Server updated remote player 2092002388 position
[GameWorld] Server broadcasting to all clients
[GameWorld] Server received position from client: Player 2092002388 at (281.00983, 479.16583)
[GameWorld] Server updated remote player 2092002388 position
[GameWorld] Server broadcasting to all clients
[GameWorld] Server received position from client: Player 2092002388 at (285.17648, 479.16583)
[GameWorld] Server updated remote player 2092002388 position
[GameWorld] Server broadcasting to all clients
[GameWorld] Server received position from client: Player 2092002388 at (289.34314, 479.16583)
[GameWorld] Server updated remote player 2092002388 position
[GameWorld] Server broadcasting to all clients
[GameWorld] Server received position from client: Player 2092002388 at (293.5098, 479.16583)
[GameWorld] Server updated remote player 2092002388 position
[GameWorld] Server broadcasting to all clients
[GameWorld] Server received position from client: Player 2092002388 at (297.67645, 479.16583)
[GameWorld] Server updated remote player 2092002388 position
[GameWorld] Server broadcasting to all clients
[GameWorld] Server received position from client: Player 2092002388 at (301.8431, 479.16583)
[GameWorld] Server updated remote player 2092002388 position
[GameWorld] Server broadcasting to all clients
[GameWorld] Server received position from client: Player 2092002388 at (306.00977, 479.16583)
[GameWorld] Server updated remote player 2092002388 position
[GameWorld] Server broadcasting to all clients
[GameWorld] Server received position from client: Player 2092002388 at (306.00977, 474.99918)
[GameWorld] Server updated remote player 2092002388 position
[GameWorld] Server broadcasting to all clients
[GameWorld] Server received position from client: Player 2092002388 at (306.00977, 470.83252)
[GameWorld] Server updated remote player 2092002388 position
[GameWorld] Server broadcasting to all clients
[GameWorld] Server received position from client: Player 2092002388 at (306.00977, 466.66586)
[GameWorld] Server updated remote player 2092002388 position
[GameWorld] Server broadcasting to all clients
[GameWorld] Server received position from client: Player 2092002388 at (306.00977, 462.4992)
[GameWorld] Server updated remote player 2092002388 position
[GameWorld] Server broadcasting to all clients
[GameWorld] Server received position from client: Player 2092002388 at (306.00977, 458.33255)
[GameWorld] Server updated remote player 2092002388 position
[GameWorld] Server broadcasting to all clients
[GameWorld] Server received position from client: Player 2092002388 at (306.00977, 454.1659)
[GameWorld] Server updated remote player 2092002388 position
[GameWorld] Server broadcasting to all clients
rebecca heading to corridor 0
[GameWorld] Server updated NPC Diana (ID: diana) location to: Hallways
[GameWorld] Server updated NPC Diana (ID: diana) location to: Hallways
Body exited Amir: Player_2092002388
[GameWorld] Server updated NPC Eli (ID: eli) location to: Hallways
[GameWorld] Server updated NPC Eli (ID: eli) location to: Hallways
[GameWorld] Server updated NPC Eli (ID: eli) location to: Hallways
[GameWorld] Server updated NPC Eli (ID: eli) location to: Hallways
[GameWorld] Server updated NPC Diana (ID: diana) location to: Hallways
[GameWorld] Server received position from client: Player 862683848 at (156.06018, 704.1667)
[GameWorld] Server updated remote player 862683848 position
[GameWorld] Server broadcasting to all clients
[GameWorld] Server received position from client: Player 862683848 at (156.06018, 708.3334)
[GameWorld] Server updated remote player 862683848 position
[GameWorld] Server broadcasting to all clients
[GameWorld] Server updated NPC Diana (ID: diana) location to: Hallways
[GameWorld] Server updated NPC Diana (ID: diana) location to: Hallways
[GameWorld] Server updated NPC Marcus (ID: marcus) location to: Room2
[GameWorld] Server received position from client: Player 862683848 at (156.06018, 704.1667)
[GameWorld] Server updated remote player 862683848 position
[GameWorld] Server broadcasting to all clients
[GameWorld] Server received position from client: Player 862683848 at (156.06018, 700)
[GameWorld] Server updated remote player 862683848 position
[GameWorld] Server broadcasting to all clients
[GameWorld] Server received position from client: Player 862683848 at (156.06018, 695.8333)
[GameWorld] Server updated remote player 862683848 position
[GameWorld] Server broadcasting to all clients
[GameWorld] Server received position from client: Player 862683848 at (156.06018, 691.6666)
[GameWorld] Server updated remote player 862683848 position
[GameWorld] Server broadcasting to all clients
[GameWorld] Server received position from client: Player 862683848 at (156.06018, 687.49994)
[GameWorld] Server updated remote player 862683848 position
[GameWorld] Server broadcasting to all clients
[GameWorld] Server received position from client: Player 862683848 at (156.06018, 683.33325)
[GameWorld] Server updated remote player 862683848 position
[GameWorld] Server broadcasting to all clients
[GameWorld] Server received position from client: Player 862683848 at (156.06018, 679.16656)
[GameWorld] Server updated remote player 862683848 position
[GameWorld] Server broadcasting to all clients
[GameWorld] Server received position from client: Player 862683848 at (156.06018, 674.9999)
[GameWorld] Server updated remote player 862683848 position
[GameWorld] Server broadcasting to all clients
[GameWorld] Server received position from client: Player 862683848 at (156.06018, 670.8332)
[GameWorld] Server updated remote player 862683848 position
[GameWorld] Server broadcasting to all clients
[GameWorld] Server received position from client: Player 862683848 at (156.06018, 666.6665)
[GameWorld] Server updated remote player 862683848 position
[GameWorld] Server broadcasting to all clients
[GameWorld] Server received position from client: Player 862683848 at (156.06018, 662.4998)
[GameWorld] Server updated remote player 862683848 position
[GameWorld] Server broadcasting to all clients
[GameWorld] Server received position from client: Player 862683848 at (156.06018, 658.3331)
[GameWorld] Server updated remote player 862683848 position
[GameWorld] Server broadcasting to all clients
[GameWorld] Server received position from client: Player 862683848 at (156.06018, 654.16644)
[GameWorld] Server updated remote player 862683848 position
[GameWorld] Server broadcasting to all clients
[GameWorld] Server received position from client: Player 862683848 at (156.06018, 649.99976)
[GameWorld] Server updated remote player 862683848 position
[GameWorld] Server broadcasting to all clients
[GameWorld] Server received position from client: Player 862683848 at (156.06018, 645.83307)
[GameWorld] Server updated remote player 862683848 position
[GameWorld] Server broadcasting to all clients
[GameWorld] Server received position from client: Player 862683848 at (156.06018, 641.6664)
[GameWorld] Server updated remote player 862683848 position
[GameWorld] Server broadcasting to all clients
[GameWorld] Server received position from client: Player 862683848 at (156.06018, 637.4997)
[GameWorld] Server updated remote player 862683848 position
[GameWorld] Server broadcasting to all clients
[GameWorld] Server received position from client: Player 862683848 at (156.06018, 633.333)
[GameWorld] Server updated remote player 862683848 position
[GameWorld] Server broadcasting to all clients
[GameWorld] Server received position from client: Player 862683848 at (156.06018, 629.1663)
[GameWorld] Server updated remote player 862683848 position
[GameWorld] Server broadcasting to all clients
[GameWorld] Server received position from client: Player 862683848 at (156.06018, 624.99963)
[GameWorld] Server updated remote player 862683848 position
[GameWorld] Server broadcasting to all clients
[GameWorld] Server received position from client: Player 862683848 at (156.06018, 620.83295)
[GameWorld] Server updated remote player 862683848 position
[GameWorld] Server broadcasting to all clients
[GameWorld] Server received position from client: Player 862683848 at (156.06018, 616.66626)
[GameWorld] Server updated remote player 862683848 position
[GameWorld] Server broadcasting to all clients
[GameWorld] Server received position from client: Player 862683848 at (156.06018, 612.4996)
[GameWorld] Server updated remote player 862683848 position
[GameWorld] Server broadcasting to all clients
[GameWorld] Server received position from client: Player 862683848 at (156.06018, 608.3329)
[GameWorld] Server updated remote player 862683848 position
[GameWorld] Server broadcasting to all clients
[GameWorld] Server received position from client: Player 862683848 at (156.06018, 604.1662)
[GameWorld] Server updated remote player 862683848 position
[GameWorld] Server broadcasting to all clients
[GameWorld] Server received position from client: Player 862683848 at (156.06018, 599.9995)
[GameWorld] Server updated remote player 862683848 position
[GameWorld] Server broadcasting to all clients
[GameWorld] Server received position from client: Player 862683848 at (156.06018, 595.8328)
[GameWorld] Server updated remote player 862683848 position
[GameWorld] Server broadcasting to all clients
[GameWorld] Server received position from client: Player 862683848 at (156.06018, 591.66614)
[GameWorld] Server updated remote player 862683848 position
[GameWorld] Server broadcasting to all clients
[GameWorld] Server received position from client: Player 862683848 at (156.06018, 587.49945)
[GameWorld] Server updated remote player 862683848 position
[GameWorld] Server broadcasting to all clients
[GameWorld] Server received position from client: Player 862683848 at (156.06018, 583.33276)
[GameWorld] Server updated remote player 862683848 position
[GameWorld] Server broadcasting to all clients
[GameWorld] Server received position from client: Player 862683848 at (156.06018, 579.1661)
[GameWorld] Server updated remote player 862683848 position
[GameWorld] Server broadcasting to all clients
[GameWorld] Server received position from client: Player 862683848 at (156.06018, 574.9994)
[GameWorld] Server updated remote player 862683848 position
[GameWorld] Server broadcasting to all clients
[GameWorld] Server received position from client: Player 862683848 at (156.06018, 570.8327)
[GameWorld] Server updated remote player 862683848 position
[GameWorld] Server broadcasting to all clients
[GameWorld] Server received position from client: Player 862683848 at (156.06018, 566.666)
[GameWorld] Server updated remote player 862683848 position
[GameWorld] Server broadcasting to all clients
[GameWorld] Server received position from client: Player 862683848 at (156.06018, 562.4993)
[GameWorld] Server updated remote player 862683848 position
[GameWorld] Server broadcasting to all clients
[GameWorld] Server received position from client: Player 862683848 at (156.06018, 558.33264)
[GameWorld] Server updated remote player 862683848 position
[GameWorld] Server broadcasting to all clients
[GameWorld] Server received position from client: Player 862683848 at (156.06018, 554.16595)
[GameWorld] Server updated remote player 862683848 position
[GameWorld] Server broadcasting to all clients
[GameWorld] Server received position from client: Player 862683848 at (156.06018, 549.99927)
[GameWorld] Server updated remote player 862683848 position
[GameWorld] Server broadcasting to all clients
[GameWorld] Server received position from client: Player 862683848 at (156.06018, 545.8326)
[GameWorld] Server updated remote player 862683848 position
[GameWorld] Server broadcasting to all clients
[GameWorld] Server received position from client: Player 862683848 at (156.06018, 541.6659)
[GameWorld] Server updated remote player 862683848 position
[GameWorld] Server broadcasting to all clients
[GameWorld] Server received position from client: Player 862683848 at (156.06018, 537.4992)
[GameWorld] Server updated remote player 862683848 position
[GameWorld] Server broadcasting to all clients
[GameWorld] Server received position from client: Player 862683848 at (156.06018, 533.3325)
[GameWorld] Server updated remote player 862683848 position
[GameWorld] Server broadcasting to all clients
[GameWorld] Server received position from client: Player 862683848 at (156.06018, 529.16583)
[GameWorld] Server updated remote player 862683848 position
[GameWorld] Server broadcasting to all clients
[GameWorld] Server received position from client: Player 862683848 at (156.06018, 524.99915)
[GameWorld] Server updated remote player 862683848 position
[GameWorld] Server broadcasting to all clients
[GameWorld] Server received position from client: Player 862683848 at (156.06018, 520.83246)
[GameWorld] Server updated remote player 862683848 position
[GameWorld] Server broadcasting to all clients
[GameWorld] Server received position from client: Player 862683848 at (156.06018, 516.6658)
[GameWorld] Server updated remote player 862683848 position
[GameWorld] Server broadcasting to all clients
[GameWorld] Server received position from client: Player 862683848 at (156.06018, 512.4991)
[GameWorld] Server updated remote player 862683848 position
[GameWorld] Server broadcasting to all clients
[GameWorld] Server received position from client: Player 862683848 at (156.06018, 508.33243)
[GameWorld] Server updated remote player 862683848 position
[GameWorld] Server broadcasting to all clients
[GameWorld] Server received position from client: Player 862683848 at (156.06018, 504.16577)
[GameWorld] Server updated remote player 862683848 position
[GameWorld] Server broadcasting to all clients
[GameWorld] Server received position from client: Player 862683848 at (156.06018, 499.9991)
[GameWorld] Server updated remote player 862683848 position
[GameWorld] Server broadcasting to all clients
[GameWorld] Server received position from client: Player 862683848 at (156.06018, 495.83246)
[GameWorld] Server updated remote player 862683848 position
[GameWorld] Server broadcasting to all clients
[GameWorld] Server received position from client: Player 862683848 at (156.06018, 491.6658)
[GameWorld] Server updated remote player 862683848 position
[GameWorld] Server broadcasting to all clients
[GameWorld] Server received position from client: Player 862683848 at (156.06018, 487.49915)
[GameWorld] Server updated remote player 862683848 position
[GameWorld] Server broadcasting to all clients
[GameWorld] Server received position from client: Player 862683848 at (156.06018, 483.3325)
[GameWorld] Server updated remote player 862683848 position
[GameWorld] Server broadcasting to all clients
[GameWorld] Server received position from client: Player 862683848 at (156.06018, 479.16583)
[GameWorld] Server updated remote player 862683848 position
[GameWorld] Server broadcasting to all clients
[GameWorld] Server received position from client: Player 862683848 at (156.06018, 474.99918)
[GameWorld] Server updated remote player 862683848 position
[GameWorld] Server broadcasting to all clients
[GameWorld] Server received position from client: Player 862683848 at (156.06018, 470.83252)
[GameWorld] Server updated remote player 862683848 position
[GameWorld] Server broadcasting to all clients
[GameWorld] Server received position from client: Player 862683848 at (156.06018, 466.66586)
[GameWorld] Server updated remote player 862683848 position
[GameWorld] Server broadcasting to all clients
[GameWorld] Server received position from client: Player 862683848 at (156.06018, 462.4992)
[GameWorld] Server updated remote player 862683848 position
[GameWorld] Server broadcasting to all clients
[GameWorld] Server received position from client: Player 862683848 at (156.06018, 458.33255)
[GameWorld] Server updated remote player 862683848 position
[GameWorld] Server broadcasting to all clients
[GameWorld] Server received position from client: Player 862683848 at (159.00645, 455.38626)
[GameWorld] Server updated remote player 862683848 position
[GameWorld] Server broadcasting to all clients
[GameWorld] Server received position from client: Player 862683848 at (161.95273, 452.43997)
[GameWorld] Server updated remote player 862683848 position
[GameWorld] Server broadcasting to all clients
[GameWorld] Server received position from client: Player 862683848 at (164.899, 449.49368)
[GameWorld] Server updated remote player 862683848 position
[GameWorld] Server broadcasting to all clients
[GameWorld] Server received position from client: Player 862683848 at (167.84528, 446.5474)
[GameWorld] Server updated remote player 862683848 position
[GameWorld] Server broadcasting to all clients
[GameWorld] Server received position from client: Player 862683848 at (170.79155, 443.6011)
[GameWorld] Server updated remote player 862683848 position
[GameWorld] Server broadcasting to all clients
[GameWorld] Server received position from client: Player 862683848 at (174.95822, 443.6011)
[GameWorld] Server updated remote player 862683848 position
[GameWorld] Server broadcasting to all clients
[GameWorld] Server received position from client: Player 862683848 at (179.1249, 443.6011)
[GameWorld] Server updated remote player 862683848 position
[GameWorld] Server broadcasting to all clients
[GameWorld] Server received position from client: Player 862683848 at (183.29156, 443.6011)
[GameWorld] Server updated remote player 862683848 position
[GameWorld] Server broadcasting to all clients
[GameWorld] Server received position from client: Player 862683848 at (187.45824, 443.6011)
[GameWorld] Server updated remote player 862683848 position
[GameWorld] Server broadcasting to all clients
[GameWorld] Server received position from client: Player 862683848 at (191.62491, 443.6011)
[GameWorld] Server updated remote player 862683848 position
[GameWorld] Server broadcasting to all clients
[GameWorld] Server received position from client: Player 862683848 at (195.79158, 443.6011)
[GameWorld] Server updated remote player 862683848 position
[GameWorld] Server broadcasting to all clients
[GameWorld] Server received position from client: Player 862683848 at (199.95825, 443.6011)
[GameWorld] Server updated remote player 862683848 position
[GameWorld] Server broadcasting to all clients
[GameWorld] Server received position from client: Player 862683848 at (204.12492, 443.6011)
[GameWorld] Server updated remote player 862683848 position
[GameWorld] Server broadcasting to all clients
[GameWorld] Server received position from client: Player 862683848 at (208.2916, 443.6011)
[GameWorld] Server updated remote player 862683848 position
[GameWorld] Server broadcasting to all clients
[GameWorld] Server received position from client: Player 862683848 at (212.45827, 443.6011)
[GameWorld] Server updated remote player 862683848 position
[GameWorld] Server broadcasting to all clients
[GameWorld] Server received position from client: Player 862683848 at (216.62494, 443.6011)
[GameWorld] Server updated remote player 862683848 position
[GameWorld] Server broadcasting to all clients
[GameWorld] Server received position from client: Player 862683848 at (220.79161, 443.6011)
[GameWorld] Server updated remote player 862683848 position
[GameWorld] Server broadcasting to all clients
[GameWorld] Server received position from client: Player 862683848 at (224.95828, 443.6011)
[GameWorld] Server updated remote player 862683848 position
[GameWorld] Server broadcasting to all clients
[GameWorld] Server received position from client: Player 862683848 at (229.12495, 443.6011)
[GameWorld] Server updated remote player 862683848 position
[GameWorld] Server broadcasting to all clients
[GameWorld] Server received position from client: Player 862683848 at (233.29163, 443.6011)
[GameWorld] Server updated remote player 862683848 position
[GameWorld] Server broadcasting to all clients
[GameWorld] Server received position from client: Player 862683848 at (237.4583, 443.6011)
[GameWorld] Server updated remote player 862683848 position
[GameWorld] Server broadcasting to all clients
[GameWorld] Server received position from client: Player 862683848 at (240.40457, 440.65482)
[GameWorld] Server updated remote player 862683848 position
[GameWorld] Server broadcasting to all clients
[GameWorld] Server received position from client: Player 862683848 at (243.35085, 437.70853)
[GameWorld] Server updated remote player 862683848 position
[GameWorld] Server broadcasting to all clients
[GameWorld] Server received position from client: Player 862683848 at (246.29712, 434.76224)
[GameWorld] Server updated remote player 862683848 position
[GameWorld] Server broadcasting to all clients
[GameWorld] Server received position from client: Player 862683848 at (249.2434, 431.81595)
[GameWorld] Server updated remote player 862683848 position
[GameWorld] Server broadcasting to all clients
[GameWorld] Server received position from client: Player 862683848 at (252.18967, 428.86966)
[GameWorld] Server updated remote player 862683848 position
[GameWorld] Server broadcasting to all clients
[GameWorld] Server received position from client: Player 862683848 at (255.13594, 425.92337)
[GameWorld] Server updated remote player 862683848 position
[GameWorld] Server broadcasting to all clients
[GameWorld] Server received position from client: Player 862683848 at (258.0822, 422.97708)
[GameWorld] Server updated remote player 862683848 position
[GameWorld] Server broadcasting to all clients
[GameWorld] Server received position from client: Player 862683848 at (261.0285, 420.0308)
[GameWorld] Server updated remote player 862683848 position
[GameWorld] Server broadcasting to all clients
[GameWorld] Server received position from client: Player 862683848 at (261.0285, 415.86414)
[GameWorld] Server updated remote player 862683848 position
[GameWorld] Server broadcasting to all clients
[GameWorld] Server received position from client: Player 862683848 at (261.0285, 411.69748)
[GameWorld] Server updated remote player 862683848 position
[GameWorld] Server broadcasting to all clients
[GameWorld] Server received position from client: Player 862683848 at (261.0285, 407.53082)
[GameWorld] Server updated remote player 862683848 position
[GameWorld] Server broadcasting to all clients
[GameWorld] Server received position from client: Player 862683848 at (263.9748, 404.58453)
[GameWorld] Server updated remote player 862683848 position
[GameWorld] Server broadcasting to all clients
[GameWorld] Server received position from client: Player 862683848 at (266.92108, 401.63824)
[GameWorld] Server updated remote player 862683848 position
[GameWorld] Server broadcasting to all clients
[GameWorld] Server received position from client: Player 862683848 at (269.86737, 398.69196)
[GameWorld] Server updated remote player 862683848 position
[GameWorld] Server broadcasting to all clients
[GameWorld] Server received position from client: Player 862683848 at (272.81366, 395.74567)
[GameWorld] Server updated remote player 862683848 position
[GameWorld] Server broadcasting to all clients
[GameWorld] Server received position from client: Player 862683848 at (275.75995, 392.79938)
[GameWorld] Server updated remote player 862683848 position
[GameWorld] Server broadcasting to all clients
[GameWorld] Server received position from client: Player 862683848 at (278.70624, 389.8531)
[GameWorld] Server updated remote player 862683848 position
[GameWorld] Server broadcasting to all clients
[GameWorld] Server received position from client: Player 862683848 at (282.8729, 389.8531)
[GameWorld] Server updated remote player 862683848 position
[GameWorld] Server broadcasting to all clients
[GameWorld] Server received position from client: Player 862683848 at (287.03955, 389.8531)
[GameWorld] Server updated remote player 862683848 position
[GameWorld] Server broadcasting to all clients
[GameWorld] Server received position from client: Player 862683848 at (291.2062, 389.8531)
[GameWorld] Server updated remote player 862683848 position
[GameWorld] Server broadcasting to all clients
[GameWorld] Server received position from client: Player 862683848 at (295.37286, 389.8531)
[GameWorld] Server updated remote player 862683848 position
[GameWorld] Server broadcasting to all clients
[GameWorld] Server received position from client: Player 862683848 at (299.53952, 389.8531)
[GameWorld] Server updated remote player 862683848 position
[GameWorld] Server broadcasting to all clients
[GameWorld] Server received position from client: Player 862683848 at (303.70618, 389.8531)
[GameWorld] Server updated remote player 862683848 position
[GameWorld] Server broadcasting to all clients
[GameWorld] Server received position from client: Player 862683848 at (307.87283, 389.8531)
[GameWorld] Server updated remote player 862683848 position
[GameWorld] Server broadcasting to all clients
[GameWorld] Server received position from client: Player 862683848 at (312.0395, 389.8531)
[GameWorld] Server updated remote player 862683848 position
[GameWorld] Server broadcasting to all clients
[GameWorld] Server received position from client: Player 862683848 at (316.20615, 389.8531)
[GameWorld] Server updated remote player 862683848 position
[GameWorld] Server broadcasting to all clients
[GameWorld] Server received position from client: Player 862683848 at (320.3728, 389.8531)
[GameWorld] Server updated remote player 862683848 position
[GameWorld] Server broadcasting to all clients
[GameWorld] Server updated NPC Eli (ID: eli) location to: Hallways
[GameWorld] Server received position from client: Player 862683848 at (324.53946, 389.8531)
[GameWorld] Server updated remote player 862683848 position
[GameWorld] Server broadcasting to all clients
[GameWorld] Server received position from client: Player 862683848 at (328.70612, 389.8531)
[GameWorld] Server updated remote player 862683848 position
[GameWorld] Server broadcasting to all clients
[GameWorld] Server received position from client: Player 862683848 at (332.87277, 389.8531)
[GameWorld] Server updated remote player 862683848 position
[GameWorld] Server broadcasting to all clients
[GameWorld] Server received position from client: Player 862683848 at (337.03943, 389.8531)
[GameWorld] Server updated remote player 862683848 position
[GameWorld] Server broadcasting to all clients
[GameWorld] Server received position from client: Player 862683848 at (341.2061, 389.8531)
[GameWorld] Server updated remote player 862683848 position
[GameWorld] Server broadcasting to all clients
[GameWorld] Server received position from client: Player 862683848 at (345.37274, 389.8531)
[GameWorld] Server updated remote player 862683848 position
[GameWorld] Server broadcasting to all clients
[GameWorld] Server received position from client: Player 862683848 at (349.5394, 389.8531)
[GameWorld] Server updated remote player 862683848 position
[GameWorld] Server broadcasting to all clients
[GameWorld] Server received position from client: Player 862683848 at (353.70605, 389.8531)
[GameWorld] Server updated remote player 862683848 position
[GameWorld] Server broadcasting to all clients
[GameWorld] Server received position from client: Player 862683848 at (357.8727, 389.8531)
[GameWorld] Server updated remote player 862683848 position
[GameWorld] Server broadcasting to all clients
[GameWorld] Server received position from client: Player 862683848 at (362.03937, 389.8531)
[GameWorld] Server updated remote player 862683848 position
[GameWorld] Server broadcasting to all clients
[GameWorld] Server received position from client: Player 862683848 at (366.20602, 389.8531)
[GameWorld] Server updated remote player 862683848 position
[GameWorld] Server broadcasting to all clients
[GameWorld] Server received position from client: Player 862683848 at (370.37268, 389.8531)
[GameWorld] Server updated remote player 862683848 position
[GameWorld] Server broadcasting to all clients
[GameWorld] Server received position from client: Player 862683848 at (374.53934, 389.8531)
[GameWorld] Server updated remote player 862683848 position
[GameWorld] Server broadcasting to all clients
[GameWorld] Server received position from client: Player 862683848 at (378.706, 389.8531)
[GameWorld] Server updated remote player 862683848 position
[GameWorld] Server broadcasting to all clients
[GameWorld] Server received position from client: Player 862683848 at (382.87265, 389.8531)
[GameWorld] Server updated remote player 862683848 position
[GameWorld] Server broadcasting to all clients
[GameWorld] Server received position from client: Player 862683848 at (387.0393, 389.8531)
[GameWorld] Server updated remote player 862683848 position
[GameWorld] Server broadcasting to all clients
[GameWorld] Server received position from client: Player 862683848 at (391.20596, 389.8531)
[GameWorld] Server updated remote player 862683848 position
[GameWorld] Server broadcasting to all clients
[GameWorld] Server received position from client: Player 862683848 at (395.37262, 389.8531)
[GameWorld] Server updated remote player 862683848 position
[GameWorld] Server broadcasting to all clients
[GameWorld] Server received position from client: Player 862683848 at (399.53928, 389.8531)
[GameWorld] Server updated remote player 862683848 position
[GameWorld] Server broadcasting to all clients
[GameWorld] Server received position from client: Player 862683848 at (403.70593, 389.8531)
[GameWorld] Server updated remote player 862683848 position
[GameWorld] Server broadcasting to all clients
[GameWorld] Server received position from client: Player 862683848 at (407.8726, 389.8531)
[GameWorld] Server updated remote player 862683848 position
[GameWorld] Server broadcasting to all clients
[GameWorld] Server received position from client: Player 862683848 at (412.03925, 389.8531)
[GameWorld] Server updated remote player 862683848 position
[GameWorld] Server broadcasting to all clients
[GameWorld] Server received position from client: Player 862683848 at (416.2059, 389.8531)
[GameWorld] Server updated remote player 862683848 position
[GameWorld] Server broadcasting to all clients
[GameWorld] Server received position from client: Player 862683848 at (420.37256, 389.8531)
[GameWorld] Server updated remote player 862683848 position
[GameWorld] Server broadcasting to all clients
[GameWorld] Server received position from client: Player 862683848 at (424.5392, 389.8531)
[GameWorld] Server updated remote player 862683848 position
[GameWorld] Server broadcasting to all clients
[GameWorld] Server received position from client: Player 862683848 at (428.70587, 389.8531)
[GameWorld] Server updated remote player 862683848 position
[GameWorld] Server broadcasting to all clients
[GameWorld] Server received position from client: Player 862683848 at (432.87253, 389.8531)
[GameWorld] Server updated remote player 862683848 position
[GameWorld] Server broadcasting to all clients
[GameWorld] Server received position from client: Player 862683848 at (437.03918, 389.8531)
[GameWorld] Server updated remote player 862683848 position
[GameWorld] Server broadcasting to all clients
[GameWorld] Server received position from client: Player 862683848 at (441.20584, 389.8531)
[GameWorld] Server updated remote player 862683848 position
[GameWorld] Server broadcasting to all clients
[GameWorld] Server received position from client: Player 862683848 at (445.3725, 389.8531)
[GameWorld] Server updated remote player 862683848 position
[GameWorld] Server broadcasting to all clients
chris heading to corridor 3
Body entered Diana: Player_862683848
[GameWorld] Server received position from client: Player 862683848 at (449.53915, 389.8531)
[GameWorld] Server updated remote player 862683848 position
[GameWorld] Server broadcasting to all clients
[GameWorld] Server received position from client: Player 862683848 at (453.7058, 389.8531)
[GameWorld] Server updated remote player 862683848 position
[GameWorld] Server broadcasting to all clients
[GameWorld] Server received position from client: Player 862683848 at (457.87247, 389.8531)
[GameWorld] Server updated remote player 862683848 position
[GameWorld] Server broadcasting to all clients
[GameWorld] Server received position from client: Player 862683848 at (462.03912, 389.8531)
[GameWorld] Server updated remote player 862683848 position
[GameWorld] Server broadcasting to all clients
[GameWorld] Server received position from client: Player 862683848 at (466.20578, 389.8531)
[GameWorld] Server updated remote player 862683848 position
[GameWorld] Server broadcasting to all clients
[GameWorld] Server received position from client: Player 862683848 at (470.37244, 389.8531)
[GameWorld] Server updated remote player 862683848 position
[GameWorld] Server broadcasting to all clients
[GameWorld] Server received position from client: Player 862683848 at (474.5391, 389.8531)
[GameWorld] Server updated remote player 862683848 position
[GameWorld] Server broadcasting to all clients
[GameWorld] Server received position from client: Player 862683848 at (478.70575, 389.8531)
[GameWorld] Server updated remote player 862683848 position
[GameWorld] Server broadcasting to all clients
[GameWorld] Server received position from client: Player 862683848 at (482.8724, 389.8531)
[GameWorld] Server updated remote player 862683848 position
[GameWorld] Server broadcasting to all clients
[GameWorld] Server received position from client: Player 862683848 at (487.03906, 389.8531)
[GameWorld] Server updated remote player 862683848 position
[GameWorld] Server broadcasting to all clients
[GameWorld] Server received position from client: Player 862683848 at (491.20572, 389.8531)
[GameWorld] Server updated remote player 862683848 position
[GameWorld] Server broadcasting to all clients
[GameWorld] Server received position from client: Player 862683848 at (495.37238, 389.8531)
[GameWorld] Server updated remote player 862683848 position
[GameWorld] Server broadcasting to all clients
[GameWorld] Server received position from client: Player 862683848 at (499.53903, 389.8531)
[GameWorld] Server updated remote player 862683848 position
[GameWorld] Server broadcasting to all clients
[GameWorld] Server received position from client: Player 862683848 at (503.7057, 389.8531)
[GameWorld] Server updated remote player 862683848 position
[GameWorld] Server broadcasting to all clients
[GameWorld] Server received position from client: Player 862683848 at (507.87234, 389.8531)
[GameWorld] Server updated remote player 862683848 position
[GameWorld] Server broadcasting to all clients
[GameWorld] Server received position from client: Player 862683848 at (512.039, 389.8531)
[GameWorld] Server updated remote player 862683848 position
[GameWorld] Server broadcasting to all clients
[GameWorld] Server received position from client: Player 862683848 at (516.2057, 389.8531)
[GameWorld] Server updated remote player 862683848 position
[GameWorld] Server broadcasting to all clients
[GameWorld] Server received position from client: Player 862683848 at (520.3724, 389.8531)
[GameWorld] Server updated remote player 862683848 position
[GameWorld] Server broadcasting to all clients
[GameWorld] Server received position from client: Player 862683848 at (524.53906, 389.8531)
[GameWorld] Server updated remote player 862683848 position
[GameWorld] Server broadcasting to all clients
[GameWorld] Server received position from client: Player 862683848 at (528.70575, 389.8531)
[GameWorld] Server updated remote player 862683848 position
[GameWorld] Server broadcasting to all clients
[GameWorld] Server received position from client: Player 862683848 at (532.87244, 389.8531)
[GameWorld] Server updated remote player 862683848 position
[GameWorld] Server broadcasting to all clients
[GameWorld] Server received position from client: Player 862683848 at (537.0391, 389.8531)
[GameWorld] Server updated remote player 862683848 position
[GameWorld] Server broadcasting to all clients
[GameWorld] Server received position from client: Player 862683848 at (541.2058, 389.8531)
[GameWorld] Server updated remote player 862683848 position
[GameWorld] Server broadcasting to all clients
[GameWorld] Server received position from client: Player 862683848 at (545.3725, 389.8531)
[GameWorld] Server updated remote player 862683848 position
[GameWorld] Server broadcasting to all clients
[GameWorld] Server received position from client: Player 862683848 at (549.5392, 389.8531)
[GameWorld] Server updated remote player 862683848 position
[GameWorld] Server broadcasting to all clients
[GameWorld] Server received position from client: Player 862683848 at (553.7059, 389.8531)
[GameWorld] Server updated remote player 862683848 position
[GameWorld] Server broadcasting to all clients
[GameWorld] Server received position from client: Player 862683848 at (557.87256, 389.8531)
[GameWorld] Server updated remote player 862683848 position
[GameWorld] Server broadcasting to all clients
[GameWorld] Server received position from client: Player 862683848 at (562.03925, 389.8531)
[GameWorld] Server updated remote player 862683848 position
[GameWorld] Server broadcasting to all clients
[GameWorld] Server received position from client: Player 862683848 at (566.20593, 389.8531)
[GameWorld] Server updated remote player 862683848 position
[GameWorld] Server broadcasting to all clients
[GameWorld] Server received position from client: Player 862683848 at (570.3726, 389.8531)
[GameWorld] Server updated remote player 862683848 position
[GameWorld] Server broadcasting to all clients
[GameWorld] Server received position from client: Player 862683848 at (574.5393, 389.8531)
[GameWorld] Server updated remote player 862683848 position
[GameWorld] Server broadcasting to all clients
[GameWorld] Server received position from client: Player 862683848 at (578.706, 389.8531)
[GameWorld] Server updated remote player 862683848 position
[GameWorld] Server broadcasting to all clients
[GameWorld] Server received position from client: Player 862683848 at (582.8727, 389.8531)
[GameWorld] Server updated remote player 862683848 position
[GameWorld] Server broadcasting to all clients
[GameWorld] Server received position from client: Player 862683848 at (587.03937, 389.8531)
[GameWorld] Server updated remote player 862683848 position
[GameWorld] Server broadcasting to all clients
[GameWorld] Server received position from client: Player 862683848 at (591.20605, 389.8531)
[GameWorld] Server updated remote player 862683848 position
[GameWorld] Server broadcasting to all clients
[GameWorld] Server received position from client: Player 862683848 at (595.37274, 389.8531)
[GameWorld] Server updated remote player 862683848 position
[GameWorld] Server broadcasting to all clients
[GameWorld] Server received position from client: Player 862683848 at (599.5394, 389.8531)
[GameWorld] Server updated remote player 862683848 position
[GameWorld] Server broadcasting to all clients
[GameWorld] Server received position from client: Player 862683848 at (603.7061, 389.8531)
[GameWorld] Server updated remote player 862683848 position
[GameWorld] Server broadcasting to all clients
[GameWorld] Server received position from client: Player 862683848 at (607.8728, 389.8531)
[GameWorld] Server updated remote player 862683848 position
[GameWorld] Server broadcasting to all clients
[GameWorld] Server received position from client: Player 862683848 at (612.0395, 389.8531)
[GameWorld] Server updated remote player 862683848 position
[GameWorld] Server broadcasting to all clients
Body entered Eli: Player_862683848
[GameWorld] Server received position from client: Player 862683848 at (616.2062, 389.8531)
[GameWorld] Server updated remote player 862683848 position
[GameWorld] Server broadcasting to all clients
[GameWorld] Server received position from client: Player 862683848 at (620.37286, 389.8531)
[GameWorld] Server updated remote player 862683848 position
[GameWorld] Server broadcasting to all clients
[GameWorld] Server received position from client: Player 862683848 at (624.53955, 389.8531)
[GameWorld] Server updated remote player 862683848 position
[GameWorld] Server broadcasting to all clients
[GameWorld] Server received position from client: Player 862683848 at (628.70624, 389.8531)
[GameWorld] Server updated remote player 862683848 position
[GameWorld] Server broadcasting to all clients
Body exited Diana: Player_862683848
[GameWorld] Server received position from client: Player 862683848 at (632.8729, 389.8531)
[GameWorld] Server updated remote player 862683848 position
[GameWorld] Server broadcasting to all clients
[GameWorld] Server received position from client: Player 862683848 at (637.0396, 389.8531)
[GameWorld] Server updated remote player 862683848 position
[GameWorld] Server broadcasting to all clients
Body entered Diana: Player_2092002388
[GameWorld] Server received position from client: Player 862683848 at (641.2063, 389.8531)
[GameWorld] Server updated remote player 862683848 position
[GameWorld] Server broadcasting to all clients
[GameWorld] Server received position from client: Player 862683848 at (645.373, 389.8531)
[GameWorld] Server updated remote player 862683848 position
[GameWorld] Server broadcasting to all clients
[GameWorld] Server received position from client: Player 862683848 at (649.5397, 389.8531)
[GameWorld] Server updated remote player 862683848 position
[GameWorld] Server broadcasting to all clients
[GameWorld] Server received position from client: Player 862683848 at (653.70636, 389.8531)
[GameWorld] Server updated remote player 862683848 position
[GameWorld] Server broadcasting to all clients
[GameWorld] Server received position from client: Player 862683848 at (657.87305, 389.8531)
[GameWorld] Server updated remote player 862683848 position
[GameWorld] Server broadcasting to all clients
[GameWorld] Server received position from client: Player 862683848 at (662.03973, 389.8531)
[GameWorld] Server updated remote player 862683848 position
[GameWorld] Server broadcasting to all clients
[GameWorld] Server received position from client: Player 862683848 at (666.2064, 389.8531)
[GameWorld] Server updated remote player 862683848 position
[GameWorld] Server broadcasting to all clients
[GameWorld] Server received position from client: Player 862683848 at (670.3731, 389.8531)
[GameWorld] Server updated remote player 862683848 position
[GameWorld] Server broadcasting to all clients
[GameWorld] Server received position from client: Player 862683848 at (674.5398, 389.8531)
[GameWorld] Server updated remote player 862683848 position
[GameWorld] Server broadcasting to all clients
[GameWorld] Server received position from client: Player 862683848 at (678.7065, 389.8531)
[GameWorld] Server updated remote player 862683848 position
[GameWorld] Server broadcasting to all clients
[GameWorld] Server received position from client: Player 862683848 at (682.87317, 389.8531)
[GameWorld] Server updated remote player 862683848 position
[GameWorld] Server broadcasting to all clients
[GameWorld] Server received position from client: Player 862683848 at (687.03986, 389.8531)
[GameWorld] Server updated remote player 862683848 position
[GameWorld] Server broadcasting to all clients
[GameWorld] Server received position from client: Player 862683848 at (691.20654, 389.8531)
[GameWorld] Server updated remote player 862683848 position
[GameWorld] Server broadcasting to all clients
[GameWorld] Server received position from client: Player 862683848 at (695.3732, 389.8531)
[GameWorld] Server updated remote player 862683848 position
[GameWorld] Server broadcasting to all clients
[GameWorld] Server received position from client: Player 862683848 at (699.5399, 389.8531)
[GameWorld] Server updated remote player 862683848 position
[GameWorld] Server broadcasting to all clients
john heading to corridor 3
[GameWorld] Server updated NPC Amir (ID: amir) location to: Hallways
Body exited Eli: Player_862683848
Body entered Diana: Player_1
Local player entered Diana range, showing hint
[GameWorld] Server updated NPC Amir (ID: amir) location to: Hallways
[GameWorld] Server updated NPC Amir (ID: amir) location to: Hallways
eli heading to corridor 3
Mouse Enter: Room 2
Mouse Enter: Room 1
Body entered Eli: Player_862683848
CLICKED:Room 1
[GameWorld] OnPlayerPositionChanged: Player 1 at (156.06018, 704.1667), IsServer=True
[GameWorld] Server updated own position for player 1
[GameWorld] Server broadcasting position to all clients
[GameWorld] OnPlayerPositionChanged: Player 1 at (156.06018, 708.3334), IsServer=True
[GameWorld] Server updated own position for player 1
[GameWorld] Server broadcasting position to all clients
Body exited Diana: Player_1
[GameWorld] OnPlayerPositionChanged: Player 1 at (156.06018, 712.50006), IsServer=True
[GameWorld] Server updated own position for player 1
[GameWorld] Server broadcasting position to all clients
[GameWorld] OnPlayerPositionChanged: Player 1 at (156.06018, 716.66675), IsServer=True
[GameWorld] Server updated own position for player 1
[GameWorld] Server broadcasting position to all clients
[GameWorld] OnPlayerPositionChanged: Player 1 at (156.06018, 720.83344), IsServer=True
[GameWorld] Server updated own position for player 1
[GameWorld] Server broadcasting position to all clients
[GameWorld] OnPlayerPositionChanged: Player 1 at (156.06018, 725.0001), IsServer=True
[GameWorld] Server updated own position for player 1
[GameWorld] Server broadcasting position to all clients
[GameWorld] OnPlayerPositionChanged: Player 1 at (156.06018, 729.1668), IsServer=True
[GameWorld] Server updated own position for player 1
[GameWorld] Server broadcasting position to all clients
[GameWorld] OnPlayerPositionChanged: Player 1 at (156.06018, 733.3335), IsServer=True
[GameWorld] Server updated own position for player 1
[GameWorld] Server broadcasting position to all clients
[GameWorld] OnPlayerPositionChanged: Player 1 at (156.06018, 737.5002), IsServer=True
[GameWorld] Server updated own position for player 1
[GameWorld] Server broadcasting position to all clients
[GameWorld] OnPlayerPositionChanged: Player 1 at (156.06018, 741.6669), IsServer=True
[GameWorld] Server updated own position for player 1
[GameWorld] Server broadcasting position to all clients
[GameWorld] OnPlayerPositionChanged: Player 1 at (156.06018, 745.83356), IsServer=True
[GameWorld] Server updated own position for player 1
[GameWorld] Server broadcasting position to all clients
[GameWorld] OnPlayerPositionChanged: Player 1 at (156.06018, 750.00024), IsServer=True
[GameWorld] Server updated own position for player 1
[GameWorld] Server broadcasting position to all clients
[GameWorld] OnPlayerPositionChanged: Player 1 at (156.06018, 754.16693), IsServer=True
[GameWorld] Server updated own position for player 1
[GameWorld] Server broadcasting position to all clients
[GameWorld] OnPlayerPositionChanged: Player 1 at (156.06018, 758.3336), IsServer=True
[GameWorld] Server updated own position for player 1
[GameWorld] Server broadcasting position to all clients
[GameWorld] OnPlayerPositionChanged: Player 1 at (156.06018, 762.5003), IsServer=True
[GameWorld] Server updated own position for player 1
[GameWorld] Server broadcasting position to all clients
[GameWorld] OnPlayerPositionChanged: Player 1 at (156.06018, 766.667), IsServer=True
[GameWorld] Server updated own position for player 1
[GameWorld] Server broadcasting position to all clients
[GameWorld] OnPlayerPositionChanged: Player 1 at (156.06018, 770.8337), IsServer=True
[GameWorld] Server updated own position for player 1
[GameWorld] Server broadcasting position to all clients
[GameWorld] OnPlayerPositionChanged: Player 1 at (156.06018, 775.00037), IsServer=True
[GameWorld] Server updated own position for player 1
[GameWorld] Server broadcasting position to all clients
[GameWorld] OnPlayerPositionChanged: Player 1 at (156.06018, 779.16705), IsServer=True
[GameWorld] Server updated own position for player 1
[GameWorld] Server broadcasting position to all clients
[GameWorld] OnPlayerPositionChanged: Player 1 at (156.06018, 783.33374), IsServer=True
[GameWorld] Server updated own position for player 1
[GameWorld] Server broadcasting position to all clients
[GameWorld] OnPlayerPositionChanged: Player 1 at (156.06018, 787.5004), IsServer=True
[GameWorld] Server updated own position for player 1
[GameWorld] Server broadcasting position to all clients
[GameWorld] OnPlayerPositionChanged: Player 1 at (156.06018, 791.6671), IsServer=True
[GameWorld] Server updated own position for player 1
[GameWorld] Server broadcasting position to all clients
[GameWorld] OnPlayerPositionChanged: Player 1 at (156.06018, 795.8338), IsServer=True
[GameWorld] Server updated own position for player 1
[GameWorld] Server broadcasting position to all clients
[GameWorld] OnPlayerPositionChanged: Player 1 at (156.06018, 800.0005), IsServer=True
[GameWorld] Server updated own position for player 1
[GameWorld] Server broadcasting position to all clients
[GameWorld] OnPlayerPositionChanged: Player 1 at (156.06018, 804.1672), IsServer=True
[GameWorld] Server updated own position for player 1
[GameWorld] Server broadcasting position to all clients
[GameWorld] OnPlayerPositionChanged: Player 1 at (156.06018, 808.33386), IsServer=True
[GameWorld] Server updated own position for player 1
[GameWorld] Server broadcasting position to all clients
[GameWorld] Server received position from client: Player 862683848 at (703.7066, 389.8531)
[GameWorld] Server updated remote player 862683848 position
[GameWorld] Server broadcasting to all clients
[GameWorld] Server received position from client: Player 862683848 at (707.8733, 389.8531)
[GameWorld] Server updated remote player 862683848 position
[GameWorld] Server broadcasting to all clients
[GameWorld] Server received position from client: Player 862683848 at (712.04, 389.8531)
[GameWorld] Server updated remote player 862683848 position
[GameWorld] Server broadcasting to all clients
[GameWorld] Server received position from client: Player 862683848 at (716.20667, 389.8531)
[GameWorld] Server updated remote player 862683848 position
[GameWorld] Server broadcasting to all clients
[GameWorld] Server received position from client: Player 862683848 at (720.37335, 389.8531)
[GameWorld] Server updated remote player 862683848 position
[GameWorld] Server broadcasting to all clients
[GameWorld] Server received position from client: Player 862683848 at (724.54004, 389.8531)
[GameWorld] Server updated remote player 862683848 position
[GameWorld] Server broadcasting to all clients
Body entered Rebecca: Player_862683848
[GameWorld] Server received position from client: Player 862683848 at (728.7067, 389.8531)
[GameWorld] Server updated remote player 862683848 position
[GameWorld] Server broadcasting to all clients
[GameWorld] Server received position from client: Player 862683848 at (732.8734, 389.8531)
[GameWorld] Server updated remote player 862683848 position
[GameWorld] Server broadcasting to all clients
[GameWorld] Server received position from client: Player 862683848 at (737.0401, 389.8531)
[GameWorld] Server updated remote player 862683848 position
[GameWorld] Server broadcasting to all clients
[GameWorld] Server received position from client: Player 862683848 at (741.2068, 389.8531)
[GameWorld] Server updated remote player 862683848 position
[GameWorld] Server broadcasting to all clients
[GameWorld] Server received position from client: Player 862683848 at (745.3735, 389.8531)
[GameWorld] Server updated remote player 862683848 position
[GameWorld] Server broadcasting to all clients
[GameWorld] Server received position from client: Player 862683848 at (749.54016, 389.8531)
[GameWorld] Server updated remote player 862683848 position
[GameWorld] Server broadcasting to all clients
[GameWorld] Server received position from client: Player 862683848 at (753.70685, 389.8531)
[GameWorld] Server updated remote player 862683848 position
[GameWorld] Server broadcasting to all clients
[GameWorld] Server received position from client: Player 862683848 at (757.87354, 389.8531)
[GameWorld] Server updated remote player 862683848 position
[GameWorld] Server broadcasting to all clients
[GameWorld] Server received position from client: Player 862683848 at (762.0402, 389.8531)
[GameWorld] Server updated remote player 862683848 position
[GameWorld] Server broadcasting to all clients
[GameWorld] Server received position from client: Player 862683848 at (766.2069, 389.8531)
[GameWorld] Server updated remote player 862683848 position
[GameWorld] Server broadcasting to all clients
[GameWorld] Server received position from client: Player 862683848 at (770.3736, 389.8531)
[GameWorld] Server updated remote player 862683848 position
[GameWorld] Server broadcasting to all clients
[GameWorld] Server received position from client: Player 862683848 at (774.5403, 389.8531)
[GameWorld] Server updated remote player 862683848 position
[GameWorld] Server broadcasting to all clients
[GameWorld] Server received position from client: Player 862683848 at (778.707, 389.8531)
[GameWorld] Server updated remote player 862683848 position
[GameWorld] Server broadcasting to all clients
[GameWorld] Server received position from client: Player 862683848 at (782.87366, 389.8531)
[GameWorld] Server updated remote player 862683848 position
[GameWorld] Server broadcasting to all clients
[GameWorld] Server received position from client: Player 862683848 at (787.04034, 389.8531)
[GameWorld] Server updated remote player 862683848 position
[GameWorld] Server broadcasting to all clients
[GameWorld] Server received position from client: Player 862683848 at (789.98663, 392.79938)
[GameWorld] Server updated remote player 862683848 position
[GameWorld] Server broadcasting to all clients
[GameWorld] Server received position from client: Player 862683848 at (792.9329, 395.74567)
[GameWorld] Server updated remote player 862683848 position
[GameWorld] Server broadcasting to all clients
[GameWorld] Server received position from client: Player 862683848 at (795.8792, 398.69196)
[GameWorld] Server updated remote player 862683848 position
[GameWorld] Server broadcasting to all clients
[GameWorld] Server received position from client: Player 862683848 at (798.8255, 401.63824)
[GameWorld] Server updated remote player 862683848 position
[GameWorld] Server broadcasting to all clients
[GameWorld] Server received position from client: Player 862683848 at (801.7718, 404.58453)
[GameWorld] Server updated remote player 862683848 position
[GameWorld] Server broadcasting to all clients
[GameWorld] Server received position from client: Player 862683848 at (804.7181, 407.53082)
[GameWorld] Server updated remote player 862683848 position
[GameWorld] Server broadcasting to all clients
[GameWorld] Server received position from client: Player 862683848 at (808.88477, 407.53082)
[GameWorld] Server updated remote player 862683848 position
[GameWorld] Server broadcasting to all clients
[GameWorld] Server received position from client: Player 862683848 at (813.05145, 407.53082)
[GameWorld] Server updated remote player 862683848 position
[GameWorld] Server broadcasting to all clients
[GameWorld] Server received position from client: Player 862683848 at (817.21814, 407.53082)
[GameWorld] Server updated remote player 862683848 position
[GameWorld] Server broadcasting to all clients
[GameWorld] Server received position from client: Player 862683848 at (821.3848, 407.53082)
[GameWorld] Server updated remote player 862683848 position
[GameWorld] Server broadcasting to all clients
[GameWorld] Server received position from client: Player 862683848 at (825.5515, 407.53082)
[GameWorld] Server updated remote player 862683848 position
[GameWorld] Server broadcasting to all clients
[GameWorld] Server received position from client: Player 862683848 at (829.7182, 407.53082)
[GameWorld] Server updated remote player 862683848 position
[GameWorld] Server broadcasting to all clients
[GameWorld] Server received position from client: Player 862683848 at (833.8849, 407.53082)
[GameWorld] Server updated remote player 862683848 position
[GameWorld] Server broadcasting to all clients
[GameWorld] Server received position from client: Player 862683848 at (838.0516, 407.53082)
[GameWorld] Server updated remote player 862683848 position
[GameWorld] Server broadcasting to all clients
Body entered Amir: Player_862683848
[GameWorld] Server updated NPC Amir (ID: amir) location to: Hallways
[GameWorld] Server updated NPC Amir (ID: amir) location to: Hallways
Body exited Eli: Player_862683848
[GameWorld] Server updated NPC Amir (ID: amir) location to: Hallways
[GameWorld] Server updated NPC Amir (ID: amir) location to: Hallways
Body exited Rebecca: Player_862683848
[DEBUG] Kill attempt on rebecca. NPC Room: 'Room1'. Active Cams: Room1
Player 862683848 entered GHOST MODE. CollisionLayer: 0
Player 862683848 entered GHOST MODE. CollisionLayer: 0
Player 862683848 entered GHOST MODE. CollisionLayer: 0
Player 862683848 entered GHOST MODE. CollisionLayer: 0
Player 862683848 entered GHOST MODE. CollisionLayer: 0
Player 862683848 entered GHOST MODE. CollisionLayer: 0
Player 862683848 entered GHOST MODE. CollisionLayer: 0
Body exited Amir: Player_862683848
Player 862683848 entered GHOST MODE. CollisionLayer: 0
Player 862683848 entered GHOST MODE. CollisionLayer: 0
Player 862683848 entered GHOST MODE. CollisionLayer: 0
Player 862683848 entered GHOST MODE. CollisionLayer: 0
Player 862683848 entered GHOST MODE. CollisionLayer: 0
Player 862683848 entered GHOST MODE. CollisionLayer: 0
Player 862683848 entered GHOST MODE. CollisionLayer: 0
Player 862683848 entered GHOST MODE. CollisionLayer: 0
Player 862683848 entered GHOST MODE. CollisionLayer: 0
Player 862683848 entered GHOST MODE. CollisionLayer: 0
Player 862683848 entered GHOST MODE. CollisionLayer: 0
Player 862683848 entered GHOST MODE. CollisionLayer: 0
[GameWorld] OnPlayerPositionChanged: Player 1 at (156.07423, 805.3876), IsServer=True
[GameWorld] Server updated own position for player 1
[GameWorld] Server broadcasting position to all clients
[GameWorld] OnPlayerPositionChanged: Player 1 at (156.07478, 802.4413), IsServer=True
[GameWorld] Server updated own position for player 1
[GameWorld] Server broadcasting position to all clients
[GameWorld] OnPlayerPositionChanged: Player 1 at (156.07478, 799.495), IsServer=True
[GameWorld] Server updated own position for player 1
[GameWorld] Server broadcasting position to all clients
[GameWorld] OnPlayerPositionChanged: Player 1 at (156.07478, 796.5487), IsServer=True
[GameWorld] Server updated own position for player 1
[GameWorld] Server broadcasting position to all clients
Player 862683848 entered GHOST MODE. CollisionLayer: 0
[GameWorld] OnPlayerPositionChanged: Player 1 at (156.07478, 793.6024), IsServer=True
[GameWorld] Server updated own position for player 1
[GameWorld] Server broadcasting position to all clients
[GameWorld] OnPlayerPositionChanged: Player 1 at (156.07478, 790.6561), IsServer=True
[GameWorld] Server updated own position for player 1
[GameWorld] Server broadcasting position to all clients
[GameWorld] OnPlayerPositionChanged: Player 1 at (156.07478, 787.70984), IsServer=True
[GameWorld] Server updated own position for player 1
[GameWorld] Server broadcasting position to all clients
[GameWorld] OnPlayerPositionChanged: Player 1 at (156.07478, 784.76355), IsServer=True
[GameWorld] Server updated own position for player 1
[GameWorld] Server broadcasting position to all clients
[GameWorld] OnPlayerPositionChanged: Player 1 at (156.07478, 781.81726), IsServer=True
[GameWorld] Server updated own position for player 1
[GameWorld] Server broadcasting position to all clients
[GameWorld] OnPlayerPositionChanged: Player 1 at (156.07478, 778.871), IsServer=True
[GameWorld] Server updated own position for player 1
[GameWorld] Server broadcasting position to all clients
[GameWorld] OnPlayerPositionChanged: Player 1 at (156.07478, 774.7043), IsServer=True
[GameWorld] Server updated own position for player 1
[GameWorld] Server broadcasting position to all clients
Player 862683848 entered GHOST MODE. CollisionLayer: 0
[GameWorld] OnPlayerPositionChanged: Player 1 at (156.07478, 770.5376), IsServer=True
[GameWorld] Server updated own position for player 1
[GameWorld] Server broadcasting position to all clients
[GameWorld] OnPlayerPositionChanged: Player 1 at (156.07478, 766.3709), IsServer=True
[GameWorld] Server updated own position for player 1
[GameWorld] Server broadcasting position to all clients
[GameWorld] OnPlayerPositionChanged: Player 1 at (156.07478, 762.2042), IsServer=True
[GameWorld] Server updated own position for player 1
[GameWorld] Server broadcasting position to all clients
[GameWorld] OnPlayerPositionChanged: Player 1 at (156.07478, 758.03754), IsServer=True
[GameWorld] Server updated own position for player 1
[GameWorld] Server broadcasting position to all clients
[GameWorld] OnPlayerPositionChanged: Player 1 at (156.07478, 753.87085), IsServer=True
[GameWorld] Server updated own position for player 1
[GameWorld] Server broadcasting position to all clients
[GameWorld] OnPlayerPositionChanged: Player 1 at (156.07478, 749.70416), IsServer=True
[GameWorld] Server updated own position for player 1
[GameWorld] Server broadcasting position to all clients
[GameWorld] OnPlayerPositionChanged: Player 1 at (156.07478, 745.5375), IsServer=True
[GameWorld] Server updated own position for player 1
[GameWorld] Server broadcasting position to all clients
Player 862683848 entered GHOST MODE. CollisionLayer: 0
[GameWorld] OnPlayerPositionChanged: Player 1 at (156.07478, 741.3708), IsServer=True
[GameWorld] Server updated own position for player 1
[GameWorld] Server broadcasting position to all clients
[GameWorld] OnPlayerPositionChanged: Player 1 at (156.07478, 737.2041), IsServer=True
[GameWorld] Server updated own position for player 1
[GameWorld] Server broadcasting position to all clients
[GameWorld] OnPlayerPositionChanged: Player 1 at (156.07478, 733.0374), IsServer=True
[GameWorld] Server updated own position for player 1
[GameWorld] Server broadcasting position to all clients
[GameWorld] OnPlayerPositionChanged: Player 1 at (156.07478, 728.8707), IsServer=True
[GameWorld] Server updated own position for player 1
[GameWorld] Server broadcasting position to all clients
[GameWorld] OnPlayerPositionChanged: Player 1 at (156.07478, 724.70404), IsServer=True
[GameWorld] Server updated own position for player 1
[GameWorld] Server broadcasting position to all clients
Player 862683848 entered GHOST MODE. CollisionLayer: 0
Player 862683848 entered GHOST MODE. CollisionLayer: 0
Player 862683848 entered GHOST MODE. CollisionLayer: 0
Player 862683848 entered GHOST MODE. CollisionLayer: 0
Player 862683848 entered GHOST MODE. CollisionLayer: 0
Player 862683848 entered GHOST MODE. CollisionLayer: 0
Player 862683848 entered GHOST MODE. CollisionLayer: 0
Player 862683848 entered GHOST MODE. CollisionLayer: 0
Player 862683848 entered GHOST MODE. CollisionLayer: 0
Player 862683848 entered GHOST MODE. CollisionLayer: 0
Body exited Diana: Player_2092002388
